id,question,ret
1,"""请问你们家的商品支持7天无理由退换货吗？"",
""需要自己承担运费吗？""",您好，关于您的问题： 1. 7天无理由退换货：我们支持7天无理由退换货服务，但需满足以下条件：商品保持完好、未使用、包装及配件齐全、标签未撕毁，并在签收后7日内通过官网售后系统提交申请； 2. 运费承担：官网订单的退换货，我们承担往返运费；若您是通过授权经销商购买的商品，退货时运费需您先行垫付，确认符合无理由退换条件后，我们将为您报销合理运费；换货时我们承担寄送给您的单程运费。 如有其他疑问，欢迎随时联系我们，我们将竭诚为您服务！
2,"""我想咨询一下，你们的售后维修服务范围是什么？"",
""如果是人为损坏的，能维修吗？维修费用怎么算？""",您好，感谢您的咨询！关于售后维修服务范围及人为损坏相关问题，说明如下： 1. **售后维修服务范围**：我们提供覆盖全国的授权售后服务中心网络，支持故障诊断、原厂配件维修及整机更换服务。维修前请先参考产品说明书中的【故障排查指南】尝试简易复位（如断电重启），并准备好产品型号、服务编号（通常位于机身铭牌或保修手册上）及购买凭证。 2. **人为损坏是否可维修**：可以维修，但**不属于免费保修范围**。根据各品类保修政策（如烤箱、电钻、键盘等），因意外、滥用、误用、疏忽、进水、自行改装、非授权维修或未按说明书操作导致的损坏，均视为人为损坏，需自费维修。 3. **维修费用计算方式**： • 首先由授权售后服务中心进行检测，确认故障原因及所需更换部件； • 费用包含：检测费（部分品牌首次检测免费）、人工服务费、原厂配件费； • 所有收费项目将提前告知并征得您同意后才开展维修； • 若最终判定为产品质量问题，已收取的费用将全额退还。 温馨提示：为保障安全与性能，请务必选择官方授权服务中心维修，避免使用非原厂配件或非专业人员拆修。如需查询就近服务点或预约上门服务，您可提供产品型号，我将为您进一步协助。
3,"""请问你们的商品能开发票吗？发票类型是什么？"",
""多久能收到呢？""",您好，关于您的问题：1. 发票服务：我们支持为所有订单开具正规电子发票，发票类型为增值税普通发票，内容为所购商品名称及金额，下单时请在“发票信息”栏填写准确的开票资料；2. 发票开具与送达：订单确认收货后，系统将在1-3个工作日内自动发送电子发票至您下单时预留的邮箱，您也可登录账户在“我的订单”中自行下载。如有特殊开票需求（如增值税专用发票），欢迎联系在线客服为您进一步协助。
4,"""我收到商品后，发现包装破损了，怎么办？"",
""影响商品退换货吗？""",您好，关于您反馈的包装破损问题： 1. 请先检查商品本体是否完好、功能是否正常。如商品无损坏且可正常使用，包装破损通常不影响退换货权益； 2. 若因运输导致包装破损且商品同时出现损坏（如划伤、变形、无法开机等），属于运输责任，您可凭开箱视频+破损照片申请退换货，我们将为您安排免费换新或退款； 3. 根据官网售后政策，只要商品未经使用、配件齐全、保留原包装及购买凭证，即使外包装破损，仍符合退换货条件； 4. 建议您在签收前当场验货，若发现明显破损可拒收并联系快递方留存证据；如已签收，请尽快拍照留存（含外箱全景、破损特写、内物状态）并提交售后申请。 我们始终重视您的购物体验，如有需要，我可立即为您生成退换货申请链接或协助联系物流核实。
6,"""我想了解一下你们的退款政策，退款多久能到账？"",
""信用卡会原路返回吗？""",您好，关于您的退款政策咨询： 1. 退款政策：官网购买的产品，若在购买30天内申请退货且获得授权RMA编号，可享受全额退款；超过30天不予退货。退款将按原支付方式退回。 2. 到账时效：一般情况下，退款将在退货审核通过后3–7个工作日内到账，具体时效取决于银行或支付机构处理速度。 3. 信用卡退款：是的，信用卡支付的订单，退款将原路返回至您的信用卡账户，无需另行提供卡信息。 如您尚未提交退货申请，可通过售后支持网站在线提交；如有RMA编号或订单号，也可随时联系我们协助加急处理。感谢您的理解与支持！
7,"""我收到的商品和图片不一样，颜色偏差很大，我要投诉！""",您好，非常抱歉给您带来了不愉快的购物体验！关于您反馈的“收到商品与图片颜色偏差很大”的问题，这属于商品实物与宣传不符的客诉情形，我们高度重视。请您先保留好商品原包装、配件及购买凭证（如订单截图、发票等），并尽快通过售后支持网站提交投诉申请，或直接联系在线客服提供以下信息以便我们快速核查：1. 订单号；2. 实物照片（含整体外观、标签、色差对比图）；3. 页面宣传图截图（如有）。我们将第一时间核实是否为批次色差、拍摄灯光导致的显示差异，或发货错误等问题。如确认属我方责任，我们将为您安排免费换货或全额退款，并承担相应退换货运费。再次向您致歉，感谢您的监督与支持！
8,"""你们的商品存在虚假宣传，宣传的功能和实际不一样，我要投诉！""",您好，非常抱歉给您带来了不愉快的购物体验。关于您提出的“虚假宣传、功能与实际不符”的投诉，我们高度重视。根据《消费者权益保护法》及我司全球保修政策，若您认为产品实际功能与宣传描述存在实质性差异，您有权主张商品与描述一致、质量合格、适用于常规用途的法定权利。请您提供以下信息以便我们快速核实处理：1. 订单号；2. 具体是哪款产品（如型号、名称）；3. 宣传页面截图及实际不符的功能详情（例如：宣传支持某功能但无法实现）；4. 相关使用环境或操作步骤说明。我们将立即核查宣传内容、产品规格及用户手册一致性，并在24小时内为您反馈调查结果。如确属我方责任，将依据您所在地法律（如中国《消费者权益保护法》第24条）为您提供退货、换货或赔偿等解决方案。感谢您的监督与信任，我们始终以诚信为本。
9,"""我收到的商品少了一件，联系客服说会补发，但是过了一周还没补发！""",您好，非常抱歉给您带来了不便！关于您反馈的“商品少发且补发已逾期一周”的问题，我们高度重视。通常情况下，补发订单会在客服确认后的3-5个工作日内完成发货，并提供物流单号供您追踪。若已超过承诺时效，我们将立即为您加急处理：1. 核查原补发订单状态；2. 如尚未发出，即刻安排优先发货并同步物流信息；3. 如已发货但物流异常，我们将联系快递方加急派送或重新补发。请您提供订单号及收件人手机号，我们将专人跟进并在2小时内给您明确答复。再次为我们的疏失向您诚挚致歉！
10,"""你们的售后维修服务太差了，我送修的商品，过了半个月还没修好！""",您好，非常抱歉给您带来了不愉快的维修体验。我们高度重视您的反馈，也理解等待时间过长确实令人焦虑。根据我们的售后流程，常规维修周期通常为5-10个工作日（含检测、备件调度及维修），若遇特殊配件缺货、技术复检或不可抗力等情况，可能会适当延长。您可提供订单号或RMA编号，我们将立即为您加急核查当前维修进度，并同步告知预计完成时间。同时，如因我方原因导致超期，我们将视情况为您提供适当的服务补偿。感谢您的耐心与监督，后续我们将持续优化服务时效。
11,"""你们的商品保质期有问题，我收到的商品还有1个月就过期了！""",您好，非常抱歉您收到的商品临近保质期，这确实影响了您的使用体验。根据我们的售后政策，若商品在收货时剩余保质期不足正常销售周期（通常要求不少于总保质期的1/3或至少3个月，具体视品类而定），您有权申请换货或退款。请您提供订单号及商品实物照片（含外包装保质期信息），我们将优先为您处理，并承担换货产生的运费。如您已开封或使用，我们也可根据实际情况协商部分补偿方案。感谢您的反馈，这帮助我们持续优化品控与物流管理。
12,"""你们的快递员态度特别差，送货时还辱骂我，我要投诉！""",您好，非常抱歉听到您在收货过程中遇到了不愉快的体验。快递服务由第三方物流承运，但我们高度重视每一位顾客的感受。请您提供订单号、快递单号以及发生时间、地点等具体信息，我们将立即为您核实情况，并严肃处理相关问题。如确认属实，我们将对涉事快递员进行内部追责，并向您致以诚挚歉意。同时，我们也会将此反馈同步至物流合作伙伴，推动服务质量提升。感谢您的监督与支持，如有其他需要，请随时联系我们。
13,"""你们的商品存在质量问题，我使用了一次就坏了，联系客服没人管！""",您好，非常抱歉给您带来了不愉快的购物体验！我们高度重视您的反馈。关于您反映的商品使用一次即损坏的问题，我们深表关切，并诚挚致歉。 请您放心，只要产品在保修期内且符合保修条件（如非人为损坏、未擅自改装、提供有效购买凭证等），我们将全力为您处理： 1. 请您通过【售后支持网站】提交保修申请，或直接联系客服（电话/邮件），我们将优先为您加急受理； 2. 若经技术判定确属产品质量问题，我们将为您安排免费维修或更换全新/翻新产品； 3. 如您已尝试联系但未及时得到响应，烦请提供订单号及具体联系时间，我们将立即核查并回溯处理。 同时提醒：为加快处理效率，建议您提前准备好购买凭证（发票或电子订单截图）及产品故障现象描述（如是否伴随异响、冒烟、指示灯异常等）。再次感谢您的理解与支持，我们将持续优化服务响应机制。
14,"""我收到的商品被拆封过，里面还有污渍，明显是二手商品，我要投诉！""",您好，非常抱歉您收到的商品存在拆封及污渍问题，这确实不符合全新商品的交付标准。我们高度重视您的购物体验，现为您提供如下处理方案： 1. 请您拍摄商品外包装、封条状态、内部污渍细节及订单信息（如订单号、购买截图）等照片，通过售后支持网站提交投诉申请； 2. 我们将在24小时内核实情况，若确认为发货环节问题（非人为使用），将为您安排免费换货或全额退款； 3. 根据《消费者权益保护法》及我司官网退货政策，商品存在质量问题或与描述严重不符时，您有权要求退换货，且运费由我方承担。 请您放心，我们会全程跟进处理。如需进一步协助，也可拨打客服热线或发送邮件至售后邮箱，我们将优先为您加急处理。再次向您致歉！
15,"""你们的商品宣传是正品，但是我收到后验证是假货，我要投诉！""",您好，非常抱歉给您带来了不愉快的购物体验。我们始终坚持销售正品，并高度重视您的反馈。请您先不要着急，我们立即为您处理： 1. 请您提供订单号、产品照片（含外包装、标签、防伪码等）、以及您验证为假货的具体依据（如官方验证截图、鉴定报告等）； 2. 同时请保留好原始包装、发票/电子凭证及所有附件，这些是后续核查与处理的重要依据； 3. 我们将第一时间安排专人核实商品真伪，并在48小时内给您明确答复； 4. 如经确认确为非正品，我们将按《消费者权益保护法》及我司承诺，为您办理全额退款+三倍赔偿，并严肃追查责任环节。 您可通过售后支持网站提交申诉，或直接回复本消息提供上述信息，我们将优先加急处理。再次向您致以诚挚歉意！
16,"""我收到商品后，发现商品有轻微划痕，不影响使用，能申请换货吗？""",您好，感谢您的反馈。关于商品存在轻微划痕但不影响使用的情况，根据官网退货/换货政策（购买30天内），如划痕属于出厂时已存在的外观瑕疵，且您能提供清晰照片及购买凭证，我们可为您安排换货服务。请您通过售后支持网站提交申请，并在备注中说明情况；审核通过后将为您提供RMA编号及换货指引。需注意：若划痕被判定为运输或人为因素导致，则可能不在换货范围内；但我们会结合实际情况为您妥善处理。如有其他疑问，欢迎随时联系我们。
17,"""我想换货，但是原来的商品包装盒丢了，还能换吗？"",
""需要我额外支付包装费吗？""",您好，关于您的换货问题： 1. 包装盒丢失仍可换货——官网及授权渠道的换货服务主要依据产品状态、购买凭证（如发票或订单截图）及是否在换货时效内（通常为签收后30天内），不强制要求原包装盒。但请您确保产品本体完好、配件齐全（如电源线、说明书、保修卡等），并妥善包装以防运输损坏。 2. 不收取额外包装费——我司承担符合换货条件的往返运费，且不会因缺少原包装盒而向您收取包装材料费或服务附加费。建议您使用坚固纸箱+缓冲填充物（如气泡膜、泡沫）自行包装，确保产品安全寄回。 如有其他疑问，欢迎随时联系售后支持，我们将全力协助您完成换货流程。
18,"""我想退货，但是已经超过7天无理由退换货期限了，还能退吗？""",您好，感谢您的咨询。虽然已超过7天无理由退换货期限，但根据您购买产品的具体情况，仍可能存在其他退换货或售后处理途径： 1. **保修期内质量问题**：若您所购商品在保修期内（通常为1-2年，具体以产品类别和购买地区为准）出现非人为损坏的质量问题，可凭有效购买凭证申请免费维修、更换，甚至在符合条件时协商部分退款。 2. **法定消费者权益保障**：依据《消费者权益保护法》及所在地区法规（如欧盟2年法定保修、英国6个月内故障可主张全额退款等），即使超出商家设定的7天无理由期限，若商品存在性能故障、与描述不符或无法正常使用等情况，您仍依法享有维权权利。 3. **特殊情形协商处理**：如因商品存在明显缺陷、发错货、少发货、包装严重破损等非主观原因导致您希望退货，我们可为您登记并提交至售后专员评估，视情况提供换货、补发或酌情处理方案。 请您提供订单号及具体问题描述（如故障现象、购买时间、是否影响使用等），我们将尽快为您核实并给出针对性解决方案。
19,"""请问你们的商品能提供纸质版说明书吗？"",
""电子版在哪里可以找到？""","您好，关于您的问题： 1. 纸质版说明书：我们默认随产品附赠纸质版说明书，如您收到的商品未包含，请及时联系客服，我们将为您补寄。 2. 电子版说明书：您可访问我们的官方售后支持网站（support.example.com），在“下载中心”中输入产品型号，即可免费下载高清PDF版说明书；也可通过微信公众号【XX官方服务号】→菜单栏【服务支持】→【说明书查询】在线查看或下载。温馨提示：参考文档中提及的说明书相关图片示例见 <PIC> 。 , [""Manual29_75""]"
20,"""请问你们家的商品能寄到国外吗？"",
""运费怎么算？大概需要多久能到？""",您好，关于您的问题：1. 配送范围：目前我们的官方渠道暂不支持直邮海外（含港澳台及国外地区），仅限中国大陆境内配送。2. 运费：订单满99元免运费；未满则根据商品重量与配送区域收取8–25元基础运费（偏远地区可能略有上浮）。3. 时效：一般2–5个工作日送达，受地址、物流承运及节假日影响，乡镇地区可能需额外1–2天。如您身在海外，建议通过当地授权经销商或跨境电商平台选购，以确保售后与保修服务正常享受。感谢您的理解与支持！
21,"""我购买的商品，想开发票抬头为公司，需要注意什么？"",
""抬头写错了，能重新开具吗？""",您好，关于开发票的问题，为您说明如下： 1. 开具公司抬头发票时，请在下单时或订单确认后尽快联系客服，提供准确的公司全称、纳税人识别号（税号）、开户行及账号、公司地址及电话等完整信息，以便我们为您开具合规的增值税专用发票。 2. 若发票抬头填写错误但尚未开具，可及时联系客服修改；若发票已开出且未认证抵扣，我们可为您作废原发票并重新开具一次；若已认证抵扣，则需由贵司在税务系统中开具《开具红字增值税专用发票信息表》，我方凭此表方可冲红并重开。为保障您的报销及税务合规，请务必核对信息后再提交开票申请。 如有其他需求，欢迎随时联系我们。
22,"""我收到商品后，发现商品有瑕疵，但是已经使用过了，能售后吗？"",
""换货还是只能维修？""",您好，关于您反馈的问题： 1. 商品已使用但发现瑕疵，仍可申请售后——只要在保修期内且瑕疵属于产品质量问题（非人为损坏、正常磨损或误用导致），我们支持保修服务； 2. 售后方式由我们根据实际情况判定：优先选择维修；若无法修复或维修不经济，我们将为您更换同款或功能相近、价值相等/更高的新品（可能为全新或翻新件）； 3. 请您准备好购买凭证（如订单截图、发票等），并通过售后支持网站提交保修申请，说明具体瑕疵情况并上传清晰照片。技术人员审核后，将为您生成RMA编号并告知后续操作。 温馨提示：因商品已使用，需确认瑕疵确属制造缺陷而非使用不当所致；如涉及人为因素（如摔碰、进液、自行拆解等），则不在保修范围内。如有其他疑问，欢迎随时联系我们。
23,"""我想取消订单，但是订单已经付款了，能全额退款吗？""",您好，订单已付款但尚未发货的，您可以申请取消订单，我们将为您办理全额退款，款项将原路退回至您的支付账户，一般1-7个工作日到账；若订单已发货，则无法直接取消，但您可在签收后按售后政策申请退货，提供完整商品及包装、未拆封使用的情况下，我们将在收到退货并确认无误后为您办理全额退款。根据官网退货政策，订单需在购买30天内退回且获得RMA授权编号，方可享受全额退款。如有其他疑问，欢迎随时联系我们。
24,"""请问你们的商品有售后保障卡吗？"",
""卡丢了，还能享受售后服务吗？""",您好，关于您的问题： 1. 我们的产品通常随附《保修手册》（部分机型含售后保障卡），但核心保修依据是**有效购买凭证**（如发票、电子订单截图等），而非卡片本身； 2. 即使售后保障卡遗失，只要您能提供清晰的购买凭证（官网订单可后台调取），且产品在保修期内，仍可正常享受售后服务。您可通过售后支持网站提交申请，或联系客服协助核实订单并开通服务。 温馨提示：建议您妥善保存电子订单及发票，也可拍照存档于手机，便于后续快速办理售后。
25,"""请问你们家支持以旧换新服务吗？""",您好，暂未查询到相关产品信息，已为您转接人工客服。
26,"""请问你们的智能客服能解答哪些问题？"",
""智能客服解答不了的问题，怎么办？""",您好！我们的智能客服主要可解答以下两类问题： 1. 【产品技术与使用类】：包括安装步骤（如滤网/脚轮安装）、功能操作（如自动模式、涡轮模式、初始化重置）、指示灯含义（如红色滤网灯、充电指示灯闪烁）、常见故障自查（如无法开机、无法充电、异响、行驶时间短等）以及参数设置（如时间、温度单位、闹钟、计时器等）。 2. 【基础售后类】：如滤网更换周期建议、保修政策说明、配件获取方式、基本报修指引等。 若您遇到以下情况，智能客服可能无法直接处理，此时请您放心——我们将为您无缝转接人工客服： · 订单类问题（如物流查询、发货延迟、退换货申请、发票开具、退款进度等）； · 服务投诉（如快递员态度、商品少发/错发、包装破损等）； · 需要远程协助或生成工单的复杂故障（如多次重启无效、需寄修判断、传感器校准等）； · 超出标准政策的特殊诉求（如延长保修、补偿协商、定制化服务等）。 人工客服将在1分钟内响应，全程为您跟进到底。感谢您的理解与支持！
33,"""家支持7天无理由退货吗？"",
""需要满足什么条件？""",您好，关于您的问题： 1. 是否支持7天无理由退货：本店支持7天无理由退货服务，但需以商品实际销售页面或下单时展示的售后服务政策为准（部分特殊品类如定制类、贴身类、已拆封影响二次销售的商品等可能不适用）。 2. 退货需满足的条件包括： • 商品保持完好，未使用、未损坏、配件及包装齐全； • 保留原始外包装、标签、说明书、赠品及所有随附材料； • 提供有效购买凭证（如订单截图、电子发票等）； • 在签收商品后7个自然日内提交退货申请，并在审核通过后按指引寄回商品。 温馨提示：若商品存在质量问题，可不受7天限制，凭有效凭证享受退换货或保修服务。如有其他疑问，欢迎随时联系我们。
34,"""我购买的商品，收到后发现少发了一件，怎么办？"",
""什么时候能补寄？需要我承担运费吗？""",您好，非常抱歉给您带来不便！关于您收到商品后发现少发一件的情况，我们已为您优先处理： 1. 请您尽快提供订单号及少发商品的名称/型号，并拍摄开箱视频或照片（含外包装、快递单、全部商品及缺失说明），以便我们核实； 2. 经核实属实后，我们将**免费为您补寄缺失商品**，无需您承担任何运费； 3. 补寄通常在1–3个工作日内发出，预计3–7个工作日送达（具体时效视地区而定）。 如您已提交售后申请，请留意短信或站内信通知；若尚未操作，可随时通过【我的订单→对应订单→申请售后】发起“少件补发”申请。感谢您的理解与支持！
35,"""想换成其他款式，能换货吗？""",您好，关于换货问题：若您是在官网购买的产品，且在购买30天内、产品未经使用且包装完好，可申请换货（需先通过售后支持网站提交申请并获得RMA编号）；若在授权经销商处购买，请联系该经销商处理换货事宜。请注意，换货仅限同品类产品（如功能键盘换其他款式键盘），具体可换型号需以库存情况为准。如您尚未下单，也欢迎随时咨询客服为您推荐合适款式。
36,"""请问商品的生产日期是什么时候？""",您好，商品的生产日期通常标注在产品本体的铭牌标签或外包装上，常见位置包括机身侧面、底部或背部的合格证标签处。您可查看标签上的‘生产日期’‘Manufacture Date’或序列号（S/N）信息，部分产品的序列号中包含年份和周数编码（如‘2345’可能表示2023年第45周）。若标签信息不清晰或无法识别，建议提供产品型号和序列号，我们将为您进一步核实。
37,"""请问你们的商品能提供上门安装服务吗？""",您好，关于上门安装服务：部分大家电（如洗碗机、烤箱、空调等）支持由授权售后服务中心提供专业上门安装服务，具体需根据您选购的商品型号及所在地区确认。安装前请确保电源、自来水（如适用）和排水系统（如适用）已准备就绪；安装位置需平整、通风、符合安全距离要求。为保障使用安全与保修权益，我们强烈建议由授权售后人员进行安装，非授权安装可能导致保修失效。您下单后可联系在线客服或拨打400售后服务热线，提供订单号与商品型号，我们将为您安排就近的授权服务网点并确认是否收取安装费用（基础安装通常免费，特殊改造如加长管道、墙体开孔等可能产生额外费用）。
38,"""请问你们的商品能提供试用装吗？""",您好，目前我们暂不提供试用装服务。所有商品均为正式销售版本，支持7天无理由退换（需保持商品完好、包装齐全、配件完整），并享有官方保修服务。如您对产品功能或适配性有疑虑，可随时联系在线客服，我们将为您详细解答使用细节或推荐合适型号。感谢您的理解与支持！
39,"""我购买的商品，使用一段时间后出现质量问题，还能售后吗？""",您好，感谢您的咨询。关于您购买的商品使用一段时间后出现质量问题是否还能售后，答案是：可以，但需满足以下条件： 1. **在保修期内**：根据全球保修政策，不同地区保修期不同——北美为60天，欧洲及澳新为2年，其他地区一般为1年；部分国家（如英国）还享有法定权利，例如购买6个月内若商品无法维修或更换，您可能有权获得全额退款。 2. **提供有效购买凭证**：申请保修服务时，必须提供发票或商店收据等原始购买证明。 3. **非人为损坏**：保修范围仅涵盖制造缺陷导致的故障；因意外、滥用、误用、未按说明书操作、自行改装、运输损坏或正常磨损等问题不在保修范围内。 4. **申请流程**：请通过我们的售后支持网站提交保修申请，说明问题详情；技术人员评估后，如确认属保修范围，将为您生成RMA编号，指导您寄回产品（官网直购订单通常承担往返运费；经销商购买则一般仅承担换货单程运费）。 温馨提示：若您已超出保修期，但仍怀疑存在制造缺陷，我们仍建议您联系客服提交检测申请，我们将依据实际情况为您提供力所能及的支持。 如有其他疑问，欢迎随时告知，我们将竭诚为您服务！
40,"""我想给商品更换成更大的尺寸，能换吗？"",
""尺寸差价怎么处理？""",您好，关于您的问题： 1. 商品更换更大尺寸：如您购买的是支持更换表带的健身追踪器（如Sense、Versa 3/4等），包装内已附赠大号底部表带，可自行更换；其他配件类商品（如耳塞、相纸等）也支持按需更换不同尺寸，具体请确认所购商品是否属于可更换尺寸的配件类型。 2. 尺寸差价处理：若新选尺寸商品为单独销售的配件（如大号表带、L号耳塞等），需按实际售价补足差价；若原订单含“换货不补差”服务或处于7天无理由换货期内且新旧商品为同款仅尺寸不同（如官方提供多尺码套装），则无需补差，我们承担换货往返运费。请您提供订单号及拟更换的具体商品型号与尺寸，我们将为您核实库存并生成换货方案。
41,"""快递丢失了，怎么办？""，
""这种情况你们会怎么赔偿？多久能解决？""",您好，关于快递丢失的问题，我们非常重视： 1. 请您先联系快递公司核实物流信息，确认是否确实丢失（如签收异常、物流停滞超5个工作日等）； 2. 若确认丢失，请提供订单号及快递单号，我们将立即为您核查发货记录与物流责任归属； 3. 经核实确属我方发货后丢件的，我们将为您补发全新商品（无需您承担任何费用）；如您 prefer 退款，我们也可在1-3个工作日内原路退还全部货款； 4. 整个处理流程通常在提交凭证后24小时内响应，3个工作日内完成补发或退款。 温馨提示：建议您在签收前开箱验货，如有破损或少件可当场拒收并拍照留存，便于我们更快为您处理。如有其他疑问，欢迎随时联系我们！
42,"""我购买的商品，想申请退款，但是已经使用过了，能退吗？""",您好，关于您已使用过的商品申请退款的问题：根据官网退货政策（参考文档2），仅在购买30天内且产品未使用、保持原始状态（含包装、配件、发票等齐全）的情况下，方可申请全额退款；若商品已使用，原则上不支持无理由退货。但若您发现商品存在质量问题（如功能故障、与描述严重不符等），仍可依据《消费者权益保护法》及本品牌全球保修政策申请售后处理——我们将视情况提供维修、换货或酌情协商部分退款。请您通过售后支持网站提交申请，并附上购买凭证及问题说明，客服将为您进一步核实处理。感谢您的理解与支持！
43,"""我购买的商品，快递送达时，我不在家，怎么办？""",您好，关于快递送达时您不在家的情况，您可以放心：快递员通常会尝试联系您，并根据配送平台规则采取以下方式之一处理：1. 将包裹暂存至附近快递柜或驿站，您可凭取件码随时领取；2. 放置在您指定的安全位置（如门口、物业处等，下单时可备注）；3. 安排二次派送。您也可提前通过物流信息页面或快递公司官方App/公众号修改配送时间或地址。如包裹因无人签收被退回，请及时联系我们的客服，我们将为您核实物流状态并协助重新安排发货。感谢您的理解与支持！
44,"""请问你们的优惠券能用于所有商品吗？""",您好，优惠券的使用范围取决于具体活动规则，通常部分优惠券可能不适用于特价商品、已参与其他促销的商品、部分新品或指定品类（如配件、服务类商品等）。建议您在提交订单前，在结算页面查看优惠券是否可勾选使用；若不可用，系统会提示具体限制原因。您也可进入「我的优惠券」查看详情页，查看每张券的适用范围、有效期及使用条件。如有特殊需求，欢迎随时联系我们为您核实。
45,"""请问你们的商品能提供终身维修服务吗？""",您好，感谢您的咨询。目前我们所有商品均不提供终身维修服务。根据各产品类别的保修政策，保修期限依据产品类型有所不同，例如：发电机为2年（民用）或180天（商用），洗碗机整机寿命设计为10年并可提供原装配件支持，电钻提供3年有限保修及1–3年免费服务（视电池型号而定），功能键盘等电子产品则适用全球有限保修（通常为1–2年，具体以购买凭证和当地法规为准）。保修期内，我们提供免费维修或更换服务（以厂商判定为准）；保修期外，您仍可通过授权售后服务中心咨询有偿维修服务，是否可修及费用需经专业检测后确认。如您告知具体商品名称或型号，我可为您进一步查询对应保修细则。
46,"""我上个月购买的家电，使用不到一个月就出现故障，联系售后寄回维修，现在已经维修15天了，还没收到，而且我发现商品是翻新机，并非全新，要求退货退款并赔偿，请问该怎么处理？""",您好，非常理解您的困扰。针对您反映的情况，我们高度重视并为您说明如下： 1. **关于维修时效**：根据保修政策，售后维修周期通常为7–15个工作日（含检测、维修及返程物流）。您已等待15天尚未收到，我们已为您加急核查物流与维修进度，请您提供订单号及RMA编号（如有），我们将2小时内同步处理结果并优先安排补发。 2. **关于商品为翻新机的质疑**：根据全球保修政策（参考文档1、3），保修期内更换/维修所用产品可为全新或翻新件，但前提是‘功能相近且价值相等或更高’，且该政策适用于**维修更换环节**，**不适用于原始销售行为**。若您购买时页面标注为‘全新’，而实际收到商品存在翻新特征（如包装非原厂封膜、序列号异常、外观有使用痕迹等），则涉嫌违反《消费者权益保护法》第二十条‘经营者向消费者提供有关商品或者服务的质量、性能、用途、有效期限等信息，应当真实、全面’，您有权主张退一赔三。 3. **关于退货退款与赔偿诉求**： • 您购买未满30天，符合官网‘30天内全额退款’政策（参考文档3）； • 若经核实确为非全新商品，且无事先明确告知，我们支持无条件退货退款，并承担往返运费； • 关于赔偿，依据《消费者权益保护法》第五十五条，若构成欺诈，可依法主张商品价款三倍赔偿；我们建议您保留开箱视频、包装照片、序列号截图及购买页面截图作为证据，我们将协同法务团队48小时内完成定性评估并主动联系您协商赔偿方案。 请您尽快通过【售后支持网站】提交申诉，或直接回复本消息提供订单号，我们将立即升级为VIP客诉通道，专人全程跟进。再次为给您带来的不便深表歉意！
47,"""我在你们平台批量购买了100件商品用于企业采购，收到货后发现有20件存在质量问题，15件少发，而且发票开错了抬头，需要重新开具，同时想申请质量问题商品的换货和少发商品的补寄，请问流程是什么？"",",您好，感谢您反馈企业采购中的问题。针对您提出的三项诉求，我们为您梳理如下处理流程： 1. 【质量问题换货】：请您登录订单页面，进入「售后服务」→「申请换货」，选择20件存在质量问题的商品，上传清晰的问题照片（如外观破损、功能异常等），并备注详细故障现象。审核通过后，我们将为您生成RMA编号及换货物流单，安排免费上门取件（或您寄回），并在收到质检确认后3个工作日内发出全新商品。 2. 【少发商品补寄】：请在相同售后入口选择「申请补发」，勾选15件少发商品，系统将自动核验发货记录。核实无误后，我们将在1个工作日内为您安排补寄，无需您承担运费。 3. 【发票重开】：请提供原错误发票号码、正确的企业全称、税号、开户行及账号、注册地址与电话，我们将在收到信息后1个工作日内作废原票，并为您开具合规增值税专用发票，电子发票将发送至您预留邮箱，纸质发票随补发包裹一并寄出。 温馨提示：为加快处理效率，建议您同步将问题商品照片、少发订单截图、原发票信息整理为一封邮件发送至 service@company.com（邮件标题注明【企业采购售后-订单号+联系人】）。我们的企业采购专属客服将在2小时内响应并全程跟进。再次为给您带来的不便深表歉意，感谢您的理解与支持！
48,"""我购买的食品类商品，收到后发现生产日期临近过期，而且包装破损，部分商品受潮无法食用，我要求退货退款并赔偿，同时担心食用了受潮商品影响健康，请问能提供相关保障吗？""",您好，非常抱歉您收到的食品类商品存在生产日期临近过期、包装破损及受潮变质等问题，这确实严重影响了商品品质与食用安全。针对您的诉求，我们郑重说明如下： 1. 【退货退款】：根据《消费者权益保护法》第二十四条及食品安全相关法规，商品存在质量问题（如包装破损、受潮、临近过期已影响正常食用），您有权自收货之日起7日内无理由退货，我们将在确认问题后**优先为您办理全额退款**（含商品金额及合理运费）； 2. 【赔偿保障】：若因商品受潮变质导致您已食用并出现身体不适，请立即就医，并保留就诊记录、病历、检测报告及问题商品实物/照片等证据，我们将依据《食品安全法》第一百四十八条，依法承担**价款十倍或损失三倍的赔偿责任**（最低赔偿1000元）； 3. 【健康关怀】：我们已同步将此批次商品问题反馈至品控与供应链部门启动紧急核查，并为您免费提供【食品安全应急咨询通道】（客服专线400-XXX-XXXX转8号键），可安排专业营养师/食安顾问为您提供健康评估与后续指导； 4. 【处理时效】：请您通过订单页面点击“申请售后”→选择“质量问题退货”并上传包装破损、受潮、生产日期等清晰照片，我们的专员将在2小时内响应，48小时内完成审核并安排上门取件（免运费）。 再次为此次购物体验向您致以诚挚歉意，您的健康与权益是我们最重视的责任。如有其他需要，请随时联系我们。
49,"""我购买的商品包装破损，商品出现损坏，而且快递员拒绝承认是运输问题，同时我已经签收商品，请问还能申请售后吗？""",您好，即使您已签收商品，只要在合理时间内（建议签收后24–48小时内）发现包装破损及商品损坏，仍可申请售后处理。根据《消费者权益保护法》及我司售后政策：1. 包装破损+商品损坏属于运输责任范畴，虽快递员未当场确认，但您可提供开箱视频、破损包装及损坏商品的清晰照片作为有效证据；2. 请立即通过售后支持网站提交售后申请，并上传购买凭证、问题描述及证据图片；3. 我们将协同物流方核查责任，如确认为运输导致，将为您免费安排补发或换货（官网订单承担往返运费）；4. 若商品已影响正常使用，且符合保修范围，我们也可同步启动保修流程。温馨提示：今后签收前建议当面验货，或录制完整开箱视频以保障权益。如有需要，我们可协助您起草向快递公司发起索赔的说明。
50,"""我购买的大家电需要上门安装，但是安装人员上门后说需要额外收取配件费，而且安装服务原本应该是免费的，同时安装人员操作不规范，导致家电出现轻微损坏，请问该怎么处理？""",您好，关于您反映的问题，我们高度重视并为您说明如下处理方案： 1. 【免费安装服务】根据国家三包规定及我司大家电服务政策，正规渠道购买的大家电（如空调、洗碗机、蒸汽清洁机等）均包含标准上门安装服务，安装过程中不应收取额外配件费（除非用户主动提出超出标准配置的个性化需求，且需事先书面告知并获得您同意）。若安装人员擅自收费，该费用不予认可，您可保留收费凭证，我们将全额退还。 2. 【配件费争议】标准安装所用基础配件（如通用支架、密封胶、排水管接头等）均由我司承担；如确需特殊配件（如加长铜管、专用墙体套件等），安装人员须在上门前或现场向您出示《配件收费清单》并经您签字确认后方可收取。未履行告知义务的收费，视为违规操作。 3. 【安装不规范致损】如因安装人员操作不当导致家电出现轻微损坏（如外壳划伤、接口松动、冷凝水泄漏等），请您立即拍照/录像留存证据，并联系我司售后专线。我们将安排授权工程师48小时内上门复检，确认责任后提供免费修复或更换受损部件服务。 4. 【后续处理流程】请您拨打官方售后热线（请参考产品说明书第一页客户服务章节），提供订单号、产品型号及安装单号，我们的客诉专员将全程跟进，3个工作日内向您反馈处理结果。同时，该安装人员将被纳入服务质量核查，确保后续服务规范。 感谢您的理解与支持，我们将持续提升服务品质。
51,"""我购买的商品在质保期内出现质量问题，寄回维修后，维修人员说需要更换配件，而且要收取配件费，但是质保期内应该免费维修，同时维修时间已经超过承诺的7天，请问该怎么处理？"",",您好，感谢您的反馈。关于您提出的问题，我们高度重视并为您说明如下： 1. **质保期内配件费问题**：根据国家《三包规定》及我司全球保修政策（参考文档3、5、9），在保修期内因产品本身材料或工艺缺陷导致的故障，维修应免费，包括人工及原厂配件费用。若维修方以‘需更换配件’为由收取费用，须提供书面说明并经我司授权服务网点确认；未经事先书面告知并获得您同意的收费行为，不符合保修承诺。 2. **维修超时问题**：我司标准维修时效为收到故障产品后7个工作日内完成检测与维修（不含物流及不可抗力因素）。如已超期，请您提供RMA编号及寄回/签收凭证，我们将立即升级处理，优先加急，并视情况为您提供备用机或补偿方案。 3. **后续处理建议**： • 请您保留维修单、沟通记录及收费凭证； • 立即通过官方售后支持网站提交申诉，或拨打客服热线（请提供产品型号及购买凭证）； • 我们将在24小时内响应，并协调授权服务商重新审核维修方案，确保符合保修条款。 您的权益是我们服务的底线。如核实确属我方责任，我们将全额退还配件费用，并补偿相应延误损失。感谢您的理解与支持！
52,"""我购买的大型设备需要上门检修，但是检修人员上门后说设备故障无法现场修复，需要拉回仓库维修，而且维修时间不确定，同时我担心设备拉回过程中出现损坏，请问该怎么处理？""",您好，非常理解您的担忧。针对您反映的大型设备需拉回仓库维修、维修周期不确定及运输损坏风险等问题，我们为您提供以下保障与解决方案： 1. 【运输安全保障】设备由我司授权物流团队专车上门取件，全程使用原厂包装或定制防震包装，并购买全额运输保险；如在运输途中发生意外损坏，请您第一时间拍照留存（含外箱、封条、内部设备状态），我们将协同承运方48小时内启动理赔流程，无需您承担任何费用。 2. 【维修时效承诺】根据国家三包及我司服务标准，大型设备返厂维修自收货之日起，常规故障3个工作日内出具检测报告，整体维修周期不超过15个工作日（不可抗力及特殊配件订货除外）；您可随时通过订单号在官网或客服热线查询维修进度。 3. 【备用机支持】如设备属生产/经营关键设备且符合《大件商品备用机服务条款》，您可申请免费借用同型号备用机（最长30天），确保业务连续性，详情请提供设备型号及使用场景，我们将为您快速审核开通。 4. 【全程服务监督】本次服务已生成专属工单，您将收到包含工程师姓名、联系方式及服务时间的短信提醒；若对服务过程有任何疑问，可随时拨打400-XXX-XXXX转“服务督导专线”，我们将优先响应并升级处理。 请您放心，设备安全与您的权益始终是我们服务的首要原则。感谢您的信任与支持！
53,"""我想试用商品，但是试用期间商品出现故障，而且不是人为操作导致的，同时我想延长试用期限，请问可以吗？另外故障商品能更换吗？""",您好，关于您的试用期相关问题，我们非常重视： 1. 【试用期延长】：目前我司标准试用期为7天（具体以订单页面说明为准），如因非人为故障影响正常使用，您可联系客服提供故障视频/照片及订单号，我们将为您个案评估是否可酌情延长试用期限。 2. 【故障处理与更换】：若商品在试用期内出现非人为原因导致的故障，且经技术确认属产品质量问题，我们将为您免费更换同型号全新商品（库存充足情况下）；如暂无库存，可为您安排升级款或协商退款。 3. 【保修权益】：该故障商品同步纳入官方保修范围，自换新之日起重新计算保修期（或延续原保修剩余期限，以较长者为准）。请您保留好原始包装及购买凭证，并通过售后支持网站提交RMA申请，我们将全程协助处理。 温馨提示：试用期间请勿自行拆机或改装，否则可能影响保修权益。如有其他需求，欢迎随时联系我们。
54,"""我购买的商品，收到后发现是临期商品（还有15天过期），但下单时页面未标注临期，而且商品包装上也没有临期提示，我要求退货退款并赔偿，请问可以吗？""",您好，感谢您的反馈。关于您收到临期商品（距过期仅15天）且下单页面及包装均未标注的情况，根据《中华人民共和国消费者权益保护法》第八条、第二十条，经营者应当真实、全面地向消费者提供商品信息，包括保质期等重要事项；对临近保质期的商品，应显著标示并明确告知。若未履行该义务，已构成侵犯消费者的知情权和选择权。 依据《侵害消费者权益行为处罚办法》第六条、第十六条，未标明或未如实标明临期信息属于“隐瞒与消费者有重大利害关系的信息”，消费者有权依法要求退货退款。同时，如因商家未尽提示义务导致您误购，您还可主张合理赔偿（如商品价款三倍赔偿，最低500元，依据《消法》第五十五条，需结合是否存在欺诈故意综合判断；实践中平台常支持退货退款+适当补偿）。 请您尽快通过订单页面提交“退货退款”申请，并在备注中说明“收到临期商品（剩余保质期15天），页面及包装均无临期提示”。我们将在24小时内审核处理，优先为您办理免运费上门取件及全额退款。如您已拆封但未食用，不影响临期商品的退换权益。后续如有处理延迟或协商分歧，我们可为您升级至客诉专员专项跟进。再次为给您带来的不便深表歉意！
55,"""我购买的商品，收到后发现商品的颜色和详情页描述的不一致，详情页是深红色，实际收到的是浅红色，而且商品有轻微的异味，想申请换货""",您好，非常抱歉给您带来了不便。您反馈的商品颜色与详情页描述不符（深红色 vs 浅红色），且存在轻微异味，属于商品与宣传严重不一致及可能存在质量问题的情形，符合换货条件。 根据官网退货/换货政策：在购买30天内，如商品存在描述不符、质量问题或影响正常使用的异常情况（如异味），您可申请换货；我们承担往返运费。请您通过售后支持网站提交换货申请，并上传订单截图、商品实拍图（含颜色对比及包装/标签）、以及能体现异味问题的简要说明。审核通过后，系统将为您生成RMA编号及预付快递单，您按指引寄回即可。 温馨提示：为保障您的权益，请保留好原始包装、配件及购买凭证（电子发票或订单截图）。如您在提交过程中遇到任何问题，我们可全程协助处理。再次为此次体验向您致歉，感谢您的理解与支持！
57,"""我购买的商品，快递寄到后，我拆开包装发现商品损坏，但是快递员已经离开，没有当场验货，请问还能申请售后吗？""",您好，即使快递员已离开、未当场验货，您仍可申请售后。根据我们的售后政策：1. 请尽快（建议24小时内）拍摄商品损坏部位及外包装的清晰照片/视频，并保留所有原始包装和配件；2. 立即通过售后支持网站提交售后申请，说明情况并上传凭证；3. 我们将结合影像资料及物流信息进行核实——若确认为运输途中导致的损坏，属于承运方责任，我们将协助您向快递公司发起索赔，并为您安排补发或换货（官网订单承担往返运费）；4. 若商品本身存在质量问题，也符合保修范围，我们将在审核后为您提供维修、更换服务。温馨提示：请勿自行丢弃原包装，它对责任认定至关重要。如有需要，客服可全程协助您完成申请流程。
58,"""我购买的商品，使用时发现商品的功能和详情页描述的不一致，详情页说支持无线充电，实际不支持，而且商品的续航时间也比描述的短很多，要求退货退款并赔偿，请问可以吗？"",",您好，非常抱歉给您带来了不便。根据《消费者权益保护法》第二十条及第二十四条，经营者提供的商品或服务信息应当真实、全面，不得作虚假或引人误解的宣传；若商品实际功能与网页描述严重不符（如详情页明确宣称支持无线充电但实际不支持，或续航时间显著低于宣传值），属于违反“与描述一致”的法定默示担保义务，您依法享有退货退款的权利。 关于您的诉求： 1. **退货退款**：我们支持全额退款，您可联系在线客服或通过订单页面提交“退货申请”，我们将为您生成RMA编号并提供退货指引； 2. **运费承担**：因商品与描述不符属我方责任，往返运费均由我们承担； 3. **赔偿问题**：依据现行法律法规，若该不实宣传给您造成直接经济损失（如额外购买充电设备等），请您保留相关凭证，我们将结合实际情况审核后予以合理补偿；若无直接损失，法定赔偿通常以退货退款为基本救济方式。 请您提供订单号及问题商品的照片（如无线充电标识页截图、实际无法充电的操作视频、续航测试对比记录等），我们将优先加急处理。再次向您致歉，感谢您的监督与信任！
64,"""使用吹风机时，人员需要佩戴哪些防护装备？""","使用吹风机时，操作人员必须佩戴以下合格的个人防护装备：<PIC> 1. 合格的听力防护装备（如符合ANSI S12.6标准的耳塞或耳罩）；<PIC> 2. 合格的眼部防护装备（如符合ANSI Z87.1标准的安全护目镜）；<PIC> 3. 在多尘环境中作业时，需额外佩戴防尘面罩；<PIC> 4. 防滑鞋底的工作靴或工作鞋； 5. 建议随身配备急救箱。注意：严禁佩戴围巾、项链，长发须束起，避免宽松衣物被旋转部件卷入。 , [""Manual04_0"", ""Manual04_1"", ""Manual04_2"", ""Manual04_3""]"
65,"""操作吹风机时，人员需要注意哪些安全要点？""","操作吹风机时，人员需严格遵守以下安全要点： 1. **人身防护**：必须佩戴合格的听力防护装备、眼部防护装备；多尘环境下需加戴防尘面罩；穿防滑鞋底的工作靴；长发须束起，严禁佩戴围巾、项链或穿着宽松衣物，以防被旋转部件卷入。 2. **操作规范**： - 严禁将喷口对准人、动物、车辆、墙壁、围栏或娇嫩植物； - 禁止在梯子、支架等不稳固位置操作； - 操作时双脚必须稳固站立于地面，避免身体直接接触排气口及滚烫消音器（含催化转化器，停机后仍高温，有烫伤及火灾风险）； - 启动与作业前务必关闭发动机并确认停机开关处于停机位； - 所有防护装置（如风扇罩、检修盖）缺失、损坏或无法闭合时，严禁操作； - 严禁在通风不良空间使用，以防吸入废气；加油前必须停机并清洁燃油盖周边。 3. **环境与时段**： - 避免清晨或深夜扰民时段使用（建议周一至周六 9:00–17:00）； - 远离易燃材料及易燃气体环境； - 吹扫前先松动地面杂物，角落作业应从角落向中心吹扫，防止杂物飞溅伤眼； - 注意儿童、宠物、敞开窗户及刚清洗车辆。 4. **健康与行为禁忌**：饮酒、服药后或疲劳状态下禁止操作；未成年人不得操作。 5. **设备状态检查**：作业前须检查空气滤清器、消音器、进气口、油门锁、停机开关及肩带等是否完好有效 <PIC>。 , [""Manual04_0""]"
66,"""使用吹风机时，如何调节化油器？""","您好，吹风机（燃油动力型）的化油器调节需谨慎操作，因其直接影响发动机性能与安全性。化油器出厂已精密预设，仅在气候、海拔、燃油或机油类型变化导致运行异常（如启动困难、怠速不稳、动力不足）时才建议微调。调节前请确保：空气滤清器清洁、火花塞状态良好、燃油混合比正确（推荐1:50）、设备已充分预热。 化油器含三颗调节螺钉：<PIC> • H（高速油针）：调节全油门工况下的空燃比； • L（低速油针）：调节怠速至半油门工况下的空燃比； • T（怠速调节螺钉）：调节发动机怠速转速（推荐3000 rpm）。 基础调节步骤如下： 1. 将H、L螺钉均逆时针旋至限位终点（勿拆除限位装置）； 2. 启动发动机，怠速与半油门交替运转1–2分钟预热； 3. 先调T螺钉使怠速平稳，再微调L螺钉至最大稳定怠速，随后逆时针旋出1/4圈； 4. 全油门状态下调节H螺钉至最大转速，再逆时针旋回1/8圈（若受限则略少）； 5. 每次全油门调节后须怠速运转≥10秒，避免过热。 ⚠️ 注意：化油器属精密部件，非专业人员调节易导致发动机损坏、排放超标或不符合环保法规（如加州CARB认证）。如无把握，强烈建议联系授权服务商进行专业调试。 , [""Manual04_35""]"
67,"""吹风机冷机时，该如何启动？""","吹风机为燃油动力设备，冷机启动时需按以下步骤操作： 1. 将停机开关调至启动位置； 2. 将阻风门控制器调至阻风门位置（A），该位置同时为自动启动油门位置； 3. 反复按压泵油膜片，直至燃油充满膜片（无需完全充满）； 4. 左手将机身按压在地面固定，右手握紧启动手柄，缓慢拉动启动绳至感受到阻力（启动钩啮合），然后快速用力拉动； 5. 发动机点火后立即按下阻风门控制器，重复操作直至发动机稳定启动； 6. 启动成功后迅速全开油门，启动油门自动解除。 注意：切勿完全拉出启动绳，切勿在启动绳完全拉出时松手，以免损坏设备。<PIC><PIC><PIC> , [""Manual04_18"", ""Manual04_19"", ""Manual04_20""]"
68,"""吹风机热机时，该如何启动？""","吹风机热机启动时，请按以下步骤操作： 1. 将停机开关置于“启动”位置； 2. 阻风门控制器无需拉出，直接推回原位（即工作位置），热机状态下不使用阻风门； 3. 反复按压泵油膜片，直至燃油充满膜片（无需完全充满）； 4. 左手将机身稳固按压在地面，右手握紧启动手柄，缓慢拉动启动绳至有阻力感（启动钩啮合），然后快速用力拉动； 5. 发动机点火后，立即全开油门，启动油门将自动解除。 注意：切勿完全拉出启动绳，也勿在启动绳完全拉出时松手，以防损坏设备。<PIC> , [""Manual04_18""]"
69,"""该如何关闭吹风机？""","要关闭吹风机，请执行以下操作：找到机身上的【停机开关（3）】，将其拨动至“OFF”位置，即可切断点火电源、关闭发动机。<PIC> , [""Blower_02""]"
70,"""空调的重要组成部件有哪些？""","空调的重要组成部件主要包括： - 室内机：<PIC> - 室外机（压缩机、冷凝器、风扇等，虽未在文档中详述，但属标准核心部件） - 空气滤网（含3M多重防护滤网：<PIC><PIC>） - 遥控器（含信号发射器与接收器） - 排水管（确保冷凝水顺利排出） - 静电滤网（清洁时需注意安全，切勿触摸） 注：具体配置可能因机型不同而有所差异。 , [""Manual01_0"", ""Manual01_27"", ""Manual01_28""]"
71,"""如何找到空调遥控器的按键？""","您好，空调遥控器的按键通常位于遥控器正面，常见功能键包括：开/关键、模式键（切换制冷/制热/送风等）、温度调节键（↑/↓）、风速键、风向调节键、定时键等。部分机型的附加功能按键可能隐藏在遥控器盖板下方，您可轻轻打开盖板查看。<PIC>此外，请确保使用遥控器时对准空调室内机底部的信号接收器操作，以保障信号正常传输。 , [""Manual01_6""]"
72,"""如何给空调遥控器安装电池？""","给空调遥控器安装电池的步骤如下： 1. 取下遥控器背面的电池盖。<PIC> 2. 装入两节全新的7号碱性电池，注意正负极方向需与电池仓内标识一致（+、−符号对应）。<PIC> 3. 将电池盖重新装回并扣紧。 温馨提示： ・请勿混用新旧电池或不同型号电池； ・切勿对电池充电或拆解； ・若发现电池漏液，请立即停止使用，并用清水冲洗接触部位； ・建议每年定期更换电池，或在遥控器反应迟钝、指示灯变暗时及时更换。 , [""drill0_04"", ""drill0_05""]"
73,"""如何安装空调遥控器支架？""",安装空调遥控器支架的步骤如下： 1. 选择一个安全、便于取用且无阳光直射的位置，以保护遥控器； 2. 使用螺丝刀将两颗螺丝拧紧，将支架牢固固定在选定位置 ； 3. 将遥控器沿导槽平稳滑入支架中，确保卡位稳固 。
74,"""如何用空调快速调节室内温度？""","您好，要快速调节室内温度，推荐使用空调的【极速制冷/制热模式】： 1. 按下开/关键开启电源； 2. 直接按下【极速键】<PIC>； - 极速制冷时，空调以18℃强风运行30分钟，迅速降温； - 极速制热时，空调以30℃强风运行30分钟，快速升温。 温馨提示：为提升效率，还可配合以下操作： ・调高风扇转速（短时提速可加快空气循环）； ・关闭门窗，拉上窗帘遮挡阳光（制冷时）或保留阳光入射（制热时）； ・确保出风口方向上下/左右调节，促进全屋空气流动。 如需持续控温，也可选择【自动转换运行模式】，空调将根据室温智能切换制冷/制热，维持设定温度±2℃内。 , [""drill0_04""]"
75,"""如何使用空调的自清洁运行功能？""","使用空调的自清洁运行功能步骤如下： 1. 在空调制冷或除湿运行状态下，按下遥控器或面板上的“自清洁”键； 2. 显示屏上将显示自清洁标识，启动自清洁程序； 3. 自清洁运行结束后，空调会自动关闭，但风扇将继续运行约30分钟，对室内机内部进行干燥清洁，以去除水汽和抑制霉菌滋生。 ⚠️ 注意：自清洁功能需在空调通电且处于可操作状态时使用，无需额外开启制冷/制热模式即可触发（部分机型支持独立启动）。具体操作可能因机型略有差异，请参考随机说明书或查看显示屏提示。<PIC> , [""Manual01_17""]"
76,"""如何使用空调的等离子净化功能？""","使用空调的等离子净化功能操作非常简单： 1. 无需开启制冷或制热，直接按下遥控器或面板上的【等离子键】即可启动； 2. 启动后，显示屏会显示等离子标识，同时等离子灯和制冷灯将同时亮起 <PIC>； 3. 该功能可独立运行，也可与其他模式（如送风、除湿）同时使用； 4. 注意：部分机型不支持此功能，请以您空调的实际按键和说明书为准。 , [""Manual01_17""]"
77,"""单冷型空调如何开启自动运行模式？""","单冷型空调开启自动运行模式的操作步骤如下： 1 按下开 / 关键开启电源。 2 反复按下模式键，选择自动运行模式 <PIC>。 3 若当前温度高于或低于所需温度，可按下上升 / 下降键设置目标温度（单冷型机型默认设定温度为22℃）。 注意：该模式下风扇转速和温度会根据室内温度自动调节。 , [""Manual03_1""]"
78,"""如何使用空调的自动转换运行功能？""","使用空调的自动转换运行功能，操作步骤如下： 1. 按下开/关键开启电源； 2. 反复按下模式键，直至显示屏显示“自动转换运行”对应标识；<PIC> 3. 按下上升/下降键设置所需温度，调节范围为18℃–30℃； 4. 反复按下风速键选择合适的风扇转速。 该模式会根据室内温度变化自动切换制冷/制热/送风等运行状态，将设定温度波动控制在2℃以内。 , [""Manual01_11""]"
79,"""如何开启空调的节能制冷模式？""","开启空调节能制冷模式的操作步骤如下： 1. 按下开/关键开启电源； 2. 反复按下模式键，选择制冷模式（显示屏显示雪花图标）； 3. 按下节能键，显示屏上将显示节能标识，即成功进入节能制冷模式。<PIC> , [""drill0_04""]"
80,"""无遥控器时如何操作空调？""","无遥控器时，可通过室内机的开/关键操作空调： 1. 打开前盖板，轻轻掀起盖板两侧即可。<PIC> 2. 按下开/关键启动空调，此时风扇转速默认设为高速。<PIC> - 冷暖型机型将根据室内温度自动切换运行模式。 - 单冷型机型温度默认设为22摄氏度（71.6华氏度）。 * 功能可能因机型不同而有所差异。 , [""Manual01_6"", ""Manual01_6""]"
81,"""如何让空调实现自动重启？""","空调的“自动重启”功能是出厂默认开启的，无需手动设置。当发生停电后恢复供电时，空调会自动按断电前的运行模式、温度、风速等设置重新启动。如该功能被意外关闭，可按以下步骤重新开启：1. 打开前盖板；2. 按住开/关键6秒钟，设备发出两声蜂鸣，蓝色指示灯闪烁4次，即表示自动重启功能已开启。<PIC> , [""drill0_05""]"
82,"""不同型号空调的清洁频率是多少？""",不同型号空调的清洁频率主要取决于使用环境和功能配置，但核心清洁要求一致： 1. 空气滤网：建议每两周清洁一次，若处于高粉尘、油烟多、宠物毛发多或过敏人群家庭等环境，可增加至每周一次； 2. 等离子滤网（如配备）：清洁频率与空气滤网相同，建议每两周清洁一次，方法详见说明书； 3. 室外机热交换器盘管：建议每半年至一年请专业人员清洁一次，积垢会降低效率、增加能耗； 4. 自清洁功能：启用后可辅助去除内部水汽和湿垢，但不能替代滤网人工清洁，建议每月运行1次自清洁（制冷/除湿模式下操作）。 注意：所有清洁前务必关闭电源并拔下电源线；切勿使用热水（＞40℃）、强效清洁剂或直接喷水；滤网需完全阴干后再安装。
83,"""如何清洁空调的空气滤网？""","清洁空调空气滤网的步骤如下： 1 关闭电源并拔下电源线。<PIC> 2 打开前盖板，轻轻掀起盖板两侧即可。<PIC> 3 握住空气滤网的把手，轻轻向上提起，将其从机身中取出。<PIC> 4 用吸尘器清理滤网，或用温水（不超过40℃）冲洗；若污垢较难清理，可在温水中加入少量中性洗涤剂清洗。<PIC> 5 将滤网置于阴凉通风处彻底晾干（切勿暴晒或使用热风吹干）。 ⚠️ 注意事项： ・清洁前务必断电，确保安全； ・切勿使用40℃以上热水、挥发性溶剂或强力清洁剂； ・滤网必须完全干燥后方可装回； ・建议每两周清洁一次，灰尘较多环境可适当增加频次。 , [""Manual03_18"", ""Manual03_19"", ""Manual03_20"", ""Manual03_21""]"
84,"""如何清洁空调的3M多重防护滤网？""","清洁 3M 多重防护滤网的正确步骤如下： 1 关闭电源并拔下电源线。 2 打开前盖板，取出空气滤网（详见“清洁空气滤网”）。 3 抽出 3M 多重防护滤网。<PIC> 4 用吸尘器清理滤网表面污垢；切勿用水清洗 3M 多重防护滤网，以免造成滤网损坏。 * 功能及结构可能因机型不同而有所调整。 , [""Manual01_27""]"
85,"""如何清洁空调的等离子滤网？""","清洁等离子滤网的步骤如下： 1 关闭电源并拔下电源线。 2 打开前盖板，取出空气滤网（详见“清洁空气滤网”）。 3 在 10 秒内取下等离子滤网。<PIC> 4 用吸尘器清理滤网污垢；若污垢较难清理，可用温水冲洗（注意：水温不可超过 40℃，以免滤网变形或变色）。 5 将滤网置于阴凉处彻底晾干后，再装回空调。 ⚠️ 注意事项： ・清洁前务必断电，确保安全； ・切勿使用热水（＞40℃）、挥发性溶剂或强力清洁剂； ・滤网必须完全干燥后方可安装，否则可能影响功能或导致故障。 , [""Manual03_18""]"
86,"""如何快速组装蒸汽清洁机？""",您好，蒸汽清洁机的快速组装步骤如下（无需专用工具）： 1. 将主机身固定扣（部件15）从主机身（部件7）背部取下； 2. 将手柄杆（部件4）插入主机身（部件7），直至听到“咔嗒”声到位 ； 3. 安装拖布：按下拖布释放扣（部件17）拉开挡板，装入拖布（部件16） ； 4. 加水：可按下水箱解锁扣（部件10）取下水箱，在水槽加水至刻度线，再装回主机身顶部水箱（部件9） ； 5. 连接电源：顺时针旋转快速收线扣展开电源线（部件19），插入120V接地插座。 完成以上步骤后，开机预热，待就绪指示灯亮起即可使用。首次使用可能需数秒出蒸汽，属正常现象。
87,"""蒸汽清洁机有哪些实用的产品功能？如何快速上手使用？""",您好，关于您的问题： 一、蒸汽清洁机的实用产品功能包括： 1. 【多场景清洁能力】：配备旋转拖头（可清洁橱柜下方等狭小空间）、喷射喷嘴（地板及边缘）、角形喷嘴（窗台、马桶内侧）、弧形喷嘴（硬质表面）、圆刷（瓷砖缝隙、灶台）、布艺清洁头/玻璃清洁组件（衣物、窗帘、玻璃等），实现一机多用； 2. 【智能水处理系统】：内置水过滤器（位于水箱后方），可过滤自来水中的矿物质与杂质，配合推荐使用蒸馏水，有效防垢、延长机器寿命； 3. 【安全智能保护】：就绪指示灯实时提示蒸汽就绪状态；内置温控器，过热自动停机；水箱无水时发出异常声响并停机，避免干烧损坏； 4. 【便捷操作设计】：手柄杆一键卡扣安装（咔嗒声确认到位）、快速收线扣、电源线挂钩、配件收纳架，提升收纳与使用效率； 5. 【专业级清洁效果】：高温蒸汽可深度清洁+消毒（建议单点停留15–20秒），适用于瓷砖、Vinyl、复合地板、大理石、封边木地板等硬质地面（首次使用请先在不显眼处测试）。 二、快速上手使用步骤： ✅ 准备工作： - 拔掉电源，按下水箱解锁扣（部件10）取下水箱，用配套量杯加注蒸馏水或去离子水至MAX线（切勿加任何化学药剂！）； - 安装拖布：按下拖布释放扣（部件17），拉开挡板，装入吸水纤维拖布（部件16），可机洗重复使用； - 组装主机：将手柄杆（部件4）插入主机身（部件7）直至咔嗒声锁定； - 插入120V接地插座，顺时针旋转收线扣展开电源线。 ✅ 开始使用： - 通电预热，等待就绪指示灯亮起（首次使用可能需数秒延迟）； - 缓慢推动清洁，按下手持开关（部件11）或主机开关（部件2）出蒸汽； - 如需更换配件（如圆刷、玻璃清洁组件等），请先拔电、冷却后再安装至手持蒸汽器（部件13）。 ✅ 清洁后收纳： - 拔电、冷却后取下拖布，排空水箱余水； - 用软布擦拭机身，电源线绕于两侧挂钩（部件3）； - 直立存放于干燥处（拖布潮湿时请勿直立，以免留白印）。 温馨提示：切勿用于未封边木地板、软塑料、皮革、丝绒、打蜡家具/地板等不耐蒸汽材质；使用中请勿对人、动物、电器或玻璃直接长时间喷射。更多细节可参考说明书第7页‘硬质地面清洁’与第9页‘配件使用方法’。
88,"""如何使用蒸汽清洁机清洁硬质地面？""",使用蒸汽清洁机清洁硬质地面（如瓷砖、Vinyl地板、复合地板、大理石、石材及封边木地板）的操作步骤如下： 1. **清洁前准备**： • 先扫地或吸尘，清除地面大颗粒灰尘和杂物； • 检查地板类型——不可用于未封边木地板、软塑料或打蜡地板（高温蒸汽可能降低光泽或损坏表面）； • 首次使用前，建议在不显眼处测试，或查阅地板厂家保养说明。 2. **加水与开机**： • 打开水箱解锁扣（部件10），取下水箱（部件9），使用蒸馏水或去离子水加至MAX线（避免使用自来水以防结垢）； • 装回水箱并确保锁紧； • 插上电源，等待就绪指示灯亮起（表示水已加热完成，可出蒸汽）。 3. **安装清洁配件（推荐）**： • 清洁硬质地面时，建议使用**弧形喷嘴（部件24）**或**喷射喷嘴（部件26）**，二者均适用于硬质表面清洁 ； • 若需覆盖更大面积，可搭配**旋转拖头（部件18）**与**吸水纤维拖布（部件16）**使用，拖布可吸附蒸汽松动的污垢，且支持机洗重复使用。 4. **清洁操作要点**： • 缓慢匀速移动机器，同时按住蒸汽开关（部件2或11）持续释放蒸汽； • 如需深度消毒，将蒸汽头静置于同一区域**15–20秒**（切勿超时，以防过热损伤地板）； • 避免在同一位置长时间喷射蒸汽，尤其在复合地板上需确保无裂缝，防止潮气渗入； • 若蒸汽中断，请立即拔掉电源，取下水箱加水后继续使用。 温馨提示：首次使用时，机器可能需数秒延迟出蒸汽（因水需经过滤器流入加热器），属正常现象。
89,"""组装人体工学椅涉及哪些部件？""","组装人体工学椅涉及以下主要部件： 1. 底座（含五星脚）与脚轮 2. 底座盖 3. 气压棒（气杆） 4. 底盘（连接底座与椅背/座椅的承力结构） 5. 座椅（坐垫部分） 6. 椅背（含连接件安装位） 7. 扶手（左右各一，含调节机构） 8. 头枕与腰枕（可拆卸式支撑配件） 9. 脚踏（部分型号配备）及配套橡胶圈 10. 各类紧固螺丝与连接件（如C1/C2组合件）<PIC><PIC><PIC><PIC><PIC><PIC><PIC><PIC><PIC><PIC><PIC><PIC><PIC><PIC><PIC><PIC> , [""Manual02_0"", ""Manual02_1"", ""Manual02_2"", ""Manual02_3"", ""Manual02_4"", ""Manual02_5"", ""Manual02_6"", ""Manual02_7"", ""Manual02_8"", ""Manual02_9"", ""Manual02_10"", ""Manual02_11"", ""Manual02_12"", ""Manual02_13"", ""Manual02_14"", ""Manual02_15""]"
90,"""椅子的扶手使用一段时间后为什么会松动？""",椅子扶手使用一段时间后松动，主要是因为日常使用中扶手与底盘或椅背连接处的固定螺丝受反复应力影响，逐渐出现轻微位移或松脱，属于常见物理现象。根据产品手册说明，该情况可通过重新拧紧扶手部位的螺丝即可恢复稳固。建议定期（如每月一次）检查并加固扶手、底盘及气杆等关键连接部位的紧固件，以延长使用寿命并确保使用安全。
91,"""这款椅子有哪些功能？""","这款人体工学椅具备以下核心功能： 1. **高度调节功能**：向上拉起“升降”拉杆即可调节座椅高度，到达所需位置后松开拉杆即可锁定；调节时请将身体微微抬离座椅。<PIC> 2. **椅背后仰功能**：向上拉起“后仰”拉杆，椅背可随人体动作自由倾斜；向下按下拉杆则锁定角度；复位时请靠在椅背上，避免快速回弹。<PIC> 3. **按摩功能**：腰枕支持USB供电按摩，插入USB接口即可启用。<PIC> 4. **人体工学配件调节**：配备可调头枕与腰枕，提升颈部与腰部支撑；扶手支持多向调节，并可通过拧紧螺丝解决松动问题。<PIC> 5. **脚踏与底盘调节**：含可安装脚踏及橡胶圈，搭配可调底盘，适配不同坐姿需求。<PIC> , [""Manual02_0"", ""Manual02_1"", ""Manual02_2"", ""Manual02_3"", ""Manual02_4""]"
92,"""洗碗机的部件有哪些？""","洗碗机的主要部件包括：1. 台式机身（视型号而定）；2. 上层喷淋臂；3. 下层碗篮；4. 下层喷淋臂；5. 过滤器；6. 控制面板；7. 机门；8. 洗涤剂盒；9. 下层喷淋臂槽；10. 餐具篮；11. 专用盐箱盖；12. 上层篮导轨；13. 带支架的上层碗篮；14. 风扇烘干系统（视型号而定）<PIC>。此外，关键功能组件还包括软水系统、亮碟剂盒、进水管滤网、喷淋臂孔、盐量指示灯、亮碟剂指示灯等。所有部件协同工作，确保高效洗涤、漂洗与烘干。 , [""drill0_04""]"
93,"""首次使用时，如何将洗碗机连接到排水口？""","首次使用时，将洗碗机连接到排水口的步骤如下： 1. 排水管可直接连接到厨房水槽的排水口或专用排水孔； 2. 连接点距地面高度须在50–100厘米之间； 3. 确保排水管平直连接，不得弯折、挤压或扭曲； 4. 牢固固定排水管，防止运行中脱落； 5. 排水管长度不得超过4米，否则可能影响排水效果和洗涤性能； 6. 排水管必须接入污水系统，严禁接入地表水（如雨水管）。 完成连接后，请检查接口是否密封、无渗漏。<PIC> , [""drain_connection_01""]"
94,"""使用前如何为洗碗机添加专用盐？""","使用前为洗碗机添加专用盐的步骤如下： 1. 先取出下层碗篮，以便操作盐箱； 2. 逆时针旋转盐箱盖打开（A、B）；<PIC> 3. 首次使用前，需先向盐箱内注入约1升清水（C），以帮助软水系统初始化；<PIC> 4. 使用盐斗（或干燥洁净的勺子）将洗碗机专用软化盐加入盐箱（D），建议使用颗粒或粉末状专用盐，切勿使用食盐或含不溶杂质的盐；<PIC> 5. 为加速溶解，可轻轻搅拌盐粒； 6. 盐箱容量约为2公斤，加满后盖紧盐箱盖并拧牢； 7. 若加盐后不立即启动洗涤程序，请空载运行一次最短程序（如预洗），以溶解并冲散可能散落的盐粒，防止腐蚀或堵塞。 ⚠️ 注意：加盐时避免洒在盐箱口周围；加盐后务必拧紧盖子；盐量指示灯亮起时提示需补盐，但首次加盐后因溶解需数小时，指示灯可能延迟熄灭。 , [""drill0_04"", ""drill0_05"", ""drill0_06""]"
95,"""如何为洗碗机添加洗涤剂？""","为洗碗机添加洗涤剂的步骤如下： 1. 在即将运行洗涤程序前操作，确保洗涤剂盒干燥； 2. 向右推动卡扣打开洗涤剂盒盖（A）<PIC>； 3. 根据餐具脏污程度和装载量，将粉末或块状洗碗机专用洗涤剂加入盒内： • 一般情况加至15cm³或25cm³刻度线（1）<PIC>； • 若餐具残渣已干涸，可额外加满5cm³小格（5）； • 洗涤剂盒总容量为40cm³，请勿超量； 4. 轻轻按下关闭盒盖，听到“咔嗒”声表示已关紧； 5. 注意： • 仅使用洗碗机专用洗涤剂，禁用含氯、磷酸盐或手洗洗涤剂； • 禁止向洗涤剂盒中加入溶剂，有爆炸危险； • 块状洗涤剂建议用于带预洗的高温程序，短程序推荐使用粉末洗涤剂； • 添加后请勿长时间搁置再启动，以免结块或残留。 , [""drill0_07"", ""drill0_08""]"
96,"""如何为洗碗机添加洗涤块？""","为洗碗机添加洗涤块，请按以下步骤操作： 1. 打开洗碗机门，确保机器未运行； 2. 向右推动卡扣打开洗涤剂盒盖（A）<PIC>； 3. 将1颗洗涤块放入洗涤剂盒内（注意：勿超过盒内MAX刻度线，容量为40cm³）； 4. 轻轻按下关闭洗涤剂盒盖，听到“咔嗒”声表示已关紧； 5. 若使用2合1、3合1等多效洗涤块，建议同步开启「洗涤块功能」：开机后选择程序，再按「半载 / 洗涤块键（5）」直至洗涤块指示灯亮起，然后按下启动 / 暂停 / 取消键并关闭机门。 ⚠️ 温馨提示： - 洗涤块应放置在洗涤剂盒中，**不可直接放在碗篮或餐具上**； - 带预洗的高温程序更适合使用洗涤块；无预洗的短程序建议改用粉末洗涤剂； - 请务必参考洗涤块包装上的说明，确认其适用机型及推荐放置方式； - 添加前确保洗涤剂盒干燥，且在即将启动程序前再加入，避免提前溶解或结块。 , [""drill0_07""]"
97,"""如何在洗碗机中添加和使用亮碟剂以获得更好的洗涤效果？""","在洗碗机中正确添加和使用亮碟剂，可显著提升烘干效果，防止餐具表面残留水渍、水垢或彩虹斑痕。具体操作步骤如下： 1. **确认亮碟剂盒位置与开启方式**：找到洗碗机内标有“亮碟剂”或对应图标（B）的专用盒，按下卡扣打开盒盖 <PIC>； 2. **加注亮碟剂**：使用洗碗机专用亮碟剂，沿盒内壁缓慢倒入，直至液面达到“MAX”刻度线 <PIC>；溢出的亮碟剂需立即用纸巾擦净，否则易产生泡沫，影响洗涤效果； 3. **关闭盒盖**：轻轻按下盒盖，确保卡扣到位并听到轻微“咔嗒”声，避免运行中泄漏； 4. **设置剂量**：手动调节亮碟剂剂量旋钮至1–6档（出厂默认为4档）<PIC>；若洗后餐具仍有水渍，可适当调高档位；若手擦后留有蓝色痕迹，则需调低档位； 5. **检查指示灯状态**：亮碟剂指示灯（10）常亮表示充足，熄灭则需及时补充；若该指示灯被设置为“关闭”状态（通过长按半载/洗涤块键+开机键进入设置），则不会提示缺液，请定期主动检查 <PIC>； 6. **注意事项**： • 切勿使用手洗洗涤剂、厨房清洁剂等非专用产品替代亮碟剂； • 若同时使用洗涤块（如3合1、5合1），请开启“洗涤块功能”，此时盐量与亮碟剂指示灯将自动关闭，系统按预设逻辑协同工作； • 亮碟剂不足或剂量过低，可能导致玻璃器皿挂水、烘干不净；而过量则易造成蓝色残留或泡沫增多，降低洗净力。 建议结合软水盐与正确水硬度设置，三者协同使用，才能实现最佳洗涤与烘干效果。 , [""drill0_04"", ""drill0_05"", ""drill0_06"", ""drill0_07""]"
98,"""哪些物品不适合在洗碗机中清洗？""",以下物品不适合在洗碗机中清洗： ・沾有烟灰、蜡烛残渣、抛光剂、染料、化学品等的餐具； ・铁制器具（易生锈，且可能污染其他餐具）； ・带有木质或骨质手柄、黏合部件、不耐热部件的银质餐具、刀具； ・铜制和镀锡容器； ・带装饰图案的玻璃器皿、光泽瓷器及部分精致水晶（可能褪色、失光或出现划痕）； ・铝制和银质器具（可能氧化、变色或失去光泽）； ・特氟龙涂层厨具（烘干后易残留水滴，属材质特性，非故障）； ・已生锈或表面质量变差（如划痕、腐蚀、涂层脱落）的厨具（污渍难洗净，且可能交叉污染）； ・劣质不锈钢银质餐具（易生锈，不建议入机）。 温馨提示：首次使用前请确认餐具是否标注「洗碗机适用」；不确定时，建议手洗以延长使用寿命。
99,"""如何根据洗碗机型号安装餐具篮？""","您好，安装餐具篮需根据您洗碗机的具体型号匹配对应结构。以下是通用安装与调节方法（视型号而定）： 1. **下层碗篮安装**： - 确保下层篮平稳放入导轨，两侧滚轮完全嵌入轨道槽中； - 若配备「可折叠下层篮架丝」（2根），可根据大件餐具（如锅、深碗）需求，按下卡扣（A）单独或同时向下折叠架丝以拓展空间 <PIC>。 2. **上层碗篮高度调节**（分两种情形）： ✅ **空载调节**（取出碗篮后操作）： ① 拨开导轨末端限位器（A）； ② 取出上层篮（B）； ③ 调整滚轮位置后放回导轨，并关闭限位器（C） <PIC>。 ✅ **负载调节**（碗篮装满餐具时直接调节）： ① 抓住上层篮一侧架丝向上提起（A），另一侧同步操作以升高； ② 降低时，按下碗篮调节机构卡扣（B），两侧同步操作； ③ 务必确保两侧调节机构处于同一水平（同高或同低） <PIC>。 3. **装载提示**： - 大型/较脏餐具（锅、盘、碗）请放入下层篮； - 精致/轻小餐具（杯、玻璃器皿、刀叉）请放入上层篮； - 所有中空器具（碗、杯、锅）务必倒扣，避免积水； - 尖锐餐具（餐叉、面包刀）须尖头朝下或水平放置，以防划伤或伤人。 温馨提示：不同型号的餐具篮结构（如支架丝数量、导轨类型、调节机构）可能存在差异，请以您机型《用户手册》第18–20页「餐具篮」章节及随附图示为准。如您能提供具体型号（如XXX-123），我可为您进一步精准说明。 , [""drill0_04"", ""drill0_05"", ""drill0_06""]"
100,"""使用洗碗机前如何安装可折叠下层篮架？""","安装可折叠下层篮架（即下层碗篮上的可折叠架丝）步骤如下： 1. 确认下层碗篮已正确放入洗碗机内； 2. 找到下层碗篮两侧的两根可折叠架丝（视型号而定）； 3. 如需展开使用，确保架丝处于竖直支撑状态；如需折叠以腾出空间放置大件锅具等，请按下架丝根部的卡扣（A），轻轻向下按压，使架丝平稳放下 <PIC>。 提示：两根架丝可单独或同时折叠，操作灵活，便于适配不同尺寸餐具。 , [""drill0_04""]"
101,"""如何调节洗碗机满载时上下碗篮的高度？""","满载时调节上层碗篮高度，无需取出碗篮，可直接操作： **升高碗篮：** 1. 抓住上层篮一侧架丝（左或右）向上提起（A）； 2. 另一侧重复相同操作。 **降低碗篮：** 1. 按下碗篮调节机构上的卡扣降低碗篮（B）； 2. 另一侧重复相同操作； 3. 确保两侧调节机构处于同一水平（同为高位或同为低位），避免倾斜卡滞。<PIC> , [""洗碗机_042""]"
102,"""如何清洁洗碗机的进水管滤网？""",清洁洗碗机进水管滤网的步骤如下： 1. 关闭水龙头并拆下进水管； 2. 取出安装在进水管上的滤网； 3. 在自来水下冲洗滤网，清除沙、污垢、铁锈等杂质； 4. 将清洁后的滤网装回进水管原位； 5. 将进水管重新连接至水龙头。 ⚠️ 注意：清洁前请务必拔掉洗碗机电源插头，并关闭水龙头，确保操作安全。请勿无过滤器使用洗碗机，否则可能损坏机器。
103,"""如何清洁洗碗机的上层喷淋臂？""","清洁洗碗机上层喷淋臂的步骤如下： 1. 确保洗碗机已断电并关闭进水水龙头； 2. 检查上层喷淋臂（图中标号2）上的喷水孔是否被食物残渣（如柠檬籽等）堵塞； 3. 若堵塞，向左旋转固定螺母（C、D），拆下上层喷淋臂； 4. 用清水冲洗喷淋臂，必要时用软毛刷轻柔疏通各喷水孔； 5. 安装时请确保喷淋臂复位到位，并将螺母拧紧，防止运行中松动或漏水。 温馨提示：为保证洗涤效果，建议至少每周清洁一次上层及下层喷淋臂。<PIC> , [""drill0_04""]"
104,"""如何拆除空气净化器滤网的塑料包装？""","您好，拆除空气净化器滤网塑料包装的步骤如下： 1. 请务必先拔下设备电源插头，确保断电操作； 2. 双手握住设备上盖并向上拉起； 3. 握住背部滤网盖把手并向前拉出； 4. 取出滤网，小心拆除其表面的塑料包装（注意：塑料包装需完全撕除，否则会导致异响、滤网无法正常工作，甚至引发火灾或设备损坏）； 5. 将滤网上下推入设备，确保贴合紧密； 6. 装回滤网盖（先插入底部卡槽，再向前滑动卡入顶部卡槽）； 7. 双手握住设备上盖滑回原位，确保标识朝前； 8. 滤网安装完成后，长按控制面板上的【睡眠】+【自动】键5秒以上进行初始化，重置后红色滤网指示灯将熄灭。 ⚠️ 注意：滤网塑料包装拆除后无法退货；请将塑料包装远离儿童，以防窒息。<PIC><PIC> , [""Manual03_0"", ""Manual03_1""]"
105,"""如何安装空气净化器的脚轮？""",安装空气净化器脚轮的步骤如下： 1. 打开包装盒，找到附带的小配件盒，内含4个脚轮和8颗螺丝； 2. 使用螺丝刀拆下空气净化器底部原有的四个底座； 3. 将每个脚轮对准底座安装位，用两颗螺丝固定（共4个脚轮，需使用全部8颗螺丝）； 4. 请妥善保留拆下的原底座和螺丝，以备后续需要恢复原装时使用。 ⚠️ 注意：若开箱后未在配件盒中发现脚轮，请及时联系客服处理。
106,"""空气净化器通常有哪些模式？如何设置？这些模式有什么特点？""","您好，该空气净化器主要提供以下四种运行模式，各具特点且设置方式如下： 1. 【常规运行模式】 - 特点：手动调节风速，可在1档（F1）至18档（F18）之间自由选择，适合对净化强度有明确需求的场景。 - 设置方法：按下启动键开机，默认进入上次使用的模式；再按控制面板上的“上键”或“下键”即可逐档调节风速。<PIC> 2. 【自动运行模式】 - 特点：搭载VOC传感器，实时检测室内空气质量（如细颗粒物、挥发性有机物），设备自动匹配最优风速，智能节能、省心省力。 - 设置方法：开机后，按下“自动键”，在常规运行与自动运行间切换；进入自动模式后，风速不可手动调节。<PIC> 3. 【睡眠运行模式】 - 特点：设备持续净化，但整屏除月亮图标外全部熄灭，运行噪音更低，避免灯光和声音干扰休息；默认风速为1档（F1），兼顾静音与基础净化。 - 设置方法：开机后，直接按下“睡眠键”即可启用；再次按睡眠键可退出并恢复之前模式。<PIC> 4. 【涡轮风扇运行模式】 - 特点：强力加速净化，适用于刚开窗通风、烹饪后、新装修等空气污染较重的紧急场景，净化效率显著提升。 - 设置方法：先确保处于常规运行模式，然后同时长按控制面板“上键”和“下键”3秒即可启动；如需退出，按下“下键”至风速调至18档，涡轮模式即停止。<PIC> 温馨提示：所有模式下，IAQ室内空气质量指示灯（环绕显示屏外缘的彩色环灯）将持续显示当前空气状态（四色对应不同污染等级）<PIC>；滤网需每6–12个月更换一次，以保障净化效果与使用安全。 , [""Manual03_1"", ""Manual03_14"", ""Manual03_15"", ""Manual03_16"", ""Manual03_17""]"
107,"""空气净化器的室内空气质量指示灯是什么？""","室内空气质量（IAQ）指示灯是环绕显示屏外缘的环形灯光，用于实时显示当前室内空气质量状态。设备通过内置传感器检测细颗粒物（PM2.5等）浓度，并以四种不同颜色直观反映空气洁净程度：<PIC> <PIC> <PIC> <PIC> , [""Manual03_14"", ""Manual03_15"", ""Manual03_16"", ""Manual03_17""]"
108,"""如何清洁空气净化器的设备内外？""","清洁空气净化器设备内外请按以下步骤操作： 1. 清洁前请务必拔下电源插头，确保断电操作，以防触电或故障。 2. 外壳清洁：用温水或温和清洁剂浸湿的软布擦拭净化器外壳，再用干软布擦干。<PIC> 3. 滤网仓清洁：打开背部滤网盖并取出滤网；用吸尘器和微湿毛巾清洁滤网仓内部。<PIC><PIC> 4. 预过滤网清洁：每月清洁1–2次，可用吸尘器或软刷清理；切勿用水清洗主滤网（仅预过滤网可轻拭除尘）。<PIC> 5. 灰尘传感器清洁：双手握住设备上盖向上拉起；拉出背部滤网盖；拆下右侧灰尘传感器盖；用蘸少量水的棉签轻拭传感器镜头和进风口，再用干净干棉签彻底擦干；最后装回传感器盖、滤网盖及上盖（标识朝前）。<PIC><PIC><PIC> ⚠️ 注意：禁止使用丙酮、酒精等强腐蚀性化学试剂；禁止水洗主滤网；建议每月清洁1–2次，灰尘多的环境需增加频次。 , [""Manual03_0"", ""Manual03_18"", ""Manual03_19"", ""Manual03_20"", ""Manual03_21"", ""Manual03_22"", ""Manual03_23""]"
109,"""如何清洁空气净化器的滤网？""","清洁空气净化器滤网的正确步骤如下： 1 关闭电源并拔下电源插头，确保操作安全。<PIC> 2 打开背部滤网盖（握住把手向前拉出），取出滤网。<PIC> 3 注意：主滤网（如HEPA或复合滤网）禁止用水清洗；仅可用吸尘器或软毛刷清除表面灰尘。预过滤网若可水洗，可用温水或中性洗涤剂轻柔冲洗，但须彻底晾干后再装回。<PIC> 4 滤网仓内部也需用吸尘器和微湿软布清洁。<PIC> 5 滤网完全干燥后（建议阴凉处自然风干，勿暴晒或烘烤），按原方向装回，确保卡扣到位。<PIC> 6 装回滤网盖及上盖，长按睡眠键 + 自动键5秒以上重置滤网指示灯（如已亮红灯）。 ⚠️ 特别提醒：切勿用水清洗主滤网；切勿在通电状态下操作；建议每月清洁1–2次，灰尘多的环境可适当增加频次；滤网寿命通常为6–12个月，污染严重时需提前更换。 , [""Manual03_18"", ""Manual03_19"", ""Manual03_20"", ""Manual03_21"", ""Manual03_22""]"
110,"""如何更换空气净化器的滤网？""","更换空气净化器滤网的步骤如下： 1. 请先关闭设备并拔下电源插头，确保安全操作。<PIC> 2. 握住背部滤网盖把手并向前拉出。<PIC> 3. 拆除新滤网上的塑料包装（未拆除会导致异响、无法正常工作，甚至引发火灾或损坏设备）。<PIC> 4. 将滤网上下推入设备，确保滤网贴合紧密。<PIC> 5. 装回滤网盖：先将盖子插入设备底部固定卡槽，再向前滑动使其卡入顶部卡槽。<PIC> 6. 双手握住设备上盖并滑回原位，确保标识朝前。<PIC> 7. 滤网安装完成后，长按控制面板上的【睡眠】+【自动】键 5 秒以上进行初始化，重置后红色滤网指示灯将熄灭。<PIC> ⚠️ 注意事项： - 建议每 6–12 个月更换一次滤网，具体周期视使用环境（如灰尘、烟雾、宠物毛发等）而定； - 切勿用水清洗主滤网； - 请仅使用厂家推荐的原装滤网； - 更换期间可同步用吸尘器清洁预过滤网； - 设备运行中严禁更换滤网。 , [""Manual03_0"", ""Manual03_1"", ""Manual03_2"", ""Manual03_3"", ""Manual03_4"", ""Manual03_5"", ""Manual03_6""]"
111,"""如何清洁空气净化器的灰尘传感器？""","清洁灰尘传感器的步骤如下： 1. 双手握住设备上盖并向上拉起。 2. 握住背部滤网盖把手并向前拉出。 3. 拆下设备右侧灰尘传感器盖。 4. 用蘸少量水的棉签擦拭灰尘传感器镜头和进风口，再用干净干棉签彻底擦干。<PIC> 5. 装回灰尘传感器盖、滤网盖，并将设备上盖标识朝前装回。 ⚠️ 注意：请勿使用丙酮、酒精等强腐蚀性化学试剂擦拭传感器部件，以免损坏镜头。清洁前请务必拔下电源插头。 , [""Manual03_18""]"
112,"""空气净化器需要长期存放时该怎么做？""","空气净化器长期存放时，请按以下步骤操作：1. 在晴天运行设备约1小时，使内部充分干燥；2. 拔下电源插头；3. 清洁设备外壳、滤网仓及预过滤网（注意：滤网不可水洗，过脏请直接更换）；4. 取出滤网并妥善保存（建议密封防尘）；5. 遮盖整机，并存放在干燥、阴凉、无阳光直射的地方。此外，存放期间请勿挤压设备，避免靠近热源或潮湿环境。<PIC> , [""Manual03_18""]"
113,"""如何了解这款健身单车的技术规格？""","您好，关于这款健身单车的技术规格，您可以通过以下方式了解： 1. 查阅随附的《用户手册》第23页（如参考文档2所示，同类产品技术规格通常位于手册‘技术规格’章节），其中会详细列出最大承重（136千克）、适用人群（仅限14岁以上、身体健康者）、电源要求、尺寸、阻力级别范围、飞轮重量、显示屏功能等关键参数； 2. 手册首页及第10页‘最终检查’部分提示需在指定位置记录序列号，并强调装配完成后须按手册检查性能正常方可使用 <PIC>； 3. 安全与使用限制信息也间接反映技术边界，例如：仅限家庭使用、禁止室外/潮湿环境使用、运动部件安全间距要求（两侧至少0.6米）<PIC>； 4. 如您尚未收到纸质手册，可扫描机身上的二维码或访问品牌官网输入型号下载电子版手册（含全部技术参数与图表）。 温馨提示：当前提供的参考知识中未直接包含该款单车的完整技术规格表格，建议以实物手册或官方渠道查询为准。 , [""Manual14_13"", ""Manual14_15""]"
114,"""启动健身单车前，我需要做什么？""","启动健身单车前，请按以下步骤做好准备： 1. 【安全检查】每次使用前，请检查单车是否稳固、所有螺栓螺丝是否紧固，确认无松动、破损或磨损部件；确保单车置于坚固、水平的地面上，并调节后稳定器脚垫使车身水平 <PIC>。 2. 【环境与着装】穿着橡胶底运动鞋及合身、活动自如的运动服装；避免佩戴首饰或穿着宽松衣物；确保机器两侧预留至少0.6米安全空间 <PIC>。 3. 【身体准备】运动前请咨询医生（尤其有基础疾病者）；如运动中出现胸痛、胸闷、呼吸急促或头晕，请立即停止并就医。 4. 【座椅与脚踏调节】 • 座椅高度：脚踏板转至前方最高点，脚掌中心对准踏板中心，膝盖微弯；调节时松开座管旋钮，调至合适高度后务必拧紧，且勿超过限位标记（STOP） <PIC>； • 脚踏绑带：将脚掌中心置于踏板上，绑带固定于鞋面，脚尖与膝盖朝前，确保踩踏效率与安全 <PIC>。 5. 【控制台准备】接通电源后，按下任意键或踩踏触发转速传感器，进入开机/待机模式；首次使用需完成日期、时间及计量单位（公里/英里）初始设置 <PIC>。 温馨提示：运动后请用干布擦拭机身与控制台，保持干燥；控制台切勿过度潮湿。 , [""Manual14_13"", ""Manual14_15"", ""Manual14_20"", ""Manual14_21"", ""Manual14_22""]"
115,"""我听说买的这款健身单车配有控制台和显示功能，能为我介绍一下吗？""","您好！您购买的这款健身单车配备智能控制台与多功能显示屏，以下是详细介绍：<PIC> 控制台位于车把前方，采用触控式按键设计，可实时显示并调控运动数据。主要功能包括： ✅【核心显示功能】 - 上部显示区：实时显示当前运动的关键数值（如时间、速度、心率、卡路里等）； - 下部显示区：支持自定义显示内容，可循环切换三组运动数据通道（例如：a) 总计类：时间/距离/卡路里；b) 平均类：速度/转速/心率；c) 运动强度类：等级/平均时间/卡路里），按◀或▶按钮手动切换，或设置为自动轮播（每6秒切换）<PIC>； - 成就指示灯：完成目标后自动点亮，直观反馈运动成果。 ✅【操作与控制功能】 - 阻力调节：通过♠（增加）和▼（减小）按钮实时调整阻力等级，另有专用“阻力等级快捷按钮”便于运动中快速切换； - 程序选择：按“程序”键可浏览并启动多种预设运动模式（如间歇训练、爬坡模拟等）； - 快速启动：一键开启默认运动，省去设置步骤； - 暂停/结束：单次按键暂停，再次按键结束运动并进入3分钟智能放松模式，期间自动显示运动结果并降低阻力至平均值的1/3； - 风扇控制：独立“风扇按钮”，支持三档风速调节，提升运动舒适度。 ✅【用户档案与数据管理】 - 支持2个独立用户档案，自动记录姓名、年龄、体重、身高、性别及首选数据显示偏好； - 编辑档案后，卡路里与心率计算更精准； - 按“目标追踪”键可随时查看历史总运动量、最近7天趋势图、BMI指数（需正确录入身高体重）等深度统计<PIC>； - 支持U盘导出全部运动数据，方便长期追踪分析。 ✅【其他实用设置】 - 可在设置模式中调整日期/时间、英制/公制单位、机器类型（单车/椭圆机）、声音开关等； - 提供维护统计（运行小时数、软件版本等），便于定期保养提醒。 温馨提示：控制台数据为参考值，心率监测存在合理误差；请保持控制台干燥，避免汗液浸入。如需进一步了解某项功能（如如何编辑用户档案或导出数据），欢迎随时告诉我！ , [""Manual14_16"", ""Manual14_22"", ""Manual14_25""]"
116,"""在健身单车上运动前，我需要调整什么来保证运动的舒适度？""","在健身单车上运动前，为保证舒适度和安全性，您需要进行以下几项关键调整： 1. **座椅高度调节**：将脚踏板转到前方位置，脚掌中心对准脚踏板中心，膝盖保持微弯。如腿部过直或脚无法踩到踏板，需调低座椅；如膝盖弯曲过度，则调高座椅。调节前请先下车，松开座管上的调节旋钮，调整至合适高度后确保锁销完全卡入并拧紧旋钮。⚠️切勿将座管调至高于管身“STOP”限位标记处。<PIC> 2. **脚踏绑带调节**：将脚掌中心置于脚踏板上，转动脚踏板至便于操作的位置，再将绑带牢固固定在鞋面上，确保脚部稳定、发力高效。<PIC> 3. **单车水平调节**：检查并旋转后稳定器两侧的水平调节脚，确保整车平稳、不晃动，避免运动中倾斜或异响。<PIC><PIC> 4. **穿着准备**：建议穿橡胶底运动鞋及活动自如的运动服装，避免宽松衣物或首饰，以防卷入运动部件。 5. **安全自检**：运动前请确认所有螺栓、脚踏板、曲柄紧固无松动，整车稳固放置于坚固、水平地面，并预留两侧至少0.6米通行空间。 , [""Manual14_20"", ""Manual14_21"", ""Manual14_13"", ""Manual14_14""]"
117,"""使用健身单车的轻松骑行类别时，我能体验到哪些预设运动程序？""","在健身单车的「轻松骑行」类别中，您可体验的预设运动程序为：**起伏山丘**。<PIC> , [""exercise_bikes_02""]"
118,"""使用健身单车的山地类别时，我能体验到哪些预设运动程序？""","在健身单车的‘山地’类别下，您可体验的预设运动程序为：**派克峰**。<PIC> , [""exercise_bikes_02""]"
119,"""挑战健身单车的最高难度类别时，我能体验到哪些预设运动程序？""","在挑战健身单车的‘挑战’难度类别下，您可体验的预设运动程序是：上坡冲刺。<PIC> 该程序属于自动控制阻力与运动强度的预设程序之一，专为高强度训练设计，模拟持续上坡骑行场景，帮助提升心肺耐力与腿部爆发力。您可通过控制台的‘程序’按钮进入类别选择，再按左右（◀/▶）按钮切换至‘挑战’类别，最后用增加（♠）或减少（▼）按钮选中‘上坡冲刺’并按确认键启动。 , [""exercise_bikes_02""]"
120,"""如果我想编辑健身单车的用户档案，需要遵循哪些步骤？""","编辑健身单车用户档案需按以下步骤操作： 1. 在开机模式界面，按增加（♠）或减少（▼）按钮选择要编辑的用户档案； 2. 按确认按钮进入用户档案选择，控制台将显示该档案名称及编辑提示； 3. 按确认键开始编辑，首项为姓名（最多10个字符），当前激活段闪烁，使用增加/减少按钮浏览字母与空格，按左（◀）或右（▶）按钮切换输入位，确认后保存姓名； 4. 依次编辑年龄、体重、身高、性别，每项均用增加/减少按钮调节数值，完成后按确认键； 5. 进入“运动数据显示”设置（扫描提示），可选择“开启”（每6秒自动切换数据通道）或“关闭”（手动按◀/▶查看），按确认键完成设置。<PIC> , [""Manual14_22""]"
121,"""我想在使用健身单车时设置心率目标，能否根据我的年龄为我推荐合适的目标心率？""","您好，健身单车支持根据您的年龄设置心率目标，系统会结合用户档案中的年龄信息自动计算推荐的心率区间。参考通用心率公式：最大心率 ≈ 220 - 年龄；建议燃脂区间为最大心率的50%–70%，有氧耐力区间为70%–80%，高强度训练区间为80%–90%（使用80%–90%区间前请务必咨询医生）。例如：若您30岁，估算最大心率为190 BPM，则推荐——燃脂目标心率约95–133 BPM，有氧目标约133–152 BPM。您可在控制台选择「心率控制（HRC）程序」→ 选择初级（BEG）或高级（ADV）等级 → 系统将基于您的年龄和用户档案自动设定目标区间 <PIC>。操作时请双手稳固握住把手上的接触式心率（CHR）传感器，确保信号稳定 <PIC>。温馨提示：显示屏心率仅为近似值，个体差异较大，如有心血管相关病史或不适，请先咨询医生再设定目标。 , [""Manual14_25"", ""Manual14_19""]"
122,"""我听说这款健身单车有体能测试程序，这是什么功能？""","体能测试程序是这款健身单车的一项专业评估功能，用于科学衡量您的体能水平提升情况。具体来说： 1. **测试原理**：通过对比您在运动中的功率输出（瓦特）与实时心率，评估心肺耐力和肌肉效率。当体能提升后，相同心率下能输出更高功率，说明效率改善。 2. **启动前提**：需确保控制台能准确读取心率——支持接触式心率（CHR）传感器（即双手握住车把上的金属电极）或配对兼容的心率监测仪（HRM）<PIC>。 3. **测试流程**： • 首先选择体能水平（初级/BEG 或高级/ADV）； • 控制台根据您用户档案中的年龄、体重自动计算基准； • 握住心率传感器开始测试，阻力强度逐步上升，直至心率达到“测试区间”（为您最大心率的75%）； • 进入该区间后保持稳定强度3分钟，让身体达稳态； • 3分钟结束时，系统综合心率、功率、年龄与体重，生成专属“体能得分”。 4. **重要说明**：该得分仅用于您个人历史数据纵向对比（如对比上月/上次测试），不与其他用户横向比较，是追踪自身进步的可靠参考。 提示：测试前请确保已正确设置用户档案，并在运动中保持双手稳定接触传感器以保障心率采集准确性。 , [""Manual14_25""]"
123,"""如果要给电钻充电，需要遵循哪些步骤？""","给电钻充电需遵循以下步骤： 1. 确保充电环境温度在65°F–75°F（18°C–24°C）之间，避免在低于40°F（4.5°C）或高于105°F（40.5°C）的环境中充电； 2. 将充电器插入合适的120V交流插座（<PIC>）； 3. 将电池组（如DCB107）对准充电器插槽，平稳推入直至完全就位（<PIC>）； 4. 此时红色（充电）指示灯开始持续闪烁，表示充电已启动（<PIC>）； 5. 充电完成后，红色指示灯转为常亮，表示电池组已充满（<PIC>）； 6. 充电过程中请勿覆盖充电器通风槽，勿将充电器置于柔软表面或高温环境； 7. 充电完毕后，可直接取下电池组使用，或保留在充电器中（无损电池）。 ⚠️ 注意：仅使用原厂指定充电器；切勿改装电池组或强行插入；充电前请确认电池端子无金属异物接触，且电池外壳无破损、跌落或过热痕迹。 , [""Manual11_2"", ""drill0_08"", ""drill0_04"", ""drill0_05""]"
124,"""我的DCB101型号电钻指示灯闪烁时，这些闪烁标识代表什么含义？""","您好，DCB101型号电钻配套充电器的指示灯闪烁含义如下（注意：指示灯状态反映的是**充电器对电池组的状态识别**，而非电钻本体指示灯）： • 红色指示灯**快速闪烁**：表示检测到异常，可能为电池组/充电器故障，或电源异常（如连接发电机等便携电源时电压超限）。请重新插入电池组；若仍快速闪烁，建议更换另一块电池组测试——若新电池正常，则原电池故障；若新电池同样异常，则需送修充电器。<PIC> • 红色指示灯**长闪后短闪**：表示进入**过热/过冷延迟模式**。充电器检测到电池温度过高或过低，自动暂停充电，待温度恢复正常后自动恢复充电。<PIC> • 红色指示灯**持续闪烁**（非快闪/非长+短）：表示**电池组正在充电中**。<PIC> • 红色指示灯**常亮**：表示**电池组已充满电**，可正常使用或继续留在充电器中。<PIC> 注：DCB101充电器无黄色指示灯（该功能见于DCB107/DCB112），故不出现红+黄组合提示。如指示灯完全不亮或异常熄灭，可能为电池组严重故障、接触不良或充电器损坏，建议联系授权服务中心检测。 , [""drill0_06"", ""drill0_04"", ""drill0_05"", ""drill0_08""]"
126,"""使用电钻时，如何安装单套无键夹头？""","安装单套无键夹头（F）请严格按以下步骤操作：<PIC> 1. 关闭电钻并断开电源（取下电池组）； 2. 一只手握住夹头黑色套筒，另一只手稳固握持电钻本体，逆时针旋转套筒至开口足够大，以便插入钻头或其他附件； 3. 将附件插入夹头约3/4英寸（19毫米），然后一只手顺时针旋转夹头套筒紧固，另一只手稳握电钻——您的工具配有自动主轴锁定机构，支持单手操作，但为确保最大紧固度，务必双手配合操作。⚠️ 警告：切勿在通电状态下通过启动电钻来拧紧钻头，否则可能损坏夹头并导致人身伤害；更换附件前必须锁定扳机开关并断开电源。 , [""drill0_03""]"
127,"""如果要安装和拆卸电钻的电池组，需要遵循什么步骤？""","安装和拆卸电钻电池组需严格遵循以下安全步骤： 【安装步骤】 1. 确保电钻已关闭，且扳机开关未被锁定； 2. 将电池组（K）对准工具手柄内的导轨，平稳滑入，直至完全就位、牢固卡紧，无松动现象 <PIC>； 【拆卸步骤】 1. 同样须先关闭电钻，并确认已断开电源； 2. 按下电池组释放按钮（J），然后将电池组从手柄中平稳、垂直拔出 <PIC>。 ⚠️ 重要安全提示： • 每次调整、安装或拆卸任何附件（含电池组）前，务必关闭工具并取下电池组，防止意外启动造成伤害； • 切勿强行按压或敲击电池组安装/拆卸； • 若电池组外壳破裂、变形、受过跌落或挤压，请勿使用，应送至服务中心回收处理。 相关图示参考：图6（电池组安装与拆卸）<PIC>。 , [""drill0_14"", ""Manual11_7"", ""Manual11_8""]"
128,"""使用电钻的腰带挂钩和批头夹时，需要特别注意什么？""","使用电钻的腰带挂钩和批头夹时，需特别注意以下几点： 1. 安全前提：调整、安装或拆卸腰带挂钩或批头夹前，务必关闭工具并取下电池组，防止意外启动造成人身伤害 <PIC>； 2. 安装规范：仅使用随附的安装螺钉（H），确保螺钉完全拧紧；腰带挂钩（G）和批头夹（I）可安装在工具任意一侧（适配左右手），但严禁悬挂在高处或用腰带挂钩承挂其他物体 <PIC>； 3. 使用限制：腰带挂钩仅限挂于工作腰带上，不可用于悬挂工具以外的物品；批头夹为另售配件，安装时同样须确认螺钉紧固； 4. 维护检查：定期检查固定螺钉是否松动，若发现松动应立即拧紧，避免作业中挂钩脱落导致工具跌落或伤人 <PIC>。 , [""Manual11_7"", ""drill0_14"", ""Manual11_8""]"
129,"""购买电钻后，应配备哪些附件？""","购买电钻后，建议配备以下制造商推荐的附件，以确保安全、合规及高效使用： 1. **钻头类**： • 通用金属/木工钻头（适用于普通钻孔）； • 硬质合金砌体钻头（专用于砖、水泥等冲击钻孔，<PIC>）； • 锋利洁净的钻头（参考文档3强调：钝钻头易卡滞、难控制，存在安全隐患）。 2. **紧固类附件**： • 各规格批头（如PH2、PZ2、T25等），用于拧螺丝作业； • 批头夹（另售，可安装于工具腰带挂钩侧，<PIC>）； • 注意：所有附件须像钻头一样装入无键夹头并牢固紧固（<PIC>），严禁使用非原厂附件（参考文档5明确警告：非制造商推荐附件未经测试，存在危险）。 3. **辅助配件**（提升操作安全与便利性）： • 腰带挂钩（G）与配套螺钉（H），支持左右手安装（<PIC>）； • 辅助手柄（如型号配备，参考文档3强调“请使用”，以防失控）； • 木质垫板（钻薄材料时防止工件损坏，见图7说明）。 温馨提示：所有附件安装/更换前，请务必关闭电钻、取下电池组（<PIC>），并严格遵循说明书操作。如需选购原厂附件，可访问www.dewalt.com或联系授权服务中心。 , [""drill0_17"", ""drill0_01"", ""drill0_02"", ""drill0_03"", ""Manual11_7""]"
130,"""电钻的三年有限保修包含哪些内容？""",电钻的三年有限保修具体内容如下： 1. **保修范围**：自购买之日起，电钻主机享有3年有限保修，覆盖因原厂材料与工艺缺陷导致的故障；保修期内，制造商将免费维修或更换经判定为缺陷的零部件。 2. **电池组特别说明**： - 部分指定型号电池组（如DC9071、DC9091、DC9096、DC9280、DC9360、DC9180、DCB120、DCB127、DCB201、DCB203、DCB207）享有**2年免费服务**； - 其他电池组享有**3年免费服务**； - 若电池组被擅自改装，整机保修即告失效，且制造商不承担由此引发的任何责任。 3. **除外责任**（不保修情形）： - 安装非原厂附件或未经认证的改装件； - 异常负荷、疏忽、不当使用（如缺电强行操作、未锁定扳机更换附件等）； - 未按规定保养维护（如未定期检查碳刷、使用非推荐充电器等）； - 意外事故、碰撞、进水、火灾、雷击等外部因素导致的损坏； - 正常磨损（如夹头、碳刷、工作灯LED等消耗性部件，除非属制造缺陷）； - 非授权人员维修或尝试拆解导致的损坏。 4. **附加权益**： - 购买后第一年内享**1年免费服务**：免费维护及更换正常使用造成的磨损部件； - 建议及时在线注册产品（www.dewalt.com/register），以提升保修响应效率，并作为所有权及保险理赔凭证。 温馨提示：所有维修须由专业授权服务中心或合格维修人员执行，务必使用原厂替换零件，以确保安全与保修有效性。
131,"""购买健身追踪器后，包装盒里应该有什么？""","您的健身追踪器包装盒内应包含以下物品：<PIC> 配有小号表带的手表（颜色和材质仅供参考）<PIC> 额外一条大号底部表带。注意：顶部与底部表带均可互换，但其他颜色/材质的配件表带需单独购买。 , [""fitness_trackers_01"", ""fitness_trackers_02""]"
132,"""我刚发现健身追踪器电量低，该如何正确为其充电？""","您好，当健身追踪器电量低时，请按以下步骤正确充电： 1. 将充电线插入电脑的USB端口、UL认证的USB墙充充电器或其他低功耗充电设备； 2. 将充电线另一端靠近手表背面的充电接口，利用磁吸自动吸附，确保金属触点与手表接口精准对齐 <PIC>； 3. 充电时，轻点屏幕两次或按下按钮即可点亮屏幕查看状态； 4. 充电12分钟即可续航约24小时，完全充满约需1–2小时 <PIC>。 温馨提示：电量低于8%时，设备会自动关闭常亮显示、EDA传感器、GPS追踪等功能以延长待机时间，充电后即可恢复正常功能。 , [""Manual16_22"", ""Manual16_23""]"
133,"""为了让健身追踪器性能更佳，日常佩戴和运动时该将其佩戴在什么位置？""","为了让健身追踪器性能更佳，日常佩戴和运动时的佩戴位置如下： · **日常佩戴**：将健身追踪器佩戴在腕骨上方一指宽的位置，确保表带舒适贴合但不过紧，佩戴时应留有空隙，可在手腕上轻微移动。<PIC> · **运动时佩戴**：为优化心率监测准确性，建议将表带向上微调至更贴合的位置，并确保设备背面（传感器区域）与皮肤紧密接触；如感到不适，请适当松开表带，若持续不适请取下休息。<PIC> · **佩戴手腕选择**：为提高活动识别与心率数据准确性，需在健身追踪器应用中设置佩戴手腕（惯用手或非惯用手）。默认为非惯用手，若您戴在惯用手，请进入应用：今日页面 → 左上角图标 → 健身追踪器卡片 → 手腕 → 选择“惯用手”。 , [""Manual16_9"", ""Manual16_10""]"
134,"""我的健身追踪器表带太紧了，该如何扣紧表带？""","您好，关于表带太紧的问题，实际应是需要‘松开’而非‘扣紧’表带。请按以下步骤调整至舒适佩戴： 1. 将健身追踪器戴在手腕上； 2. 将底部表带穿入顶部表带的第一个环扣； 3. 轻轻收紧或放松表带，找到贴合但不压迫手腕的位置——佩戴时应留有一指宽空隙，确保表带可在手腕上轻微移动； 4. 将表扣钉按入表带上的合适孔位（避免使用小号表带的最后两个孔，如已接近末端，建议更换为包装内附赠的大号表带以获得更稳固、舒适的佩戴效果）； 5. 将表带松散端穿入第二个环扣，使其平整贴服。 温馨提示：运动时可将表带略向上移提升贴合度，但若持续感到不适，请及时松开或取下休息一小时。洗澡时也建议取下，避免肥皂残留引发皮肤刺激。<PIC><PIC><PIC> , [""Manual16_9"", ""Manual16_10"", ""Manual16_11""]"
135,"""我想取下健身追踪器，该如何正确拆卸表带？""","您好，取下健身追踪器表带的正确拆卸步骤如下： 1. 将健身追踪器翻面，找到表带两端的卡扣； 2. 用手指轻轻将扁平按钮向表带方向滑动，松开卡扣； 3. 轻轻将表带从手表末端垂直拔出； 4. 另一侧表带重复以上操作即可完全取下。 注意：操作时请勿用力拉扯或扭转表带，以免损坏卡扣结构。<PIC><PIC><PIC> , [""Manual16_9"", ""Manual16_10"", ""Manual16_11""]"
136,"""我听说可以操作健身追踪器的界面，具体该遵循哪些步骤？""","您好，操作健身追踪器界面主要通过以下方式： 1. **基础交互**：轻点屏幕、左右/上下滑动，或按下机身上的唯一按钮； 2. **查看今日数据**：从时钟界面左右滑动，找到「今日活动卡片」，可查看步数、卡路里、活动分钟数等；点击卡片进入「今日应用」，支持长按拖动调整数据顺序，向左滑动隐藏某项数据，底部点击可恢复隐藏项 <PIC>； 3. **启动运动追踪**：打开运动应用 <PIC> → 滑动选择运动类型（如步行、跑步）→ 点击播放图标开始；GPS运动需等待信号连接后自动启用； 4. **运动中控制**：点击或滑动大数值区域查看实时心率、耗时等；按下按钮或向上滑动可暂停/继续；运动结束向上滑动点击「结束」，查看摘要 <PIC>。 温馨提示：屏幕默认息屏省电，您可在设置中开启「常亮显示」（详见说明书第23页）。 , [""Manual16_33"", ""Manual16_14"", ""Manual16_15""]"
137,"""健身追踪器能对手机的通知实现哪些功能？""","健身追踪器对手机通知支持以下功能： 1. **显示通知**：可同步显示手机的来电、短信、日历事件及已安装应用（如WhatsApp、健身追踪器App等）的通知，保持手表与手机距离在30英尺内即可接收。 2. **震动提醒**：收到通知时手表会震动提示；未及时查看时，可在时钟界面向上滑动，或双击按钮后点击通知图标查看历史通知。 3. **来电操作**：与iPhone或安卓手机配对后，可直接在手表上接听（点击绿色电话图标）或拒接（点击红色电话图标）来电；使用iPhone时支持手腕通话（需开启“手腕通话”设置）<PIC>。 4. **消息回复（仅安卓）**：支持语音转文字或预设快捷回复短信及部分应用通知，需手机在附近且健身追踪器App在后台运行。 5. **通知管理**：最多存储30条通知，超出后自动覆盖最早一条；支持单条清除（展开后滑至底部点“清除”）或一键“全部清除”；也可在快捷设置中点击勿扰图标临时关闭所有通知<PIC>。 6. **平台差异说明**：iPhone用户可同步日历App中的全部日历通知；安卓用户仅同步设置时选定的日历应用通知。 , [""Manual16_30"", ""Manual16_29""]"
138,"""能告诉我健身追踪器是如何追踪皮肤温度变化的吗？""","健身追踪器通过内置的高精度温度传感器，在您夜间佩戴睡觉时持续监测手腕皮肤表面的温度变化。每晚自动记录数据，并在连续佩戴3晚后生成您的个人皮肤温度基准值。之后，设备会显示每晚温度与该基准的差异（例如“昨晚比基准低-0.2°F”），帮助您识别身体状态的趋势性变化，如潜在的生理周期波动或免疫反应初期迹象。<PIC><PIC> 请注意：该功能为长期趋势参考，不用于医疗诊断；且需确保设备紧贴皮肤、佩戴位置稳定（腕骨上方一指宽），并完成初始校准（连续佩戴3晚）。 , [""Manual16_35"", ""Manual16_36""]"
139,"""通过运动应用，健身追踪器是如何追踪并分析我的运动情况的？""","健身追踪器通过运动应用追踪并分析您的运动情况，主要分为自动识别与手动启动两种方式： 1. **自动追踪运动**：当您进行步行、跑步或骑行等持续至少15分钟的高强度活动时，设备可自动识别并记录基本数据（如步数、卡路里、时长），这些数据会同步至手机健身追踪器应用中的「今日」页面运动卡片 <PIC>。 2. **手动开启运动追踪**：您可在健身追踪器上打开运动应用，滑动选择目标运动类型（如跑步、骑行等），点击播放图标开始；若该运动支持GPS，设备将自动连接（优先使用手机GPS以省电，无手机时启用内置GPS）<PIC>。运动中实时显示心率、卡路里、耗时等数据，并支持查看心率区间（基于心率储备个性化计算）；结束运动后，手表显示摘要，应用内还可查看GPS运动轨迹、强度地图及详细分析。 此外，运动数据会结合心率变异性、静息心率、血氧等高级健康指标，帮助您长期评估训练效果与身体恢复趋势。所有数据均全天自动同步，支持分享、对比及目标达成提醒。 , [""Manual16_33"", ""Manual16_34""]"
140,"""健身追踪器是如何测量我的心率的？""","健身追踪器主要通过**光学心率传感器（PPG技术）**测量心率：设备背面的LED灯向皮肤发射绿光，光线穿透皮肤后被血液吸收和反射；由于心脏跳动时血容量周期性变化，反射光强度也随之变化；传感器捕捉这些微弱的光信号波动，并通过算法转换为实时心率数值（BPM）。为确保测量准确，请将设备佩戴在腕骨上方一指宽处，表带贴合但不压迫，保持传感器与皮肤紧密接触 <PIC>。运动中若出现心率信号丢失（显示虚线），可尝试微调手表位置或收紧表带 <PIC>。注意：该功能为健康参考数据，不用于医疗诊断；如有健康疑虑，请咨询专业医生。 , [""Manual16_48"", ""Manual16_49""]"
141,"""我该如何仅使用健身追踪器完成消费支付？""","您可使用健身追踪器完成非接触式消费支付，具体操作如下： 1. 前提条件：需先在手机上的健身追踪器应用中添加并验证至少1张支持的信用卡或借记卡（需为合作银行发行），并设置默认支付卡；首次添加时可能需为手表设置4位PIN码，且手机须开启密码保护。 2. 支付时（以非澳大利亚用户为例）： • 双击手表按钮快速打开钱包/支付应用； • 如提示，输入4位手表PIN码； • 屏幕显示默认卡，若需切换其他卡，请左右滑动选择； • 将佩戴在手腕上的健身追踪器靠近支持非接触式支付的终端（请认准终端上的<PIC>标志）。 3. 支付成功后，手表会震动并显示确认信息。 ⚠️ 注意： • 为保障安全，支付时必须将设备戴在手腕上； • 若终端未识别，请确保表盘正对读取器，并告知收银员您使用非接触式支付； • 澳大利亚用户如单笔消费超100澳元，需按终端提示输入银行卡PIN码（非手表PIN码）。 如尚未设置支付功能，请先通过健身追踪器应用 > 左上角图标 > 健身追踪器卡片 > 支付卡片，按指引完成添加与开通。 , [""Manual16_33""]"
142,"""使用健身追踪器时，我可能会遇到哪些问题以及该如何解决？""","使用健身追踪器时，您可能遇到的常见问题及解决方法如下： 1. **心率信号丢失**：屏幕显示虚线，说明未检测到心率。请确保手表紧贴皮肤、佩戴位置合适（可轻微上下移动或调整表带松紧），并保持手臂静止伸直片刻，通常可恢复检测。<PIC><PIC><PIC> 2. **GPS信号丢失**：高楼、密林、厚云层等环境易干扰GPS。运动前请耐心等待GPS图标由旋转变为静止（表示已连接）；若运动中图标变红，说明信号丢失，手表会自动重连。建议开启手机GPS辅助定位以提升成功率。<PIC><PIC> 3. **屏幕不亮或操作无响应**：可能是息屏节能模式生效。轻点屏幕或按下按钮即可唤醒；如长期无响应，可尝试重启（长按按钮10秒）。 4. **充电异常**：请确认磁吸充电线金属触点与手表背面接口完全对齐；使用USB墙充或电脑USB口充电，避免快充设备。充电12分钟即可支持24小时续航，充满约需1–2小时。 5. **自动运动识别失败**：仅支持持续15分钟以上的高强度步行/跑步/骑行。请在健身追踪器应用中开启对应检测开关，并确保手表佩戴稳固、手腕活动自然。 6. **睡眠/血氧/温度数据异常**：需整晚佩戴且贴合皮肤；若数据缺失，检查是否启用了睡眠追踪功能，并确保每日同步数据至手机App。 7. **非接触式支付失败**：请确认终端支持非接触支付（查看标识），将表盘贴近读卡器，且手表处于解锁状态；澳大利亚用户超100澳元需输入银行卡PIN码（非手表PIN码）。 如以上方法未能解决，请参考App内‘帮助中心’或联系客服获取进一步支持。 , [""Manual16_48"", ""Manual16_49"", ""Manual16_50"", ""Manual16_33"", ""Manual16_34""]"
144,"""我想给健身追踪器设置锁屏，该如何实现？""","您好，健身追踪器本身不支持传统意义上的‘锁屏’功能（如手机滑动解锁），但可通过‘设备锁’功能保障安全：开启后，每次唤醒手表需输入您设置的4位PIN码。设置步骤如下： 1. 在手机上的健身追踪器应用中，进入【今日】页面； 2. 点击左上角图标 → 选择您的【健身追踪器卡片】→ 进入【设备锁】； 3. 开启设备锁并按提示设置或修改4位PIN码。 ⚠️ 注意：若您已设置非接触式支付（如手表刷卡），设备锁将自动启用且必须设置PIN码。 此外，为节省电量，手表默认在静止时自动熄屏；如需保持常亮显示，可从时钟界面向下滑动打开快捷设置，点击【常亮显示】图标 <PIC>（开启后屏幕持续显示时间，但会缩短续航）。 关联操作图示：<PIC><PIC><PIC> , [""Manual16_22"", ""Manual16_23"", ""Manual16_24"", ""Manual16_25""]"
145,"""使用冰箱冰柜时需要注意什么？只需告诉我手册中的前五条。""","根据用户手册，使用冰箱冰柜时需注意的前五条安全事项如下： 1. 若电源线或电源插头损坏、插座插孔松动，请勿使用。<PIC> 2. 请勿将手伸入冰箱冰柜底部，底部铁板可能造成受伤。<PIC> 3. 搬运冰箱冰柜时，请握住前底部及后顶部把手；单独搬运可能伤人或发生意外。<PIC> 4. 开关冰箱冰柜门可能伤及周围人员，请注意；同时打开两扇门可能导致手指或手部被门缝挤压。<PIC> 5. 请勿将任何活物放入冰箱冰柜。<PIC> , [""Manual17_33"", ""Manual17_34"", ""Manual17_35"", ""Manual17_36"", ""Manual17_37""]"
146,"""给冰箱连接电源时，需要做到哪些注意事项？只需告诉我手册中的前五条。""","根据手册内容，连接电源时需注意的前五条如下： 1. 应使用专用插座。一个插座同时使用多个设备可能引发火灾；若连接漏电保护器，可能跳闸导致食物变质。<PIC> 2. 请勿让电源插头朝上或被挤压在冰箱冰柜背面。插头朝上易松脱，线缆被挤压可能损坏并引发火灾。<PIC> 3. 安装过程中拔下插头后推入冰箱时，防止电源线被挤压或弯折。弯折或挤压可能引发火灾或触电。<PIC> 4. 请勿让重物挤压或弯折电源线。可能损坏电源线，引发火灾或触电。<PIC> 5. 请勿延长或改装电源插头长度。可能导致火灾或触电。<PIC> , [""Manual17_0"", ""Manual17_1"", ""Manual17_2"", ""Manual17_3"", ""Manual17_4""]"
153,"""考虑到燃油高度易燃且有毒，使用发电机时我需要注意什么？""","使用发电机时，鉴于燃油高度易燃且有毒，您需特别注意以下安全事项： 1. 加油前务必关闭发动机； 2. 加油时严禁吸烟或靠近任何明火； 3. 切勿将燃油洒在发动机、消音器或高温部件上 <PIC>； 4. 加油请勿超过燃油滤清器顶部，防止受热膨胀溢出，如发生溢出请立即擦拭干净 <PIC>； 5. 加油后务必拧紧油箱盖，并确保通气旋钮已拧紧 <PIC>； 6. 如不慎吞入燃油、吸入燃油蒸汽或燃油入眼，请立即就医；如溅到皮肤或衣物，请立即用肥皂水彻底清洗并更换衣物； 7. 操作、搬运及运输发电机时，必须始终保持机身直立，倾斜可能导致燃油从化油器或油箱泄漏； 8. 请在通风良好的开阔区域运行发电机，切勿在封闭/半封闭空间（如车库、帐篷、室内）内使用，以防废气（含一氧化碳）积聚导致中毒甚至死亡 <PIC>； 9. 运行中发动机及消音器表面温度极高，请远离儿童与行人，勿触碰，排气口周围1米内不得放置易燃物，且须与建筑物/其他设备保持至少1米距离 <PIC>。 , [""generator_20"", ""generator_14"", ""generator_03"", ""pump_01"", ""generator_04""]"
154,"""发电机工作后，发动机和消音器可能会发烫，这种情况下我该如何保证自身安全？""","您好，发电机工作后发动机及消音器温度极高，为保障自身安全，请务必注意以下几点：<PIC> 1. 运行中请勿用身体或衣物触碰发动机、消音器及其周边高温部件；<PIC> 2. 将发电机放置在行人、儿童不易触碰的位置，并与建筑物、易燃物及其他设备保持至少1米（3英尺）距离；<PIC> 3. 切勿在封闭、通风不良空间运行，以防废气积聚引发危险；<PIC> 4. 检修或清洁前，务必先关闭发动机并等待其完全冷却；<PIC> 5. 运行时避免覆盖防尘罩，确保散热通畅。以上安全提示均基于产品使用规范，请严格遵守。 , [""generator_04"", ""Manual18_8"", ""Manual18_9"", ""Manual18_10"", ""Manual18_11""]"
155,"""日常使用中，如何防止发电机触电事故的发生？""","日常使用中，为防止发电机触电事故，请务必遵守以下安全措施： 1. 切勿在雨雪等潮湿环境中运行发电机； 2. 切勿湿手操作或触碰发电机，以防漏电导致触电； 3. 必须对发电机进行可靠接地，并使用足够载流量的接地导线（导线直径需符合要求）<PIC>； 4. 发电机接入建筑物电气系统前，必须由持证电工安装隔离（转换）开关，防止反送电危及维修人员安全； 5. 使用延长线时，应选用符合IEC 245标准的橡胶护套线，并确保截面积与长度匹配（如1.5mm²≤60米，2.5mm²≤100米），避免因线路过细或过长引发过热、漏电风险； 6. 连接负载前，确认所有插头、插座及线路绝缘良好，插入插头前务必关闭所有用电设备； 7. 定期检查接地状态、外壳绝缘性及漏电保护功能，严禁擅自改装或短接保护装置。 以上操作可显著降低触电风险，保障人身与设备安全。 , [""Manual18_12""]"
156,"""需要通过发电机的燃油开关旋钮供油时，我该遵循哪些步骤？""","您好，通过发电机燃油开关旋钮供油时，请按以下步骤操作： 1. 确保发动机已关闭，且油箱内有足量燃油； 2. 按住油箱盖防止转动，将通气旋钮逆时针旋转1圈，打开油箱通气口 <PIC>； 3. 将燃油开关旋钮置于“开启”位置 <PIC>； 4. （如需启动）后续可进行阻风门操作、发动机开关置“7”位等启动步骤。 ⚠️ 注意：若燃油开关旋钮无法转动，可取下盖板①，使用内部燃油开关拨杆手动供油 <PIC>。操作全程请远离明火，严禁吸烟，并确保发电机处于直立状态，防止燃油泄漏。 , [""generator_10"", ""Manual18_19"", ""Manual18_20""]"
157,"""使用发电机时，燃油的使用前检查十分重要，该如何操作？""","使用发电机前，燃油的检查操作如下： 1. 确认油箱内燃油充足 <PIC>； 2. 仅使用推荐燃油：无铅汽油，泵法辛烷值（(R+M)/2）86及以上或研究法辛烷值91及以上 <PIC>； 3. 加油前务必关闭发动机 <PIC>； 4. 加油时严禁吸烟或靠近明火，避免燃油洒在发动机或消音器上 <PIC>； 5. 加油后请拧紧油箱盖通气旋钮，防止泄漏 <PIC>； 6. 检查油箱盖密封性及通气状态，确保无堵塞或破损。 注：燃油高度易燃且有毒，请勿吞入、吸入蒸汽或接触眼睛/皮肤；如发生意外，请立即就医或用肥皂水彻底清洗。 , [""generator_12"", ""generator_13"", ""generator_20"", ""generator_21"", ""generator_03""]"
158,"""启动发电机发动机的前两个步骤是什么？""","启动发电机发动机的前两个步骤是： 1. 按住油箱盖防止转动，将通气旋钮逆时针旋转1圈，打开油箱通气口。<PIC> 2. 将燃油开关旋钮置于“开启”位置。<PIC> , [""Manual18_24"", ""Manual18_24""]"
159,"""我需要给发电机连接交流电，该过程中如何保证自身安全？""","为确保连接发电机交流电过程中的自身安全，请严格遵守以下安全要点： 1. **接地保护**：务必对发电机进行可靠接地，使用足够载流量的接地导线 <PIC>；具体操作详见手册“安全信息”第5页。 2. **防触电措施**：切勿在雨雪中运行发电机；切勿湿手操作；确保所有插头、线路及电气设备状态良好，插入插头前务必关闭所有用电设备。 3. **负载控制**：确保总负载不超过发电机额定输出功率，插座负载电流不超其额定电流，避免过载引发危险。 4. **操作顺序**：先将电源线在提手上缠绕2–3圈，再启动发动机，随后插入交流插座，并确认交流指示灯亮起 <PIC>；最后将经济控制开关置于“Ⅰ”（开启）位置，再逐个开启用电设备。 5. **环境与防护**：在通风良好处操作；远离明火、火花及香烟；建议佩戴护目镜等基础防护装备。 如不确定接地或接线方式，强烈建议由持证电工或授权发电机经销商操作。 , [""Manual18_22"", ""Manual18_12""]"
160,"""我注意到发电机上有两种不同的开关，请为我介绍一下。""","您好，发电机上常见的两种开关通常为： 1. **发动机开关（点火开关）**：用于控制点火系统通断，通常标有“ON”（接通，可启动发动机）和“OFF”（切断，停机）<PIC>； 2. **经济控制开关**：用于切换发电机运行模式，置于“Ⅰ”位置表示开启经济模式，可降低油耗并减少噪音，适用于轻载工况；使用时需注意——充电时务必关闭该开关<PIC>。 此外，部分机型还配有直流保护器复位开关（标有“复位”/“断开”），当负载超限自动跳闸后，可手动按下复位<PIC>。如您能提供具体型号或拍摄开关区域照片，我可进一步为您精准识别。 , [""Manual31_7"", ""generator_08"", ""generator_09""]"
161,"""我该在哪里查找并记录发电机的标识信息？""","您好，发电机的标识信息（包括产品识别码、序列号及机型标识）通常标注在机器本体的指定位置。根据说明书，机器序列号位于图示位置 <PIC>，请参考说明书中的图示定位并记录。此外，相关识别码（如AE00011等）也需一并记录并妥善保管，以便后续订购配件、保修登记或售后服务使用。建议您同时查看机身上的安全及说明标签（如重要标签位置图所示 <PIC>），这些标签上也可能印有机型标识（前三位）和生产编号（其余数字）。 , [""Manual18_1"", ""Manual18_0""]"
162,"""使用发电机的直流保护器时，我需要注意什么？""","使用发电机的直流保护器时，您需注意以下几点： 1. 直流保护器会在负载超过发电机额定输出时自动断开，以保护设备安全 <PIC>； 2. 若保护器断开，请立即降低总负载至发电机额定输出范围内； 3. 断开后可手动按下“复位”按钮恢复供电 <PIC>； 4. 若复位后再次断开，请停止使用并联系发电机经销商进行专业检查； 5. 日常使用中，请确保所有电气连接可靠、线路无破损，并严格遵循用户手册中关于负载匹配与操作顺序的要求。 , [""generator_08"", ""generator_09""]"
163,"""使用发电机前，对发动机机油进行使用前检查十分重要，正确的步骤是什么？""","使用发电机前，对发动机机油进行使用前检查的正确步骤如下： 1. 将发电机放置在水平地面上； 2. 打开机油加注口盖，检查机油液位是否处于上限位置 <PIC>； 3. 若机油不足，请添加符合API标准SE级或SF级的发动机机油（如SAE 10W30或20W40），直至达到上限刻度 <PIC>； 4. 确认无漏油、无异物进入曲轴箱，并重新安装机油加注口盖 <PIC>。 注意：发电机出厂时未加注机油，必须完成加注方可启动，否则可能导致发动机损坏。 , [""generator_17"", ""generator_18"", ""generator_19""]"
164,"""根据手册说明，启动发电机发动机的最后三个步骤是什么？""","根据手册说明，启动发电机发动机的最后三个步骤是： 5. 缓慢拉动反冲启动器至啮合位置，然后快速拉动。<PIC> 6. 发动机启动后，进行暖机，直至阻风门旋钮推回原位发动机也不会熄火。 7. 将阻风门旋钮推回原位。<PIC> , [""Manual18_24"", ""Manual18_24""]"
165,"""发电机的电池电量不足了，该如何正确充电？""","发电机电池电量不足时，请按以下步骤正确充电： 1. 充电前务必关闭经济控制开关； 2. 确保电池接线正确：红线夹接电池正极（+），黑线夹接电池负极（−），切勿接反 <PIC>； 3. 确保通气软管连接正确、无损坏或堵塞； 4. 将充电线在提手上缠绕2至3圈，插入直流插座（发电机直流额定电压为12V）； 5. 启动发动机后开始充电； 6. 充电过程中严禁吸烟、严禁在电池处连接或断开线路，避免火花引燃易爆气体； 7. 电池电解液具腐蚀性与毒性，请佩戴护目镜操作，远离儿童； 8. 充电时请保持通风，避免在密闭空间操作； 9. 可通过测量电解液比重判断充电状态——充满电时比重为1.26～1.28，建议每小时检查一次。 ⚠️ 注意：若直流保护器断开，请先将负载降至额定范围内，再按下“复位”按钮恢复 <PIC>。 , [""Manual18_38"", ""Manual18_39""]"
166,"""我需要让发电机的发动机停机，告诉我该如何操作。""","要让发电机的发动机停机，请按以下步骤操作： 1. 关闭所有外接电气设备； 2. 将经济控制开关置于○（关闭）位置 <PIC>； 3. 将发动机开关置于“5”（停止）位置 <PIC>； 4. 将燃油开关旋钮置于“关闭”位置 <PIC>； 5. 顺时针拧紧油箱盖通气旋钮至手指拧紧状态 。 注意：若因过载导致过载指示灯（红色）常亮、交流输出停止，此时发动机仍会运行，需先断开全部负载，再执行上述停机步骤。 , [""Manual18_42"", ""Manual18_43"", ""Manual31_7""]"
167,"""根据手册的建议，使用发电机时该如何检查火花塞？""","根据手册建议，使用发电机时检查火花塞的步骤如下： 1. 取下盖板①。 2. 检查火花塞是否变色，并清除电极上的积碳。 <PIC> 3. 检查火花塞型号是否符合要求，并测量/调整电极间隙（标准间隙通常为0.5毫米）。 <PIC> ⊛ 间隙示意图 <PIC> 4. 正确安装火花塞。 5. 重新安装盖板。 , [""Manual31_21"", ""pump_28"", ""pump_29""]"
168,"""为了正确更换发电机的发动机机油，我需要遵循的前六个步骤是什么？""","为了正确更换发电机的发动机机油，您需遵循以下前六个步骤： 1. 将发电机放置在水平地面上，启动并预热发动机数分钟，然后停机；同时将燃油开关旋钮置于“关闭”位置，顺时针拧紧油箱盖通气旋钮。 2. 取下发电机盖板① <PIC>。 3. 从发电机底部拆下放油接头①，并打开机油加注口盖。 4. 将放油接头①安装到机油加注口，然后在发动机下方放置接油盘，倾斜发电机使机油完全排空 <PIC>。 5. 排尽机油后，重新安装放油接头，并安装机油加注口盖。 6. 添加推荐等级（API SE或SF级）的发动机机油至机油加注口上限位置 <PIC>。 注：推荐机油为SAE 10W-30或SE/SF级四冲程机油；首次使用前务必确认已加注机油（出厂未预加注）。 , [""generator_17"", ""generator_18"", ""generator_19""]"
169,"""我在操作发电机空气滤清器时出现了失误，请告诉我正确的步骤。""",您好，发电机空气滤清器的正确清洁与安装步骤如下： 1. 取下盖板①。 2. 松开固定空气滤清器盖⊛的卡箍○。 3. 取下空气滤清器盖及滤芯④。 4. 用溶剂清洗滤芯并彻底晾干（注意：严禁吸烟或靠近明火）。 5. 给滤芯均匀涂抹泡沫空气滤清器专用油或SAE 20号发动机油，然后轻轻挤出多余机油，确保滤芯湿润但不滴油。 ⚠️ 注意：请勿拧绞滤芯，以免撕裂。 6. 将滤芯装入空气滤清器，确保密封面完全贴合、无漏气。 ⚠️ 警告：发动机严禁无滤芯运行，否则会导致活塞及气缸过度磨损。 7. 将空气滤清器盖装回原位，并重新安装卡箍。 8. 安装盖板。 建议每工作25小时清洁一次，粉尘环境需增加频次；若滤芯老化或破损，请及时更换。
170,"""如果发电机的发动机无法启动，我该怎么办？""","您好，发电机发动机无法启动时，请按以下步骤逐一排查： 1. 【机油检查】确认已加注发动机机油——出厂时未预加机油，机油不足会导致无法启动；请检查机油液位是否在上限位置，必要时添加API SE或SF级机油 <PIC>。 2. 【燃油系统】确保：①油箱有油；②油箱盖通气旋钮已逆时针旋转1圈开启 <PIC>；③燃油开关置于“开启”位置 <PIC>；④燃油管路及化油器无堵塞。 3. 【启动操作】：①发动机开关置于“7”（开启）位置 <PIC>；②冷机启动时阻风门旋钮需完全拉出 <PIC>；③缓慢拉动反冲启动器至啮合点后快速拉动 ；热机启动请将阻风门推回原位。 4. 【电气检查】：①火花塞是否积碳或受潮——可拆下清洁并擦干；②点火系统异常请咨询授权服务商。 5. 【其他提示】：若启动时机油警告灯闪烁数秒，表明机油不足，添加后重试 ；启动前请勿连接任何电器设备，并确保经济控制开关处于○（关闭）位置 。 , [""generator_17"", ""Manual18_23"", ""generator_18"", ""generator_19"", ""generator_05""]"
171,"""我需要将发电机的燃油排空，该如何正确操作？""","您好，排空发电机燃油请按以下步骤安全操作： 1. 确保发动机已完全停机并冷却； 2. 将燃油开关旋钮置于“关闭”位置； 3. 打开油箱盖，使用市售手动虹吸管将油箱内燃油缓慢抽入合格汽油容器中，完成后装回油箱盖； 4. （可选但推荐）取下盖板①，松开化油器浮子室放油螺丝，排空化油器内残留燃油； 5. 为彻底清空，可将燃油开关保持“关闭”，启动发动机直至自行停机，以燃烧完化油器及油路中剩余燃油。 ⚠️ 注意：燃油高度易燃且有毒，请在通风良好处操作，远离明火、禁止吸烟，避免皮肤接触或吸入蒸汽；如不慎接触，请立即用肥皂水清洗并就医。操作全程请保持发电机直立，防止泄漏。<PIC><PIC><PIC> , [""generator_20"", ""generator_21"", ""generator_03""]"
172,"""使用该发电机为对电压敏感的精密设备供电前，我需要做什么？""","使用该发电机为对电压敏感的精密设备（如医疗设备、个人电脑或高精度检测仪器）供电前，您需完成以下关键步骤： 1. **确认电压稳定性适配性**：便携式发电机输出电压可能存在波动，部分精密设备需更稳定的电源（如纯正弦波逆变电源），请务必提前咨询该精密设备的供应商，确认其是否兼容本发电机的输出特性； 2. **检查负载匹配性**：确保所有待供电设备的总功率严格在发电机额定输出范围内，避免过载触发保护（如过载指示灯亮起 <PIC>）； 3. **执行使用前检查**：每次使用前均应检查发电机状态，包括线路、插头、冷却进气口是否通畅，经济控制开关位置是否正确（供电前应置于“Ⅰ”开启位 <PIC>），并确认交流指示灯亮起 ； 4. **规范接线与启动流程**：先关闭所有用电设备，再启动发动机，最后插入交流插座； 5. **必要时加装稳压/滤波装置**：若设备厂商明确要求更高电能质量，建议通过授权经销商评估加装外置稳压器或UPS系统。 , [""Manual18_42"", ""Manual18_43""]"
173,"""在划船或钓鱼的场景中，拖曳速度、半滑航速度和滑航速度分别指什么，它们在技巧和应用上有何不同？""","在摩托艇操作中（适用于划船或钓鱼等水上活动场景），拖曳速度、半滑航速度和滑航速度是三种关键操控速度，它们在艇体姿态、水动力表现、操控特性及应用场景上存在明显差异： 1. **拖曳速度**：最低操控速度，几乎不加油门。艇体完全沉入水中，无尾流，转向无需油门即可响应（如满舵360°转向），适用于靠岸、停靠码头、接近浮标或钓鱼时的精细定位与低速机动 <PIC>。 2. **半滑航速度**：中等速度，艇首略微抬离水面但仍大部分浸没，产生可见尾流。此时转向需配合油门，松开油门后转向能力迅速下降；适合大椭圆转向、绕圈与8字训练，是建立操控信心的过渡阶段 <PIC>。 3. **滑航速度**：较快速度，艇体显著抬升，主要依靠水面支撑滑行，尾流明显。转向更灵敏但有物理限制——车把过度转向易引发侧滑，导致喷射推力下降、减速及转向平缓；适用于开阔水域高速机动、急弯练习及穿越浪涌时的斜切操作（如45°角穿越尾流） <PIC>。 技巧要点总结：拖曳重精度、半滑航练协调、滑航求平衡；三者均需结合油门与车把协同控制，且速度越高，停车距离越长、对水面扰动越敏感。 , [""Manual40_1"", ""Manual40_2"", ""Manual40_3""]"
174,"""如何在深水中登上并平衡摩托艇，确保操作的安全性和稳定性？""","在深水中安全登艇与保持摩托艇平衡，需严格遵循以下步骤与要点： 1. 【登艇前准备】选择水深至少齐胸（≥60厘米）、开阔平静、无交通及障碍物的水域；确保熄火绳已系于左手腕，卡扣正确安装至熄火开关 <PIC>；练习全程不启动发动机。 2. 【登艇动作】游至艇尾，双手置于登艇平台，单手紧握扶手；拉身体上平台呈跪姿，再平稳移至座位跨坐；双脚放入脚坑底板，双手紧握车把 <PIC><PIC>。 3. 【平衡要点】驾驶者体重越大，平衡难度越高，建议先在近岸浅水反复练习登艇与静止平衡，直至全程稳定无晃动；搭载乘客时须确认其双脚入坑、双手抓牢前方扶手或人员 <PIC><PIC><PIC>。 4. 【安全强化】登艇台阶可放下辅助上艇，登艇后自动复位 <PIC>；若艇体倾覆，应立即扶正并滑航排水，避免水分滞留发动机舱 <PIC>。 5. 【操作原则】始终紧握车把、双脚踩实底板；转向必须配合油门，松油门将导致转向失灵；穿越浪涌时减速并斜切，身体微抬用膝盖缓冲冲击；严禁恶劣天气或复杂水域操作。 , [""Manual40_13"", ""Manual40_14"", ""Manual40_15"", ""Manual40_31"", ""Manual40_32"", ""Manual40_33"", ""Manual40_16"", ""Manual40_17""]"
175,"""在滑航速度下驾驶摩托艇转弯时，有哪些技巧能在急转弯时保证稳定性和操控性？""","在滑航速度下驾驶摩托艇急转弯时，保证稳定性和操控性的关键技巧如下： 1. 转向必须配合加油门——滑航速度下转向依赖喷射推力，松开油门会导致艇体迅速失去转向响应，甚至侧滑；急转弯时需同步加大油门以维持喷嘴推力和方向控制 <PIC>。 2. 避免车把过度转向——转向角度过大易引发侧滑，此时进入喷射口的水量减少，推力下降，艇体自动减速、转向变缓；应将车把回正至较小角度，恢复稳定转向 <PIC>。 3. 采用渐进式训练：从平缓转向、大椭圆路线开始，逐步缩小转弯半径、提高速度，切勿急于求成 <PIC>。 4. 保持正确操作姿势：双手紧握车把，双脚稳踩脚坑底板，身体重心随转向自然倾斜，避免胸部或下巴贴近车把 <PIC>。 5. 提前预判与调整：急转弯前确保水域开阔、无交通及障碍物；如遇尾流或浪涌，应提前减速并以约45°角“斜切”穿越，减轻冲击并维持艇体轨迹稳定性 <PIC>。 , [""Manual40_26"", ""Manual40_27"", ""Manual40_28"", ""Manual40_20"", ""Manual40_25""]"
176,"""驾驶摩托艇时，有哪些技巧能在完成大椭圆转弯、绕圈和8字行驶动作的同时，保持操控性和稳定性？""","在完成大椭圆转弯、绕圈和8字行驶动作时，保持操控性与稳定性的核心技巧如下： 1. **始终配合油门与车把操作**：转向依赖喷射推力，必须在转动车把的同时保持适当油门（<PIC>）。松开油门会导致转向响应急剧下降甚至失效，尤其在中高速时；重新加油门后操控才能恢复。 2. **分阶段循序进阶训练**： • 先从**拖曳速度**（不加油门）练习满舵360°转向与大8字，建立基础响应感（<PIC>）； • 进入**半滑航速度**，练习平稳左右大椭圆转向（<PIC>），再逐步缩小圈径完成绕圈（<PIC>）与8字（<PIC>）； • 最后在**滑航速度**下精进——此时可实现更急转弯，但需避免车把过度转向引发侧滑（<PIC>）；一旦侧滑，应立即减小转向角度以恢复喷嘴进水量与转向推力。 3. **保持正确驾驶姿态**：双手紧握车把，双脚稳踩脚坑底板（<PIC>），身体重心随转向自然倾斜，避免僵直或前倾压把（<PIC>），以防失控或撞击受伤。 4. **环境与载重管理**：仅在开阔、平静、无交通的水域练习；总载重（含人货）不得超过220千克，否则平衡难度显著上升（<PIC>）；多人乘艇时须确保乘客跨坐就位、抓稳扶手（<PIC>）。 5. **安全冗余意识**：高速下停车距离长（全速松油门约90米），遇障碍优先选择「加油门+转向避让」而非硬刹；穿越尾流/浪涌时应减速并以约45°斜切角通过（<PIC>），同时微抬身体用膝盖缓冲（<PIC>）。 提示：所有动作务必在熟练低速响应后再提升速度与难度，切勿急于求成。建议结合《用户/操作手册》图示反复对照练习（如Manual40_20至Manual40_28等）。 , [""Manual40_19"", ""Manual40_20"", ""Manual40_21"", ""Manual40_22"", ""Manual40_23"", ""Manual40_24"", ""Manual40_26"", ""Manual40_27"", ""Manual40_28"", ""Manual40_31"", ""Manual40_32"", ""Manual40_33""]"
177,"""在驾驶摩托艇进行中低速转弯时，如何控制油门并保持行驶的稳定性和操控性？""","在驾驶摩托艇进行中低速（如半滑航速度）转弯时，需遵循以下关键操作原则以保持稳定性和操控性： 1. **转向必须配合油门**：摩托艇依靠喷射推力转向，松开油门会导致推力骤减，车把响应迟钝甚至失效。因此，转弯全程须保持适度加油门，不可松油门；中低速转弯时建议维持稳定油门输出，避免突然加/减。 2. **油门与车把协同控制**：转动车把的同时，轻微增加油门可提升喷嘴推力响应，增强转向灵敏度与稳定性；若转向过急出现侧滑迹象，应小幅回正车把并稳住油门，避免推力失衡。 3. **推荐训练方法**：参考《训练1：半滑航速度前进与大椭圆转向》，先以平稳半滑航速度（艇首略抬、有尾流）练习左右匀速大半径转向，再逐步缩小转弯半径，建立油门-转向的手感协调性 <PIC>。 4. **特别注意**：拖曳速度（几乎不加油门）虽可转向，但仅适用于极低速微调；中低速转弯务必区别于拖曳状态，确保发动机处于响应区间——记住：“转向需要油门” <PIC>。 , [""Manual40_20"", ""Manual40_25""]"
178,"""如何驾驶摩托艇以拖曳速度直行和转弯，保证操作的平顺性和操控性？""","在拖曳速度下驾驶摩托艇实现平顺直行与转弯，关键在于掌握低速操控特性与油门-车把协同配合： 1. **直行要点**： - 启动发动机后，保持油门几乎完全松开（仅维持最低推力），艇体沉入水中、无尾流； - 双手紧握车把，双眼平视前方，身体重心居中，双脚稳放脚坑底板 <PIC>； - 拖曳速度下艇体惯性小，易受风、水流影响，需微调车把持续修正航向。 2. **转弯要点（保证平顺性与操控性）**： - **必须配合油门**：拖曳速度虽低，但完全松开油门会导致转向失效——喷射推力不足，喷嘴无法有效偏转。因此转弯时需轻柔、稳定地施加微量油门，再同步缓慢转动车把 <PIC>； - **大半径起始训练**：按手册建议，先练习长约15–21米的大8字路线，不加油门仅靠拖曳速度惯性+微量油门辅助转向，培养手感 <PIC>； - **避免满舵急转**：拖曳速度下满舵易导致响应滞后或艇体偏滑，应采用渐进式转向，待熟练后再尝试满舵360°转向（顺/逆时针交替练习）<PIC>； - **姿态与平衡**：跨坐姿势要稳定，转弯时身体可轻微向内侧倾斜以辅助平衡，但切勿低头或胸部贴近车把 <PIC>。 3. **安全前提**： - 仅在开阔、平静、无交通及障碍物的水域练习； - 总载重不得超过220千克； - 始终系好熄火绳并确认其连接至熄火开关 。 提示：拖曳速度是靠岸、停靠码头或接近物体的基础操控阶段，熟练后可逐步过渡至半滑航速度训练。建议全程参照《用户/操作手册》图示与步骤反复练习。 , [""Manual40_31"", ""Manual40_20"", ""Manual40_19"", ""Manual40_21"", ""Manual40_32""]"
179,"""摩托艇全加速行驶时，如何安全平稳地将其停稳？""","摩托艇未配备独立制动系统，全加速行驶时安全平稳停稳的关键在于提前预判与合理操作： 1. **松开油门减速**：立即完全松开油门手柄，依靠水阻自然减速；但需注意，从全速状态松开油门后，摩托艇仍会滑行约90米（300英尺）才能完全停止，具体距离受总重量、水面状况、风向等因素影响。<PIC> 2. **启用RiDE手柄辅助减速**：若配备RiDE系统，握紧RiDE手柄可缩短停车距离约30%，提升减速响应性。<PIC> 3. **切勿依赖急刹或发动机强制熄火**：直接按下红色停止开关（发动机停止开关）仅适用于怠速或低速状态；高速时突然熄火可能导致失控，且失去转向能力（因转向需油门维持喷射推力）。<PIC> 4. **预判不足时主动避让**：若判断无法在障碍物前安全停下，应立即轻加油门并配合车把转向绕行——记住“转向需要油门”，松油门后车把将失去响应。<PIC> 5. **训练建议**：通过“训练2：接近物体”反复练习不同速度下的停车距离感知，并在开阔平静水域逐步提升至滑航速度，建立安全操作直觉。<PIC> , [""Manual40_20"", ""Manual40_25"", ""Manual40_6"", ""Manual40_21"", ""Manual40_22""]"
180,"""驾驶摩托艇时，如何避免发生碰撞事故，保障自身和水上其他人员的安全？""","为避免摩托艇碰撞事故、保障自身及他人水上安全，请务必遵守以下关键安全原则： 1. 【保持瞭望与预判】驾驶前及全程持续观察四周人员、船只、障碍物及水面状况；启动前确认无交通干扰，选择开阔、平静、无障碍的大水域练习与行驶 <PIC>。 2. 【规范操作与姿势】双手紧握车把，双脚置于脚坑底板，身体端正，切勿低头找操控或让下巴/胸部贴近车把 <PIC>；熄火绳必须系于左手腕并卡入熄火开关，确保意外落水时发动机自动停止 <PIC>。 3. 【科学转向与控速】摩托艇转向依赖油门配合车把——松油门时转向响应急剧下降，甚至失效；高速滑航时严禁猛打方向，否则易侧滑失稳；需循序渐进训练（如拖曳速度→半滑航→滑航），掌握不同速度下的转向特性 <PIC><PIC><PIC>。 4. 【合理避让与制动】摩托艇无传统刹车，松油门后滑行距离长（全速下约90米）；遇突发障碍，优先选择“加油门+转向避让”，而非仅靠减速；握紧RiDE手柄可缩短约30%停车距离，但仍须预留充足安全余量 <PIC>。 5. 【环境与载重管控】严禁在恶劣天气、大浪涌、密集航道或能见度不良时驾驶；总载重（含人、货）不得超过220千克；载重越大，平衡与操控难度越高，需更谨慎操作 <PIC>。 6. 【乘客管理】乘客须跨坐就位、双脚踩实、双手抓牢前方扶手或人员；多人登艇按顺序进行，出发前全员确认就绪 <PIC>。 7. 【特殊工况应对】穿越尾流或浪涌时，务必提前减速，并以约45°角“斜切”方式通过，同时微抬身体用膝盖缓冲冲击；连续多道尾流需格外注意艇体偏航趋势 <PIC><PIC><PIC>。 请始终以《用户/操作手册》为依据，完成全部基础训练（如识别部件、驾驶前检查、深水登艇、拖曳转向等），并在熟练掌握低速响应后再逐步提升难度。安全驾驶，始于敬畏与准备。 , [""Manual40_19"", ""Manual40_20"", ""Manual40_31"", ""Manual40_26"", ""Manual40_27"", ""Manual40_28"", ""Manual40_21"", ""Manual40_22"", ""Manual40_23"", ""Manual40_24"", ""Manual40_32"", ""Manual40_33""]"
181,"""水泵发动机安全停机的正确步骤是什么？""","水泵发动机安全停机的正确步骤如下： 1. 将油门手柄完全向左推，使发动机降至怠速并逐步减速； 2. 将发动机开关置于“OFF”位置 <PIC>，切断点火电路，实现安全停机； 3. 最后将燃油开关手柄置于“OFF”位置 <PIC>，防止燃油泄漏或意外启动。 提示：停机前建议让发动机空载运行约30秒，有助于散热；长期存放前请务必关闭燃油开关并排空化油器余油。 , [""Manual31_7"", ""generator_06""]"
182,"""水泵的核心部件有哪些？""","水泵的核心部件主要包括：泵体、叶轮、机械密封、进/出水口、注水螺塞、放水螺塞、发动机（含化油器、火花塞、空气滤清器、燃油系统等）以及反冲启动器等。其中，叶轮是实现液体输送的关键运动部件；机械密封用于防止泵腔内水泄漏至发动机侧，启动前必须注满水以防干转损坏；发动机系统（如化油器、火花塞、空气滤清器盖、燃油开关等）为水泵提供动力 <PIC>。 , [""pump_16""]"
183,"""清洗油箱滤网的详细步骤是什么？""","清洗油箱滤网的详细步骤如下： 1. 关闭设备并确保发动机已冷却； 2. 拆下油箱盖，取出油箱滤网（①油箱盖 ②油箱滤网）<PIC>； 3. 使用专用溶剂清洗滤网，若滤网破损、变形或堵塞严重，请及时更换； 4. 用干净布擦干滤网，或置于阴凉通风处自然晾干； 5. 将干燥洁净的滤网装回油箱，并确保油箱盖拧紧到位。 ⚠️ 注意：加油时请勿超过滤网上沿，防止燃油受热膨胀溢出；燃油高度易燃且有毒，操作时严禁吸烟或靠近明火。 , [""pump_18""]"
184,"""水泵安全排放燃油的正确步骤是什么？""","水泵安全排放燃油的正确步骤如下： 1. 停止发动机，确保设备完全冷却且处于无明火、通风良好的安全环境； 2. 将燃油开关手柄置于“OFF”位置 <PIC>； 3. 打开油箱盖，使用市售手动虹吸管将油箱内燃油排入合格汽油容器（参考文档4）； 4. 将燃油开关旋钮置于“关闭”位置后，启动发动机直至自行停机，以燃烧完化油器内剩余燃油（参考文档3）； 5. 取下盖板，松开化油器浮子室放油螺丝，排空化油器内燃油（参考文档3）； 6. 如需深度保养，可拆下燃油开关杯及垫片，用溶剂清洗并检查垫片是否完好，损坏则更换（参考文档7）。 ⚠️ 注意：燃油高度易燃且有毒，严禁吸烟或靠近明火；溢出燃油须立即擦拭干净（参考文档3）。 , [""Manual31_11""]"
185,"""水泵无法抽水的潜在原因有哪些，该如何有效诊断并解决这些问题？""","水泵无法抽水的潜在原因及诊断解决方法如下： 1. **未充分注水**：启动前必须向泵体内注满水至上限 <PIC>，否则无法形成真空吸水。请检查水位是否达上限 <PIC>，不足时及时加注。 2. **进气漏气**：注水螺塞、放水螺塞、软管接头或卡箍松动会导致空气进入，破坏真空。请逐一拧紧所有螺塞、接头与卡箍；同时确认垫片安装到位 <PIC>，并确保软管连接牢固、无裂纹。 3. **密封件损坏**：O形圈或垫片老化、变形或破损会引起漏水/漏气。请检查并更换损坏的O形圈或垫片 <PIC>。 4. **滤网缺失或堵塞**：未安装滤网易致异物吸入损坏泵体；滤网堵塞则影响进水。请务必在进水软管末端安装匹配型号的滤网（YP20G配Φ50mm，YP30G配Φ80mm，孔径≤8mm）<PIC>，并定期清洁。 5. **机械密封失效**：若上述检查均正常但仍无法抽水，可能存在机械密封损坏，需联系授权经销商进行专业检修。 6. **其他注意事项**： • 务必放置于稳固平面，且尽量靠近水源——吸程越高，出水量越小、注水时间越长 ； • 冬季使用后须从底部排水口排空积水，防止结冰损坏泵体 ； • 每次使用前请执行操作前检查，确保机油已加注、燃油开关置于“ON”、阻风门位置正确等。 如按以上步骤排查后问题仍未解决，建议联系售后服务中心进一步检测。 , [""pump_08"", ""Manual31_10"", ""Manual31_24"", ""Manual31_11"", ""Manual31_19""]"
186,"""如何为温控器设置日期和时间，以实现精准的日程和温度控制？""","为温控器设置日期和时间，是实现精准日程与温度控制的基础步骤。请按以下步骤操作： **设置日期：** 1. 按菜单键进入设备菜单，屏幕显示“PROG”； 2. 按+或-键选择“日期”，然后按选择键； 3. 年份开始闪烁，按+或-调整年份，再按选择键确认； 4. 按+或-调整月份，按选择键确认； 5. 按+或-调整日期，按选择键保存并退出 <PIC>。 **设置时间：** 1. 按菜单键进入设备菜单，显示“PROG”； 2. 按+或-键选择“时间”，然后按选择键； 3. 按+或-设置时钟格式（12小时制或24小时制），按选择键确认 <PIC>； 4. 按+或-调整小时，按选择键； 5. 按+或-调整分钟，按选择键保存并退出 <PIC>。 ✅ 温馨提示： - 日期和时间设置完成后，程序日程（起床/离家/回家/睡眠）才能按真实时间自动执行； - 若更换电池未超过2分钟，日期与时间将自动保留，无需重新设置； - 所有日程温度设定均依赖准确的系统时间，请务必优先完成本设置。 如需进一步配置日程时段（如设置起床时间为6:30、温度70°F），可进入“PROG”后按选择键开启程序编辑模式，详见说明书第11页。 , [""Manual29_21"", ""Manual29_22"", ""Manual29_23""]"
187,"""如何调整温控器的系统和风扇运行设置，以优化供暖和制冷效果？""","要优化供暖和制冷效果，您可通过以下两方面调整温控器设置： 一、系统运行模式设置（决定设备启停逻辑）： 1. 按【模式键】循环切换系统模式，推荐根据实际需求选择： • 【自动】：温控器智能判断并自动切换供暖/制冷，适合四季温差大、希望一键节能的用户； • 【供暖】或【制冷】：手动锁定单一模式，适用于季节明确、需稳定运行的场景； • 【应急供暖】（仅热泵机型）：启用辅助电加热，不启动压缩机，适用于极寒天气快速升温。 注意：若无法切换至制冷模式，请检查系统设置选项200或218是否与您的设备类型匹配（如热泵/常规系统），详见说明书第9页。<PIC> 二、风扇运行模式设置（影响空气循环与体感舒适度）： 1. 按【风扇键】循环切换风扇模式： • 【自动】：仅在供暖/制冷运行时启动风扇，节能省电； • 【开启】：风扇持续运转，提升全屋温度均匀性，适合层高较高或有冷热死角的空间； • 【循环】：风扇约33%时间随机运行，兼顾节能与空气流通，推荐日常使用。<PIC> ✅ 额外优化建议： • 启用【程序日程】功能（每天4时段：起床/离家/回家/睡眠），合理设定各时段温度（如离家时供暖调低2–3℃、制冷调高2–3℃），可显著节能；<PIC> • 开启【智能响应技术】，温控器将学习系统升温/降温延迟，提前启动设备，确保准时达温； • 定期检查电池电量（低电量图标出现时及时更换AA碱性电池），避免因供电不足导致设置丢失或响应迟滞。<PIC> , [""drill0_04"", ""drill0_05"", ""drill0_06"", ""drill0_07""]"
188,"""如何调整温控器的程序日程，以实现高效的能源利用和温度控制？""",要调整可编程温控器的程序日程以实现高效能源利用和精准温度控制，请按以下步骤操作： 1. **进入程序设置**：按温控器上的【菜单】键 → 显示“PROG” → 按【选择】键。 2. **选择日期组**：按【+】或【-】选择要编辑的日期（如“工作日”或“周末”）→ 按【选择】键确认。 3. **选择日程时段**：按【+】或【-】依次选择四个预设时段——【起床】、【离家】、【回家】、【睡眠】→ 每选中一个，按【选择】键进入编辑。 4. **启用/禁用该时段**：显示“开启”时按【选择】键保持启用；若需关闭，按【+】再按【选择】键。 5. **设置开始时间**：时间开始闪烁 → 用【+】或【-】调整 → 按【选择】键确认。 6. **设置温度**：温度开始闪烁 → 先调“供暖”设定温度（如离家时设为18℃节能），再调“制冷”设定温度（如夏季回家前设为26℃）→ 每步均按【选择】键确认。 7. **重复设置其余时段**：对剩余三个时段，重复步骤3–6。 8. **保存退出**：全部设置完成后，按【主页】键保存并返回主界面。 ✅ 节能建议： - 【离家】与【睡眠】时段建议设为节能温度（供暖16–18℃ / 制冷26–28℃），可显著降低能耗； - 启用【智能响应技术】（自动学习系统启停时间），确保在设定时刻精准达温，避免过早/过晚运行； - 如需临时调整，直接按【+】或【-】改温，新温度将保持至下一程序时段开始；按【取消】键可恢复原程序。 如需永久覆盖某时段设定，调整温度后待屏幕显示“临时保持”并闪烁时，按【保持（模式）】键切换为“永久保持”。
189,"""如何在不影响已编程日程的情况下，临时更改温控器的温度设置？""","您可以在不影响已编程日程的前提下，临时更改温控器温度设置： 1. 直接按“+”或“−”键调整当前显示的温度； 2. 调整至所需温度后，无需额外操作——该设定将自动作为“临时覆盖”，持续生效至下一个预设日程时间段开始（例如：当前为“离家”时段，您调高温度，则新温度保持到“回家”时段启动时自动恢复）。 如需提前取消临时覆盖，可再次按“+”或“−”键，然后按“取消”键即可。 注：此操作不会修改您已设定的程序日程（起床/离家/回家/睡眠），所有原定计划均完整保留。<PIC> , [""drill0_04""]"
190,"""当设备或系统出现警报界面时，应采取哪些操作？""","当设备或系统出现警报界面时，请按以下步骤操作： 1. 主界面显示警报图标后，进入设备菜单查看具体警报/错误代码（参考【参考文档 1】）<PIC>； 2. 根据显示的错误代码，对照《警报代码》表定位问题原因； 3. 若为暂态警报（如温度异常、过热/过冷等），请暂停使用，待设备自然冷却或回暖后重试（例如VR头显高温提示需关机静置并移至通风处，充电器过热/过冷延迟会自动恢复）； 4. 部分警报需手动清除：在警报菜单中执行“取消警报”操作； 5. 警报图标将持续显示直至被确认或清除，不影响基础功能但建议及时处理； 6. 若重复出现相同警报或无法识别代码，请检查设备连接、供电、设置参数（如温控器系统设置选项200/205/218/220等）或联系售后支持。 , [""drill0_06""]"
191,"""针对热泵应如何修改接线，以确保连接正确且功能正常？""","针对热泵系统的温控器接线，请按以下步骤操作以确保连接正确且功能正常： 1. **断电操作**：安装前务必关闭断路器箱或系统总电源，防止触电风险。 2. **R滑动开关位置**：保持R滑动开关在向上位置（仅接入1根R线），这是热泵系统专用设置。<PIC> 3. **电线匹配连接**：将旧温控器上每根标记电线（如O、B、Y1、W1等）与新温控器对应端子字母（O、B、Y1、W1等）一一匹配插入；若标签不匹配，请参阅说明书第13页接线图。 4. **特殊注意事项**： - 若旧温控器有单独的O和B电线，需将B线连接至C端子；若C端子已被占用，请立即停止操作并联系专业安装人员； - 若旧温控器有V/VR、Y1/W1/W2等非常规组合电线，请立即停止并联系专业安装人员协助； - 若仅有1根C线，接入C端子；若有2根C/C1线，用电工胶带分别包裹、不连接。 5. **确认与测试**：接线完成后，轻拉每根电线确认牢固；安装底座并盖好面板；通电后检查屏幕是否显示“供暖开启”或“制冷开启”，若闪烁且出风异常，可能是压缩机保护启动，等待5分钟自动恢复，并核对系统设置选项200或218是否与热泵类型匹配。 , [""Manual11_0""]"
192,"""如何安全更换温控器的电池，确保更换后设备功能正常？""","安全更换温控器电池的步骤如下： 1. 【断电确认】虽电池更换本身不涉及高压电路，但为确保绝对安全，建议先关闭温控器所控供暖/制冷系统的电源（如断路器），避免误操作干扰系统运行。<PIC> 2. 【取出旧电池】轻按或滑动温控器背面电池仓盖（部分型号需用小螺丝刀辅助撬开），取出已耗尽的两节AA碱性电池。注意记录原电池正负极方向。 3. 【安装新电池】装入全新AA碱性电池（严禁使用充电电池或非碱性电池），严格按仓内“+/-”标识对准正负极安装。 4. 【功能验证】若在2分钟内完成更换，时间与日期将自动保留；所有程序设置、系统配置均永久存储于内存，无需重设。开机后观察屏幕是否正常点亮，检查是否显示电池低电量图标（应消失），并测试按“系统”“模式”“温度调节”等键是否响应灵敏。 5. 【注意事项】每年定期更换一次电池；离家超一个月前务必更换；切勿混用新旧电池或不同品牌电池；废弃旧电池请按当地规定回收（含汞部件请勿随意丢弃）。 , [""drill0_06""]"
193,"""当标签与端子不匹配时，应如何正确为温控器重新接线，确保连接无误？""","当标签与端子不匹配时，请按以下步骤正确为温控器重新接线，确保连接无误： 1. **断电操作**：首先关闭断路器箱或供暖/制冷系统电源开关，并确认系统已断电（调节旧温控器温度，5分钟内无响应即为断电成功）<PIC>； 2. **记录原始接线**：拆卸旧温控器面板前，务必拍摄清晰的接线照片，重点拍清每根电线所接端子旁的字母标识；若电线颜色褪色或重复，使用包装内附带的电线标签标记对应端子字母 <PIC>； 3. **拆除跨接线**：检查并拆除所有跨接线（如小订书钉状或彩色短接线），本温控器（如RTH 7500型）无需跨接线 <PIC>； 4. **处理R/Rc/Rh标签不匹配情况**： - 若旧温控器有**1根R线（或Rh、Rc任一）**：将R滑动开关拨至**向上位置**，并将该线接入**R端子**； - 若旧温控器有**2根R线（如R+Rc，或Rh+Rc）**：将R滑动开关拨至**向下位置**，再将**Rc线接入Rc端子**，**R或Rh线接入R端子** <PIC>； 5. **处理C线**：若仅有1根C或C1线，接入**C端子**；若有2根C或C1线，用电工胶带分别包裹绝缘，**不可同时接入C端子**； 6. **热泵系统特别注意**： - R开关保持**向上位置（仅1根R线）**； - 若出现V/VR、O/B、Y1/W1/W2等非常规组合，请立即停止操作，联系专业安装人员协助 <PIC>； 7. **规范接线操作**：将每根已标记的电线插入UWP底座对应端子的内孔（每个端子仅1根线），按下卡舌后插入至卡舌自动锁止；轻拉确认牢固；若需调整，按下底座侧面端子卡舌即可松开 <PIC>； 8. **最终核验**：完成接线后，对照步骤2所拍照片逐项确认端子与电线匹配无误，再安装底座及温控器主体 <PIC>。 , [""drill0_01"", ""drill0_02"", ""drill0_03"", ""drill0_04"", ""drill0_05"", ""drill0_06"", ""drill0_07""]"
194,"""遇到温控器故障时，可采用哪些故障排除解决方案？""",遇到温控器故障时，可参考以下故障排除解决方案： 1. **屏幕空白**：检查是否已正确安装两节全新AA碱性电池；确认系统设置选项220是否设为1或2。 2. **无法切换至制冷模式**：确保系统模式设置为“制冷”或“自动”，并检查系统设置选项200/218是否与您的设备类型（如热泵、常规系统）匹配。 3. **需要供暖时风扇不启动**：检查系统设置选项205，确保其与实际供暖设备类型一致（如燃气炉、电炉、热泵等）。 4. **制冷模式下供暖系统运行**：核查系统设置选项200或218，避免模式配置错误导致反向运行。 5. **供暖/制冷系统无响应**： - 按【系统】键选择对应模式（供暖/制冷）； - 设定温度需明显高于（供暖）或低于（制冷）当前室温； - 检查断路器是否跳闸，必要时复位； - 确认供暖/制冷设备电源开关已打开，炉门已关紧； - 等待5分钟让系统响应（含压缩机保护延时）。 6. **供暖/制冷指示灯闪烁**：可能是压缩机保护功能启动，请等待5分钟后再试；若持续闪烁，进入【警报界面】查看错误代码（主界面显示警报图标 → 进入菜单 → 查看警报），对照【警报代码】表定位具体问题。 7. **其他提示**： - 若涉及接线异常（如出现未识别端子、多根C线、O/B线共存等），请立即停止操作并联系专业人员； - 所有检修前务必关闭断路器断电，防范触电风险。 如以上步骤无法解决，请记录具体现象及错误代码，以便进一步技术支持。
195,"""设备或系统中构成处理器单元的关键组件或部件有哪些？""","您好，根据您咨询的‘设备或系统中构成处理器单元的关键组件或部件有哪些？’，结合提供的资料，该VR头显的处理器单元属于外置计算与信号处理模块，其关键组成部分包括： 1. **核心处理与状态管理部件**： - 状态指示灯（正面）：白色表示已开机，红色表示待机模式 <PIC>； - 内部主控电路（未直接命名但为功能基础），负责HDMI信号处理、USB通信及电源管理。 2. **接口与连接部件**（实现数据/电力交互）： - HDMI输出端口（正面）、HDMI电视端口与HDMI PS4端口（背面）； - USB端口（背面）； - DC IN 12V电源输入接口（背面）； - AUX音频端口（正面）。 3. **散热与安全相关部件**： - 通风口（背面），用于被动散热，防止过热导致系统降频或触发高温保护 <PIC>； - 外壳结构（含金属/塑料材质），兼具电磁屏蔽与物理防护功能。 注：资料中未提及处理器单元内部的CPU、GPU、内存等半导体级元器件，仅明确其外部可见的关键功能部件。如需了解芯片级架构，建议查阅该VR设备的技术规格书或联系厂商技术支持。 , [""Manual38_1"", ""Manual38_2""]"
196,"""耳机有哪些类型，以及如何更换耳塞？""","您好，关于您的问题： 1. 耳机类型：根据现有资料，您所使用的为立体声耳机（关联VR头显配套使用），属于入耳式耳机类型，出厂标配M号耳塞，支持更换S/L号耳塞以适配不同耳道尺寸。 2. 更换耳塞方法：取下时，请轻轻旋转耳塞后将其垂直拔出；安装时请对准耳机出音口，用力按压直至牢固卡合，防止使用中脱落。<PIC> 温馨提示：耳塞可手洗（使用中性洗涤剂），洗净后务必用软布彻底擦干再装回，避免水分残留影响使用或设备寿命。 , [""Manual38_4""]"
197,"""为保持遮光罩的清晰度和功能性，正确的清洁步骤是什么？""","为保持遮光罩的清晰度和功能性，请按以下步骤清洁：1. 将遮光罩从VR头显上取下；2. 用水清洗；3. 用软布完全擦干后再装回头显；4. 安装时，将遮光罩上的凸点与头显上的13个孔对齐即可。<PIC> , [""Manual38_5""]"
198,"""为确保安全且最佳的使用效果，游玩区域的推荐尺寸是多少？""","为确保安全且最佳的使用效果，PS VR游玩区域的推荐尺寸需满足以下要求： • 游玩区域的**宽度和深度**应根据摄像头的捕捉范围进行设置； • 使用前请清理**大于游玩区域的活动空间**，清除所有障碍物（如墙壁、家具、楼梯等）； • 建议在游玩区域**中央位置**进行VR体验，避免超出范围，否则头显屏幕将出现警告； • 若使用站立式VR应用，请严格遵循应用提示，并确保周围有足够安全缓冲空间； • 为防止意外碰撞或绊倒，建议在游玩区域**四周至少预留0.6米（24英寸）以上无障碍空间**（参考同类健身设备安全间距标准，结合VR安全逻辑综合建议）。 具体设置请参照PS VR设置界面指引，并通过[调整VR] > [确认位置]功能校准摄像头视角。详情可参阅说明书“使用PS VR”章节（第8页）。<PIC> , [""Manual38_0""]"
199,"""使用和操作VR头显时应采取哪些安全预防措施，以确保用户安全和设备使用寿命？""","使用和操作VR头显时，请务必遵守以下安全预防措施，以保障人身安全并延长设备使用寿命： 1. **环境与空间安全**： ● 使用前请清理大于游玩区域的活动空间，清除墙壁、楼梯、家具等障碍物；VR头显无法识别真实环境障碍，佩戴时视野受限，易发生碰撞或绊倒。<PIC> ● 请勿在震动、不稳定的环境中使用；避免宠物、他人或其他障碍物闯入游玩区域。 ● 尽可能保持坐姿；如需站立，请严格遵循应用程序指示，切勿随意走动或做剧烈/过度动作。 2. **佩戴与身体状态**： ● 正确佩戴头显，调节旋钮勿过紧，镜罩勿过度推拉；定期检查佩戴状态。 ● 若感到疲劳、头晕、恶心、视力模糊、平衡感下降，或处于醉酒、服药、患病状态，请**立即停止使用**；癫痫、晕动症等用户使用前应咨询医生。 ● 若出现皮肤不适、耳鸣、听力模糊或静电触击（干燥环境下偶发），请暂停使用并评估健康状况。 3. **设备操作与维护**： ● 待追踪灯完全熄灭（即设备已关机）后再取下头显或拔下连接线，否则可能导致故障。 ● 勿摔落、投掷、重压头显；勿让幼儿接触——防吞咽小零件、防拉扯线缆致坠落或缠绕风险。 ● 雷雨天气请勿触碰电源线、适配器或处理器单元；勿使液体、灰尘、烟雾、蒸汽进入接口或通风口。 ● 开机状态下，避免身体长时间接触处理器单元、电源适配器或通风口出风——存在低温烫伤（≥40℃持续接触）风险。 ● 保持附着传感器无遮挡，防止屏幕异常常亮导致残影；遮光罩可水洗，但须彻底擦干后安装（对齐13个孔）。<PIC> 4. **音量与听力保护**： ● 长期高音量使用可能造成永久性听力损伤。请将音量调至安全水平；若出现耳鸣、耳部不适或听觉模糊，请立即停用并检查听力。 5. **清洁与存放**： ● 外壳污渍仅可用柔软干布擦拭；接口脏污可能导致信号异常或声音中断。 ● 请将设备存放于幼儿及宠物不可触及、干燥洁净处，远离高温、强光与腐蚀性环境。 , [""vr_01"", ""Manual38_5""]"
200,"""功能键盘的保修政策通常包含哪些内容，又不包含哪些内容？""",您好，关于功能键盘的保修政策，具体内容如下： ✅ **通常包含的内容**： 1. **保修期限**：全球统一保修期（具体时长依购买地区而定，例如欧洲为2年，北美为2年，其他地区一般为1年）；更换产品享有剩余保修期或30天（以较长者为准）。 2. **保障对象**：仅限原始消费者，且需提供有效购买凭证（如发票或收据）。 3. **保修服务形式**：经判定属制造缺陷导致的故障，我们将免费提供维修或更换服务；更换产品可能为全新或翻新件，但功能相近、价值相等或更高。 4. **售后支持**：官网直购用户享受退换货往返运费；授权经销商处购买的产品，换货时承担寄回给用户的单程运费。 ❌ **通常不包含的内容**： • 未经许可的改装（如擅自拆机、更换非原厂轴体、刮改序列号/保修标签）； • 非制造缺陷导致的损坏，如意外跌落、进水、雷击、火灾、自然灾害等； • 因误用、滥用、疏忽、未按说明书操作或安装不当造成的故障； • 正常磨损（如键帽磨损失色、轴体自然老化）、日常耗材（如拔键器/拔轴器损耗）； • 运输途中损坏（需向承运方索赔）； • 间接或附带损失（如数据丢失、误工损失、业务中断等）； • 默示担保（如适销性、特定用途适用性）仅限于保修期内，且法律允许范围内已明确排除。 温馨提示：申请保修前，请务必通过售后支持网站提交申请并获取RMA编号；寄回产品时请在外包装显著位置标注该编号，并妥善包装以防运输损坏。如您有具体购买地区或订单信息，我可进一步为您确认适用条款。
201,"""功能键盘的保修政策中，损害赔偿的除外责任或免责声明通常是什么？""",根据功能键盘的全球保修政策，损害赔偿的除外责任或免责声明主要包括以下内容： 1. **间接或继发性损害免责**：我们不对任何间接、继发性损害承担责任，包括但不限于服务中断、数据丢失、业务损失，或因本产品或其使用、持有相关的民事侵权责任。 2. **默示担保限制**：除本保修明示条款外，不提供其他明示或默示担保（如适销性、特定用途适用性等）；所有默示担保的有效期仅限于保修期限本身。 3. **责任上限**：在法律允许范围内，我们的唯一义务与责任仅限于自行选择以全新或翻新、功能相近且价值相等或更高的产品进行维修或更换；不承担超出该范围的任何赔偿责任。 4. **法定权利保留**：本保修赋予您特定的法定权利，您可能还享有购买地所在国家/地区消费者保护法所规定的额外权利（例如英国规定：购买30天内故障可全额退款；6个月内无法维修或更换通常有权退款）。 以上免责条款不影响您依据当地法律法规享有的强制性消费者权益。
202,"""如何设置功能键盘？""",设置功能键盘分为硬件连接与软件配置两步： 1. **硬件连接**：使用附赠的USB-C线，一端连接键盘背面USB-C接口，另一端连接电脑USB 2.0或更高速接口；如为全尺寸或无小键盘版本，请将磁吸式腕托对准键盘正面自动吸附安装。 2. **配置文件切换（基础设置）**：键盘自带4个板载配置文件，无需软件即可使用。按下FN键+F1、F2、F3或F4，可分别切换至配置文件1–4。 3. **高级自定义设置（需CAM软件）**： • 下载并安装官方CAM软件； • 在软件中可设置RGB灯光（逐键自定义）、宏命令、按键重映射，并将全部设置保存至任一配置文件（1–4）； • 保存后，即使不运行CAM软件，切换对应配置文件即可启用已存储的灯光、宏等功能。 提示：默认灯光模式也支持通过FN+F1~F4直接切换。
203,"""如何拆卸和重新安装功能键盘的轴体？""",拆卸轴体：请使用附赠的拔轴器，从顶部夹住轴体，将工具两端沿轴体前后方向放置；轴体由两个卡扣固定在定位板上，按下卡扣即可拆卸。注意请勿刮擦上盖面板，无需从轴体下方撬动，仅需夹住轴体外壳底部两侧即可。 重新安装轴体：安装前请确保轴体两根金属针脚笔直、无弯曲或折向轴底外壳；目视确认针脚与键盘轴座插孔对齐后，垂直向下用力将轴体插入插槽；正确插入后，轴体外壳两侧应紧贴键盘上盖面板。
204,"""如何将功能键盘搭配CAM软件使用？""","将功能键盘搭配CAM软件使用，需按以下步骤操作： A. 下载并安装CAM软件：请前往官方渠道下载最新版CAM软件，并完成安装。 B. 设置并存储配置文件：本键盘支持4个板载配置文件（1–4）。通过CAM软件的键盘设置界面，可自定义RGB灯光、宏命令、按键重映射等功能，并将完整配置保存至任一板载配置文件中。保存后，即使不运行CAM软件，键盘也能独立调用已存储的功能。 C. 切换配置文件：按下FN键 + F1 / F2 / F3 / F4，即可快速切换至对应编号（1至4）的配置文件。 D. 灯光与宏的联动使用：若在CAM中为某配置文件设置了自定义RGB灯光或宏命令，切换至该配置文件时将自动激活相应效果与功能。 温馨提示：首次使用前，请确保键盘通过USB-C线（<PIC>）正确连接电脑（USB 2.0或更高版本接口），且系统已识别设备。 , [""Manual28_8""]"
205,"""如何在硬件模式下使用功能键盘？""",在硬件模式下使用功能键盘，无需运行CAM软件，所有已存储的配置文件（1-4）均可直接调用： 1. **切换配置文件**：按下 FN 键 + F1、F2、F3 或 F4 中任意一键，即可切换至对应编号的板载配置文件（如 FN+F1 切换至配置文件1）； 2. **RGB灯光控制**：配置文件1至4自带四种默认灯光模式，切换配置文件时将自动激活对应灯光；若已通过CAM软件设置并保存了自定义灯光至某配置文件，切换至该配置文件时即启用自定义灯光； 3. **其他功能**：宏命令、按键重映射等均以配置文件为单位存储，硬件模式下生效，无需电脑端软件常驻运行。 提示：首次使用前，请确保已通过CAM软件将所需设置（灯光/宏/键位等）保存至目标配置文件（1-4）中。
206,"""如何安装儿童电动摩托车的挡泥板？""",安装儿童电动摩托车挡泥板的步骤如下： 1. 将挡泥板侧转，然后向上滑入左侧把手管；注意！请勿让“凸点”卡入1号孔。 2. 调整挡泥板位置，使“凸点”准确卡入2号孔。 提示：整个安装过程需由成人操作，儿童不得接触零件或协助组装；建议使用十字螺丝刀等基础工具（不随产品提供）。
207,"""如何安装儿童电动摩托车的前轮？""","安装儿童电动摩托车前轮的步骤如下： 1. 将前轴穿过两侧把手管及前轮，注意在把手管内外两侧均需安装垫片； 2. 使用随产品附带的两个螺母将前轴及车轮固定在把手管上，并用配套扳手拧紧至螺纹尽头； 3. 安装完成后，请检查前轮与把手管之间的间隙： - 若间隙过大、车轮晃动不稳，建议在车轮与把手管之间加装额外垫片（垫片不随产品提供），再重新安装并拧紧； - 若车轮转动卡滞，则需减少一片垫片，确保车轮可自由顺畅转动。 ⚠️ 注意：本步骤须由成人操作，儿童不得参与组装；组装时请确保所有零件齐全，并使用合适工具（如十字螺丝刀、扳手等）。<PIC> , [""Manual14_3""]"
208,"""如何为蓝牙激光鼠标安装电池？""",为蓝牙激光鼠标安装电池，请按以下步骤操作： 1. 按下鼠标底部的按钮，电池仓盖将自动弹出。 2. 将两节 AA 型号电池按仓内标注的正负极（+ 和 -）方向正确装入。 3. 轻轻合上并按压电池仓盖，确保其完全扣紧。
209,"""如何为蓝牙激光鼠标安装WIDCOMM蓝牙驱动程序？""","请按照以下步骤为蓝牙激光鼠标安装 WIDCOMM 蓝牙驱动程序： 1. 将 USB 蓝牙接收器插入电脑的 USB 接口； 2. 将附带的安装光盘放入光驱，驱动程序将自动加载；若未自动加载，请双击光驱中 bin 文件夹内的 Setup.exe； 3. 在欢迎界面点击“下一步”继续；<PIC> 4. 阅读许可协议，勾选“我接受许可协议中的条款”，点击“下一步”；<PIC> 5. 可选择安装路径（点击“更改”可自定义），点击“下一步”；<PIC> 6. 点击“安装”开始安装，过程可能需要数分钟；<PIC> 7. 安装完成后出现完成界面，点击“完成”退出；<PIC> 8. 拔下接收器后重新插入，鼠标将自动配对；<PIC> 9. 系统可能提示重启电脑以使驱动生效，请点击“是”立即重启，或“否”稍后手动重启。<PIC> , [""drill0_04"", ""drill0_05"", ""drill0_06"", ""drill0_07"", ""drill0_08"", ""drill0_09"", ""drill0_10""]"
210,"""如何为蓝牙激光鼠标卸载WIDCOMM蓝牙驱动程序？""",请按照以下步骤卸载 WIDCOMM 蓝牙驱动程序： 1. 拔下 USB 蓝牙接收器。 2. 点击 开始 > 设置 > 控制面板 > 添加或删除程序。 3. 在程序列表中找到并选择 “WIDCOMM 蓝牙软件”，点击 “删除”。 4. 系统开始卸载程序，此过程可能需要一些时间。 5. 卸载完成后，系统将提示重启电脑。点击 “是” 立即重启，或 “否” 稍后手动重启。
211,"""如何在Windows系统中为蓝牙激光鼠标设置快速配对？""",在Windows系统中为蓝牙激光鼠标设置快速配对，请按以下步骤操作： 1. 将USB蓝牙接收器插入电脑的USB接口； 2. 按下鼠标底部的配对按钮 ； 3. 按下USB蓝牙接收器底部的按钮，直至其LED指示灯每秒闪烁一次（表示已进入搜索模式）； 4. 移动鼠标，观察光标是否正常响应——若可移动，即表示配对成功。 温馨提示： - 本款鼠标出厂已设为预配对模式，无需额外进入蓝牙设置界面； - 若此前安装过WIDCOMM蓝牙驱动，建议先卸载（参考说明书第3.2节），避免驱动冲突； - 配对过程中鼠标LED呈绿色闪烁 ，表示正在配对；电量不足时LED为琥珀色，请及时更换两节AA电池。 如仍无法配对，请检查： ① BIOS中是否启用USB鼠标支持； ② 电池正负极是否安装正确； ③ 接收器与鼠标间无金属遮挡，距离建议≤10米。
212,"""如何通过WIDCOMM蓝牙驱动程序为蓝牙激光鼠标设置配对？""","您好，以下是通过 WIDCOMM 蓝牙驱动程序为蓝牙激光鼠标设置配对的完整步骤（请确保已按【参考文档 2】第3.1节正确安装 WIDCOMM 驱动程序）： 1. 将 USB 蓝牙接收器插入电脑 USB 接口； 2. 双击系统托盘中的蓝牙图标 <PIC>，启动蓝牙初始配置向导，按提示完成初始配置； 3. 配置完成后，将自动进入 HID（人机接口设备）界面并开始搜索蓝牙设备 <PIC>； 4. 按下鼠标底部的配对按钮 <PIC>，同时按下 USB 蓝牙接收器底部按钮，直至其 LED 指示灯每秒闪烁一次（表示进入配对搜索状态）； 5. 在 HID 界面中，从检测到的设备列表中点击您的蓝牙激光鼠标名称； 6. 按照屏幕提示启用该设备，完成配对 <PIC>； 7. 鼠标连接成功后，将弹出确认信息，点击确认即可 <PIC>。 ⚠️ 注意事项： - 鼠标出厂默认为预配对模式，但使用 WIDCOMM 驱动时需手动触发配对流程； - 若配对失败，请检查电池是否安装正确（正负极与仓内标识一致）、LED 是否为绿色闪烁（配对中）或琥珀色（电量低，需更换）； - 部分老旧系统需在 BIOS 中启用 USB 鼠标功能（详见说明书第14页故障排除）。 如仍无法配对，建议先卸载 WIDCOMM 驱动（参见【参考文档 1】第3.2节），重启后重新安装并尝试。 , [""Manual29_21"", ""Manual29_22"", ""Manual29_23"", ""Manual29_24"", ""Manual29_25""]"
213,"""如何查看蓝牙激光鼠标的电量状态？""",您可以通过以下两种方式查看蓝牙激光鼠标的电量状态： 1. **观察LED指示灯**：鼠标顶部与底部均设有电量LED指示灯。当指示灯亮起**琥珀色**时，表示电量低（或已耗尽），请立即更换电池；若指示灯为绿色闪烁，则表示鼠标正在配对中，非电量提示。 2. **通过系统查看详细电量信息**：在Windows电脑上，可依次进入「控制面板 > 鼠标 > 蓝牙」选项页，查看当前鼠标的电量状态（需已安装WIDCOMM蓝牙驱动程序并完成配对）。
214,"""如何首次为蓝牙激光鼠标使用该驱动程序？""",首次为蓝牙激光鼠标使用WIDCOMM蓝牙驱动程序，请按以下步骤操作： 1. 确保已将USB蓝牙接收器插入电脑USB接口； 2. 安装WIDCOMM蓝牙驱动程序（若尚未安装）：插入附带光盘，运行Setup.exe，按提示完成安装，并根据系统提示重启电脑； 3. 驱动安装完成后，双击系统托盘中的蓝牙图标 ； 4. 启动“蓝牙初始配置向导”，按屏幕提示完成初始配置； 5. 配置完成后，将进入HID设备搜索界面 ； 6. 按下鼠标底部配对按钮，并按下USB蓝牙接收器按钮，直至其LED每秒闪烁一次（表示进入配对搜索状态）； 7. 在HID界面中点击您的蓝牙激光鼠标名称，按提示启用连接； 8. 连接成功后，将显示确认信息，点击确认即可完成首次驱动使用。
215,"""如何将蓝牙激光鼠标与其他人机接口设备相连接？""","要将蓝牙激光鼠标与其他人体接口设备（HID）相连接，请按以下步骤操作： 1. 确保USB蓝牙接收器已插入电脑，并已安装WIDCOMM蓝牙驱动程序； 2. 将目标蓝牙HID设备（如蓝牙键盘、打印机、掌上电脑等）设置为可被发现/配对模式； 3. 按下USB蓝牙接收器按钮，直至出现人机接口设备（HID）搜索界面 <PIC>； 4. 在界面上的下拉菜单中选择对应设备类型； 5. 从检测到的设备列表中点击目标设备，驱动程序将引导您完成启用与连接 <PIC>。 注意：本款鼠标本身不含USB蓝牙接收器销售，需单独配备兼容蓝牙v1.2/v2.0的接收器。 , [""drill0_04"", ""drill0_05""]"
216,"""如何拆卸烤箱门？""","拆卸烤箱门前，请务必确保烤箱已完全冷却，并已断开电源，以保障安全。具体步骤如下： 1. 完全打开烤箱门； 2. 抬起卡扣并向前推至极限位置（<PIC>）； 3. 将烤箱门关至最大角度（A），向上抬起（B）并转动（C）直至脱开（D）（<PIC>）。 , [""oven_01"", ""oven_02""]"
217,"""如何安装烤箱门？""","安装烤箱门的步骤如下： 1. 将铰链装入对应位置； 2. 完全打开烤箱门； 3. 放下两个卡扣； 4. 关闭烤箱门。<PIC> , [""oven_01""]"
218,"""如何移动烤箱的顶部加热元件（仅限部分型号）？""","移动顶部加热元件（仅限部分型号）的操作步骤如下： 1. 取下侧边配件支架格栅（图3）<PIC>； 2. 轻轻拉出加热元件（图4）<PIC>，并向下放下（图5）<PIC>； 3. 复位时，抬起加热元件并轻轻向自身方向拉动，确保其稳固支撑在侧支架上。 ⚠️ 重要提示：操作前请务必断开烤箱电源，并确认烤箱已完全冷却，以防烫伤。 , [""oven_03"", ""oven_04"", ""oven_05""]"
219,"""如何更换烤箱的后部灯（如有）？""","更换烤箱后部灯（如有）的操作步骤如下： 1. 断开烤箱电源，确保安全； 2. 拧下灯罩（图6）<PIC>； 3. 更换灯泡（请使用25‑40W/230V E‑14、耐温300℃白炽灯）； 4. 拧回灯罩（图7）<PIC>； 5. 重新接通烤箱电源。 ⚠️ 注意： - 灯罩复位前，请勿使用烤箱； - 灯泡可从本品牌售后服务中心购买。 , [""oven_06"", ""oven_07""]"
220,"""如何使用烤箱的接油盘？""","接油盘用于收集烤制过程中滴落的油脂和食物碎屑，防止烤箱内部污染。使用方法如下：<PIC> 1. 将接油盘放置在烤架正下方（通常为第一层或第二层），确保其完全覆盖烤架投影区域； 2. 烤制肉类、鸡肉、鱼类等高脂食物时，建议向接油盘中加入约半升（500ml）清水，可有效防止油脂飞溅、冒烟甚至起火； 3. 接油盘也可作为烤盘直接使用，搭配蔬菜、烤肉等一同烹饪； 4. 烹饪结束后，待其冷却再清洗（可放入洗碗机）。注意：加水后请勿完全装满，避免沸腾溢出。 , [""oven_03""]"
221,"""如何清洁烤箱外部？""","清洁烤箱外部时，请注意以下步骤和安全提示： 1. 确保烤箱已完全冷却，并已断开电源； 2. 请勿使用蒸汽清洁设备，也请勿使用腐蚀性或研磨性清洁剂（如强酸、强碱、钢丝球等），若不慎接触，请立即用湿布擦拭干净； 3. 用湿布擦拭表面即可；若污渍较重，可在清水中加入几滴中性洗洁精，轻柔擦拭后，再用干布彻底擦干。 ⚠️ 特别提醒：<PIC> , [""oven_01""]"
222,"""如何使用烤箱的烤架？""","使用烤箱烤架的方法如下： 1. **安装位置**：烤架可放置在烤箱内任意可用层位（参见图3），凸面朝上或朝下均可，根据烹饪需求选择； 2. **适用功能**：主要用于烧烤功能，需配合烤架烤盘套装（含烤架6a与搪瓷容器6b）使用，并置于烤架（3）上 <PIC>； 3. **搭配接油盘**：为防止油脂飞溅和冒烟，建议在烤架正下方放置接油盘（图1），并向其中加入约半升水 <PIC>； 4. **滑动操作**：烹饪中可利用滑动搁架（图8）将烤架与接油盘半拉出，方便翻面或查看食物状态，该配件支持洗碗机清洗 <PIC>； 5. **清洁保养**：使用后及时用温水加洗洁精浸泡，再用海绵或软刷清洁；切勿使用金属刮刀或研磨清洁剂，以免损伤搪瓷表面 <PIC>。 , [""oven_03"", ""oven_01"", ""Manual28_8"", ""oven_08""]"
223,"""烤箱的催化侧面板有什么作用？""","催化侧面板带有特殊微孔搪瓷涂层，主要作用是吸附烹饪过程中飞溅的油脂，减少油污在烤箱内壁的堆积，从而辅助自清洁功能。当烹饪油脂较多的食物后，建议执行自动清洁程序（如开启热风循环、200℃运行约一小时），使吸附的油脂在高温下分解，保持面板的催化活性与清洁效果。<PIC> , [""oven_04""]"
224,"""如何使用烤箱的烤盘？""","您好，关于烤箱烤盘的使用方法如下： 1. **烤盘用途**：主要用于烘焙饼干、蛋糕及披萨（<PIC>）。 2. **放置方式**：将烤盘直接放置在烤架（3）上，或根据烹饪需求置于任意可用层位（<PIC>）；若用于披萨，建议烤盘轻微刷油，以保证饼底酥脆（<PIC>）。 3. **使用技巧**： - 推荐使用深色金属烤盘，导热更均匀，效果更佳； - 烘焙水分含量高的食物（如披萨、蔬菜）前，建议先预热烤箱； - 若同时多层烘烤，可选用“热风烘焙”功能，并错开烤盘位置，确保热空气循环畅通。 4. **清洁保养**：使用后待冷却，立即用温水加洗洁精浸泡，再用海绵或软刷清洗；切勿使用研磨性清洁工具，以免损伤搪瓷涂层（<PIC>）。 温馨提示：首次使用前，请取下保护膜，并以200℃空烤约1小时，去除防护油脂异味。操作时请佩戴隔热手套，避免烫伤。 , [""oven_03"", ""oven_04"", ""oven_05"", ""oven_06""]"
225,"""如何使用烤箱的烤架烤盘套装？""","使用烤箱的烤架烤盘套装（图6）方法如下： 1. 套装包含烤架（6a）和搪瓷容器（6b），需将整套放置在烤箱内置烤架（参考文档1中“烤架（3）”）上； 2. 仅配合【烧烤功能】使用（请先将功能选择旋钮旋至“烧烤”档位，烤箱灯亮起）； 3. 为防止油脂飞溅、冒烟及便于清洁，建议在烤架正下方的第一层放置接油盘（图1），并向其中加入约半升水 <PIC>； 4. 烤架可凸面朝上或朝下安装，根据食物类型调整（如烤肉建议凸面朝上以利沥油）； 5. 烹饪过程中，可利用滑动搁架（图8）将烤架与搪瓷容器半拉出，方便翻面或查看熟度 <PIC>； 6. 使用后，请待配件冷却，再用洗洁精水浸泡清洗，可放入洗碗机（烤架、搪瓷容器均支持）。 温馨提示：首次使用前，建议将配件取出，以200℃空烤约1小时，去除防护油脂异味。 , [""oven_13"", ""oven_01""]"
226,"""如何使用烤箱的油脂过滤器？""","油脂过滤器仅用于油脂较多的烹饪，使用时请将其挂在烤箱腔体后壁、风扇对面的位置 <PIC>。可配合热风循环功能使用，使用后可用洗碗机清洗。 , [""Manual28_8""]"
227,"""如何使用烤箱的滑动搁架？""","滑动搁架（图8）可在烹饪过程中将烤架与接油盘半拉出，方便您随时查看食物状态或翻面。它适用于所有烤箱配件，安装时可放置在任意可用层位，使用后可直接放入洗碗机清洗。<PIC> , [""Manual28_8""]"
228,"""如何为混合即时相机安装肩带？""",您好，关于混合即时相机安装肩带的方法，参考文档中明确提示：请勿使用手机或其他类似电子产品的挂绳，因其强度不足，无法牢固固定相机；为安全起见，仅可使用相机专用肩带，并严格按照产品说明书操作。但当前提供的资料中未包含肩带安装的具体步骤或对应图示。建议您查阅相机包装内附的《快速安装指南》或完整用户手册“配件安装”章节；如仍无法找到，您可提供相机具体型号（如instax系列型号），我们将为您进一步核实。
229,"""如何为混合即时相机装入电池？""","为混合即时相机装入电池，请按以下步骤操作： 1. 滑动电池盖将其打开 <PIC>； 2. 按照电池上的箭头指示方向装入电池，确保电池上的黄线与相机机身上的标记对齐 <PIC>； 3. 装入到位后，将电池锁扣轻轻推回原位以固定电池； 4. 关闭电池盖，确认盖子完全扣合 <PIC>。 ⚠️ 注意：出厂时电池未充满电，首次使用前请务必充电；安装时请勿强行插入，注意正负极及方向；长时间不使用相机时建议取出电池并单独存放。 , [""Manual29_13"", ""Manual29_14"", ""Manual29_15""]"
230,"""如何为混合即时相机装入相纸盒？""","为混合即时相机装入instax SQUARE相纸盒，请按以下步骤操作： 1. 按住相仓锁按钮（1），然后将拨杆向右滑动（<PIC>），直至相仓略微打开。 2. 握住相纸盒两侧，将相纸盒底部对准相仓凹槽（<PIC>），然后平直插入（2）。 3. 关闭后盖，确保后盖锁“咔哒”到位；关闭过程中，黑色相纸保护盖会自动弹出。 4. 从相纸出口取出该保护盖，即可开始使用。 ⚠️ 注意事项： • 装入前请勿提前打开相纸盒内袋，也请勿按压相纸盒背面的两个矩形孔； • 仅可使用instax SQUARE拍立得相纸（10张/盒），instax mini或WIDE相纸不兼容； • 相纸用完前切勿打开后盖，否则剩余相纸会曝光变白失效； • 请勿使用已过保质期的相纸盒，以免损坏相机。 , [""Manual29_26"", ""Manual29_27""]"
231,"""如何为混合即时相机取出用完的相纸盒？""","取出用完的相纸盒步骤如下： 1. 确认相纸已用完——拍摄画面右侧的所有点均显示为灰色（参考说明书第52页）； 2. 按住相仓锁按钮（1），然后将拨杆向右滑动，直至相仓略微打开 <PIC>； 3. 握住相纸盒上的两个矩形孔，平直向外拉出相纸盒 <PIC>。 ⚠️ 注意：相纸用完前请勿打开后盖，否则剩余相纸会曝光变白，无法使用；取出时切勿按压相纸盒背面的矩形孔（仅用于握持取出），且请确保相机已关机或处于待机状态。 , [""Manual29_26"", ""Manual29_27""]"
232,"""如何设置混合即时相机的自动打印模式？""","设置混合即时相机的自动打印模式，只需将相机侧面的打印模式选择器切换到“AUTO”位置即可。切换后，拍摄画面上会显示相应图标，图像保存后将立即开始自动打印。<PIC> , [""Manual29_39""]"
233,"""如何设置混合即时相机的手动打印模式（初始设置）？""","设置混合即时相机的手动打印模式（初始设置）非常简单，只需以下一步操作： 将相机侧面的打印模式选择器切换至“MANUAL”位置 <PIC>。 此时即完成手动打印模式的初始设置。在此模式下，拍摄的照片将先保存到相机内存中，不会立即打印；您可后续通过回放画面选择需要打印的图像，再按（打印）按钮进行打印 <PIC>。 温馨提示：手动打印模式是相机的默认设置，开机后若未更改，即处于该模式。如需切换回自动打印模式，只需将选择器拨至“AUTO”即可 <PIC>。 , [""hybrid_instant_camera_01"", ""hybrid_instant_camera_02"", ""Manual29_26""]"
234,"""如何使用混合即时相机拍摄照片？""","使用混合即时相机拍摄照片的步骤如下： 1. 开机：顺时针转动镜头环（电源开关）开机。 2. 构图：手持相机，确认取景画面构图；建议双手持机，肘部抵住身体，避免遮挡镜头、闪光灯或相纸出口。 3. 对焦：半按快门按钮进行对焦—— • 对焦成功：发出蜂鸣声，显示屏出现绿色对焦框； • 对焦失败：出现红色对焦框，可尝试使用自动对焦/自动曝光锁定（将主体置于画面中心半按快门，保持半按状态调整构图后再全按）。 4. 设置拍摄模式（如需）：在拍摄画面按下MENU/OK按钮 → 选择“拍摄模式” → 选择“标准”“双重曝光”或“长时间曝光”等模式 <PIC>。 5. 设置打印模式（可选）： • 自动打印模式：将侧面打印模式选择器拨至“AUTO”，拍摄后图像将立即打印 <PIC>； • 手动打印模式（默认）：选择“MANUAL”，图像先保存至内存，后续可从回放中选择打印 <PIC>。 6. 拍摄：完全轻按快门按钮完成拍摄。照片保存至内置内存（约50张）或microSD卡（每1GB约1000张）。 7. 查看与打印（如需）：按下（回放）按钮查看图像 <PIC>，用方向键或$lacktriangleright$/$lacktriangleleft$切换照片，按（打印）按钮即可打印当前图像 <PIC>。 注意：光线不足时闪光灯可能自动触发，您可在菜单中关闭（第56页）；避免拍摄镜面、快速移动、低对比度等易导致对焦失败的主体 <PIC>。 , [""Manual29_53"", ""Manual29_30"", ""Manual29_31"", ""Manual29_32"", ""Manual29_33"", ""Manual29_34""]"
241,"""If this is the first time to use airfryer, What should I do before first use?""","Before using your air fryer for the first time, please follow these steps: 1. Unplug the appliance and ensure it is at room temperature. 2. Remove all packaging materials and protective films from the basket, pan, and interior surfaces. 3. Wash the removable parts — including the air fryer basket, pan, and crisper plate — with warm water and a non-abrasive sponge (do not use metal utensils or abrasive cleaners to preserve the non-stick coating) <PIC>. 4. Clean the heating element gently with a soft brush to remove any manufacturing residues <PIC>. 5. Wipe the interior of the main unit with a damp, non-abrasive cloth — do not immerse the base in water. 6. Ensure all parts are completely dry before assembly and first use. 7. Place the air fryer on a stable, heat-resistant surface, away from walls and flammable materials. For safety, always refer to the full manual and observe all cautions regarding hot surfaces and ventilation. , [""air_fryer_10"", ""air_fryer_11""]"
242,"""How to find the approval label of emission control certificate of the boat?""","The approval label for the emission control certificate is attached to the electrical box and the exhaust side of the crankcase. You can locate it by inspecting those two areas on your boat's engine compartment. <PIC> <PIC> , [""Manual20_4"", ""Manual20_5""]"
243,"""How do I use the battery conversion feature before sailing?""","The term 'battery conversion feature' does not appear in the provided documentation, and no function by that name is described for pre-sailing preparation. It's possible there may be a misunderstanding or misnomer — the manuals reference standard battery installation, removal, storage, and charging procedures, but no 'conversion' functionality. For safe operation before sailing: (1) Ensure the battery is fully charged and securely installed in the battery compartment; (2) Turn the battery switch to ON; (3) Verify all connections (positive red lead, negative black lead, and ground lead) are tight and corrosion-free; (4) Confirm the battery strap is fastened. If you're referring to a specific setting (e.g., voltage mode, power source switching, or a display-related battery status conversion), please clarify or consult your model’s dedicated manual section. For visual guidance on battery attachment, see <PIC>. , [""Manual10_11""]"
244,"""How the ship steers?""","The watercraft steers by turning the handlebars in the direction you wish to travel. This changes the angle of the jet thrust nozzle, redirecting the high-pressure water flow to alter course. Steering requires throttle input—jet thrust strength directly affects turning sharpness: more throttle produces sharper turns, less throttle results in gradual turns, and releasing the throttle completely (except at trolling speed) causes rapid loss of steering control. For optimal handling, maintain appropriate throttle during turns and avoid abrupt maneuvers at high speeds. <PIC> <PIC> <PIC> , [""Manual20_50"", ""Manual20_74"", ""Manual20_75""]"
245,"""What should I do if face over temperature warning on the boat?""","If you receive a 'Face Over Temperature' warning on the boat, this is likely a misinterpretation — the system displays an 'Over Temperature' warning for engine overheating, not for human face exposure. For an actual 'Over Temperature' warning: (1) Immediately reduce engine speed; (2) Maneuver to shore or a safe location; (3) Check engine oil level (see page 80) and top up if low; (4) Also inspect cooling water pilot outlets on the starboard side — ensure water is discharging while engines run <PIC>. If no water is visible, cooling circulation may be blocked. If oil level and cooling water are normal, contact a Boat Dealer for inspection. Note: The warning appears on the multifunction display with buzzer alert, and engine speed is automatically limited to prevent damage <PIC>. <PIC> , [""Manual09_95"", ""Manual09_84"", ""Manual09_85""]"
246,"""If I want to listen to music on my phone, how do I turn on the sound system?""","To listen to music on your phone using a sound system (e.g., Bluetooth earbuds or speakers), follow these steps: 1. **Turn on your Bluetooth audio device** (e.g., earbuds): Remove them from the case — they’ll power on automatically. If not, press and hold either earbud for ~2 seconds until you hear a prompt or see an indicator light. 2. **Enable Bluetooth on your phone**: Go to Settings > Bluetooth and toggle it ON. 3. **Pair the devices**: Your earbuds should appear in the 'Available Devices' list (e.g., 'SoundCore Pro', 'Galaxy Buds', etc.). Tap to pair. If needed, refer to pairing instructions: Turn Bluetooth OFF first, then press and hold an earbud to enter pairing mode <PIC>. 4. **Play music**: Open your music app (e.g., Spotify, Apple Music) and tap play. Audio will stream wirelessly. Tip: To resume playback quickly, press and hold the earbud until the first beep — this activates your default music app <PIC>. , [""Manual12_11"", ""Manual12_8""]"
247,"""How do I use the storage compartments if I want to store wet items while on board?""","The storage compartments are not waterproof, so they are not designed to store wet items directly. However, if you need to store wet items on board, we recommend using the lockable storage compartment — it features a drain plug <PIC> that allows you to easily drain accumulated water. To use it: (1) Place your wet items inside, (2) after use, remove the drain plug to let water escape, then reinstall it securely. For best results, place wet items in a sealed, waterproof container or bag before storing them in any compartment to prevent moisture damage to the boat interior or other belongings. , [""Manual09_201""]"
248,"""How to open the battery compartment when manipulating the boat?""","To open the battery compartment on the CB-5L boat: Slide the lever as shown by the arrow and open the cover. <PIC> , [""Manual10_18""]"
249,"""How to install an anchor light while the boat is moving?""","Installing an anchor light while the boat is moving is not recommended and is unsafe. Anchor lights are designed to be installed when the boat is stationary—ideally at the dock or anchored—to ensure proper mounting, secure wiring, and safe electrical connections. Installing or adjusting lighting while underway poses risks of electrical shock, improper grounding, accidental short circuits, or physical injury due to motion and instability. Additionally, per the manual: 'Do not open the engine hood while the anchor light is installed' (Ref. Doc 1), indicating that anchor light installation involves accessing areas best handled with the boat secured and power systems de-energized. For safe installation, please stop the boat, turn off the engine and all electrical systems, and follow the wiring and mounting instructions in your owner’s manual (see pages referenced for navigation/anchor light switch operation and fuse access). If you need assistance locating the correct mounting location or wiring diagram, refer to <PIC> for anchor light switch layout and related circuit information. , [""Manual09_107""]"
250,"""How do I use the jet wash function to clean the boat after using it?""","To use the jet wash function (engine flush) to clean your boat after use, follow these steps: (3) Connect a garden hose to a water tap using the garden hose adapter. (4) Ensure the area around the boat is clear, then start the engine. Immediately after starting, fully turn on the water supply so water flows continuously from the jet thrust nozzle and cooling water pilot outlet. ⚠️ Never turn on the water before starting the engine — this could cause water to backflow into the crankcase and severely damage the engine. Also, never leave the water on while the engine is off. (5) Run the engine at fast idle for 3–5 minutes. (6) After flushing, turn off the water supply, then drain residual water from the exhaust system by alternately moving the remote control lever to half-throttle and back to idle for 10–15 seconds. (7) Stop the engine. (8) Remove the garden hose adapter. (9) Install and tighten the flush hose connector cap securely. <PIC> , [""Manual09_259""]"
251,"""How do I turn on or off the water supply button on my boat?""","Boats typically do not have a dedicated 'water supply button.' Instead, the water supply for engine flushing is controlled manually via a garden hose connected to an external water source. To turn the water supply ON: (1) Connect the garden hose to a water tap and to the boat’s flush port; (2) Start the engine first — *never turn on water before starting*; (3) Then immediately open the water tap fully to allow continuous flow through the cooling system <PIC>. To turn it OFF: (1) Shut off the water tap first; (2) Then stop the engine. Important: Never leave water running when the engine is off — this can cause water to backflow into the engine and cause severe damage. For reference, see the flushing procedure diagram <PIC>. , [""Manual09_259"", ""Manual09_259""]"
252,"""How to remove the bimini top of the boat?""","To remove the bimini top from your boat: (1) First, fully collapse the bimini top following the storage procedure — remove the lock pins and lower the center and forward support poles <PIC>. (2) Then, locate and remove the main pole mounting pins that secure the bimini top to the main pole mounting brackets <PIC>. Once these pins are removed, carefully lift or slide the bimini top off the boat. For visual guidance, refer to the diagrams illustrating the pin locations and collapse sequence. , [""Manual09_189"", ""Manual09_193""]"
253,"""How do I install a bimini top on my boat if I want to use the canopy?""","To install the bimini top for use with the canopy: (1) Ensure the bimini top is fully assembled and all components (main poles, forward support poles, fabric canopy, mounting brackets) are present. (2) Position the bimini top over the designated mounting locations on your boat’s deck or gunwales. (3) Insert the main pole mounting pins into the main pole mounting brackets to secure the primary frame <PIC>. (4) Install the forward support poles and secure them using their lock pins in the forward support pole mounting brackets <PIC>. (5) Double-check that all pins are fully seated and the frame is stable before raising or adjusting the canopy. For visual guidance, refer to installation diagrams showing pin placement and bracket alignment <PIC>. Always follow the reverse sequence of the removal steps as outlined in your manual. , [""Manual09_194"", ""Manual09_191"", ""Manual09_192""]"
254,"""How to store the bimini top in the upright position of the boat?""","To store the bimini top in the upright position on your boat: (1) Remove the lock pins, then push the center poles down. <PIC> (2) Pull the bimini top toward the bow. <PIC> (3) Install the storage cover. <PIC> , [""Manual09_189"", ""Manual09_190"", ""Manual09_191""]"
255,"""When I am sailing, how do I check the engine oil level to ensure continued sailing?""","To check the engine oil level while sailing, follow these safe and accurate steps: (1) First, moor the boat securely in calm water to prevent drifting. (2) Stop the engine and allow it to cool for several minutes — this ensures oil drains fully into the sump and gives a true reading. (3) Open the engine hood <PIC>. (4) Locate the oil tank filler cap/dipstick, clean the area around it to prevent debris entry <PIC>, then loosen and remove the cap. (5) Wipe the dipstick clean, reinsert it fully without screwing in, then withdraw it again to read the oil level. Ensure the level is between the minimum and maximum marks <PIC>. (6) If low, add the recommended oil slowly; if overfilled, consult a Boat Dealer. (7) Reinstall the cap securely and close the hood. Note: Never check oil immediately after shutdown — hot oil poses burn risk and yields inaccurate readings. For best accuracy, checking on land with the boat level is preferred when possible. , [""Manual09_196"", ""Manual23_85"", ""Manual09_197""]"
256,"""How can I use the bilge pump of the boat?""","To use the bilge pump on your boat: 1. Locate the bilge pump switch (typically labeled and shown in <PIC>). 2. Turn the switch ON to manually activate the pump — the bilge pump indicator light will illuminate while operating. 3. Note that the bilge pump also operates automatically when excessive water is detected in the bilge, even if the switch is OFF or battery switches are off. 4. Ensure all drain plugs (e.g., hull drain plug) are securely tightened before operation to prevent flooding. 5. Never run engines at full throttle with bilge water present — it may splash into the engine and cause severe damage. For maintenance, clean the bilge area regularly with Yamaclean Bilge Cleaner™ and rinse with fresh water, taking care to avoid electrical components and the air filter area. If the bilge pump fails to operate, check the 3 A bilge pump fuse (located in the fuse box; see <PIC> for fuse layout) and replace it only with a 3 A spare fuse using the fuse puller. , [""Manual09_202"", ""Manual09_201""]"
257,"""How to perform anchor light switch check while sailing?""","To perform the anchor light switch check while sailing: 1. Locate the 'Navigation and anchor lights switch' — a toggle switch typically mounted on the console. 2. Push the **lower side** of the switch to activate the anchor light only (labeled 'ANC'). Confirm the anchor light illuminates brightly and steadily. 3. Verify the light is visible 360° around the vessel and unobstructed by gear, canvas, or the engine hood (note: do not open the engine hood while the anchor light is installed, as it may cause damage). 4. Optionally, test the upper position ('NAV') to confirm both bow and anchor lights illuminate for night navigation. 5. Return the switch to the center (off) position when not in use. For reference, see switch operation diagrams <PIC> <PIC>. , [""Manual09_100"", ""Manual09_101""]"
258,"""When I want to start the boat, how do I turn on the boat's engine to get the machine started?""","To start the boat's engine, follow these steps: (1) Ensure the engine shut-off cord is attached to your wrist and clipped to the shut-off switch. (2) Turn the main switch to the ""ON"" position, then push the green start switch (button) <PIC>. (3) If using a recoil starter, pull slowly until engaged, then pull briskly — after starting, set the choke lever to ""Half-open"" and warm up the engine until it runs smoothly. (4) Always check that the area is clear and the boat is stable before starting. Note: Do not supply cooling water before starting — turn it on immediately *after* the engine starts to prevent overheating or damage. <PIC> , [""Manual20_48"", ""Manual34_115""]"
259,"""How do I turn a boat while sailing?""","To turn a boat while sailing (or operating a powered watercraft), steer by turning the handlebars in the direction you wish to go <PIC>. Steering control depends on both handlebar position and throttle input — you must maintain some throttle to retain steering authority, especially at higher speeds; idling or cutting throttle completely will result in loss of steering control <PIC>. For improved turning performance, you can adjust the bow-down position to increase hull 'hook' in the water, enhancing responsiveness <PIC>. Always be aware of wind, current, and surrounding traffic, and follow standard steering and sailing rules — e.g., identifying stand-on vs. give-way vessels when meeting other boats <PIC>. , [""Manual20_50"", ""Manual20_74"", ""Manual20_50"", ""Manual20_26""]"
260,"""How to operate the boat cross wakes and swells?""","Crossing wakes and swells safely requires caution and proper technique. According to the operator’s manual: • **Do not jump wakes or waves** — this is explicitly prohibited due to high risk of back/spinal injury, facial injuries, and broken bones (Manual20_18). • When encountering wakes or swells, maintain a controlled, reduced speed — especially in no-wake zones — and keep the boat stable and level. Avoid sharp turns or abrupt throttle changes, as these increase instability and risk of loss of control. • For improved handling in choppy conditions, you may use the 'Bow down' feature (if equipped): turning the grip to ⚪ or ⚫ lowers the bow, increasing water contact and enhancing directional stability on plane — but note that at higher speeds, this setting may increase sensitivity to wave/wake tracking ('bow steer'). • Always maintain safe distance from other vessels, obstructions, and swimmers, and ensure adequate stopping distance — remember, boats have no brakes and require throttle to retain steering control (Manual09_245). • Never operate in water shallower than 60 cm (2 ft), and avoid towing or crossing wakes at speeds that generate a wake (>5 mph / 8 km/h) (Manual09_98, Manual20_18)."
261,"""How do I load the boat when the cruise is over?""","To load the boat after the cruise is over, follow these steps: (1) Approach the dock or landing jetty at idle speed and come to a complete stop before reaching it. (2) Ensure no obstructions, boats, or swimmers are nearby. (3) Board the boat from the side—one person at a time—by stepping in carefully; never jump. Avoid stepping on wet or slick gelcoat surfaces, especially along the gunwales. (4) Once aboard, sit in one of the provided seats and place both feet on the deck. (5) If loading multiple passengers, ensure they are seated and holding handgrips, with weight balanced side-to-side and bow-to-stern. <PIC> , [""Manual09_247""]"
262,"""How to flush the cooling system of the boat?""","To flush the cooling system of your boat, follow these steps: (1) Connect the garden hose adapter to a garden hose. <PIC> (2) Loosen and remove the flush hose connector cap, then insert and twist the garden hose adapter into the flush hose connector until securely connected. <PIC> (3) Connect the garden hose to a water tap. (4) Ensure the area around the boat is clear, then start the engine. Immediately after starting, fully turn on the water supply so water flows continuously from the jet thrust nozzle and cooling water pilot outlet. ⚠️ Never turn on the water before starting the engine — this could cause water to backflow through the muffler into the crankcase and severely damage the engine. (5) Run the engine at fast idle for 3–5 minutes. (6) If the engine stops during flushing, turn off the water immediately and restart the procedure from step 4. (7) After flushing, turn off the water supply, then drain residual water from the exhaust system by alternately moving the remote control lever to half-throttle and back to idle for 10–15 seconds. (8) Stop the engine, remove the garden hose adapter, and reinstall and tighten the flush hose connector cap securely. ⚠️ Never leave the water on while the engine is off. , [""Manual09_257"", ""Manual09_258""]"
263,"""How to replace the fuse of the boat?""","To replace the fuse of the boat, follow these steps: 1. Turn off the main switch to prevent accidental short circuiting. 2. Open the engine hood (see page 56). 3. Unfasten the band securing the fuse box. 4. Remove the fuse box from the air filter case by pulling it toward the bow. 5. While pushing both sides of the fuse box cover inward, pull the cover toward the bow to remove it. 6. Identify the blown fuse (e.g., accessory fuse: 20 A, bilge pump fuse: 3 A — refer to the correct amperage listed in your manual). 7. Use the fuse puller to remove the blown fuse. 8. Replace it with a spare fuse of the exact same amperage rating — never substitute with a higher-rated fuse, as this may cause electrical damage or fire. 9. If replacing the accessory or bilge pump fuse, reinstall the fuse holder. 10. Install the fuse box cover, secure the fuse box back onto the air filter case, fasten the band, and close the engine hood. <PIC> , [""Manual34_241""]"
264,"""How to check the engine oil level of the boat?""","To check the engine oil level of the boat, follow these steps: (1) With the engine stopped, position the boat on a precisely level surface on land—or, if checking on water, securely moor it to prevent drifting. (2) Start the engine and run it at idle speed for at least 6 minutes (add 5 more minutes if ambient temperature is 20°C / 68°F or lower). (3) Stop the engine and wait for it to cool slightly—do not check while oil is extremely hot, as it may cause burns. (4) Open the engine hood. (5) Locate the oil tank filler cap/dipstick, clean the area around it to prevent debris entry, then loosen and remove the cap. Wipe the dipstick clean. (6) Reinsert the dipstick fully without screwing in the cap, then remove it again to read the oil level. Ensure the level is between the minimum and maximum marks <PIC>. (7) If below the minimum mark, add oil slowly; if above the maximum mark, consult a Boat Dealer. (8) Repeat the procedure for each engine, then securely reinstall the filler cap and close the engine hood. , [""Manual09_197""]"
265,"""How to use the energy saving mode of a coffee machine?""","To use the energy saving mode of your coffee machine: 1. **Automatic Entry**: The machine will automatically enter energy saving (power-off) mode after 9 minutes of inactivity. 2. **Manual Activation/Deactivation**: - To turn the machine **on** from energy saving mode, press either the Espresso or Lungo button. - To turn it **off manually** before the automatic timeout, press and hold **both the Espresso and Lungo buttons simultaneously**. 3. **Customize Timeout Duration** (optional): - With the machine **turned off**, press and hold the Espresso button for 3 seconds. - The Espresso button will blink to indicate the current setting. - Press the Espresso button once to set auto power-off after **9 minutes**, again for **30 minutes**, or a third time to **deactivate** the energy saving mode entirely. 4. **Exit Energy Saving Mode During Use**: If you need to exit energy saving mode while preparing coffee, press the Lungo button for 3 seconds <PIC>. , [""Manual07_3""]"
266,"""How to change the default setting of the energy saving mode?""","To change the default setting of the energy saving mode on your machine, follow these steps: 1. Ensure the machine is turned OFF. 2. Press and hold the Espresso button for 3 seconds. 3. The Espresso button will blink to indicate the current setting. 4. Press the Espresso button to cycle through the options: - One press: Power Off after 9 minutes (default) - Second press: Power Off after 30 minutes - Third press: Energy saving mode deactivated <PIC><PIC><PIC> , [""Manual07_3"", ""Manual07_4"", ""Manual07_5""]"
267,"""How to program the water valume of a coffee machine?""","To program the water volume on your coffee machine: 1. Turn the machine on and wait for it to reach ready mode (steady lights). 2. Fill the water tank with potable water and insert a capsule. 3. Place a cup under the coffee outlet. 4. Press and hold the Espresso or Lungo button. 5. Release the button once the desired volume is dispensed. 6. The new water volume setting is now saved. <PIC> <PIC> <PIC> , [""Manual07_24"", ""Manual07_25"", ""Manual07_26""]"
268,"""How should I do if I want to empty the system before not in use, for frost protection or before maintenance?""","To empty the system before a period of non-use, for frost protection, or before maintenance: 1. Press both the Espresso and Lungo buttons to turn the machine off — this enters the emptying mode. 2. Remove the water tank and open the lever. 3. Press and hold both the Espresso and Lungo buttons for 3 seconds — both LEDs will blink alternatively <PIC>. Note: The machine will be blocked for 10 minutes after completing the emptying mode. , [""Manual07_24""]"
269,"""How should I do if I want to reset to factory settings of the coffee machine?""","To reset your coffee machine to factory settings, follow these steps: 1. Ensure the machine is turned off. 2. Press and hold the Lungo button for 5 seconds. 3. The LEDs will blink fast 3 times to confirm the reset has been completed. 4. The LEDs will then continue blinking normally as the machine heats up. Once the lights become steady, the machine is ready for use. <PIC> <PIC> <PIC> , [""Manual07_33"", ""Manual07_34"", ""Manual07_35""]"
270,"""How should I clean my coffee maker after I use it so that it can last longer?""","To keep your coffee maker lasting longer, follow these daily cleaning steps after each use: 1. Unplug the machine before cleaning. 2. Wipe the coffee outlet regularly with a soft, damp cloth — do not immerse any part in water. 3. Empty and rinse the drip tray and used capsule container. 4. Clean the water tank with drinkable water (do not overfill; replace water if unused for >2 days). 5. Avoid strong cleaners, solvents, sharp objects, abrasives, or dishwashers. Use only mild cleaning agents and a damp cloth on external surfaces. For long-term care, descale every 2–3 months (or as indicated by water hardness) using the official descaling kit — this helps maintain optimal performance and extends machine life. <PIC> <PIC> , [""Manual07_47"", ""Manual07_48""]"
271,"""How to open the swim platform of the boat\uff1f""","To open the swim platform (also referred to as the rear platform hatch) of the boat: (1) Ensure the engines are off and the boat is stable. (2) Locate the rear platform hatch at the stern. (3) Open the hatch — this may involve releasing latches or interlocks; refer to page 63 of your manual for detailed hatch opening procedures. <PIC> Note: The rear platform hatch has safety interlocks that automatically shut off the engines if opened during operation. Engines will not restart until the hatch is fully closed and latched. For visual guidance, see the related illustrations. <PIC> , [""Manual09_260"", ""Manual09_246""]"
272,"""How to open the livewell and add water on the boat?""","To open the livewell and add water on the boat: 1. Locate the livewell access port — it is typically covered by a removable cap on the deck or transom area. 2. To open the cap: align the 'SET' mark on the cap with the slot, then push the handle and turn the cap clockwise until the 'SET' mark aligns with the edge of the access port <PIC>. Ensure the cap is perpendicular to the boat’s centerline and pull firmly to confirm it’s securely locked. If it moves under pull, it is not fully engaged <PIC>. 3. Once open, fill the livewell with fresh or seawater using a hose or natural intake (if equipped with a through-hull pump). 4. To circulate water, use the aerator switch: push the 'MNL' (manual) side to run the pump continuously, or 'AUTO' for timed operation <PIC>. , [""Manual09_107"", ""Manual09_107"", ""Manual09_107""]"
273,"""What is the maintenance setting screen of the boat controller?""","The maintenance setting screen of the boat controller displays the accumulated engine operating hours since the last maintenance. To reset the hour counter after performing maintenance: (1) Tap the 'Reset' button on the screen; (2) When the confirmation message appears, tap the 'YES' button to confirm the reset. To cancel without resetting, tap 'NO'. <PIC> <PIC> <PIC> <PIC> , [""Manual09_76"", ""Manual09_77"", ""Manual09_78"", ""Manual09_79""]"
274,"""In the boat's steering position, what does the factory reset screen show?""","The factory reset screen in the boat's steering position displays a confirmation prompt asking whether to reset all settings to factory defaults. It shows a 'Reset' button, and upon tapping it, a confirmation message appears with a 'YES' button to proceed with the reset or a 'NO' button to cancel and return to the factory reset screen without applying changes. <PIC> <PIC> , [""Manual09_80"", ""Manual09_81""]"
275,"""What is the trip screen shown?""","The trip screen displays the hours of engine operation, fuel consumption, and other related information. It includes a menu (showing 4 items at a time), a scrollbar for navigation, and a 'Reset' button. To reset a specific item, touch and hold it for several seconds; to reset all items, tap the 'Reset' button. Note that some items cannot be reset. <PIC> <PIC> , [""Manual09_67"", ""Manual09_68""]"
276,"""When I am ready to sail, if everything is ready, how do I make the boat move forward?""","To make the boat move forward when everything is ready: 1. Ensure you are seated properly with both feet in the footwells and hands firmly on the handlebars. 2. Attach the engine shut-off cord to your wrist. 3. Start the engine. 4. Gently apply throttle (forward pressure on the throttle lever/grip) — this engages the jet propulsion system and propels the watercraft forward. Note: Steering requires throttle input — you must maintain some throttle to steer effectively, as the jet thrust nozzle directs flow to change direction <PIC>. Always check surroundings before moving off <PIC>. , [""Manual20_50"", ""Manual20_71""]"
277,"""How do I check the boat's steering system when I'm driving it?""","When driving your boat, you can check the steering system in real time by observing the following: 1) Ensure smooth, unrestricted movement when turning the steering wheel fully left and right; there should be no looseness or excessive free play in rotation or in-and-out motion. 2) Verify that the jet thrust nozzles respond immediately and correctly — pointing starboard (right) when turning right, and port (left) when turning left <PIC>. 3) Remember: steering control requires throttle — you will lose steering ability if the throttle is completely pulled back to idle <PIC>. Do not shut off the engine while maneuvering, as engine power is essential for responsive steering. For thorough pre-operation checks (e.g., handlebar play, cable integrity), those should be performed on land with the boat stationary and ideally with a second person observing at the stern <PIC>. , [""Manual09_206"", ""Manual09_245"", ""Manual09_205""]"
278,"""How should fire extinguishers be stored on board and where should they be placed?""","Fire extinguishers should be stored securely on board in their designated fire extinguisher container to prevent damage, movement, or accidental discharge. According to the manual, the fire extinguisher container is located in the battery compartment. To access it, remove the seat and turn the container cap counterclockwise to open. Always ensure the extinguisher is fully charged and properly secured in the container. A B-1 classified fire extinguisher (2 lb or more) is recommended and is not standard equipment — if not already installed, obtain one meeting USCG requirements through a Yamaha dealer or certified fire extinguisher supplier. <PIC> <PIC> , [""jetski_04"", ""jetski_05""]"
279,"""How to care the throttle-cable of the boat?""","To care for the throttle cable of your boat, grease the inner wires at the pulley wheel of the APS (Adjustable Pulley System). Use a water-resistant marine grease—such as Yamalube Waterproof Marine Grease—for best protection against corrosion and wear. This maintenance should be performed during routine post-operation care. <PIC> , [""Manual09_263""]"
280,"""How do I charge the camera battery when I'm not using it?""","To charge the camera battery when not in use: 1. Remove the battery (e.g., BP-511A, BP-514, BP-511, or BP-512) from the camera to prevent excessive discharge and preserve service life. 2. Attach the protective cover to prevent shorting. 3. Use the correct battery charger — do not recharge incompatible batteries. 4. Charge using a standard household outlet only; avoid power converters. 5. After the red charging lamp lights, continue charging for one additional hour to ensure a full charge <PIC>. 6. For long-term storage, store the battery at ~50% charge in a cool, dry place, and check/recharge monthly if stored for extended periods <PIC>. , [""Manual10_15"", ""Manual09_263""]"
281,"""How to install the camera battery when another one is power off?""","To install the camera battery when the current one is powered off: 1. Turn the power switch to <OFF> to ensure the camera is fully powered down. 2. Open the battery compartment cover by sliding the lever as shown <PIC>. 3. Remove the depleted battery by sliding the battery lock lever and gently lifting it out. 4. Insert a fully charged BP-511A (or compatible) battery pack, aligning the markings and pressing firmly until it clicks into place. 5. Close the battery compartment cover tightly <PIC>. The camera will remain off until you turn the power switch to <ON> or press the shutter button halfway. , [""Manual10_16"", ""Manual10_235""]"
282,"""How do I connect the camera using a household power socket?""","To connect the camera using a household power socket, you'll need the optional AC Adapter Kit ACK-E2. Here's how to do it: 1. Open the battery compartment cover and open the DC Coupler cord notch cover. 2. Insert the DC Coupler into the camera until it locks, and route the cord through the notch. 3. Close the cover. 4. Connect the DC Coupler’s plug to the AC adapter’s socket. 5. Connect the power cord to the AC adapter, then insert the plug into a household power outlet (AC 100–240 V). 6. Carefully place the cord in the groove to secure it and avoid damage. <PIC> <PIC> <PIC> , [""Manual10_18"", ""Manual10_19"", ""Camera_12""]"
283,"""How do you mount the lens of a camera when preparing for photography?""","To mount the lens of a camera for photography, follow these steps: 1. Remove the rear lens cap from the lens and the body cap from the camera mount. 2. Align the lens with the appropriate mount index on the camera body — use the white EF-S lens mount index for EF-S lenses, or the red EF lens mount index for standard EF lenses. 3. Gently insert the lens into the mount and rotate it clockwise (as indicated by the arrow in the manual) until it clicks securely into place. 4. Set the lens focus mode switch to <AF> for autofocus operation. 5. Finally, remove the front lens cap before shooting. <PIC> <PIC> <PIC> , [""Manual10_21"", ""Manual10_22"", ""Manual10_23""]"
284,"""How do you install the card into a camera before photography?""","To install the CF card into the camera before photography: 1. Open the CF card cover by sliding it in the direction shown by the arrow <PIC>. 2. Insert the CF card with the label side facing you and the end with the small holes first—inserting it incorrectly may damage the camera <PIC>. 3. Close the cover and slide it firmly in the direction shown by the arrow until it snaps shut <PIC>. Ensure the card is fully seated and the cover is securely closed before shooting. Note: The camera will not record images without a properly installed CF card, and the 'CF Card Reminder' feature can prevent shooting if no card is detected. , [""Manual10_24"", ""Manual10_26"", ""Manual10_27""]"
285,"""Have you ever wondered how to remove the camera shutter button? Understanding this process can enhance your photography experience and allow for quick repairs!""","The shutter button is not designed to be removed by users—it is an integral, non-serviceable part of the camera body. Attempting to physically remove or disassemble the shutter button may damage the camera, void the warranty, and compromise functionality. Instead, the shutter button operates in two stages: pressing it halfway activates autofocus (AF) and auto-exposure (AE), while pressing it fully captures the image <PIC>. For cleaning or troubleshooting (e.g., unresponsive button), refer to proper maintenance procedures like using a soft, dry cloth and ensuring no debris obstructs the button travel. If the shutter button malfunctions, contact an authorized service center for professional inspection and repair. <PIC> , [""Manual10_30"", ""Manual10_235""]"
286,"""How do I replace the camera's date/time battery?""","To replace the date/time (backup) battery: 1. Turn the power switch to <OFF>. 2. Open the battery compartment cover. 3. Remove the battery holder. 4. Replace the CR2016 lithium battery in the holder, ensuring correct +/− orientation.<PIC><PIC><PIC><PIC> 5. Reinsert the battery holder and close the cover. Note: The date/time setting will be reset after replacement—you must reconfigure it via the camera menu. , [""Manual10_46"", ""Manual10_47"", ""Manual10_48"", ""Manual10_49""]"
287,"""How to set an off-center subject mode of a camera?""","To focus on an off-center subject, use the 'focus lock' technique, which works only in One-Shot AF mode: 1. Aim the center AF point at your subject and press the shutter button halfway to acquire focus. 2. While keeping the shutter button pressed halfway, recompose the frame so your subject is off-center. 3. Press the shutter button fully to take the shot. This method leverages the high-precision cross-type center AF point for accurate initial focus <PIC>. Note: For best results, ensure your lens maximum aperture is f/2.8 or larger when using the center AF point. , [""Manual10_106""]"
288,"""Before taking photos, we need to know How to use the eyepiece cover of the camera?""","To use the eyepiece cover: 1. Remove the eyecup first by pushing it upward from the bottom. 2. Slide the eyepiece cover down into the eyepiece groove to attach it securely <PIC>. The eyepiece cover is used during self-timer or remote switch operation — when your eye does not cover the viewfinder — to prevent stray light from entering and affecting exposure <PIC>. For reference, the eyepiece cover is also attached to the camera strap <PIC>. , [""Manual10_154"", ""Manual10_155"", ""Manual10_9""]"
289,"""How do I select the AF Mode when before taking a picture?""","To select the AF mode before taking a picture: 1. Set the Mode Dial to a Creative Zone mode (e.g., P, Tv, Av, M, or A-DEP). 2. Press the <AF-WB> button (6). 3. While viewing the LCD panel, turn the < > dial to choose your desired AF mode: ● ONESHOT: One-Shot AF (ideal for still subjects) ● AIFOCUS: AI Focus AF (automatically switches from One-Shot to AI Servo if the subject starts moving) ● AISERVO: AI Servo AF (for continuously tracking moving subjects) <PIC><PIC> , [""Camera_30"", ""Camera_31""]"
290,"""How to set the camera model to \""P\"" model?""","To set your camera to the ""P"" (Program AE) mode, follow these steps: 1. Locate the Mode Dial on your camera. 2. Rotate the Mode Dial to align with the <P> position. 3. Compose your shot and look through the viewfinder — an AF point will automatically focus on your subject when you press the shutter button halfway. 4. Confirm the settings: the camera will automatically select appropriate shutter speed and aperture, displayed in the viewfinder and on the LCD panel. As long as those values do not blink, exposure is correct. <PIC> <PIC> <PIC> <PIC> , [""Manual10_115"", ""Manual10_116"", ""Manual10_117"", ""Manual10_118""]"
291,"""After or during shooting, how can I view the camera image on TV for better clarity?""","To view captured images on a TV for better clarity after or during shooting: 1. Turn off both the camera and TV before connecting. 2. Open the camera’s terminal cover and connect the provided video cable from the camera’s VIDEO OUT terminal to the TV’s VIDEO IN terminal—ensure plugs are fully inserted <PIC>. 3. Turn on the TV and select the correct input source (e.g., 'Video IN' or 'AV'). 4. Set the camera’s video system format (NTSC or PAL) to match your TV’s standard—mismatch may cause display issues <PIC>. 5. Press the <PLAY> button (or equivalent playback button) on the camera; the image will appear on the TV screen (the camera’s LCD monitor will not display it while outputting to TV) <PIC>. 6. Use the camera’s dial or buttons to navigate between images, switch display formats (e.g., single image, magnified view), or show/hide shooting information as needed. , [""Camera_55"", ""Manual10_235"", ""Manual10_182""]"
292,"""How can I delete a single image from my camera if I don't like the photo?""","To delete a single image from your camera: 1. Display the image you want to erase (press the playback button or navigate to it in single-image view). 2. Press the button to open the erase menu — it will appear at the bottom of the screen. 3. Turn the dial to select [Erase], then press the button to confirm. The access lamp will blink while the image is being erased. <PIC> Note: Protected images cannot be erased unless protection is first canceled. <PIC> , [""Manual10_184"", ""Camera_57""]"
293,"""How can I erase all images from my camera if I don't like these.""","To erase all images from your camera: 1. Display an image on the LCD screen. 2. Press the button to open the erase menu (the Erase menu appears at the bottom of the screen). 3. Turn the dial to select [All], then press the button. 4. A confirmation dialog will appear — turn the dial to select [OK], then press. All unprotected images will be erased. Note: Protected images will not be erased unless you first cancel their protection. For a complete reset (including protected images), you may format the CF card — but this erases everything, so back up important images first. <PIC> <PIC> <PIC> , [""Manual10_184"", ""Manual10_185"", ""Manual10_186""]"
294,"""How do I print photos using the camera's CP direct method after taking them?""","To print photos using the camera's CP Direct method after taking them, follow these steps: 1. Ensure your printer supports CP Direct (a Canon-specific direct printing standard). 2. Connect the camera to the printer using the dedicated interface cable — make sure the cable plug’s icon faces the front of the camera <PIC>. 3. Turn on both the camera and printer. 4. On the camera’s LCD monitor, navigate to the print menu: turn the $<\!\!\in\!\!\supset\,>$ dial to select [OK], then press $<\widehat{\sf{S E I}}>$ to start printing <PIC>. 5. Before printing, set the [Style] and [Paper settings] as needed (e.g., L size, credit card size) — for index printing, CP Direct supports up to 20 images on credit card–sized paper <PIC>. 6. Select the image(s) to print — ensure the $<\!\!\nabla\!\!\circ\!\!\!\!\slash>$ icon appears on the LCD upper left, then use the $<\!\!\in\!\!\supset\,>$ dial to choose images <PIC>. 7. Confirm settings and press $<\widehat{\sf{S E I}}>$ to begin. To stop printing, press $<\widehat{\sf{S E I}}>$ when [Stop] is displayed, then select [OK] . Note: RAW images are not supported; only JPEG files can be printed directly. , [""Manual10_190"", ""Manual10_194"", ""Manual10_212"", ""Manual10_188""]"
295,"""How do you set up the camera to fine tune the model when using it?""","To fine-tune the camera model setup, follow these steps: 1. Physically aim the lens by tilting (up to 65°), rotating (up to 350°), and panning (up to 350°) the camera sensor and lens unit. 2. Use the Dashboard interface to remotely adjust zoom and focus — these cannot be adjusted physically. 3. Remove the protective plastic sticker and verify LED functionality. 4. Fine-tune the image composition by looking through the camera view on the Dashboard. Note that software-based image rotation is limited to 180° only; no other software adjustments (e.g., tilt or pan) are supported. <PIC> <PIC> <PIC> , [""Manual33_6"", ""Manual33_7"", ""Manual33_8""]"
296,"""After the earphones is in my hand, what are the components I should have?""","When you have the earphones in hand, you should have the following components: 1. Left and right truly wireless earbuds (each with a multifunction button and status LED indicators); 2. A charging case with battery level LED indicators and a power button on the right side; 3. A USB-C charging cable (for charging the case); 4. Optional: Quick Start Guide and safety/warranty documentation. The earbuds feature Active Noise Canceling (ANC), Bluetooth pairing capability, and voice control support when enabled via the companion app. <PIC> <PIC> <PIC> , [""Manual12_0"", ""Manual12_1"", ""Manual12_2""]"
297,"""If the case battery of earphones is low, how can I charge is?""","To charge the earphone charging case: 1. Insert the USB-C cable into the charging port located at the back of the charging case. 2. Connect the other end of the cable to a compatible USB power source (e.g., USB wall adapter or computer USB port). 3. The Battery Level LED Indicators on the case will light up to show the current charge level. 4. You can also check the case battery level at any time by pressing the button on the right-hand side of the case. <PIC> , [""Manual12_0""]"
298,"""When bluetooth are pairing and connecting, what scenarios I might encounter?""","During Bluetooth pairing and connecting, you may encounter several common scenarios: 1. **Automatic Reconnection**: If your earbuds have been previously paired to a nearby device, they will automatically reconnect to it when powered on and within range — no manual pairing needed. 2. **Pairing Mode Activation**: When removed from the charging case, earbuds enter pairing mode (LEDs indicate status <PIC>). You can also manually trigger pairing by turning Bluetooth OFF on your current device or by pressing and holding either earbud. 3. **Multipoint Connection Setup**: To connect to two devices (e.g., phone + laptop), first disconnect from the first device (by turning its Bluetooth OFF), then pair with the second device, and finally re-enable Bluetooth on the first — earbuds will auto-reconnect and maintain both links. 4. **Connection Failure or Interference**: Bluetooth may fail to connect due to distance, obstacles, low battery, or RF interference (e.g., from Wi-Fi routers or microwaves). Ensure Bluetooth is ON, devices are within 10 meters, and earbuds are charged and unobstructed. 5. **LED Status Indications**: Different LED patterns show pairing progress, connection status, or battery level — refer to your device’s indicator guide for precise meanings <PIC>. , [""Manual12_6"", ""Manual12_7""]"
299,"""What are the two main controling functions of earphones?""","The two main controlling functions of the earphones are: (1) Controlling Music — including play, pause, skip track, adjust volume, and launch music apps; and (2) Controlling Calls — including answering, rejecting, and ending calls. Additional control features include voice assistant activation, ambient awareness / ANC mode switching, and Low Latency Mode toggling for gaming or video sync."
300,"""Besides the two main controling functions, what other functions of the earphones can I operate?""","Besides the two main controlling functions (music playback and call handling), your earphones support several additional functions: 1. **Voice Assistant Activation**: Press and hold either earbud until the first beep to activate your phone’s built-in voice assistant (e.g., Siri, Google Assistant). 2. **Ambient Awareness & ANC Mode Cycling**: Tap the left earbud to cycle through Ambient Awareness ON, ANC ON, and OFF modes. 3. **Low Latency Mode**: Press and hold until the second beep to toggle Low Latency Mode — ideal for gaming or lip-sync-sensitive video playback. 4. **Multipoint Bluetooth Connection**: Connect simultaneously to two devices (e.g., smartphone + laptop); switch seamlessly between them for calls or audio. 5. **App-Based Customization**: Via the companion app, you can customize button actions, enable hands-free voice control (e.g., say 'Hey assistant' followed by commands like 'Play', 'Volume Up', 'Noise Canceling ON'), browse advanced features, and update firmware for optimal performance <PIC>. 6. **Hardware & Factory Reset**: Perform a hardware reset (10-sec press) to restart unresponsive earbuds, or a factory reset (6-sec press) to erase all settings <PIC>. 7. **Voice Commands (ANC & Media)**: With voice control enabled, use natural-language commands such as 'Ambient OFF', 'Spotify', 'Next', or 'End Call' — no wake phrase needed for incoming calls <PIC>. , [""Manual12_13"", ""Manual12_11"", ""Manual12_13""]"
301,"""If my earphones won't work, how can I reset them?""","If your earphones aren't working, you can try a hardware reset (restart) or a factory reset. First, ensure the earbuds are disconnected from Bluetooth and removed from the charging case. To perform a hardware reset — which restarts unresponsive earbuds — press and hold either earbud for 10 seconds, then press again to power on <PIC>. For a factory reset — which erases all settings — press and hold for 6 seconds <PIC>. Note: Flashing red and blue lights typically indicate the earbuds are in pairing or reset mode <PIC>. , [""Manual12_11"", ""Manual12_12"", ""Manual12_13""]"
302,"""What are the maintenance and care policies of the earphones?""","Here are the maintenance and care policies for your earphones: - Clean your earphones regularly using only a soft, dry cloth or paper towel. Never use harsh chemicals, alcohol, ammonia, benzene, or abrasive cleaners. - Always ensure the earphones are completely dry before charging or storing. - Store them in a cool, dry place away from direct sunlight, extreme heat (above 100°F), or freezing temperatures. - Avoid pulling or yanking the charging cable—connect and disconnect gently. - Do not expose earphones to water, moisture, or wet surfaces; they are sweat and dust resistant (IP55) but not waterproof. - Do not drop, crush, or subject them to excessive physical force. - Do not attempt self-repair—if service is needed, contact an authorized service center. - When disposing of earphones, please recycle responsibly per local municipal regulations or contact the manufacturer for guidance."
303,"""From three different observing views, what buttons and interfaces should this eReader have?""","Based on the provided documentation, the eReader’s physical buttons and interfaces—described across three observing views—are as follows: • FRONT VIEW: [1] Home/ESC button (for canceling operations or returning to previous interface); [2] Prev/Next Page buttons; [3] Navigation/Menu button (4-way directional + menu/confirm function); [4] Zoom in/out button (adjusts JPEG zoom and eBook font size); [5] Rotate button (switches between horizontal/vertical orientation); [6] 3.5 mm Earphone Jack; [14] Speaker (0.5W); [15] 7” TFT LCD Display Screen <PIC>. • BOTTOM VIEW: Charging port (enables USB charging mode with on-screen battery icon <PIC>); brightness control (5-level adjustment <PIC>); color setting (5 selectable text/background colors <PIC>); and flip time setting (5 options: 10–30 sec <PIC>). • MAIN MENU INTERFACE (software view, accessible via Navigation/Menu): Includes 'Browser History', 'eBook', 'Music', 'Video', 'Photo', 'Record', 'Explorer', and 'Settings' — all navigable using the front-panel controls <PIC>. , [""Manual13_1"", ""Manual13_3"", ""Manual13_6"", ""Manual13_6"", ""Manual13_6"", ""Manual13_3""]"
304,"""What do the functions of Main Menu and Browser History of the eReader can do?""","The 'Main Menu' serves as the central hub of the eReader, displaying all available functions including 'Browser History', 'eBook', 'Music', 'Video', 'Photo', 'Record', 'Explorer', and 'Settings'. From here, you can select any function to access its features. <PIC> The 'Browser History' lists recently browsed files (e.g., eBooks). Use the navigation keys to highlight a book and press the 'M' button to resume reading from the last page you viewed. Note: If a file has been deleted from the Micro SD card, it may still appear in the Browser History list—but it cannot be opened. <PIC> , [""Manual13_3"", ""Manual13_4""]"
305,"""When in eBook mode of this eReader, what will happen after pressing \""M\"" botton?""","When in eBook mode, pressing the ""M"" button opens a menu with multiple options: ""Page Jump"", ""Save Mark"", ""Load Mark"", ""Del Mark"", ""Browser Mode"", ""Flip Time"", ""Brightness"", and ""Set color"". You can navigate and select any of these functions using the navigation controls, then confirm your selection by pressing the ""M"" button again."
306,"""If I want to listen to music using this eReader, what should I do?""","To listen to music on your eReader, follow these steps: 1. Transfer audio files (MP3, WMA, WAV, AAC, etc.) to the device by connecting it to your computer via USB cable and dragging the files into the device's storage. 2. From the main menu, open the 'Music Mode' or audio files list. 3. Select your desired audio file and press 'M' to enter playback mode. 4. Use the 'Play/Pause' button (button [9] on the front) to start or pause playback. 5. Adjust volume using the Volume Up/Down buttons ([11] and [12]) or navigation keys. You can also use the left/right keys to skip tracks or hold them to fast-forward/rewind. Additional features like Repeat Mode, EQ settings, and background playback (while reading or browsing) are supported. <PIC> , [""Manual13_7""]"
307,"""Can this eReader record voice? If so, how do I operate this feature?""","Yes, this eReader supports voice recording. To use the feature: 1. From the main menu, select ""Record"". 2. Press the ""M"" button to enter voice record mode. 3. Press the ""Play/Pause"" button to start recording. 4. Press ""Play/Pause"" again to pause, or press the ""HOME"" button to stop recording. 5. After stopping, you’ll be prompted to save the recording — press ""M"" to select ""YES"" to save or ""NO"" to discard. <PIC> <PIC> , [""Manual13_11"", ""Manual13_12""]"
308,"""I can't find the way to play video using this eReader, can you tell me how to do that?""","To play videos on your eReader, follow these steps: 1. From the main menu, navigate to and select ""Video"". 2. Press the ""M"" key to enter Video mode. 3. Your supported video files (AVI, RMVB, MPEG2, MP4, MOV) will appear — select the desired file to begin playback. While playing, you can press ""M"" again to access video controls such as Subtitle Language, Time Play, Full Screen (with options: Full screen / Normal / Original), and Brightness adjustment (5 levels). <PIC> <PIC> , [""Manual13_9"", ""Manual13_10""]"
309,"""Can this eReader become a photo viewer? If so, how do I operate this feature?""","Yes, this eReader can function as a photo viewer. It supports common image formats including JPG, GIF, and PNG. To view photos: 1. Insert a microSD card (up to 16GB) containing your images — ensure the device is powered off before insertion. 2. Power on the device and navigate to the photo viewer mode (typically accessible via the main menu or file browser). 3. Select an image to open it. 4. Use the 'Play/Pause' key to rotate the photo counterclockwise <PIC>. 5. Use the designated zoom keys to zoom in or out <PIC>. Note: Larger image files may take longer to load or rotate. , [""Manual13_10"", ""Manual13_1""]"
310,"""When using this eReader, what kinds of trobles might I encounter and how to solve them?""","When using this eReader, you may encounter several common issues. Here’s how to identify and resolve them: 1. **Device won’t power on** - Ensure the battery is sufficiently charged — connect the device and wait until the charging indicator (e.g., battery icon <PIC>) appears and fills. - If no response after full charging, the device may be defective; contact the manufacturer for support. 2. **Unable to charge** - Try using the AC adapter instead of a computer USB port (charging via PC is slower and may not provide enough power). - Check for a defective AC adapter or USB cable — replace either if faulty (contact manufacturer for replacements). 3. **No sound or distorted audio with earphones** - Confirm volume is not set to 0. - Test with another pair of earphones. - Use high-bitrate audio files (low-quality MP3/WMA files may cause noise or distortion). 4. **Cannot download or transfer files** - Verify the USB cable is functional. - Check if internal memory is full — delete unnecessary files to free space. - For older systems like Windows 98, install a compatible USB 2.0 driver (available on the manufacturer’s website). 5. **Screen display issues or poor performance** - Avoid use outside the recommended temperature range (32–120°F / 0–50°C) — extreme cold or heat degrades screen clarity. - Keep the device away from moisture, dust, direct sunlight, and physical impact (e.g., drops, bending, or pressure on the screen). - Always store it in the provided leather case when not in use. 6. **General care & safety** - Never attempt to disassemble, repair, or replace the built-in Li-Polymer battery yourself — only authorized technicians may do so. - Clean only with a soft, dry cloth — avoid harsh chemicals or liquids. - Firmware updates and the full user manual are available for download on the manufacturer’s website. If any issue persists despite these steps, please contact the manufacturer directly for further assistance. , [""Manual13_3""]"
311,"""When connecting the fax, hwo can I properly finish the procedure?""","To properly complete the fax connection procedure, please follow these key steps: 1. Ensure the fax machine is placed in a safe, dry location away from water, heat sources, and foot traffic on cords. 2. Plug the AC power cord fully into a grounded outlet — do not use extension cords or unapproved cables. 3. Connect the telephone line to the ""LINE"" port (not ""EXT"") on the fax using a standard telephone cable. 4. Verify that the power and line indicators are lit; if not, check connections and power supply. 5. Refer to the Quick Setup Guide for model-specific initialization (e.g., date/time setup, receiving mode selection). For detailed step-by-step instructions and diagrams, consult the official Online User's Guide or your product’s Quick Setup Guide. If issues persist after proper installation, contact brand of the fax Authorized Service Center for support."
312,"""What should I pay attention to in order to ensure my safety when using this fax?""","To ensure your safety when using this fax, please pay attention to the following key points: 1. Read the full Product Safety Guide before operation or maintenance, and follow all warnings and instructions marked on the product <PIC>. 2. Place the fax on a stable, level surface near a telephone wall jack and a standard AC power outlet — avoid unstable furniture or busy areas <PIC>. 3. Keep liquids, metal objects, and plastic bags away from the device; spilled liquid or foreign objects inside the unit may cause fire or electrical shock — unplug immediately and contact Authorized Service Personnel if this occurs <PIC>. 4. Inspect the power cord regularly: do not use if frayed or damaged, avoid stretching or stepping on it, and never pull from the middle of the cord <PIC>. 5. Never attempt self-repair — opening the unit may expose you to dangerous voltage and void your warranty; always refer servicing to a brand of the fax Authorized Service Center. 6. Do not use during thunderstorms, and avoid connecting to DC power sources or inverters — only use the AC power source specified on the rating label. , [""fax_01"", ""Manual15_2"", ""Manual15_4"", ""Manual15_6""]"
313,"""In order to keep your fingers safe, what should you pay attention to about the fax?""","To keep your fingers safe when using the fax, be careful not to put your fingers in the areas shown in the illustrations <PIC><PIC><PIC>, especially when adjusting the paper tray or changing tray size — avoid pinching your fingers in gaps or slots in the bottom of the tray. Always follow all safety warnings and instructions marked on the product and in the manual. , [""Manual15_7"", ""Manual15_8"", ""Manual15_9""]"
314,"""I'm about to move this fax. Is there anything I should pay attention to?""","When moving your fax machine, please pay attention to the following safety and setup considerations: 1. Unplug the device from both the AC power outlet and telephone line before moving. 2. Avoid placing it on unstable surfaces—use a sturdy, level desk or table away from high-traffic areas. 3. Keep the power cord untangled and free from strain or sharp bends; never pull from the middle of the cord <PIC>. 4. Ensure the new location has easy access to both a grounded AC power outlet and a telephone wall jack (for fax functionality) <PIC>. 5. Do not use extension cords—brand of the fax strongly recommends direct connection to a proper outlet <PIC>. 6. After relocation, inspect the unit for physical damage (e.g., dropped or cracked casing); if found, do not power it on—contact Authorized Service Personnel immediately <PIC>. 7. For safe operation, always refer to the Quick Setup Guide and follow all warnings in the Product Safety Guide. If you have further questions, contact brand of the fax Customer Service. , [""Manual15_6"", ""Manual15_2"", ""Manual15_6"", ""Manual15_4""]"
315,"""Are caution or warning labels inside the fax important? If not, can I remove them?""","Yes, caution and warning labels inside the fax are important for safety and proper operation. They provide critical information about electrical hazards, safe handling, service restrictions, and compliance requirements. According to the official safety instructions: 'DO NOT remove or damage any of the caution or warning labels inside the product.' <PIC> Removing them may void your warranty, increase risk of injury or equipment damage, and compromise compliance with safety regulations. , [""Manual15_14""]"
316,"""If I'm in Canada, is there any statement of the fax vailable in my country?""","Yes, the Statement of Limited Product Warranty is available and applicable in Canada. As stated in the warranty documentation: 'The limited warranty [...] applies only to the appliance sold to you, the first using purchaser, provided that the Product was purchased [...] Within the United States or Canada, and has at all times remained within the country of original purchase.' This confirms that the warranty is valid for products purchased and used in Canada. For full details, please refer to your product’s official Online User's Guide or contact Brother Customer Service."
317,"""When using the grill, how to connect regulator to the LP Tank?""","To connect the regulator to the LP tank: 5. Hold the regulator and insert its nipple straight into the LP tank valve—ensure the nipple is centered. Hand-tighten the coupling nut while keeping the regulator aligned with the tank valve to avoid cross-threading. 6. Turn the coupling nut clockwise until it reaches a full stop; you’ll feel resistance as the regulator seals via the back-check feature in the tank valve. Then apply an additional one-half to three-quarters turn by hand only—do not use tools. If you cannot complete the connection, disconnect and repeat steps 5 and 6. If still unsuccessful, do not use this regulator. <PIC> After connection, fully open the LP tank valve (turn OPD hand wheel counterclockwise). If you hear a rushing sound, turn gas off immediately—a major leak is present. Always perform a leak test using a 50/50 soap-and-water solution brushed onto connections—look for growing bubbles. <PIC> , [""drill0_04"", ""drill0_05""]"
318,"""To engure my safety when using the grill, how to do leak testing on valves, hose and regulatol?""","To ensure your safety, perform a leak test on valves, hose, and regulator as follows: 1. Turn all grill control knobs to OFF. 2. Close the LP tank valve (turn hand wheel clockwise to a full stop). 3. Mix a 50/50 solution of mild soap and water — do NOT use household cleaning agents or open flames. 4. Using a clean paintbrush, apply the soapy solution to all connections: valve outlet, hose fittings, regulator inlet/outlet, and any threaded joints. 5. Slowly open the LP tank valve. 6. Watch for 'growing' bubbles — if they appear, there is a leak. Immediately close the LP tank valve, retighten the connection, and retest. 7. If leaks persist or cannot be stopped, do NOT attempt repair — contact your LP gas supplier or fire department. 8. Always perform leak testing outdoors in a well-ventilated area, away from ignition sources and open flames. 9. Never insert tools or foreign objects into the valve outlet or safety relief valve — this may cause damage and leakage. <PIC> <PIC> , [""Manual19_6"", ""Manual19_74""]"
319,"""What should I pay attention to on ablout indirect cooking using the grill?""","When using indirect cooking on your grill, please pay attention to the following key points: 1. **Preheat properly** — Light all burners, close the lid, and preheat on HIGH for 15 minutes before cooking to ensure even heat distribution. 2. **Configure burners correctly** — Turn off one or more burners (depending on grill model) to create a no-flame zone; place food over that area while keeping adjacent burners lit to surround it with ambient heat. 3. **Maintain lid closed** — Keep the lid down throughout indirect cooking to retain consistent temperature and promote convection-style roasting. 4. **Monitor internal temperature** — Use a meat thermometer to verify doneness, as indirect cooking takes longer and surface browning is minimal. 5. **Ensure proper ventilation & safety** — Never block air vents; use only in well-ventilated outdoor areas, and maintain at least 3 ft. clearance from walls and 10 ft. from ignition sources. 6. **Keep grill clean** — Regularly remove grease buildup from the bottom and burner assembly to prevent flare-ups or grease fires, especially critical during longer indirect sessions. <PIC> , [""Manual19_0""]"
320,"""What are the first three steps in assembly process of the grill according to the manual?""","The first three steps in the assembly process of the grill are not explicitly listed in the provided manual excerpts. However, based on the referenced assembly-related instructions and standard grill assembly logic, the initial steps typically involve: 1. Unpacking all parts and verifying contents against the parts list; 2. Assembling the base or cart frame using the included hardware and required tools (e.g., adjustable wrench, screwdriver); 3. Attaching the main grill body or firebox to the frame and securing it with mounting screws. For precise, step-by-step guidance, please refer to the full Assembly section in your grill’s Use and Care Guide — or call the Grill Service Center at 1-800-241-7548 for live assistance."
321,"""Can you share me some safety tips using the grill?""","Certainly! Here are key safety tips for using your gas grill: 1. **Ventilation & Placement**: Use the grill only in well-ventilated outdoor areas — NEVER in enclosed spaces (e.g., garages, porches, covered patios, or under overhead structures). Maintain at least 3 ft. clearance from walls or surfaces, and 10 ft. from flammable objects or ignition sources (e.g., water heater pilot lights, electrical appliances). <PIC> 2. **LP Tank Safety**: Before opening the tank valve, check that the coupling nut is tight. Always close the LP tank valve when the grill is not in use — and after performing a leak test. If you see 'growing' bubbles during a leak test, close the valve immediately and retighten connections. Do not attempt repairs if leaks persist — contact Sears for replacement parts. <PIC> 3. **Grease Fire Prevention**: Never use water on a grease fire — it can cause dangerous splattering. Instead, turn off all control knobs and the LP tank valve immediately. Regularly clean the grease tray (after each use, once cooled) and inspect the grill bottom for grease buildup — especially after cooking fatty meats. 4. **Operation & Supervision**: Never leave the grill unattended while preheating or burning off residue. Keep children and pets away from the grill area. Use long-handled utensils and oven mitts to avoid burns — never move the grill while hot or in operation. 5. **Additional Precautions**: Do not modify the grill for use in RVs, boats, or outside the U.S./Canada. Apartment dwellers should confirm local fire codes and management approval before use. For full details, refer to your Use and Care Guide. , [""Manual19_6"", ""Manual19_0""]"
322,"""What are identification numbers of my jetski? I don't understand that.""","Your jetski has three main identification numbers you should record for service, parts ordering, or theft recovery: 1. **Frame Number (Hull Identification Number / HIN)**: A nine-digit number stamped on the frame — this is your primary hull ID. (See <PIC>) 2. **Engine Number (Primary I.D.)**: Stamped on the engine itself — used to identify the power unit. (See <PIC>) 3. **Key Number**: Associated with your ignition key — helpful for key replacement. (See <PIC>) We recommend writing these down and storing them separately from your jetski. For exact locations, refer to Figures A and B in your Owner’s Manual. , [""Manual34_0"", ""Manual34_1"", ""Manual34_2""]"
323,"""I've heard that my jetski has cruising limitations. Please introduce them.""","Your jetski has several important cruising limitations designed to ensure your safety and compliance with waterway regulations. Here's a summary: 1. **Water Depth**: Never operate in water less than 60 cm (2 ft) deep — risk of striking submerged objects increases significantly. 2. **Maneuvering Restrictions**: Avoid sharp turns, jumping wakes or waves, and aggressive maneuvers — these can lead to loss of control, ejection, or serious injury (e.g., spinal, facial, or bone injuries). 3. **Visibility & Conditions**: Do not operate in rough water, bad weather, or low-visibility conditions (e.g., fog, heavy rain, or darkness). This watercraft lacks required lighting for night operation — do not ride before dawn or after sunset. 4. **Situational Awareness**: Constantly scan for people, objects, and other watercraft. Maintain safe speed and distance; never follow closely behind others or spray bystanders. Avoid areas with submerged hazards or shallow zones. 5. **Operator Requirements**: Minimum recommended operator age is 16. Minors must be supervised by adults. A state-approved boating safety course is strongly recommended — and may be legally required where you ride. 6. **Legal Compliance**: Your jetski is classified as a powerboat under U.S. Coast Guard and international 'Rules of the Road'. Always follow local and federal navigation rules. For full details, refer to your Owner’s/Operator’s Manual <PIC>. Additional safety resources are available through the U.S. Coast Guard and NASBLA (National Association of State Boating Law Administrators). , [""Manual20_16""]"
324,"""I've heard that my jetski has cruising limitations. Please introduce them.""","Your jetski has several important cruising limitations designed to ensure your safety and compliance with waterway regulations. Here's a summary: 1. **Water Depth**: Never operate in water less than 60 cm (2 ft) deep — risk of striking submerged objects increases significantly. 2. **Maneuvering Restrictions**: Avoid sharp turns, jumping wakes or waves, and aggressive maneuvers — these can lead to loss of control, ejection, or serious injury (e.g., spinal, facial, or bone injuries). 3. **Visibility & Conditions**: Do not operate in rough water, bad weather, or low-visibility conditions (e.g., fog, heavy rain, or darkness). This watercraft lacks required lighting for night operation — do not ride before dawn or after sunset. 4. **Situational Awareness**: Constantly scan for people, objects, and other watercraft. Maintain safe speed and distance; never follow closely behind others or spray bystanders. Avoid areas with submerged hazards or shallow zones. 5. **Operator Requirements**: Minimum recommended operator age is 16. Minors must be supervised by adults. A state-approved boating safety course is strongly recommended — and may be legally required where you ride. 6. **Legal Compliance**: Your jetski is classified as a powerboat under U.S. Coast Guard and international 'Rules of the Road'. Always follow local, state, and federal boating laws. For full details and visual guidance, refer to your Owner’s/Operator’s Manual — particularly sections illustrated in <PIC>, <PIC>, and <PIC>. , [""Manual20_16"", ""Manual20_18"", ""Manual20_17""]"
325,"""What are the operation requirements if I want to use my jetski?""","To safely and legally operate your jetski, please follow these key operation requirements: 1. **Operator Qualifications**: You must be at least 16 years old; minors require adult supervision. Check your state’s specific age and boating safety course requirements — completion is often mandatory or strongly recommended. 2. **Mandatory Reading & Training**: Before first use, thoroughly read the Owner’s/Operator’s Manual, Riding Practice Guide, Riding Instruction card, and all warning/caution labels <PIC>. Watching the Basic Orientation Video is also highly recommended to reinforce safe practices <PIC>. 3. **Personal Safety Equipment**: All riders must wear a U.S. Coast Guard–approved personal flotation device (PFD) rated for personal watercraft use. Additionally, wear protective clothing — such as a wetsuit bottom or thick, snug-fitting denim — to prevent injury from high-pressure water entry; spandex or bicycle shorts are not acceptable <PIC>. 4. **Legal Compliance**: Your jetski is classified as a powerboat under U.S. law. You must obey all applicable Rules of the Road for waterways, enforced by the U.S. Coast Guard and local authorities — including right-of-way, speed limits, and no-wake zones <PIC>. 5. **Required Onboard Equipment**: Carry a sound-signaling device (e.g., whistle), visual distress signals (e.g., USCG-approved pyrotechnics), a watch, and an emergency towline. , [""Manual20_12"", ""Manual20_12"", ""Manual20_19"", ""Manual20_26""]"
326,"""What kinds of watercraft characteristics does my jetski have?""","Your Jet Ski watercraft has the following key characteristics: 1. Propulsion: It uses jet thrust for propulsion — releasing the throttle completely produces only minimum thrust, and steering ability decreases rapidly at speeds above trolling without throttle input <PIC>. 2. Capacity: Designed for operator + one passenger, with a maximum load limit of 160 kg (353 lb), including all cargo, operator, and passenger weight <PIC>. 3. Handling: Requires significant skill when carrying a passenger; jetski recommends gaining substantial solo riding experience before adding a passenger <PIC>. 4. Legal classification: Legally considered a powerboat and must be operated in compliance with local and international 'Rules of the Road' for waterways <PIC>. 5. Safety-critical operation: Must be used only in open areas (never enclosed spaces) due to carbon monoxide risk from exhaust fumes . , [""Manual20_24"", ""Manual20_12"", ""Manual20_19"", ""Manual20_26""]"
327,"""When encountering vessels driving my jetski, what rules should I obey?""","When encountering other vessels while operating your jetski, you must follow the 'Rules of the Road'—as jetskis are legally considered powerboats. Key rules include: 1. **Meeting head-on**: Neither vessel has right-of-way; both must alter course to pass port-to-port (keep the other vessel on your left side) <PIC>. 2. **Crossing situations**: The vessel approaching from your starboard (right) side generally has right-of-way—you are the give-way vessel <PIC>. 3. **Overtaking**: You are the give-way vessel when passing another vessel; maintain safe distance and clear the vessel before resuming course <PIC>. 4. **Narrow channels/bends**: Keep to the right when safe and practical <PIC>. 5. **General prudential rule**: If collision appears unavoidable, *both* vessels must take immediate action to avoid it—even if normally designated as 'stand-on' . Always maintain a safe distance, use a sound-signaling device (e.g., whistle), check behind before turning, and consult your local U.S. Coast Guard or DMV for region-specific regulations. , [""Manual20_26"", ""Manual20_27"", ""Manual20_29"", ""Manual20_22""]"
328,"""I'd like to remove and install the seat of my jetski, what steps should I follow?""","To remove and install the seat of your jetski, follow these steps: **To remove the seat:** 1. Locate the seat latch <PIC> at the rear of the seat. 2. Pull the seat latch upward. 3. Gently pull the seat straight back and off the deck. **To install the seat:** 1. Align the front projection of the seat with the stay on the deck. 2. Insert the projection into the stay. 3. Push down firmly on the rear of the seat until it locks securely in place. ⚠️ IMPORTANT: Always verify that the seat is fully secured before operating the watercraft. , [""Manual20_34""]"
329,"""In daily usage, how to open and close the hood of the jetski?""","To open the hood of the jetski: Push the hood latch <PIC> down, and then lift the hood up. To close the hood: Push the hood down firmly until it latches securely in place. Always ensure the hood is fully secured before operating the watercraft. , [""Manual20_36""]"
330,"""I've noticed that there are two different kinds of filler caps on the jetski. How to remove them?""","There are two main types of filler caps on the jetski: the fuel tank filler cap and the oil tank filler cap. To remove either: • **Fuel tank filler cap**: Turn it counterclockwise <PIC>. • **Oil tank filler cap**: Also turn it counterclockwise <PIC>. Both caps must be securely reinstalled before operating the watercraft. Note that the access port cap (a third type, used for jet pump clean-out) is removed differently — hold the handle, push down, and turn counterclockwise until the “SET” mark aligns with the slot, then lift <PIC>. Always ensure the engine is off and the main switch key is removed before accessing internal components. , [""Manual20_40"", ""Manual20_41"", ""Manual09_260""]"
331,"""If I need to manipulate the two kinds of engine switches on the jetski, what should I do?""","To safely manipulate the two kinds of engine switches on your jetski, follow these key steps: 1. **Main Engine Switch (Ignition Key Switch)**: Insert and turn the key to 'ON' to start the engine; turn it to 'OFF' and remove the key after shutdown — never leave the key in the switch unattended (CAUTION: risk of accidental start-up). 2. **Engine Shut-Off Switch (Lanyard Clip Switch)**: Always attach the lanyard clip to your wrist or clothing before operation; if pulled (e.g., during a fall), it instantly cuts power. Before any maintenance or cleaning near the jet intake/impeller, *shut off the engine*, *remove both main switch keys*, and *remove the clip from the engine shut-off switch* to ensure complete de-energization (WARNING: severe injury or death may result from rotating parts). Confirm all moving parts have stopped before proceeding."
332,"""There are two kinds of levers on the jetski, how to manipulate them?""","On your jetski, the two main levers are the throttle lever and the motion-control levers (often integrated into the handlebars for steering and thrust direction). Here's how to manipulate them: 1. **Throttle Lever**: Squeeze the throttle lever (typically on the right handlebar) to increase engine speed and acceleration; release it to decrease speed or return to idle <PIC>. 2. **Motion-Control Levers**: These control forward/reverse movement and turning. Push both levers forward to go forward, pull both rearward to reverse, and move one forward while pulling the other back to turn sharply in the corresponding direction. Always move both levers outward to the NEUTRAL-LOCK position when stopping or exiting the jetski <PIC>. Note: Some models also feature a choke lever (used only for cold starts) — move it in the indicated direction to engage or disengage the choke <PIC>. , [""Manual20_47"", ""Manual09_207"", ""Manual20_46""]"
333,"""What information should I obtain about Quick Shift Trim System (QSTS) selector when using my jetski""","When using the Quick Shift Trim System (QSTS) selector on your jetski, you should obtain and understand the following key information: 1. **Location**: The QSTS selector is located on the left handlebar grip <PIC>. 2. **Function**: It adjusts the trim angle by changing the vertical position of the jet thrust nozzle. 3. **Positions**: There are 5 trim positions — two bow-down (● and ⊖), one neutral (↰), and two bow-up (© and ⊙). The neutral “N” position is recommended for most operating conditions. 4. **Safe Operation**: - Reduce engine speed to 3,000 r/min or less before adjusting. - Squeeze the shift lock lever (⊙), turn the QSTS selector to your desired position, then release the lever to lock it in place <PIC>. - **Never adjust the QSTS selector at full throttle** — doing so may cause system damage <PIC>. 5. **Purpose of Trim Selection**: - Bow-down positions improve stability at high speeds or in rough water. - Bow-up positions enhance acceleration, maneuverability, or shallow-water operation. For full safety and operational guidance, always refer to your Owner’s/Operator’s Manual and consult an authorized jetski dealer if unsure. , [""Manual20_33"", ""Manual20_52"", ""Manual20_52""]"
334,"""What do fuel meter and hour meter on my jetski do?""","The fuel meter shows your current fuel level using eight segments — it helps you monitor how much fuel remains in the tank while riding. The indication may vary slightly depending on operating conditions, so use it as a general reference. <PIC> The hour meter tracks the total accumulated engine operating hours since the watercraft was new. It’s essential for scheduling routine maintenance (e.g., oil changes, spark plug replacement). Importantly, the hour count is retained even if the battery is disconnected. If the hour meter malfunctions, it will display ""_ _"" and the warning light will blink. <PIC> , [""Manual20_58"", ""Manual20_59""]"
344,"""Inspecting fuel filter and fuel tank of my jetski is important. How to do that?""","Inspecting the fuel filter and fuel tank on your jet ski is critical for safety and performance. Here's how to proceed safely and correctly: 1. **Fuel Filter Inspection & Replacement**: - The fuel filter is a one-piece, disposable unit located near the engine on the left front of the engine <PIC>. - It should be replaced after the initial 10 hours or first month of operation, then every 200 hours or 24 months thereafter — or immediately if water is found in the filter. - **WARNING**: Do not attempt to replace the fuel filter yourself. An incorrectly installed filter can leak gasoline, posing serious fire or explosion hazards. Have a certified Yamaha dealer perform this service. 2. **Fuel Tank Inspection**: - Visually inspect the fuel tank (labeled as $\circleddash$ in the main components diagram <PIC>) for signs of leakage, corrosion, or physical damage. - Check for water contamination: water may settle at the bottom of the tank and cause engine misfires or stalling. If water is suspected or confirmed in the fuel system, have a Yamaha dealer service the watercraft — do not attempt DIY draining or cleaning. - Always ensure the fuel tank filler cap is securely closed after refueling to prevent leaks <PIC>. 3. **Critical Safety Reminders**: - Fuel is highly flammable and poisonous. Never handle fuel near open flame, while smoking, or indoors <PIC>. - Never add fuel while the engine is running or hot — allow it to cool for several minutes first. - Wipe up any spilled fuel immediately. - Use only unleaded gasoline with (R+M)/2 octane rating of 88 or higher. For detailed diagrams, refer to the locations shown in the main components illustration <PIC> and fuel system warnings . , [""Manual23_92"", ""Manual20_34"", ""Manual20_82"", ""snowmobile_03"", ""Manual20_34""]"
345,"""How to adjust the adjustable sponson of my jetski if needed?""","To adjust the adjustable sponsons on your jetski: 1. Remove the bolts <PIC> on both sponsons. 2. Remove both sponsons and reinstall them in your desired position — ensure both are installed to the same level. 3. Tighten the bolts on both sponsons to the correct torque: 18 N·m (13 ft·lb) <PIC>. For detailed visual guidance, refer to the adjustment diagrams in your owner’s manual (see pages 2-19 and 4-23). , [""Manual20_82"", ""Manual20_84""]"
346,"""The intake and impeller of my jetski are dirty. How to clean them?""","To clean the jet intake and impeller safely and effectively, follow these steps: 1. **Stop the engine completely**: Turn off the main switch, remove the key, and disconnect the engine shut-off switch clip. Wait until all moving parts have stopped. 2. **Beach or secure the watercraft**: Place it on a stable, level surface — preferably on its port (left) side. Use a clean cloth or carpet underneath to prevent scratches. Support the bow to avoid handlebar damage. <PIC> 3. **Access the jet pump**: Open the rear platform hatch (see page 63 of your manual). Ensure the retaining cord is secured to the access port cap and strap eye. Then, while holding the handle and pressing down, turn the access port cap counterclockwise until the “SET” mark aligns with the slot — lift the cap. <PIC> 4. **Inspect and clean**: Carefully remove weeds or debris from around the drive shaft, impeller, pump housing, and jet thrust nozzle. Avoid contact with sharp impeller edges. If debris is stubborn or lodged deeply, do not force removal — consult your authorized Yamaha dealer. <PIC> ⚠️ WARNING: Never attempt cleaning while the engine is running or without proper shutdown — severe injury may result from rotating parts. For visual reference, see diagrams illustrating the jet intake location, cleaning procedure, and safe handling positions. , [""Manual20_84"", ""Manual20_85"", ""Manual20_86""]"
347,"""How to start my jetski in different situations?""","Here's how to start your jetski in different situations: 1. **Starting from a dock:** - Board the watercraft from the side. - Attach the engine shut-off cord to your left wrist and clip it to the engine shut-off switch. - Push the watercraft away from the dock, grip the handlebars with both hands, place both feet in the footwell, then press the green start switch (①) to start the engine <PIC>. 2. **Boarding and starting alone (e.g., from water):** - Swim to the rear, place hands on the boarding platform, pull up to a kneeling position, then move to the seat and sit astride. - Attach the engine shut-off cord to your left wrist and clip it to the switch. - Grip handlebars firmly, place feet in the footwell, press the green start switch (①) <PIC>, and scan all directions before accelerating. 3. **Starting with a passenger:** - Board first and attach the shut-off cord. - Have the passenger board from the rear and sit securely on the seat, with feet on the footwell and holding on to you. - Press the green start switch (①) <PIC>, check surroundings thoroughly, then accelerate gradually to planing speed. ⚠️ Important safety notes: - Always verify cooling water flow via the cooling water pilot outlet before operation. - Never exceed total weight limit of 160 kg (353 lb), including operator, passenger, and cargo. - Ensure no boats, obstructions, or swimmers are nearby before starting or accelerating. - Only trained operators aged 16+ should operate — supervision and local boating regulations apply. The green start switch (①) is located on the handlebars <PIC>. For full context, refer to component locations: handlebars (①), footwell (④), intake grate (⑤), and jet intake (⑨) <PIC>. , [""Manual20_48"", ""Manual20_71"", ""Manual20_72"", ""Manual20_73"", ""Manual20_30""]"
348,"""What are basic steps to board my jetski with a passenger in deep water?""","Here are the basic steps to board your jet ski with a passenger in deep water: 1. Ensure the water is at least 60 cm (2 ft) deep — never start the engine in shallower water. <PIC> 2. The operator boards first: swim to the rear, place hands on the boarding platform, pull up to a kneeling position, then move forward and sit astride the seat. Attach the engine shut-off lanyard securely to your left wrist and clip it to the switch. <PIC> 3. Have the passenger move to the rear of the watercraft and hold on for balance while boarding. <PIC> 4. The passenger pulls up onto the boarding platform, kneels, then carefully crawls onto the seat behind the operator. Both should work together to keep the watercraft stable. <PIC> 5. Confirm the passenger has both feet firmly on the footwell floor and is securely holding on to the operator. <PIC> 6. Start the engine at idle, check all directions for boats, swimmers, or obstructions, then gradually accelerate to planing speed. ⚠️ Important safety notes: - Never apply throttle until the passenger is fully seated and holding on. - Total weight (operator + passenger + cargo) must not exceed 160 kg (353 lb). - Practice reboarding in shallow water first — do not attempt with a passenger until you’re experienced riding solo. - Always operate defensively and maintain safe distances from others. , [""Manual20_88"", ""Manual20_71"", ""Manual20_72"", ""Manual20_73"", ""Manual09_247""]"
349,"""If it is difficult to balance the jetski at a stand still, what should I do?""","If it is difficult to balance the jetski at a standstill, the passenger should steady the watercraft while the operator boards. The operator pulls up onto the platform into a seating position, then balances the watercraft. Note: The heavier the total weight (operator + passenger + cargo), the more challenging balance becomes—do not exceed 160 kg (353 lb). <PIC> , [""Manual20_30""]"
350,"""What is the max load of the jetski?""","The maximum load of the jetski is 160 kg (353 lb), which includes the total weight of the operator, passenger, and any cargo. This watercraft is designed for one operator and one passenger only—never exceed 2 persons or the 160 kg limit."
351,"""What is the overview of the base station of a landline?""","The base station of a landline cordless phone (e.g., XL490/XL495 models) serves as the central hub that connects the handset(s) to the telephone line and power supply. Its key functions include: • Providing DECT™ wireless communication with registered handsets; • Enabling call handling (answering, dialing, intercom); • Supporting features like handset location (press to find handsets) and registration mode (press and hold to register new handsets); • Connecting to the wall telephone socket via the line cord and to mains power via the adapter; • Displaying signal strength (number of bars) — more bars indicate better connection <PIC>; • Ensuring compatibility via GAP standard for basic interoperability with other DECT™ GAP-compliant devices <PIC>. , [""Manual22_18"", ""Manual22_19""]"
352,"""How can you connect the base station of a landline?""","To connect the base station of your landline phone, follow these steps: 1. Connect the line cord: Plug one end into the telephone socket at the bottom of the base station and the other end into the wall telephone socket. 2. Connect the power adapter: Plug one end into the DC input jack at the bottom of the base station and the other end into a wall power socket. <PIC> <PIC> Ensure the base station has power supply before proceeding. Once powered and connected to the telephone line, the base station is ready for handset registration. For registering handsets, you can use auto-registration (place the unregistered handset on the base) or manual registration via the handset menu under [Services] > [Register]. , [""Manual22_23"", ""Manual22_22""]"
353,"""How can you install the handset of a landline?""","To install the handset of a landline phone: 1. Ensure the base station is properly connected — plug the line cord into the telephone socket on the wall and into the base station, and connect the power adapter to a wall socket <PIC>. 2. The handset comes with pre-installed batteries; simply remove the battery protection tape from the battery door before first use <PIC>. 3. Place the handset onto the base station to charge and register — it will auto-register in less than two minutes when placed correctly (you’ll hear a docking sound) <PIC>. 4. Once registered, the signal bars will appear on the handset display, confirming it’s connected and ready for calls. , [""Manual22_20"", ""Manual22_23"", ""Manual22_21""]"
354,"""How can you check the battery level of a landline?""","To check the battery level of a landline handset: 1. Look at the display screen — most cordless landline handsets show a battery icon indicating current charge level <PIC>. 2. When the handset is placed on the charger or base station, the battery indicator will light up or animate to reflect charging status or full charge . 3. If the battery is low, you may hear warning tones during a call, and the call may disconnect shortly after . 4. In standby mode, the battery icon remains visible on the main screen along with time, date, and signal strength. , [""Manual12_0""]"
355,"""What can you do if your landline is in searching status?""","If your landline handset is in 'searching' status, try the following steps: 1. Ensure the base station has power supply. 2. Register the handset to the base station (see 'Unregister the handsets' section in the Services chapter for registration instructions). 3. Move the handset closer to the base station to improve connection. 4. Check that the handset is not out of battery — if warning tones sound or signal bars are low, charge the handset or bring it nearer to the base. Note: When ECO+ mode is activated, signal strength may not display, which can affect connection stability. <PIC> , [""Manual22_58""]"
356,"""How can you know about the current status with different LED indicator behavior on a landline?""","You can determine the current status of your landline phone by observing the LED indicator behavior on either the handset or base station. The specific meaning of each LED pattern (e.g., solid, flashing, color, interval) is documented in the user manual’s LED status tables. To view or customize LED behavior: go to [Menu] > [Phone setup] > [LED status], then select [Events status] for call-related indicators or [Charge status] for battery charging feedback. For charging status confirmation, also check the battery icon animation and docking tone — and ensure clean contacts and proper placement on the charger. Refer to the LED indicator tables in your manual for full interpretation. <PIC> <PIC> , [""Manual22_10"", ""Manual22_11""]"
357,"""How can you know about the current status with different LED indicator behavior on the base station of a landline?""","The current status of the base station can be determined by observing its LED indicator behavior. According to the documentation, a dedicated table (referenced in the manual) explains what each LED pattern — such as solid on, flashing, or off — signifies (e.g., standby, charging, registration mode, or connection status). While the exact LED meanings are listed in that table, the base station’s LED behavior is not configurable via menu settings — unlike the handset, which allows LED customization under [Menu] > [Phone setup] > [LED status]. For troubleshooting (e.g., if the base station LED is off or blinking abnormally), ensure it has power and is properly connected; you may also press and hold the 'Find Handset' button to enter registration mode <PIC>. Refer to the LED status table in your user manual for precise interpretations. <PIC> , [""Manual22_18"", ""Manual22_58""]"
358,"""How can you lower the roll bar of a lawn mower?""","To lower the roll bar of the lawn mower, follow these steps: 1. Remove the hairpin cotters and then remove the two pins (refer to Figure 9). 2. Lower the roll bar to one of the two down positions (see <PIC>). Important: Lower the roll bar only when absolutely necessary — there is no rollover protection in the down position, and you must not wear the seat belt while it is lowered. Always raise the roll bar as soon as overhead clearance permits. , [""Manual23_40""]"
359,"""How can you adjust the rear-shock assemblies for a lawn mower with suspension system only?""","To adjust the rear-shock assemblies on a lawn mower with suspension system only: 1. Locate the rear-shock assemblies (refer to Figure 14). 2. Adjust both left and right assemblies to the *same position*—this is critical for balanced handling and safety <PIC>. 3. The assemblies slide within slots that feature detent positions (e.g., 'Firmest' and 'Softest') for reference, but you may position them anywhere along the slot—not just at detents <PIC>. 4. For a softer ride, move the assemblies toward the 'Softest' position; for a firmer ride, move them toward the 'Firmest' position <PIC>. 5. Always verify symmetry and recheck ride comfort after adjustment. , [""Manual34_180"", ""Manual34_181"", ""Manual23_25""]"
360,"""How can you adjust the height of cut for a lawn mower with an electric deck lift?""","To adjust the height of cut for a lawn mower with an electric deck lift: 1. Push up on the deck-lift switch (Figure 31) to raise the deck <PIC>. 2. Push down on the deck-lift switch (Figure 31) to lower the deck <PIC>. 3. Select the desired height-of-cut hole in the height-of-cut bracket and insert the height-of-cut pin (Figure 32) <PIC>. , [""Manual23_55"", ""Manual23_56"", ""Manual23_57""]"
361,"""How can you load a lawn mower?""","Loading a lawn mower typically refers to preparing it for operation, not loading it onto a vehicle (which would involve transport). To safely prepare your riding lawn mower for use: 1. Ensure the parking brake is engaged <PIC>. 2. Shut off the engine and remove the key <PIC>. 3. Clean around the fuel-tank cap and fill the fuel tank to the bottom of the filler neck <PIC>. 4. Confirm the grass deflector is in the down position and intact <PIC>. 5. For initial use, allow 40–50 hours of break-in time for optimal performance. Note: 'Loading' does not apply to battery or blade installation — this is a fuel-powered riding mower intended for professional operators. If you meant transporting or mounting accessories, please clarify. , [""Manual23_41"", ""Manual23_41"", ""Manual23_41"", ""Manual23_53""]"
362,"""How can you unload a lawn mower?""","To safely unload a lawn mower (e.g., from a trailer or truck), follow these key steps: 1. Ensure the engine is OFF, the key is removed, and all moving parts—including blades—have come to a complete stop. 2. Disengage the blade-control switch (PTO) and engage the parking brake. 3. Park the machine on a level, stable surface before unloading. 4. Use proper lifting techniques—lift with your legs, not your back—and consider using ramps or a dolly for heavier riding mowers. 5. Never stand under or near the mower deck while unloading, and keep hands/feet clear of cutting units and discharge areas. For transport positioning, push the deck-lift pedal fully forward to lock the mower deck in the TRANSPORT position <PIC>. Always refer to your specific model’s manual for weight distribution and handling guidance. , [""Manual23_73""]"
363,"""How can you change the engine oil of a lawn mower?""","To change the engine oil of a lawn mower, follow these steps: 1. Start the engine and let it run for 5 minutes to warm the oil for better drainage <PIC>. 2. Park the machine on a level or slightly tilted surface (drain side lower) to ensure complete oil drainage <PIC>. 3. Disengage the blade-control switch (PTO) and engage the parking brake <PIC>. 4. Shut off the engine, remove the key, and wait for all moving parts to stop <PIC>. 5. Drain the used oil from the engine (refer to Figure 49 or Figure 60) <PIC>. Dispose of the used oil responsibly at a recycling center. 6. Slowly pour approximately 80% of the specified oil volume into the filler tube, then gradually add the remainder until the level reaches the 'Full' mark on the dipstick (Figure 61 or Figure 50) <PIC>. 7. Start the engine briefly, then shut it off and recheck the oil level after driving to a flat area <PIC>. Always use detergent oil meeting API service SJ or higher, and consult your engine’s specifications for correct viscosity and capacity (e.g., 1.6–1.9 L depending on filter change) . , [""Manual23_75"", ""Manual23_86"", ""Manual23_87"", ""Manual23_73"", ""Manual23_76"", ""Manual23_77"", ""Manual23_84""]"
364,"""How can you remove the filters of a lawn mower?""","To remove the air filters from your lawn mower, follow these steps: 1. Park the machine on a level surface, disengage the blade-control switch (PTO), and engage the parking brake. 2. Shut off the engine, remove the key, and wait for all moving parts to stop. 3. Release the latches on the air cleaner and pull the air-inlet cover off the air-cleaner body <PIC>. 4. Gently slide the primary filter out of the air-cleaner body <PIC>. 5. Remove the safety (inner) filter only if replacing it — do not clean it. Important: If the safety filter is dirty, replace both the safety and primary filters. Never attempt to clean the safety filter, as contamination indicates primary filter damage. , [""Manual23_83"", ""Manual23_73""]"
365,"""How can you replace the mower belt of a lawn mower?""","To replace the drive V-belt on your lawn mower, follow these steps: 1. Apply the parking brake before starting. 2. Remove the drive V-belt guard. 3. Rotate the secondary sliding sheave clockwise and push it to separate it from the fixed sheave. 4. Pull the old belt up over the secondary fixed sheave. 5. Remove the belt from both the secondary and primary sheaves. 6. Install the new belt over the primary sheave. 7. Again rotate and push the secondary sliding sheave to separate it, then install the belt between the secondary sliding and fixed sheaves. 8. Reinstall the drive V-belt guard. <PIC> Note: Always ensure the engine is off, the key is removed, and the blade-control switch (PTO) is disengaged before servicing. If the belt shows signs of wear, flat spots, or damage, replacement is recommended per maintenance guidelines. <PIC> , [""Manual34_148"", ""Manual34_170""]"
366,"""How can you set up control of a over-the-range microwave?""","Setting up control of an over-the-range microwave typically involves initial setup steps such as plugging in the unit, setting the clock, and configuring venting or exhaust options. While the provided documentation does not include specific step-by-step instructions for control panel setup (e.g., programming time, power levels, or sensor cooking), it does reference key operational prerequisites: ensure power is connected (e.g., 'Turn the power back on at the main power supply and set the clock' <PIC>), confirm proper installation of filters (charcoal or grease) for vented models <PIC>, and verify that all safety-related components — like bulb covers, vent grills, and filters — are correctly installed before use. For detailed control setup (e.g., keypad navigation, preset programs, or Wi-Fi connectivity), please refer to the Quick Start Guide or full User Manual included with your specific model. If you need model-specific guidance, feel free to share the model number. , [""Manual24_57"", ""Manual24_51""]"
367,"""How can you set the light timer of a over-the-range microwave?""","Hello, the provided reference materials do not include instructions for setting the light timer on an over-the-range microwave. The documents cover topics such as bulb replacement, charcoal filter installation, cookware safety, and food cooking guidelines — but none describe a 'light timer' function or its setup. Over-the-range microwaves typically do not feature a programmable timer specifically for the interior light; the light usually turns on automatically when the door opens or during cooking, and turns off manually or via door closure. If your model has a unique light timer feature (e.g., delayed shut-off), please consult your specific product’s user manual or provide the full model number for further assistance."
368,"""How can you set yout favorite recipe with a over-the-range microwave?""","To set your favorite recipe on an over-the-range microwave, follow these general steps (note: exact steps may vary by model — consult your specific owner’s manual for programmable 'Favorite' or 'Quick Set' features): 1. Ensure the recipe is microwave-safe and adapted for your microwave’s power level. 2. Enter cooking time manually using the number pad, then press the appropriate power level button (e.g., 'Power Level 7' for medium-high). 3. If your model supports memory or shortcut buttons (e.g., 'My Settings', 'One-Touch Cook', or 'Favorite'), you may save the time and power combination by following the setup instructions in your manual — typically involving pressing and holding a designated button while entering parameters. 4. Always use microwave-safe cookware, cover appropriately to retain moisture <PIC>, arrange food evenly <PIC>, and allow for standing time after cooking <PIC>. For best results, refer to the Cooking Tables and Tips in your manual (e.g., Pasta & Rice, Fish & Shellfish, or Meat sections) to adjust times and techniques for your recipe. , [""Manual24_3"", ""Manual24_43"", ""Manual24_44""]"
369,"""How can you reheat food with a over-the-range microwave?""","To reheat food in an over-the-range microwave, follow these best practices: 1. **Arrange food properly**: Place items in a single layer (not stacked) and position thicker portions toward the outside of the dish for even heating. 2. **Cover appropriately**: Use a microwave-safe lid, vented plastic wrap (with one corner folded back), or waxed paper to retain moisture and heat—especially helpful for leftovers like pasta, rice, or casseroles <PIC>. 3. **Stir or rotate midway**: For soups, sauces, or casseroles, stir from outside to center halfway through reheating to distribute heat evenly. 4. **Allow standing time**: After reheating, let food stand covered for 2–5 minutes; internal temperature continues to rise (~10°F), and heat equalizes throughout. 5. **Avoid metal**: Never use aluminum foil (except small, carefully placed pieces to shield delicate parts like poultry wingtips—keeping foil ≥1 inch from oven walls) or metal containers, as they cause arcing and uneven heating <PIC>. 6. **Use microwave-safe cookware only**: Ensure dishes are labeled microwave-safe; avoid brown paper bags, metal-trimmed tableware, or non-approved plastics. , [""Manual24_44"", ""Manual24_3""]"
370,"""How can you use auto defrost of a over-the-range microwave?""","To use the auto defrost feature on your over-the-range microwave: 1. Press the 'Defrost' or 'Auto Defrost' button (often labeled with a snowflake or 'DEFROST' icon). 2. Enter the weight of the food using the number pad — the microwave will automatically calculate and set the appropriate defrost time and power level. 3. Press 'Start' to begin. During defrosting, the microwave may cycle between low-power intervals and pauses to allow heat to equalize — do not skip or override this. 4. Halfway through (or as prompted), rotate or rearrange the food for even thawing; for irregular items (e.g., chicken pieces), place thicker parts toward the outside of the turntable <PIC>. 5. After defrosting, let food stand covered for a few minutes to finish thawing evenly — especially important for dense items like roasts or whole fish <PIC>. Note: Always remove packaging (e.g., foam trays, plastic wrap not labeled microwave-safe) before defrosting, and never defrost in metal containers . , [""Manual24_43"", ""Manual24_3""]"
371,"""How can you clean the grease filter of a over-the-range microwave?""","To clean the grease filter of an over-the-range microwave: 1. Remove the filter by sliding it to the side, pulling it downward, then pushing it to the other side until it drops out <PIC>. 2. Wash it in the dishwasher *or* soak it in hot water with a mild detergent; rinse thoroughly and shake dry. Do not use ammonia or abrasive cleaners — the aluminum filter may darken <PIC>. 3. To reinstall, slide the filter into the side slot, then push up and toward the oven center until it locks securely <PIC>. CAUTION: Never operate the microwave hood without the grease filter in place. , [""Manual24_47"", ""Manual24_48"", ""Manual24_49""]"
372,"""How can you replace the charcoal filter of a over-the-range microwave? ""","To replace the charcoal filter of an over-the-range microwave, follow these steps: 1. Unplug the microwave or turn off power at the main power supply. 2. Remove the two vent grill mounting screws (the two middle screws) <PIC>. 3. Tip the vent grill forward, then lift it out <PIC>. 4. Remove the old charcoal filter. 5. Slide a new charcoal filter into place — it should rest at the angle shown <PIC>. 6. Slide the bottom of the vent grill into position, then push the top until it snaps securely into place. 7. Replace the mounting screws. 8. Restore power at the main supply and reset the clock if needed. Note: Charcoal filters cannot be cleaned and must be replaced every 6–12 months (more frequently if used heavily). Never operate the microwave without the filter installed. , [""Manual24_48"", ""Manual24_51"", ""Manual24_52""]"
373,"""How can you replace the oven light of a over-the-range microwave? ""","To replace the oven light in an over-the-range microwave, follow these steps: 1. Unplug the unit or turn off power at the main power supply. 2. Remove the vent cover mounting screws (typically the two middle screws). 3. Tip the vent cover forward, then lift it out to remove. 4. Remove the bulb holder. 5. Lift up the bulb holder and replace the bulb with a 30 or 40 watt appliance bulb. 6. Reinstall the bulb holder. 7. Slide the bottom of the vent cover into place, push the top until it snaps in, and replace the mounting screws. 8. Restore power at the main supply. CAUTION: Wear gloves when handling the bulb to avoid personal injury or property damage. <PIC> <PIC> <PIC> <PIC> , [""Manual24_54"", ""Manual24_55"", ""Manual24_56"", ""Manual24_57""]"
374,"""How can you set the PCI Express 3.0 x16 slots of a motherboard?""","To set the PCI Express 3.0 x16 slots on your motherboard, you can configure them via BIOS/UEFI settings. Specifically, navigate to: Advanced > PCH-IO Configuration or Advanced > PCI Express Configuration (depending on your BIOS version), then locate options such as 'PCIEx16_1 / PCIEx16_2 Link Speed' or 'PCIe Speed'. You may select [Auto], [Gen1], [Gen2], or [Gen3] to set the desired PCIe generation and link speed. For optimal GPU performance, ensure the graphics card is installed in the primary PCIe 3.0 x16 slot (typically labeled PCIe 3.0 x16_1 and colored gray). Also, verify that the slot is enabled and no conflicting devices are sharing bandwidth. Refer to your motherboard’s user guide for model-specific layout and BIOS navigation. <PIC> , [""Manual25_1""]"
375,"""How can you set the jumpers of a motherboard?""","Setting motherboard jumpers depends on the specific function and header layout of your model. Common jumper configurations include: 1. **Clear RTC RAM (CLRTC)**: A 2-pin header used to reset BIOS settings. To clear CMOS, power off the system, remove the AC adapter and main power cable, then short the two pins with a jumper cap for 5–10 seconds (or remove the CMOS battery for 1 minute). 2. **CPU Over Voltage (CPU_OV)**: A 3-pin header for overclocking. Pins 1–2 = default voltage; pins 2–3 = increased voltage (see your motherboard manual for safe limits). ⚠️ Important notes: - Never place jumper caps on fan connectors (e.g., CPU_FAN, CHA_FAN) — these are 4-pin PWM headers, not jumpers. - Always power off and unplug the system before handling jumpers. - Refer to your motherboard’s official manual (e.g., Section '1.6 Jumpers') for exact locations and configurations — diagrams and pinouts are provided there <PIC>. For precise instructions tailored to your board, consult the 'Jumpers' section in your product’s user manual or visit the manufacturer’s support website. , [""Manual25_1""]"
376,"""How can you set the rear panel connectors of a motherboard?""","The rear panel connectors on a motherboard are pre-mounted and fixed—they are not user-configurable or 'set' via jumpers, BIOS, or software. They are physical ports located on the I/O shield (e.g., PS/2, DisplayPort, VGA) that align with cutouts in the chassis when the motherboard is installed correctly. To ensure proper functionality: 1. Install the motherboard with the rear I/O edge aligned to the chassis rear opening <PIC>; 2. Secure it using the correct screw holes <PIC>; 3. Connect peripherals (keyboard, mouse, monitor) directly to the corresponding rear ports. No configuration or jumper setting is required for these connectors—they are active by default upon system power-up. , [""Manual25_6"", ""Manual25_1""]"
377,"""How can you set the onboard LED of a motherboard?""","You can control certain onboard LEDs (such as Model Name LEDs and SupremeFX LED) via BIOS or the AI Suite 3 LED Control app. To configure them in BIOS: enter Advanced > Onboard Devices Configuration, then select options like 'Model Name LED Lighting' or 'SupremeFX LED Lighting'. Available modes include [Disabled], [Still Mode], [Breathing Mode], and [Flowing Mode] (for SupremeFX LED). Note that the Standby Power LED (SB_PWR) is hardware-controlled and cannot be configured — it automatically lights up when system power is applied (ON, sleep, or soft-off state). For physical LED connectors (e.g., system power LED or HDD LED), refer to the motherboard’s system panel header (20-5 pin PANEL) and connect corresponding chassis cables accordingly <PIC>. , [""Manual25_6""]"
378,"""How can you update the BIOS file of a motherboard?""","You can update the BIOS file of a motherboard using one of the following supported methods: 1. **Via EZ Flash 3 (in BIOS Setup)**: - Enter Advanced Mode in BIOS Setup, go to the Tool menu, and select EZ Flash 3 Utility. - Choose 'by USB' or 'by Internet'. • For USB: Insert a FAT32-formatted USB drive containing the latest BIOS file; use <Tab> to navigate to the Drive and Folder Info fields, then select the BIOS file and confirm. • For Internet: Select an active network connection and follow onscreen instructions. 2. **Via EZ Update (in OS)**: - Launch AI Suite 3, click EZ Update on the main menu bar. - It supports automatic updates for BIOS, drivers, and software — or manual update using a saved BIOS file. 3. **Via BIOS Updater (in FreeDOS)**: - Prepare a FAT32 USB drive with the latest BIOS file and BIOS Updater. - Boot into FreeDOS (e.g., via Support DVD or USB), type `d:` to switch to the USB drive, then run `bupdater /pc /g`. - Use <Tab> to navigate between Drives and Files panels, select the BIOS file, and confirm with 'Yes'. 4. **Via CrashFree BIOS 3 (for recovery)**: - Useful if BIOS update fails. Insert a USB drive (or Support DVD) containing the BIOS file renamed to `Z17PG.CAP`, then power on — the utility auto-launches and restores the BIOS. ⚠️ Important precautions: - Always download the latest BIOS from the official motherboard support site. - Ensure USB drive is single-partitioned and formatted as FAT32/FAT16 (NTFS not supported in FreeDOS). - Do NOT power off, reset, or interrupt the update — it may cause boot failure. - After updating, consider loading Optimized Defaults (F5) to ensure stability."
379,"""How can you create RAID of a motherboard?""","To create RAID on your motherboard, follow these steps: 1. Ensure your SATA hard drives are connected to the Intel SATA 6.0 Gb/s connectors (e.g., SATA6G_1~6), and that no existing RAID volumes exist on them. 2. Enter BIOS setup (typically by pressing <Del> during boot), then navigate to SATA Configuration and set SATA Mode to [RAID] — this is required before RAID creation. 3. Press <F11> or click the EZ Tuning Wizard icon to launch the wizard, then select 'RAID' and confirm with 'Yes'. 4. Select your desired RAID level: RAID 0 (Super Speed), RAID 1 or RAID 10 (Easy Backup), or RAID 5 (Super Speed) — note that RAID 10 requires four HDDs. 5. Confirm the setup and reboot. The system will initialize the RAID array. For full details and compatibility, refer to the motherboard manual included in the Support DVD. <PIC> , [""Manual25_6""]"
380,"""How can you use SATA ODD & USB devices to install an operating system for a motherboard?""","To install an operating system (e.g., Windows 7) on a 100-series motherboard using SATA ODD and USB devices, follow Method 1 from the official guide: 1. Prepare a Windows 7 installation source — either insert the OS 7 DVD into a USB-connected optical disc drive (USB ODD), or copy all files from the OS 7 DVD to a USB storage device (≥8 GB, formatted beforehand). 2. Connect that USB ODD or USB storage device to your target motherboard. 3. Insert the motherboard’s Support DVD into a **SATA ODD** installed on the same system. 4. Power on the system and press **F8 during POST** to access the boot menu <PIC>. 5. Select the USB device (ODD or storage) as the boot device. 6. The system will automatically load the required USB 3.0 drivers from the Support DVD in the SATA ODD during early OS setup — you’ll see the 'Setup is starting...' screen once loading succeeds <PIC>. 7. Proceed with the onscreen OS installation instructions. Note: This method ensures USB keyboard/mouse functionality during installation, which is essential for 100-series chipsets due to native USB 3.0 driver dependency. , [""drill0_04"", ""drill0_05""]"
381,"""How can you secure the motherboard to the chassis?""","To secure the motherboard to the chassis: 1. Ensure the power cord is unplugged before installation. 2. Orient the motherboard correctly — the edge with external I/O ports must face the rear of the chassis <PIC>. 3. Align the motherboard over the standoffs in the chassis, matching its nine screw holes with the corresponding mounting points. 4. Insert and tighten nine screws (do not over-tighten) into the indicated holes to firmly secure the motherboard <PIC>. , [""Manual25_6"", ""Manual25_6""]"
382,"""How can you prepare the installation of Central Processing Unit (CPU) for a motherboard?""","To prepare for CPU installation on the motherboard, follow these key steps: • Ensure the motherboard supports your CPU (e.g., this board uses an LGA1151 socket for 6th Generation processors) <PIC>. • Verify correct CPU orientation — align the notched corner or golden triangle on the CPU with the corresponding marker on the socket <PIC>. • Use only the dedicated CPU Installation Tool — hold it firmly by both sides, and never bend or damage it <PIC>. • Before placing the CPU, confirm the socket lever is fully lifted and the retention mechanism is open <PIC>. • After seating the CPU, gently but firmly press down until it clicks into place — do not force it. • Apply thermal interface material (TIM) to the CPU die or heatsink base before installing the CPU cooler . , [""Manual25_7"", ""Manual25_8"", ""Manual25_9"", ""Manual25_11""]"
383,"""How do you know about system memory of a motherboard?""","To determine the system memory specifications of a motherboard, you can refer to its official documentation or product specifications, which typically include: (1) Supported memory type (e.g., DDR4, as confirmed in the reference — this motherboard has four 288-pin DDR4 DIMM sockets); (2) Supported speeds (e.g., DDR4 2400–3400 MHz, including overclocking capabilities); (3) Maximum capacity and configuration guidelines (e.g., unbuffered non-ECC modules up to 16 GB per DIMM, with recommended 2-DIMM or 4-DIMM kits for full support); (4) Voltage recommendations (DIMM voltage below 1.65 V is advised to protect the CPU); and (5) Dual-channel behavior — if mismatched sizes are installed in Channel A/B, only the lower-sized channel operates in dual-channel mode, while excess memory runs in single-channel mode. Always consult the motherboard’s Qualified Vendor List (QVL) for tested and compatible memory modules. <PIC> , [""drill0_04""]"
384,"""How do you know about Serial port connector (10-1 pin COM) of a motherboard?""","The 10-1 pin Serial Port (COM) connector on the motherboard is used to connect an optional serial port module. This module must be purchased separately and installed into a slot opening at the rear of the system chassis via its cable. The connector supports standard RS-232 serial communication. In BIOS, you can enable or disable the serial port under 'Serial Port [On/Off]', and configure its I/O address and IRQ (e.g., IO=3F8h; IRQ=4). Note: The serial port is disabled by default in some configurations and requires manual enabling in BIOS for use. <PIC> , [""Manual25_1""]"
385,"""How do you know about TPM connector (14-1 pin TPM) for a motherboard?""","The TPM connector (14-1 pin TPM) is a dedicated header on the motherboard designed to support a Trusted Platform Module (TPM) system. It enables secure storage of cryptographic keys, digital certificates, passwords, and sensitive data. Additionally, a TPM enhances network security, protects digital identities, and ensures platform integrity. This connector is typically used when integrating a discrete TPM chip (e.g., TPM 2.0 module) for hardware-based security features such as BitLocker encryption or secure boot verification. <PIC> , [""Manual25_1""]"
386,"""How do you know about Thermal sensor connector (2-pin T_SENSOR) of a motherboard?""","The Thermal Sensor connector (2-pin T_SENSOR) on the motherboard is a dedicated header designed to accept a thermistor cable, enabling real-time monitoring of temperature for critical motherboard components and connected devices. It appears as a selectable temperature source in BIOS under 'Q-Fan Control' settings (e.g., Chassis Fan Q-Fan Source or Extension Fan source), alongside CPU, Motherboard, VRM, PCH, and EXT_Sensor options. In the BIOS Monitor menu, 'T_Sensor Temperature' is displayed as a separate readout (e.g., 'xx°C / xx°F' or 'Ignore'), allowing users to view or suppress this sensor’s data. This connector supports integration into fan control logic but is distinct from fan headers — it carries only analog thermal sensing signals, not power or PWM control."
387,"""How can you set quick release for a multi-use pressure cooker and air fryer?""","To set Quick Release (QR) on your multi-use pressure cooker and air fryer: 1. Ensure cooking is complete and the appliance is still pressurized (float valve is raised <PIC>). 2. Locate the quick release button on the steam release valve — it’s designed for a light press, not a full turn (do not rotate more than 45° <PIC>). 3. Press the button down firmly until it clicks and locks into the Vent position <PIC>. 4. A controlled jet of steam will eject from the top of the steam release valve — this is normal and expected <PIC>. 5. Wait until the float valve drops flush with the lid <PIC>, confirming all pressure has been released. 6. Only then carefully open the lid. ⚠️ Warning: Keep hands and face away from the steam release valve during venting. , [""Manual30_18"", ""Manual30_15"", ""multi-use_pressure_cooker_and_air_fryer_01"", ""multi-use_pressure_cooker_and_air_fryer_02"", ""Manual30_10""]"
388,"""How can you set pressure cooking lid for a multi-use pressure cooker and air fryer?""","To set the pressure cooking lid on your multi-use pressure cooker and air fryer, follow these steps: 01 Align the symbol on the pressure cooking lid with the symbol on the rim of the cooker base. 02 Lower the lid onto the track and turn it clockwise until the symbols align fully <PIC>. Ensure the float valve is properly installed and seated — it must be flush with the lid when depressurized <PIC>. Always use the authorized stainless-steel inner pot (not ceramic-coated) and confirm the power and sensor connectors are fully engaged to avoid 'Lid' or 'C9' errors <PIC>. For safety, never force the lid open if the float valve is still raised — wait until all pressure is fully released <PIC>. , [""Manual30_2"", ""Manual30_18"", ""Manual30_25"", ""Manual30_20""]"
389,"""How can you set float valve for a multi-use pressure cooker and air fryer?""","To set the float valve on your multi-use pressure cooker and air fryer, follow these steps: 1. Ensure the pressure cooking lid is clean and dry. 2. Hold the lid with the top facing up, then insert the narrow end of the float valve into the designated float valve hole on the top of the lid. 3. Turn the lid over and use one finger to press firmly on the flat top of the float valve while attaching the silicone cap securely to the bottom of the float valve <PIC>. The float valve and silicone cap must be fully installed before pressure cooking — never operate the appliance without them. For visual guidance, refer to the installation diagram <PIC>. , [""Manual30_36"", ""Manual30_37""]"
390,"""What do you know about anti-block shield for a multi-use pressure cooker and air fryer?""","The anti-block shield is a critical safety component for your multi-use pressure cooker and air fryer. It prevents food particles from entering and clogging the steam release pipe, ensuring proper pressure regulation during pressure cooking. It is integral to product safety — the appliance must not be operated without the anti-block shield properly installed. To install it, place the shield over the prongs on the pressure cooking lid and press down until it snaps securely into position <PIC>. Always inspect the anti-block shield (along with the steam release valve, steam release pipe, and float valve) before and after each use to ensure it’s free of debris and functioning correctly. , [""Manual30_35""]"
391,"""How can you set steam release valve for a multi-use pressure cooker and air fryer?""","To set the steam release valve on your multi-use pressure cooker and air fryer: 1. Ensure the steam release valve is clean and undamaged. 2. Place it onto the steam release pipe and press down firmly — when properly installed, it sits loosely but remains securely in place even when the lid is inverted <PIC>. 3. Never cover, block, or obstruct the valve — doing so poses a serious safety hazard <PIC>. 4. During pressure cooking, steam will eject from the top of the valve when releasing pressure (e.g., during Quick Release) <PIC>. Always keep hands and face away from the valve while steam is venting <PIC>. For visual guidance, refer to installation diagrams showing proper placement and removal steps <PIC><PIC>. , [""Manual30_33"", ""Manual30_15"", ""multi-use_pressure_cooker_and_air_fryer_01"", ""Manual30_10"", ""Manual30_32"", ""Manual30_34""]"
392,"""How can you set anti-block shield for a multi-use pressure cooker and air fryer?""","To set the anti-block shield on your multi-use pressure cooker and air fryer: Place the anti-block shield over the prongs on the pressure cooking lid and press down firmly until it snaps securely into position. <PIC> The anti-block shield is essential for safe pressure cooking—it prevents food particles from entering the steam release pipe and supports proper pressure regulation. Do not operate the appliance without it installed. For removal, grip the lid like a steering wheel and use your thumbs to press firmly against the side of the shield (toward the lid’s edge and upward) until it pops off the prongs. <PIC><PIC> , [""Manual30_35"", ""Manual30_32"", ""Manual30_33""]"
393,"""How can you set silicone cap and float valve for a multi-use pressure cooker and air fryer?""","To install the silicone cap and float valve on your multi-use pressure cooker and air fryer: 1. Place the lid with the top facing up. 2. Insert the narrow end of the float valve into the float valve hole on the top of the lid <PIC>. 3. Turn the lid over and place one finger on the flat top of the float valve to hold it in place. 4. Firmly attach the silicone cap to the bottom side of the float valve <PIC>. Ensure both parts are fully seated — the float valve must be securely installed and the silicone cap must cover the base completely. Do not operate the appliance without both components properly installed, as they are essential for safe pressure sealing and operation. For visual guidance, refer to the installation diagrams <PIC>. , [""Manual30_36"", ""Manual30_37"", ""Manual30_18""]"
394,"""How can you Install the condensation collector for a multi-use pressure cooker and air fryer?""","To install the condensation collector for your multi-use pressure cooker and air fryer: 1. Locate the tabs on the back of the cooker base. 2. Align the grooves on the condensation collector over those tabs. 3. Slide the condensation collector smoothly into place—do not pull down or force it. The collector is designed to sit securely at the back of the base and catch overflow from the condensation rim. It must be installed before each cooking session. <PIC> <PIC> , [""Manual30_38"", ""Manual30_39""]"
395,"""How can you install the sealing ring for a multi-use pressure cooker and air fryer?""","To install the sealing ring for your Multi-use pressure cooker and air fryer: 1. Place the silicone sealing ring over the circular stainless-steel sealing ring rack. 2. Press it firmly into place, ensuring it sits snugly behind the rack without puckering <PIC>. 3. Verify proper installation by turning the lid upside down — the sealing ring should not fall out <PIC>. Always use only an authorized sealing ring, and inspect it before each use for cuts, deformation, or stretching. Replace it every 12–18 months or sooner if damaged <PIC>. , [""Manual30_31"", ""Manual30_30"", ""Manual30_16""]"
396,"""How can you remove silicone sealing ring for a multi-use pressure cooker and air fryer?""","To remove the silicone sealing ring from your Multi-use pressure cooker and air fryer: Grip the edge of the silicone sealing ring and gently pull it outward from behind the circular stainless-steel sealing ring rack. <PIC> , [""Manual30_30""]"
397,"""What do you know about sealing ring of a multi-use pressure cooker and air fryer?""","The sealing ring of the Multi-use pressure cooker and air fryer is a silicone component that creates an airtight seal between the lid and the inner pot during pressure cooking <PIC>. It must be properly installed before use — only one sealing ring should be in place at a time <PIC>. Always inspect it for cuts, deformation, or stretching before each use. Over time, silicone sealing rings naturally stretch; replace them every 12–18 months, or sooner if damaged or compromised <PIC>. Only use authorized replacement sealing rings — non-approved or stretched rings may cause steam leakage, food discharge, or safety hazards. Note: Silicone is porous and may absorb strong aromas/flavors; keeping spare rings helps prevent flavor transfer between dishes. , [""Manual30_16"", ""Manual30_18"", ""Manual30_30""]"
398,"""What do you know about steam release valve of a multi-use pressure cooker and air fryer?""","The steam release valve is a critical safety component of the multi-use pressure cooker and air fryer. It sits loosely on the steam release pipe and allows pressurized steam to safely eject from the top when pressure is being released <PIC>. It works in conjunction with the quick release button — pressing the button down (to ~45°, then letting it spring back) moves the valve into the Vent position, enabling rapid steam release <PIC>. The valve must never be covered, blocked, or obstructed, as doing so could cause dangerous pressure buildup <PIC>. Before each use, always inspect the steam release valve, steam release pipe, anti-block shield, and float valve for clogging or debris to ensure safe operation <PIC>. , [""Manual30_15"", ""Manual30_14"", ""Manual30_6"", ""Manual30_10""]"
399,"""What do you know about quick release button of a multi-use pressure cooker and air fryer?""","The quick release button on the multi-use pressure cooker and air fryer controls the steam release valve to safely and rapidly release built-up pressure. Pressing it down until it clicks locks the valve into the 'Vent' position, allowing a controlled jet of steam to eject from the top of the steam release valve <PIC>. This method stops cooking quickly—ideal for delicate foods like vegetables or seafood. Important safety notes: do not turn the button more than 45°, let it spring back naturally, and never cover or block the steam release valve <PIC>. Once pressure is fully released, the float valve will drop flush with the lid <PIC>, signaling it's safe to open. Always keep hands and face away from the steam path during venting. , [""Manual30_14"", ""Manual30_15"", ""Manual30_18""]"
400,"""What can you know about natural release(NRorNPR) of a multi-use pressure cooker and air fryer?""","Natural Release (NR or NPR) is a pressure release method used after pressure cooking in the Multi-use pressure cooker and air fryer. With Natural Release, cooking stops gradually, and the appliance de-pressurizes on its own as the internal temperature drops over time. This method is ideal for delicate foods (e.g., beans, grains, or dishes prone to foaming or splattering) that benefit from gentle, gradual pressure reduction. Do not open the lid until the float valve has fully descended and is flush with the lid — this confirms the unit is fully de-pressurized <PIC>. For safety, never force the lid open if it resists; always wait until pressure is completely released. , [""Manual30_9""]"
401,"""What is the robot anatomy of the vacuum?""","The robot vacuum's anatomy includes key functional components: top-mounted buttons and indicators for control and status feedback <PIC>, a bottom view showing drive wheels, side brush, and cleaning extractors <PIC>, a dust bin with sensor ports and removable insert <PIC>, front caster wheel for maneuverability <PIC>, and side brush assembly with screw-secured mounting <PIC>. Additional features include Halo Mode and Virtual Wall Mode emitters (located on the front bumper) that create invisible protective zones or barriers <PIC><PIC>, and internal sensors for navigation, cliff detection, and debris sensing. For detailed visual reference, see the labeled diagrams in the user manual. , [""Manual32_2"", ""Manual32_3"", ""Manual32_4"", ""Manual32_14"", ""Manual32_15"", ""Manual32_5"", ""Manual32_6""]"
402,"""What are the two primary modes available on a vacuum cleaner that can be used to tailor its performance to meet different home cleaning needs?""","The two primary modes available on this vacuum cleaner are Halo Mode and Virtual Wall Mode. In Halo Mode (switch in the 'down' position), the device creates a protective 24-inch invisible zone around itself to prevent it from bumping into sensitive items or entering restricted areas like corners or under furniture <PIC>. In Virtual Wall Mode (switch in the 'up' position), it projects an invisible, cone-shaped barrier—up to 10 feet wide—to block doorways or openings and confine cleaning to desired zones <PIC>. , [""Manual32_5"", ""Manual32_6""]"
403,"""What is the proper procedure for emptying the vacuum cleaner's bin?""","To properly empty the vacuum cleaner's bin: 1. Press the bin release button to remove the bin. <PIC> 2. Open the bin door to empty the contents. <PIC> , [""Manual32_7"", ""Manual32_8""]"
404,"""What is the correct procedure for cleaning the vacuum cleaner filter?""","The correct procedure for cleaning the vacuum cleaner filter is as follows: 1. Remove the filter by grasping the yellow tab (see <PIC>). 2. Shake off debris by tapping the filter gently against your trash container (see <PIC>). 3. Do not wash or rinse the filter with water — it is not washable. 4. Ensure the filter is completely dry before reinserting. 5. Reinsert the filter with the yellow tab facing up — the filter door will not close unless the filter is properly installed (see <PIC>). Note: The safety/inner filter must never be cleaned; if it appears dirty or damaged, replace both the safety/inner and primary filters together. , [""Manual32_10"", ""Manual32_11"", ""Manual32_12""]"
405,"""What is the proper procedure for cleaning the full bin sensors on a vacuum cleaner?""","The proper procedure for cleaning the full bin sensors on your vacuum cleaner is as follows: 1. Remove and empty the dust bin. (See Figure 8) <PIC> 2. Wipe the sensors — including the inner and outer sensor ports on the bin — with a clean, dry cloth. Do not use cleaning solutions, sprays, or abrasive materials. (See Figure 9 and Figure 10) <PIC><PIC> , [""Manual32_12"", ""Manual32_13"", ""Manual32_14""]"
406,"""What is the correct procedure for cleaning the extractors (brushes or rollers) on a vacuum cleaner?""","The correct procedure for cleaning the extractors (brushes or rollers) on your vacuum cleaner is as follows: 1. Pinch the yellow extractor frame release tabs, lift up the extractor frame, and remove any obstructions. <PIC> 2. Remove the extractors and take off the yellow extractor caps. Clear away any hair or debris collected underneath the caps and around the metal axles. Reinstall the extractor caps. <PIC> 3. Remove hair and debris from the square and hexagonal plastic pegs on the other side of the extractors. <PIC> 4. Reinstall the extractors, ensuring the color and shape of the extractor pegs match the corresponding icons on the cleaning head module. <PIC> , [""Manual32_17"", ""Manual32_18"", ""Manual32_21"", ""Manual32_19""]"
407,"""What is the proper procedure for cleaning the sensors and charging contacts on a vacuum cleaner?""","To properly clean the sensors and charging contacts on your vacuum cleaner: 1. Wipe the sensors (including full bin sensors) with a clean, dry cloth — do not spray cleaning solution directly onto the sensors or sensor openings. <PIC> 2. Wipe the charging contacts on both the vacuum’s battery pack and the Home Base with a clean, dry cloth. <PIC> , [""Manual32_17"", ""Manual32_18""]"
408,"""What is the correct procedure for positioning the home base of a vacuum cleaner?""","To correctly position the Home Base for your vacuum cleaner, place it in an open, uncluttered area with the following clearances: at least 1.5 feet on each side of the Home Base, at least 4 feet in front of it, and at least 4 feet away from stairs or drop-offs. Additionally, keep it at least 8 feet away from Virtual Wall Barriers. Ensure the Home Base is placed against a wall (if designed for wall-mounting) or on a flat, hard surface, and that its charging contacts are clean and unobstructed <PIC>. For optimal Wi-Fi connectivity and navigation performance, position it in an area with consistent coverage and avoid enclosed or signal-blocking locations. , [""Manual32_4""]"
409,"""What is the proper procedure for cleaning the front caster wheel of a vacuum cleaner?""","The proper procedure for cleaning the front caster wheel of the vacuum cleaner is as follows: 1. Pull firmly on the front wheel to remove it. <PIC> 2. Remove any debris from inside the wheel cavity. 3. Spin the wheel by hand. If rotation is restricted, remove the wheel from its housing and push firmly to remove the axle, then clear any debris or hair wrapped around it. <PIC> 4. Reinstall all parts when finished—ensure the wheel clicks securely back into place. <PIC> , [""Manual32_14"", ""Manual32_15"", ""Manual32_16""]"
410,"""What is the correct procedure for cleaning the side brush of a vacuum cleaner?""","To clean the side brush of your vacuum cleaner, follow this procedure: 1. Use a coin or small screwdriver to remove the screw securing the side brush. (See Figure 12) <PIC> 2. Remove the side brush, clean it thoroughly—including the brush post—and then reinstall it securely. , [""Manual32_14""]"
411,"""What is the function of the dual-mode virtual wall barrier on a vacuum cleaner?""","The dual-mode virtual wall barrier serves two distinct functions to control your vacuum's cleaning area: 1) **Halo Mode** (switch in the 'down' position): Creates an invisible protective zone (~24 inches radius) around the device to prevent the vacuum from entering sensitive areas—such as near a pet bowl, vase, corner, or under furniture. 2) **Virtual Wall Mode** (switch in the 'up' position): Projects an invisible, cone-shaped barrier up to 10 feet wide to block doorways or openings, effectively restricting the vacuum from crossing into undesired rooms or zones. <PIC> <PIC> , [""Manual32_5"", ""Manual32_6""]"
412,"""What are the troubleshooting steps if the vacuum indicates a problem?""","If your vacuum indicates a problem, it will emit a two-tone distress sound followed by a spoken message, and the troubleshooting indicator will blink. Here are the recommended troubleshooting steps: 1. First, try rebooting the vacuum: press and hold the CLEAN button for 10 seconds until all indicators illuminate, then release — you’ll hear an audible tone confirming a successful reboot. 2. Check for common causes: ensure the dust bin is not full, the filter is clean, and the extractors are properly reinstalled (match color and shape of extractor pegs with icons on the cleaning head module). 3. For further guidance, consult the troubleshooting section in the app or online — detailed support articles and instructional videos are available there. <PIC> <PIC> , [""Manual32_4"", ""Manual32_7""]"
413,"""What are the detailed instructions for T-rail mounting of a camera or equipment?""","Here are the detailed instructions for T-rail mounting of your camera or equipment: 1. Use the dashed lines on the included mount plate template to determine and set the proper spacing of the T-rail clips. 2. Tighten the set screws on the T-rail clips using a 5/64"" (2 mm) hex key. 3. Attach the mount plate to the T-rail clips using the holes marked with ""G"" on the plate <PIC>. 4. Attach the T-rail clips to the T-rail by rotating and snapping them into place — ensure the black foam pads compress slightly upon installation <PIC>. Compatible T-rail sizes: 9/16"", 15/16"", or 1 1/2"". Standard 6-32 × 4 mm T-rail screws are included. , [""Manual33_9"", ""Manual33_10""]"
414,"""What are the steps to power the camera?""","To power on the camera, follow these steps: 1. Ensure the battery is fully charged or connect a compatible DC coupler (e.g., for CB-5L, insert the DC coupler into the battery compartment until locked <PIC>). 2. Locate the power switch on the camera — it is typically labeled <ON>/<OFF> or <ON>/</>. 3. Turn the power switch to <ON> or </> position. The camera will power on and be ready for operation <PIC>. 4. If the camera turns off automatically due to idle time (e.g., after 1 minute), simply press the shutter button halfway to power it back on. Note: Auto power-off time can be adjusted via the menu under [Auto power off] setting <PIC>. , [""Manual10_19"", ""Manual10_29"", ""Manual10_44""]"
415,"""What is the proper way to use the brake lever and brake button?""","The brake lever is used to slow down or stop the machine during operation: simply squeeze it to apply service braking. To engage the parking brake, squeeze the brake lever fully and simultaneously press down the parking brake button (labeled $\circledcirc$ in diagrams <PIC>), then release the brake lever to lock it in place. To release the parking brake, just squeeze the brake lever again — the button will automatically reset. Always apply the parking brake before starting the engine or when leaving the machine unattended. For safety, never operate the machine with the parking brake engaged, as this may overheat the brake disc and reduce braking performance. , [""Manual34_22""]"
416,"""What are the essential preparation checks to perform before using a snowmobile?""","Before using a snowmobile, perform these essential pre-operation checks: 1. **Read the Owner's Manual thoroughly**, especially safety information (pages 3–1 to 3–3) and pre-operation checklist (pages 8–1 to 8–3) <PIC>. 2. **Inspect controls**: Ensure the drive select lever is in Neutral (not Drive, Reverse, or Low) before starting; confirm the throttle lever is fully released and the parking brake is set <PIC>. 3. **Verify mechanical condition**: Check fan belt deflection (if applicable), drive chain gear tension, and V-belt clutch—especially for high-altitude operation <PIC>. 4. **Confirm safe environment**: Choose a large, flat, obstacle-free area for initial operation; ensure no hidden hazards (e.g., rocks, stumps, wires) are beneath the snow <PIC>. 5. **Wear proper protective gear**: Approved helmet with face shield or goggles, insulated snowmobile suit, boots, and gloves that allow full control operation <PIC>. 6. **Never operate under the influence** of alcohol or drugs, and never run the engine indoors without proper ventilation <PIC>. , [""Manual34_116"", ""snowmobile_01"", ""Manual34_146"", ""Manual34_10"", ""Manual34_117"", ""Manual20_21""]"
417,"""What are the detailed steps to start the engine of a snowmobile?""","To start the engine of your snowmobile, follow these detailed steps: 1. Ensure you are in a safe, open, flat area free of obstacles and other traffic. 2. Sit on the seat and engage the parking brake. 3. Verify the throttle lever is fully released and the motion-control levers are in the NEUTRAL-LOCK position. 4. Refer to pages 7–1 to 7–2 of your owner's manual for model-specific starting instructions (e.g., key switch operation, choke use if equipped, or pull-start procedure). 5. Turn the main switch key — do not hold it for more than 5 seconds. If the engine does not start, release the key and wait 15 seconds before retrying. Continuous cranking beyond 5 seconds may discharge the battery or damage the starter motor <PIC>. 6. Once started, allow the engine to warm up sufficiently before riding <PIC>. 7. With the engine idling, release the parking brake, then apply the throttle slowly and smoothly — the centrifugal clutch will engage and acceleration will begin <PIC>. , [""Manual34_10"", ""Manual34_116"", ""Manual34_117""]"
418,"""What is a V-BeltHolder?""","A V-Belt Holder is a designated mounting point or bracket—typically located on the machine's rear carrier or shroud area—designed to securely store a spare V-belt for emergency use. As noted in the manual: 'Keep a spare V-belt for emergency use by putting it into the holder provided.' It features a bolt (①) that must be loosened to insert or remove the belt, and must be tightened afterward to prevent the belt from coming loose and contacting hot components like the muffler. Proper installation ensures safety and prevents damage to the belt or machine. <PIC> <PIC> , [""Manual34_25"", ""Manual34_26""]"
419,"""What are the steps to adjust the throttle cable on a snowmobile?""","To adjust the throttle cable on a snowmobile, follow these steps: 1. Ensure the engine idle speed is properly adjusted first — this is critical for accurate cable adjustment. 2. Loosen the throttle cable adjuster lock nut. 3. Turn the adjuster in or out until the correct throttle lever free play is achieved (typically 1–2 mm; refer to your owner’s manual for exact specification). 4. Tighten the locknut securely while holding the adjuster in place to prevent shifting. ⚠️ CAUTION: After adjustment, verify that the throttle operates smoothly and returns fully to idle position. Also confirm the throttle outer cable is firmly seated in its holder. <PIC><PIC> , [""Manual34_138"", ""Manual34_139""]"
420,"""What is the proper way to use the steering system on a snowmobile?""","The proper way to use the steering system on a snowmobile involves both handlebar input and body positioning: 1. Turn the handlebars in the direction you wish to travel — but do so smoothly and progressively, especially when approaching a curve. 2. As you turn, shift your weight onto the inside running board and lean your upper body into the turn; this 'body English' technique is essential for maintaining balance and control on most snow surfaces <PIC>. 3. Always keep both hands on the handlebars and avoid abrupt throttle changes or braking during turns, as these can cause loss of traction or tipping <PIC>. 4. On slopes or icy/hard-packed snow, steer gently and be prepared to steer downhill if slipping or tipping occurs <PIC>. 5. Practice turning at slow speeds in a large, flat, obstacle-free area until the technique becomes instinctive <PIC>. Note: Steering effectiveness depends heavily on traction — reduced on ice, hard-packed snow, or steep side hills — so adjust speed and inputs accordingly. , [""Manual34_116"", ""Manual34_116"", ""Manual34_129"", ""Manual34_116""]"
421,"""What are the correct steps to turn using a snowmobile?""","The correct steps to turn using a snowmobile are as follows: 1. **Approach the turn slowly**: Reduce speed before entering the curve—never attempt sharp turns at high speed. 2. **Turn the handlebars gently** in the desired direction of the turn. 3. **Shift your body weight**: Place your weight on the running board *inside* the turn and lean your upper body into the turn—this 'body English' technique is essential for balance and control on most snow surfaces. 4. **Adjust lean angle dynamically**: Lean more as the turn becomes sharper or as speed increases. 5. **Maintain smooth throttle control**: Avoid abrupt throttle changes; apply throttle gradually and consistently through the turn. 6. **Practice safely**: Begin in a large, flat, obstacle-free area at low speed to master this technique before progressing to higher speeds or tighter curves. ⚠️ Important: Improper turning—such as sudden braking, jerky steering, excessive speed, or incorrect body positioning—may cause loss of traction or tipping. If tipping begins, lean *more* into the turn and/or gently reduce throttle and/or steer slightly outward to regain balance. <PIC> , [""Manual34_116""]"
422,"""What are the proper techniques for riding uphill on a snowmobile?""","Proper techniques for riding uphill on a snowmobile include: 1. Practice first on gentle slopes before attempting steeper climbs. 2. Accelerate *before* starting the climb to build momentum, then reduce throttle slightly to prevent track slippage. 3. Keep your weight forward — lean forward while seated, and on steeper inclines, stand on the running boards and lean well over the handlebars <PIC>. 4. Always be prepared to react at the crest — slow down as you approach the top to avoid obstacles, drop-offs, or other traffic on the other side. 5. If you stall or cannot continue, do *not* spin the track; instead, safely stop and reposition. For safety, always ensure the engine is fully warmed up and review your Owner’s Manual thoroughly before riding. <PIC> , [""Manual34_117"", ""Manual34_117""]"
423,"""What are the proper techniques for riding downhill on a snowmobile?""","Proper techniques for riding downhill on a snowmobile include: 1. Always keep speed to a minimum; 2. Apply just enough throttle to keep the clutch engaged — this allows engine compression to assist in slowing the machine and prevents free rolling; 3. Use the brake frequently with light, controlled pressure; 4. Before descending, stop the engine, set the parking brake, safely pivot the snowmobile to point it downhill (avoid standing on the downhill side), then restart and release the brake <PIC>; 5. Avoid steep or side slopes unless experienced — beginners should practice only on gentle, controlled terrain. For additional safety, always wear proper gear, maintain awareness of surface conditions (e.g., ice or hard-packed snow increases stopping distance), and never exceed your skill level. <PIC> , [""Manual34_117"", ""Manual34_116""]"
424,"""What are the correct techniques for crossing a slope on a snowmobile?""","Correct techniques for crossing a slope (side hill) on a snowmobile include: 1. **Proper body positioning**: Kneel with your downhill knee on the seat and your uphill foot on the running board—this allows dynamic weight shifting toward the uphill side to maintain balance <PIC>. 2. **Weight distribution**: Lean your upper body into the uphill direction to counteract gravitational pull and prevent tipping <PIC>. 3. **Response to slipping**: If the snowmobile begins to slide sideways, steer *in the direction of the slide* (if the path is clear); if it starts to tip, steer *downhill* to regain stability <PIC>. 4. **Emergency dismount**: If balance cannot be recovered, dismount immediately on the *uphill side* to avoid being pinned or run over <PIC>. 5. **Surface awareness**: Exercise extreme caution on ice, hard-packed snow, or other low-traction surfaces—reduce speed, avoid abrupt throttle or braking, and expect diminished steering control <PIC>. Always ensure the machine is fully warmed up and the drive track is inspected for damage before attempting slope crossings. , [""Manual34_129"", ""Manual34_129"", ""Manual34_129"", ""Manual34_130"", ""Manual34_130""]"
425,"""What are the steps to inspect the spark plug on a snowmobile?""","Here are the steps to inspect the spark plug on a snowmobile: 1. Park the machine on a level surface, disengage the PTO (if applicable), and engage the parking brake. 2. Shut off the engine, remove the key, and wait for all moving parts to stop. 3. Allow the engine to cool completely before proceeding. 4. Clean the area around the spark plug base to prevent dirt or debris from entering the cylinder. 5. Locate and carefully remove the spark plug(s) using a proper spark plug wrench (refer to Figure 52 <PIC> or Figure 63 <PIC>). 6. Inspect the spark plug’s porcelain insulator: a light to medium tan color indicates normal engine operation; black coating may suggest a dirty air cleaner; very white porcelain may indicate an intake air leak or carburetion issue — do not attempt self-diagnosis for such cases; consult your dealer. 7. Check electrode condition: replace the spark plug if it shows worn electrodes, oily film, cracks, or heavy carbon buildup. 8. Verify the air gap between center and side electrodes is set to 0.75–0.76 mm (0.030 inch) using a gapping tool or feeler gauge. 9. Replace with the correct spark plug type per your engine model (e.g., NGK® BPR4ES for Kawasaki FX751/FX801; Champion XC12YC for Kohler engines). 10. Reinstall the spark plug with proper torque — do not over-tighten. Service interval: Every 100 hours for general servicing; every 200 hours for Kohler engines to check, and every 500 hours to replace. , [""Manual23_78"", ""Manual23_89""]"
426,"""What are the steps to clean a snowmobile?""","Cleaning a snowmobile involves several key steps to ensure safety, performance, and longevity. While the owner's manual does not provide a single dedicated 'cleaning procedure' section, best practices can be inferred from maintenance-related warnings and instructions across the documentation: 1. **Always stop the engine and engage the parking brake** before beginning any cleaning — this is emphasized in multiple safety sections. 2. **Rinse or wipe off road salt, mud, or corrosive residues promptly**, especially after transport or riding in treated areas. As noted in Reference 1: ""Be sure to clean the machine when you get to your destination to remove any corrosive salts."" Salt accelerates corrosion on suspension and metal components. 3. **Clean cooling vents and shroud surfaces** to prevent debris buildup that could impair engine cooling. A tight-fitting cover during transport (Reference 1) helps avoid this, but post-ride inspection and gentle wiping of vents is recommended. 4. **Clean moving parts carefully**: For example, Reference 6 outlines cleaning procedures for caster wheels and side brushes — including removing debris from wheel cavities, checking axle rotation, and clearing hair or gunk from axles. Though specific to a different product category (likely a vacuum or grooming tool), the principle applies: inspect, disassemble if needed, clear obstructions, and reassemble securely. 5. **Avoid harsh chemicals**: As cautioned in Reference 9 (applicable by analogy to sensitive equipment), do not use isopropyl alcohol, vinegar, bleach, or household cleaners — these may damage plastics, rubber seals, or finishes. Use only mild soap, water, and a soft cloth. 6. **Dry thoroughly**, especially around rubber seals, electrical connections, and under the hood — moisture retention can lead to freezing, corrosion, or electrical issues. For model-specific guidance (e.g., radiator access, track cleaning, clutch area care), always consult your snowmobile’s official Owner’s Manual or an authorized dealer."
427,"""What are the best methods for memorizing communication channels using a manual program?""","The best methods for memorizing communication channels using a manual program on this TV are as follows: 1. **Using the MEMORY/ERASE button (recommended for quick operation)**: - Press the ▲/▼ or NUMBER buttons to select the desired channel number you wish to memorize or erase. - Press the MEMORY/ERASE button to confirm 'Memory' — an on-screen display will appear confirming the action. <PIC> 2. **Using the MENU system (for precise control and fine-tuning)**: - Press MENU, then use ▲/▼ to navigate to 'Manual'. - Press ►, then use ▲/▼ to select 'Channel'. - Press ► again, then use ▲/▼ to select the target channel number. - Press ► once more, then use ▲/▼ to select 'Memory'. - Finally, press ENTER (○) to save the channel. <PIC><PIC><PIC> Note: Manual programming is ideal for adding, deleting, or reordering specific channels after an initial AUTO PROGRAM scan. For optimal signal quality, ensure antenna connections are secure (e.g., 75 Ohm coaxial or properly adapted 300 Ohm flat wire). <PIC> , [""Manual35_7"", ""Manual35_8"", ""Manual35_9"", ""Manual35_20"", ""Manual35_36""]"
428,"""What are the common causes and conditions that can lead to poor reception in television or radio signals?""","Common causes and conditions that can lead to poor television or radio signal reception include: 1. **Weak Signal Strength**: Occurs when the receiver is located in a fringe or distant area from the broadcast tower — often resulting in 'snow' (random dots) on the picture <PIC>. 2. **Signal Reflection (Ghosting)**: Happens when the signal splits and travels via multiple paths — one direct, and another reflected off tall buildings, hills, or other objects <PIC>. 3. **Electromagnetic Interference (EMI)**: Caused by nearby electrical devices such as automobile ignition systems, neon lamps, power tools (e.g., electric drills), or improperly shielded electronics <PIC>. 4. **Antenna-Related Issues**: Using an old, damaged, or poorly positioned antenna; degraded coaxial/flat-wire cables; or incorrect antenna type (e.g., indoor vs. outdoor) for your location <PIC>. 5. **Environmental Factors**: Severe weather, heavy foliage, or geographic obstructions (e.g., mountains, dense urban structures) can block or scatter signals. 6. **Co-Channel or Adjacent-Channel Interference**: Overlapping signals from nearby transmitters or unauthorized equipment operating on similar frequencies. 7. **Improper Grounding or Power Supply Noise**: Sharing a circuit with high-power appliances or using unfiltered power outlets may introduce noise into the signal path. To improve reception, consider reorienting or relocating the antenna, increasing separation from interfering devices, using a higher-gain or outdoor antenna, or consulting a qualified radio/TV technician <PIC>. , [""Manual35_31"", ""Manual35_32"", ""Manual35_33"", ""Manual35_34"", ""Manual35_36""]"
429,"""What are the steps to enable and customize captions and on-screen text settings on a television?""","To enable and customize captions and on-screen text settings on your television, follow these steps: 1. **Enable Closed Captions**: Press the CAPTION button on your remote control. 2. **Select Caption Mode**: Press the CAPTION button repeatedly to cycle through options: OFF, Mode 1, Mode 2, Text 1, or Text 2. Mode 1 is typically the standard caption track; Mode 2 may display alternate information (e.g., program guides or demos). <PIC> 3. **Exit the Menu**: Press the ENTER (●) button to confirm and exit. <PIC> Note: - Not all broadcasts include closed caption signals. - Some channels transmit two caption streams — use Mode 1/Mode 2 to switch between them. - Text services (e.g., news, weather) are broadcast separately and depend on station availability — they may not appear if signal strength is poor or the station doesn’t support text. <PIC> For further customization (e.g., font size, color, style), consult your TV’s on-screen menu under Settings > Accessibility > Caption Settings — though specific options vary by model and may require navigating via MENU and arrow buttons. <PIC> , [""Manual35_34"", ""Manual35_34"", ""Manual35_31"", ""Manual35_3""]"
430,"""What are the steps to properly connect and set up an outdoor antenna for optimal signal reception?""","To properly connect and set up an outdoor antenna for optimal signal reception, follow these recommended steps: 1. **Select and inspect the antenna**: Choose a high-quality outdoor antenna suitable for your location (e.g., UHF/VHF or combo). Before installation, inspect the antenna and coaxial cable for weathering, corrosion, or damage — severely degraded components reduce signal quality <PIC>. 2. **Mount the antenna securely**: Install it as high and unobstructed as possible (e.g., roof or mast), away from large metal objects, trees, or buildings that cause reflection or blockage. Avoid proximity to sources of interference like power lines, motors, or LED lighting. 3. **Orient the antenna correctly**: Point it toward the broadcast towers (use online tools like FCC DTV Maps or AntennaWeb to find tower directions). Fine-tune direction while monitoring signal strength on your TV’s signal menu — small adjustments can eliminate ghosts caused by signal reflections <PIC><PIC>. 4. **Connect the antenna to your TV**: - For **75 Ohm coaxial cable**: Connect directly to the TV’s 75 ohm antenna input jack. - For **300 Ohm flat twin-lead wire**: Use a 300-to-75 ohm balun adapter — attach the wires to the screws on the adapter, then plug the adapter’s F-connector into the TV’s 75 ohm jack <PIC>. 5. **Perform channel scan**: After connection, run AUTO PROGRAM (auto-tune) in your TV’s menu to memorize available channels. Ensure the TV is set to 'Antenna' or 'Air' input mode — not 'Cable'. 6. **Troubleshoot if needed**: If you see 'snow' (grainy picture), you may be in a weak-signal area — consider adding a signal amplifier or upgrading to a directional or amplified antenna. If ghosting persists, reorient the antenna or relocate it to minimize multipath reflections . , [""Manual35_36"", ""Manual35_32"", ""Manual35_33"", ""Manual35_31""]"
431,"""What are the steps to properly connect a DVD player to a television or audio system for optimal performance?""","To properly connect a DVD player to a television or audio system for optimal performance, follow these recommended steps: 1. **Choose the best video connection available**: - For highest quality, use **Component Video** (Y, PB, PR cables) if both your DVD player and TV support it. Connect the DVD player’s Y (luminance), PB (blue difference), and PR (red difference) outputs to the corresponding Y, PB, PR inputs on the TV <PIC>. - Alternatively, use **S-Video** for better quality than composite (if supported): connect the S-Video output of the DVD player to the S-VIDEO input on the TV, and separately connect stereo audio (L/R) to the AUDIO IN (L/R) ports. - As a baseline, use **Composite Video** (yellow RCA) + stereo audio (red/white RCA) — plug yellow into VIDEO IN, red/white into AUDIO IN (L/R). 2. **Connect audio appropriately**: - For stereo playback: connect DVD player’s AUDIO OUT (L/R) to TV’s AUDIO IN (L/R) or to an external audio system’s LINE IN (light blue port) <PIC>. - For surround sound: if your DVD player has digital audio output (optical or coaxial), connect it to a compatible AV receiver’s DIGITAL AUDIO IN. 3. **Select the correct input source**: - Turn on both the DVD player and TV. - Press the **TV/VIDEO** or **INPUT** button on your TV remote or front panel until the correct mode is selected (e.g., VIDEO 1, VIDEO 2, COMPONENT, or S-VIDEO) <PIC>. 4. **Verify settings**: - Ensure the DVD player’s video output format (e.g., 480i, 480p, NTSC/PAL) matches your TV’s capabilities. - On the TV, confirm audio settings (e.g., Stereo/SAP, AVL) are enabled as needed for balanced volume and clarity <PIC>. Note: This TV remembers the last selected input mode, even after power-off. Always start playback on the DVD player *after* selecting the correct input on the TV. , [""Manual35_40"", ""television0_02"", ""Manual35_37"", ""television0_03""]"
432,"""What are the key factors to check when troubleshooting technical issues or malfunctions?""","When troubleshooting technical issues or malfunctions, the key factors to check include: 1. **Power source integrity** — verify battery type, proper installation, secure connection to charger, and whether the battery compartment cover is fully closed; 2. **Environmental conditions** — avoid dust, humidity, temperature extremes, and ensure the device is on a stable, dry surface; 3. **Physical connections & components** — inspect for loose connectors, damaged wiring, worn belts, faulty clutches, or compromised bearings (as applicable); 4. **Warning indicators & diagnostics** — monitor display messages (e.g., 'Check Engine', '_ _' blinking on speedometer) and use built-in diagnostic tools (e.g., ECM-stored engine data); 5. **User operation & settings** — confirm correct mode selection (e.g., Creative Zone modes), proper control actuation (e.g., burner knob engagement with audible click/spark), and adherence to specified procedures (e.g., valve spring-back test); 6. **Reference documentation** — consult the Troubleshooting chart for 'TROUBLE', 'POSSIBLE CAUSE', 'REMEDY', and related page references <PIC>. If unresolved, contact a qualified technician or authorized service provider. , [""Manual10_235""]"
433,"""What safety precautions should be followed to ensure safe operation during this process?""","To ensure safe operation, always follow these essential safety precautions: • Read all instructions in the user manual before use. • Use the product only for its intended purpose and indoors under normal temperature conditions. • Keep children and bystanders away from the operating area; supervise them with a responsible adult. • Wear appropriate personal protective equipment (e.g., hearing protection) if required. • Maintain full attention—do not operate while tired, ill, or under the influence of alcohol or drugs. • Before servicing or cleaning, shut off the engine/machine, remove the key, and wait for all moving parts to stop. • Avoid operation on slopes greater than 15°, near drop-offs, water, ditches, or unstable terrain—use walk-behind tools instead. • Keep a safe distance (twice the machine’s width) from hazards. • Ensure rollover protection systems (ROPS) and seat belts are properly installed, engaged, and never modified. • Never carry passengers or children on the machine. • Do not use outdoors, near water, or let cords hang over edges or contact hot surfaces. <PIC> , [""Manual23_40""]"
434,"""How do you adjust the intensity settings on an electric toothbrush to suit your oral care needs?""","To adjust the intensity settings on your electric toothbrush to suit your oral care needs: 1. **Manual adjustment on the handle**: Press the intensity indicator lights on the handle to cycle through the three preset levels — Low (one light), Medium (two lights), or High (three lights). You can change the setting before, during, or after brushing. <PIC> 2. **Adaptive Intensity feature**: Your toothbrush automatically lowers the intensity by one level if you apply excessive pressure for an extended time — helping protect your gums. It resets to your pre-selected setting at the start of each new brushing cycle. <PIC> 3. **Customization via app**: Connect your toothbrush to the companion app (via Bluetooth) to fine-tune intensity, enable/disable Adaptive Intensity, and personalize feedback. The app also lets you track brushing habits and receive tailored oral health recommendations. <PIC> , [""drill0_04"", ""drill0_05"", ""drill0_06""]"
435,"""What are the steps to activate and deactivate the various features on an electric toothbrush for customized usage?""","To activate or deactivate features on your electric toothbrush for customized usage, follow these steps: **From the handle (physical device):** 1. Place the handle on the charging stand. 2. Press and hold the power button for a specific duration (see <PIC> for visual guidance). **From the app (recommended for full control):** - Ensure your toothbrush is paired with the app (refer to 'App – Getting Started'). - In the app, you can activate or deactivate: • Adaptive Intensity • Scrubbing Feedback • Pressure Sensor Feedback (note: Adaptive Intensity deactivates automatically if Pressure Sensor is turned off) • Brush head replacement reminder **Feature notes:** - Pressure Sensor Feedback and Brush head replacement reminder come pre-activated. - Scrubbing Feedback comes pre-deactivated — enable it in the app to receive amber light + vibration alerts when scrubbing is detected. - Adaptive Intensity adjusts intensity downward if excessive pressure is applied; resets to your selected level at the start of each new brushing cycle. - The SenseIQ icon illuminates on the handle during active smart feature use and when settings are enabled/disabled. For detailed visual instructions, refer to the associated diagrams: <PIC> (power button activation), <PIC> (Scrubbing Feedback behavior), <PIC> (brush head replacement indicator), and (SenseIQ icon status). , [""drill0_04"", ""drill0_05"", ""drill0_06"", ""drill0_07""]"
436,"""What are the steps to charge an electric toothbrush when it is inside a travel case, and how do you ensure it charges properly?""","To charge your electric toothbrush inside the travel case, follow these steps: 1. Plug the USB cord into the travel case and into the USB wall adapter. <PIC> 2. Plug the wall adapter into an electrical outlet. 3. Place the toothbrush handle into the travel case. <PIC> a. To confirm charging has started successfully, the toothbrush will beep twice and the lights will illuminate in an upward motion. b. While charging, the battery indicator blinks in white. <PIC> 4. Leave the travel case plugged in until fully charged — the battery light will stop blinking and turn off when charging is complete. Note: It may take up to 16 hours for a full charge. For optimal performance, ensure the travel case is placed on its side for stability and that both the toothbrush and case are dry before charging. Also, charge only within the recommended temperature range (0°C to 40°C). , [""drill0_04"", ""drill0_05"", ""drill0_06""]"
