id,question,ret
1,"""请问你们家的商品支持7天无理由退换货吗？"",
""需要自己承担运费吗？""",支持7天无理由退换货（需商品完好、包装配件齐全）；退货运费需自行承担，换货由我们承担寄出运费。具体以订单审核结果为准。
2,"""我想咨询一下，你们的售后维修服务范围是什么？"",
""如果是人为损坏的，能维修吗？维修费用怎么算？""",1. 售后维修服务范围：在保修期内，因制造缺陷导致的故障可享受免费维修或更换；非人为原因且符合保修条款的故障，均属服务范围。 2. 人为损坏（如疏忽、滥用、不当使用、非授权改装或维修等）不属于保修范围，原则上不提供免费维修。
3,"""请问你们的商品能开发票吗？发票类型是什么？"",
""多久能收到呢？""",可以开具电子发票，支持增值税普通发票；请提供公司名称、税号及接收邮箱。发票通常在订单完成后1-3个工作日内发送至指定邮箱。
4,"""我收到商品后，发现包装破损了，怎么办？"",
""影响商品退换货吗？""",1. 包装破损请立即保留原包装、商品及开箱过程照片或视频，并提供订单号，客服核实后将为您安排补发、换货或退款；若属物流或商家责任，相关运费通常不由您承担。 2. 是否影响退换货，取决于商品实际状态：只要商品本身完好、配件齐全、未拆封/未使用（或符合平台退换规则），包装破损不影响正常退换货申请；具体处理以订单审核结果为准。
6,"""我想了解一下你们的退款政策，退款多久能到账？"",
""信用卡会原路返回吗？""",退款支持原路退回，信用卡支付将退至原卡；到账时间通常为1-7个工作日，具体以银行处理为准。
7,"""我收到的商品和图片不一样，颜色偏差很大，我要投诉！""",非常抱歉给您带来不便！请您提供订单号及商品实拍照片（含外包装和实物），我们将立即核实并为您安排退换货或补偿处理。
8,"""你们的商品存在虚假宣传，宣传的功能和实际不一样，我要投诉！""",1. 非常抱歉给您带来困扰，我们高度重视您关于宣传与实际功能不符的反馈； 2. 请您提供订单号、商品页面宣传截图、实际功能不符的具体描述（如缺失/异常的功能），以及相关照片或视频凭证； 3. 我们将立即核实情况，并根据核实结果为您安排退换货、退款或补偿；如需进一步处理，将为您升级至人工客服专项跟进。
9,"""我收到的商品少了一件，联系客服说会补发，但是过了一周还没补发！""",您好，少发商品已登记补发，通常3-5个工作日内发出。如超时未收到，请提供订单号和开箱视频/照片，我们将加急核实处理。
10,"""你们的售后维修服务太差了，我送修的商品，过了半个月还没修好！""",您好，非常抱歉给您带来不便。维修超时问题我们会立即为您升级催办，请提供维修单号或订单号，以便核实进度并加快处理。
11,"""你们的商品保质期有问题，我收到的商品还有1个月就过期了！""",非常抱歉给您带来不便！请您提供订单号，并拍摄商品外包装上的生产日期/保质期标签照片，我们将立即为您核实并安排退换货处理。
12,"""你们的快递员态度特别差，送货时还辱骂我，我要投诉！""",非常抱歉给您带来不愉快的体验！请您提供订单号及当时的情况描述（如时间、快递公司、快递员特征等），我们将立即核实并严肃处理。如需进一步协助，可随时联系人工客服。
13,"""你们的商品存在质量问题，我使用了一次就坏了，联系客服没人管！""",非常抱歉给您带来不便！请您提供订单号、商品问题照片及具体故障描述，我们将立即核实并为您安排退换货或退款。如需进一步协助，我们会为您升级至人工客服处理。
14,"""我收到的商品被拆封过，里面还有污渍，明显是二手商品，我要投诉！""",非常抱歉给您带来不愉快的购物体验！请您提供订单号，并拍摄商品及包装的照片，我们将立即核实并为您安排退换货或退款处理。
15,"""你们的商品宣传是正品，但是我收到后验证是假货，我要投诉！""",非常抱歉给您带来不愉快的体验！请您提供订单号、商品实物及包装照片、防伪验证截图等凭证，我们将立即核实并为您安排退换货或退款处理。如需进一步协助，可随时转接人工客服。
16,"""我收到商品后，发现商品有轻微划痕，不影响使用，能申请换货吗？""",商品有轻微划痕但不影响使用，符合换货条件，可申请换货。请保留原包装和商品，并提供订单号及划痕照片，客服核实后将为您安排换货。
17,"""我想换货，但是原来的商品包装盒丢了，还能换吗？"",
""需要我额外支付包装费吗？""",可以换货，但需确保商品完好、配件齐全且符合退换条件；包装盒丢失一般不收取额外包装费。具体以订单审核结果为准。
18,"""我想退货，但是已经超过7天无理由退换货期限了，还能退吗？""",超过7天无理由退换货期限后，如商品存在质量问题或与宣传不符，仍可申请售后处理；请提供订单号及问题凭证，我们将为您核实并协助安排退换货或退款。
19,"""请问你们的商品能提供纸质版说明书吗？"",
""电子版在哪里可以找到？""",1. 纸质版说明书：随商品默认附赠纸质说明书，若未收到或遗失，可联系客服补发（邮费自理）； 2. 电子版说明书：请登录我司官网【售后服务】→【下载中心】，输入产品型号即可查询并下载PDF版说明书。
20,"""请问你们家的商品能寄到国外吗？"",
""运费怎么算？大概需要多久能到？""",1. 关于寄送国外：目前官网暂不支持直接向海外地址发货，配送范围仅限中国大陆地区。 如您身处海外，建议通过国内亲友代收，或联系当地授权经销商咨询购买渠道。 2.
21,"""我购买的商品，想开发票抬头为公司，需要注意什么？"",
""抬头写错了，能重新开具吗？""",1. 开具公司抬头发票，请提供准确的公司名称、税号及接收邮箱；仅支持电子发票。 2.
22,"""我收到商品后，发现商品有瑕疵，但是已经使用过了，能售后吗？"",
""换货还是只能维修？""",已使用过的商品如存在质量问题，仍在三包期内可申请售后；具体是换货还是维修，需根据检测结果及商品损坏程度判定。请您先保留商品及包装，并提供订单号和问题照片，客服核实后将为您安排相应处理。
23,"""我想取消订单，但是订单已经付款了，能全额退款吗？""",您好，订单已付款但未发货的，可申请取消并全额退款；若已发货，需拒收后办理退款。退款将原路退回，具体到账时间视支付渠道而定。
24,"""请问你们的商品有售后保障卡吗？"",
""卡丢了，还能享受售后服务吗？""",您好，商品默认不附带独立售后保障卡，售后服务以订单记录和电子保修凭证为准；即使卡片丢失，只要在保修期内且符合售后政策，仍可享受正常服务。
25,"""请问你们家支持以旧换新服务吗？""",您好，目前部分大家电商品支持以旧换新服务，具体以商品页面展示的活动说明为准。您可在下单前查看商品详情页或联系客服确认是否适用。
26,"""请问你们的智能客服能解答哪些问题？"",
""智能客服解答不了的问题，怎么办？""",1. 智能客服可解答：产品安装与使用（如滤网更换、初始化操作、风速调节、自动模式设置等）、功能说明（如涡轮运行、脚轮安装、指示灯含义）、常见故障自查（如无法开机、异响、充电异常、传感器初始化等）；2. 智能客服暂不支持处理企业采购、质量投诉、开票、少发错发等需人工核实凭证的售后问题；3. 若智能客服无法解答，您可提供订单号及相关凭证（如问题照片、开箱视频等），我们将为您转接人工客服，优先核实并安排补发、换货或退款。
33,"""家支持7天无理由退货吗？"",
""需要满足什么条件？""",支持7天无理由退货。需满足：商品保持完好、包装及配件齐全、未影响二次销售；具体以订单审核结果为准。
34,"""我购买的商品，收到后发现少发了一件，怎么办？"",
""什么时候能补寄？需要我承担运费吗？""",1. 关于少发：请您先保留完整外包装、商品实物及开箱视频/照片，并提供订单号，我们将立即核实；确认属实后会为您安排补寄。 2. 关于补寄时效：常规地区通常在核实后24–48小时内发出，配送时效约2–5个工作日（偏远地区可能需5–7天）。
35,"""想换成其他款式，能换货吗？""",可以换货，需满足商品未使用、包装及配件齐全，且在订单支持换货的时间范围内。请提供订单号，我们将为您核实并安排换货。
36,"""请问商品的生产日期是什么时候？""","您好，商品的生产日期通常不直接标注在产品本体或包装上，而是通过序列号间接体现。根据参考知识，序列号中包含生产编号信息（如水泵、发电机类文档所述：'编号前三位为型号标识，后续为生产序号'或'前三位为机型标识，其余数字为产品生产编号'）。具体生产日期需结合序列号向品牌官方或授权经销商查询验证。您可查看机器侧面或铭牌上的序列号标签 <PIC>，并提供给客服协助解读。 , [""Manual31_44""]"
37,"""请问你们的商品能提供上门安装服务吗？""",1. 是否支持上门安装：取决于商品品类和地区，部分大家电（如空调、洗碗机、烤箱等）支持预约上门安装服务；具体以商品页面、订单服务说明或活动规则为准。 2. 安装费用：是否免费需以商品页标注的服务政策为准；若安装人员违规收费，请保留收费凭证并联系客服核实处理。
38,"""请问你们的商品能提供试用装吗？""",您好，试用装是否提供取决于当前活动规则和商品类型，暂无统一政策。建议您查看商品页面活动说明或联系客服确认最新试用安排。
39,"""我购买的商品，使用一段时间后出现质量问题，还能售后吗？""",您好，商品出现质量问题仍在售后期内可为您处理。请您提供订单号、问题照片及简要描述，我们将核实后为您安排退换货或退款。
40,"""我想给商品更换成更大的尺寸，能换吗？"",
""尺寸差价怎么处理？""","您好，关于更换更大尺寸商品的问题： 1. 若您购买的是健身追踪器，包装内已附赠一条大号底部表带，可自行更换（参见第14页“更换表带”说明）<PIC>；表带尺寸详情请查阅第71页“表带尺寸”<PIC>。 2. 关于尺寸差价：参考知识中未提及尺寸升级或差价处理政策。若您已下单但尚未发货，建议联系客服协助修改订单；若已发货，可根据官网退货/换货政策，在购买30天内申请换货（需获得RMA编号），差价部分将按原支付方式多退少补。 , [""Manual16_9"", ""Manual16_51""]"
41,"""快递丢失了，怎么办？""，
""这种情况你们会怎么赔偿？多久能解决？""",1. 快递丢失属于物流环节问题，不属于产品技术问题，不适用保修政策； 2. 请您立即保留订单号，并联系客服提供订单号及物流异常信息，我们将协同快递方核实情况； 3. 若确认为快递丢失且责任在物流方或我方，将为您安排补发或退款，处理时效通常为1-3个工作日（以核实完成为准）；补发/退款前需您配合提供开箱视频、包装照片等凭证（如尚未签收，请勿签收并拍照留存）。
42,"""我购买的商品，想申请退款，但是已经使用过了，能退吗？""",已使用过的商品一般不支持无理由退货退款；若存在质量问题，可提供凭证申请售后审核处理。具体是否可退以订单实际审核结果为准。
43,"""我购买的商品，快递送达时，我不在家，怎么办？""",1. 快递送达时您不在家，快递员通常会尝试联系您，并可能将包裹暂存至附近驿站、快递柜或物业代收点；请留意物流短信/电话通知。 2. 若包裹被退回或丢件，请及时提供订单号并联系客服核实处理。
44,"""请问你们的优惠券能用于所有商品吗？""",您好，优惠券的使用范围取决于具体活动规则，并非适用于所有商品。部分优惠券可能限指定品类、品牌、型号或新品，也可能排除特价品、赠品及已参与其他促销的商品。建议您在提交订单前，在结算页面查看优惠券是否可叠加使用及适用商品范围；或查阅订单确认页/优惠券详情页中的使用说明。如有疑问，也可提供优惠券代码，我们将为您进一步核实。
45,"""请问你们的商品能提供终身维修服务吗？""",您好，我们不提供终身维修服务。商品维修服务以国家三包规定及本店质保政策为准，具体保修期请查看商品页面或随附说明书。
46,"""我上个月购买的家电，使用不到一个月就出现故障，联系售后寄回维修，现在已经维修15天了，还没收到，而且我发现商品是翻新机，并非全新，要求退货退款并赔偿，请问该怎么处理？""",1. 关于维修超时：您可提供维修单号或订单号，我们将为您升级催办并核实当前进度；若属质保期内非人为故障，维修应免费。 2. 关于翻新机质疑：根据全球保修政策，保修范围内的更换产品可为全新或翻新，功能相近且价值相等或更高，此不构成违约；但若您购买时明确约定‘全新未拆封’且有证据证明商品为翻新，可作为争议依据提交核查。
47,"""我在你们平台批量购买了100件商品用于企业采购，收到货后发现有20件存在质量问题，15件少发，而且发票开错了抬头，需要重新开具，同时想申请质量问题商品的换货和少发商品的补寄，请问流程是什么？"",",您好，企业采购异常需统一处理：请提供订单号、20件质量问题商品的照片/视频、15件少发的开箱凭证，以及正确发票抬头信息，我们将为您升级专人跟进换货、补寄及重开发票。
48,"""我购买的食品类商品，收到后发现生产日期临近过期，而且包装破损，部分商品受潮无法食用，我要求退货退款并赔偿，同时担心食用了受潮商品影响健康，请问能提供相关保障吗？""",您好，已收到您的客诉：1. 请立即保留破损包装、受潮商品及生产日期标签照片/开箱视频，并提供订单号；2. 客服核实后将为您办理退货退款，若属商家或物流责任，运费由平台承担；3.
49,"""我购买的商品包装破损，商品出现损坏，而且快递员拒绝承认是运输问题，同时我已经签收商品，请问还能申请售后吗？""",可以申请售后。请立即保留破损包装、商品及开箱视频等证据，并提供订单号，客服核实后将为您安排补发、换货或退款；若属物流责任，运费由平台承担。
50,"""我购买的大家电需要上门安装，但是安装人员上门后说需要额外收取配件费，而且安装服务原本应该是免费的，同时安装人员操作不规范，导致家电出现轻微损坏，请问该怎么处理？""",您好，关于您的问题：1. 安装费用：大家电是否免费上门安装，请以商品页面、订单服务说明或活动规则为准；若安装人员违规收取配件费，请保留收费凭证（如收据、录音、照片等），联系客服核实处理。 2. 安装规范与损坏：安装必须由授权售后服务中心进行，非授权或不规范操作导致的损坏，可凭凭证申请售后评估；请同步提供订单号、损坏情况描述及现场照片，客服将协助升级处理。
51,"""我购买的商品在质保期内出现质量问题，寄回维修后，维修人员说需要更换配件，而且要收取配件费，但是质保期内应该免费维修，同时维修时间已经超过承诺的7天，请问该怎么处理？"",",您好，根据您描述的情况，质保期内因产品本身材料或工艺缺陷导致的故障，应由授权服务商免费维修（含更换配件），不得向您收取配件费；同时，维修周期超出承诺时限（如7天）属于服务履约异常。请您保留好维修单据、沟通记录及RMA编号，并立即联系官方客服反馈该问题，要求：1. 核查维修收费是否合规；2. 督促加急完成维修或提供备用机；3. 对超期延误给予合理说明或补偿。依据保修条款，您享有法定消费者权益及本保修赋予的额外保障，我们支持您正当维权。
52,"""我购买的大型设备需要上门检修，但是检修人员上门后说设备故障无法现场修复，需要拉回仓库维修，而且维修时间不确定，同时我担心设备拉回过程中出现损坏，请问该怎么处理？""",您好，关于您反映的大型设备需拉回仓库维修及运输损坏担忧的问题： 1. 根据保修政策（参考文档4），若设备故障需返厂维修，维修方式（现场修复或返厂）由服务商根据技术判定决定； 2. 运输途中损坏属于承运方责任，不在产品保修范围内（参考文档4第三条除外责任）；建议您在设备交接时与检修人员共同确认外观状态、拍照留存，并要求签署书面交接单； 3. 维修周期未明确时，可向服务商索要RMA编号及预计维修时限；如超期未修，可凭购买凭证联系客户支持协调处理。 温馨提示：非专业人员不得自行拆解或维修（参考文档5、7），所有检修须由授权技术人员执行。
53,"""我想试用商品，但是试用期间商品出现故障，而且不是人为操作导致的，同时我想延长试用期限，请问可以吗？另外故障商品能更换吗？""",您好，关于您的试用期商品故障及延期问题： 1. 试用期非法定保修期，是否支持延长试用期限需以您参与的具体试用活动规则为准，建议您查阅试用申请页面说明或联系活动客服确认； 2. 若商品在试用期间出现非人为故障，且经检测确认为制造缺陷（如材料或工艺问题），依据全球保修政策，我们可为您提供免费维修或更换服务（视库存情况，可能提供全新或翻新、功能相近且价值相等或更高的产品）； 3. 故障商品更换需先通过售后支持网站提交申请，经技术人员判定后获取RMA编号，再按指引寄回；请务必保留购买凭证（如订单截图、电子发票）作为权益依据。 温馨提示：试用商品若未正式完成购买，部分售后权益（如退换货、运费承担）可能受限，建议尽快联系客服说明具体情况，我们将为您协调处理。
54,"""我购买的商品，收到后发现是临期商品（还有15天过期），但下单时页面未标注临期，而且商品包装上也没有临期提示，我要求退货退款并赔偿，请问可以吗？""",您好，临期商品可申请退货退款，烦请保留商品包装及订单信息并联系客服核实处理；赔偿需依据平台规则及责任认定，客服将为您优先审核。
55,"""我购买的商品，收到后发现商品的颜色和详情页描述的不一致，详情页是深红色，实际收到的是浅红色，而且商品有轻微的异味，想申请换货""",您好，非常抱歉给您带来不便。请您提供订单号及商品颜色不符、有异味的照片或视频凭证，我们将为您核实并安排换货，相关运费由我们承担。
57,"""我购买的商品，快递寄到后，我拆开包装发现商品损坏，但是快递员已经离开，没有当场验货，请问还能申请售后吗？""",可以申请售后。请立即拍摄商品损坏部位、外包装及快递面单的照片，并保留原包装；客服核实后将为您安排换货或退款，相关运费由责任方承担。
58,"""我购买的商品，使用时发现商品的功能和详情页描述的不一致，详情页说支持无线充电，实际不支持，而且商品的续航时间也比描述的短很多，要求退货退款并赔偿，请问可以吗？"",",1. 关于功能不符（无线充电不支持、续航缩短）：商品详情页描述与实物不一致，属于宣传不符问题，我们深表歉意；请您提供订单号、商品实拍图（含功能界面/标签/包装）、以及详情页截图作为凭证。 2. 关于退货退款：若经核实确属宣传不符，我们将为您办理退货退款，退款原路返回，具体以订单审核结果为准；请保持商品完好、配件齐全、包装完整。
64,"""使用吹风机时，人员需要佩戴哪些防护装备？""",使用吹风机时，人员需佩戴以下防护装备：1. 合格的听力防护装备；2. 合格的眼部防护装备；3. 在多尘环境中操作时需佩戴面罩；4. 防滑鞋底的工作靴或工作鞋；5. 作业现场应配备急救箱。
65,"""操作吹风机时，人员需要注意哪些安全要点？""",操作吹风机时，人员需注意以下安全要点： 1. 严禁将喷口对准人或动物，高速气流可能夹带颗粒物造成眼部等严重伤害； 2. 禁止无关人员及动物进入距操作人员10米范围内； 3. 操作时双脚稳固站立于地面，严禁站在梯子或支架上作业； 4. 必须佩戴合格听力防护装备、眼部防护装备；多尘环境还需佩戴面罩，穿防滑工作鞋； 5. 长发需束起，禁止穿戴围巾、项链等易被卷入的宽松衣物； 6. 饮酒、服药后或疲劳状态下严禁操作； 7. 启动与作业前必须关闭发动机，检修盖未关闭、损坏或无法闭合时严禁启动； 8. 避免身体（尤其左手）直接接触排气口及滚烫的催化消音器（运行中、停机后及怠速时均异常高温）； 9. 严禁在通风不良空间操作，避免吸入废气；加油前必须关闭发动机； 10. 仅在合理时段（如周一至周六9:00–17:00）使用，遵守当地法规，避免扰民。
66,"""使用吹风机时，如何调节化油器？""","吹风机的化油器出厂时已精密预设，仅在因气候、海拔、汽油或二冲程机油类型差异导致运行异常时才需调节。化油器设有三处调节装置：<PIC> H=高速油针（调节全油门工况空燃比） L=低速油针（调节怠速与半油门工况空燃比） T=怠速调节螺钉（调节发动机怠速转速） 调节前须确保：吹风管与喷口已安装到位；发动机充分预热（怠速与半油门交替运转1–2分钟）；H、L油针先逆时针旋至限位终点。 注意！严禁拆除H、L油针限位装置，否则将不符合环保法规要求。详细调节步骤请参阅说明书第18页。 , [""Manual04_35""]"
67,"""吹风机冷机时，该如何启动？""",吹风机冷机启动步骤如下： 1. 将停机开关调至启动位置； 2. 将阻风门控制器调至阻风门位置（A），该位置同时为自动启动油门位置； 3. 反复按压泵油膜片，直至燃油充满膜片（无需完全充满）； 4. 左手将设备机身按压在地面，右手握紧启动手柄，缓慢拉动启动绳至感受到阻力（启动钩啮合），然后快速用力拉动； 5. 发动机点火后立即按下阻风门控制器，重复操作直至发动机稳定启动； 6. 发动机启动后迅速全开油门，启动油门自动解除。 注意！切勿完全拉出启动绳，切勿在启动绳完全拉出时松手，以免损坏设备。
68,"""吹风机热机时，该如何启动？""","吹风机热机启动时，无需使用阻风门，请将阻风门控制器推回原位（工作位置）；其余步骤与常规启动一致：确保燃油开关置于“ON”，停机开关置于启动位置，按压泵油膜片至燃油充满，左手稳固机身，右手缓慢拉动启动绳至受力后快速拉动。发动机启动后，可立即全开油门，启动油门自动解除。<PIC> , [""Manual04_18""]"
69,"""该如何关闭吹风机？""",请通过吹风机上的停机开关（部件编号3）切断点火电源，即可关闭吹风机。操作前请确保设备处于稳定状态，并遵守安全规范：安装或拆卸配件前必须先关闭发动机。
70,"""空调的重要组成部件有哪些？""",根据现有资料，空调的重要组成部件包括：室内机、空气滤网、3M多重防护滤网、等离子滤网、遥控器（含信号发射器与接收器）。具体部件可能因机型不同而有所差异。
71,"""如何找到空调遥控器的按键？""","空调遥控器的按键通常位于遥控器正面，主要按键包括：开/关键、模式键（切换制冷/制热等）、温度上升/下降键、风速键、出风方向调节键等。部分附加功能按键可能隐藏在遥控器盖板下方，需打开盖板查看。<PIC> , [""Manual01_6""]"
72,"""如何给空调遥控器安装电池？""","给空调遥控器安装电池的步骤如下： 1. 取下电池盖。<PIC> 2. 装入新电池，确保电池正、负极安装正确。<PIC> 3. 重新装上电池盖。 温馨提示：请使用7号电池；切勿将不同型号或新旧电池混用；若电池漏液，请立即停止使用并用清水冲洗接触部位。 , [""drill0_04"", ""drill0_05""]"
73,"""如何安装空调遥控器支架？""","安装空调遥控器支架的步骤如下： 1. 选择一个安全、便于取用且无阳光直射的位置，以保护遥控器； 2. 使用螺丝刀将两颗螺丝拧紧，固定支架 <PIC>； 3. 将遥控器沿滑槽方向平稳滑入支架中 <PIC>。 , [""drill0_04"", ""drill0_05""]"
74,"""如何用空调快速调节室内温度？""","要快速调节室内温度，请使用空调的极速制冷/制热模式：1 按下开/关键开启电源；2 按下极速键。<PIC> 极速制冷模式下，空调以18摄氏度强风出风30分钟；极速制热模式下，以30摄氏度强风出风30分钟。 , [""drill0_04""]"
75,"""如何使用空调的自清洁运行功能？""","使用空调的自清洁运行功能：1. 按下遥控器或面板上的“自清洁”键；2. 显示屏上将显示自清洁标识；3. 自清洁启动后，即使关闭电源，风扇会继续运行约30分钟，对室内机内部进行干燥清洁。<PIC> , [""Manual01_17""]"
76,"""如何使用空调的等离子净化功能？""","使用空调的等离子净化功能方法如下： 1. 无需开启空调制冷或制热，直接按下遥控器或面板上的“等离子键”即可启动该功能； 2. 启动后，显示屏将显示等离子标识，同时等离子灯和制冷灯会同时亮起； 3. 注意：部分机型不支持此功能。<PIC> , [""Manual01_17""]"
77,"""单冷型空调如何开启自动运行模式？""","单冷型空调开启自动运行模式的步骤如下： 1 按下开 / 关键开启电源。 2 反复按下模式键，选择自动运行模式。 3 若当前温度高于或低于所需温度，按下上升 / 下降键选择所需的运行代码。<PIC> , [""drill0_04""]"
78,"""如何使用空调的自动转换运行功能？""","使用空调的自动转换运行功能步骤如下： 1. 按下开/关键开启电源。 2. 反复按下模式键，选择自动转换运行模式，显示屏上会显示对应标识。<PIC> 3. 按下上升/下降键设置所需温度，调节范围为18℃–30℃。 4. 反复按下风速键选择风扇转速。 , [""drill0_04""]"
79,"""如何开启空调的节能制冷模式？""","开启空调节能制冷模式的操作步骤如下： 1 按下开 / 关键开启电源。 2 反复按下模式键，选择制冷模式（显示屏显示雪花图标）<PIC>。 3 按下节能键，显示屏上会显示节能标识<PIC>。 , [""drill0_04"", ""drill0_05""]"
80,"""无遥控器时如何操作空调？""","无遥控器时，可通过室内机操作空调：1. 打开前盖板，轻轻掀起盖板两侧；<PIC> 2. 按下开/关键启动空调，此时风扇转速默认为高速。<PIC> • 冷暖型机型将根据室内温度自动切换运行模式；<PIC> • 单冷型机型温度默认设为22摄氏度。注意：具体功能可能因机型而异。 , [""drill0_04"", ""drill0_05"", ""drill0_06""]"
81,"""如何让空调实现自动重启？""","空调的自动重启功能为出厂默认开启，停电恢复供电后会自动按断电前的设置重启运行。如需关闭该功能：1. 打开前盖板；<PIC> 2. 按住开/关键6秒钟，设备发出两声蜂鸣，指示灯闪烁6次；<PIC> 如需重新开启，再次按住开/关键6秒即可，此时蓝色指示灯闪烁4次。 , [""drill0_04"", ""drill0_05""]"
82,"""不同型号空调的清洁频率是多少？""","所有型号空调的空气滤网建议每两周清洁一次，必要时可增加清洁频率。滤网位置和形状可能因机型不同而有所差异 <PIC>。此外，建议定期清洁室外机热交换器盘管，以防积垢降低运行效率、增加能耗。 , [""Manual01_27""]"
83,"""如何清洁空调的空气滤网？""","清洁空调空气滤网的步骤如下： 1 关闭电源并拔下电源线。 2 打开前盖板，轻轻掀起盖板两侧即可。<PIC> 3 握住空气滤网的把手，轻轻向上提起，将其从机身中取出。<PIC> 4 用吸尘器清理滤网，或用温水（不超过40℃）冲洗；若污垢较难清理，可在温水中加入少量中性洗涤剂清洗。 5 将滤网置于阴凉处彻底晾干，切勿暴晒或使用热风吹干。 6 滤网完全干燥后，按原位牢固安装回机身，并关好前盖板。 注意：建议每两周清洁一次，灰尘较多环境可适当增加频次；切勿使用挥发性物质、强腐蚀性清洁剂或40℃以上热水，以免损坏滤网或产品表面。 , [""drill0_04"", ""drill0_05""]"
84,"""如何清洁空调的3M多重防护滤网？""","清洁 3M 多重防护滤网的步骤如下： 1 关闭电源并拔下电源线。 2 打开前盖板，取出空气滤网（详见“清洁空气滤网”）。 3 抽出 3M 多重防护滤网。<PIC> 4 用吸尘器清理滤网污垢，切勿用水清洗 3M 多重防护滤网，以免造成滤网损坏。 , [""Manual01_27""]"
85,"""如何清洁空调的等离子滤网？""","清洁等离子滤网的步骤如下： 1 关闭电源并拔下电源线。 2 打开前盖板，取出空气滤网（详见“清洁空气滤网”）。 3 在 10 秒内取下等离子滤网。<PIC> 4 用吸尘器清理滤网污垢，若污垢较难清理，可用温水冲洗。 5 将滤网置于阴凉处晾干。 注意：清洁时请勿使用 40 摄氏度以上的热水，以免造成滤网变形或变色；切勿使用挥发性物质，以免损坏产品表面。 , [""drill0_04""]"
86,"""如何快速组装蒸汽清洁机？""","快速组装蒸汽清洁机步骤如下（无需专用工具）： 1. 将主机身固定扣（部件15）从主机身（部件7）背部取下； 2. 将手柄杆（部件4）插入主机身（部件7），直至听到“咔嗒”声到位 <PIC>； 3. 安装拖布：按下拖布释放扣（部件17）拉开挡板，装入拖布（部件16） <PIC>； 4. 加水：按下水箱解锁扣（部件10），取下水箱（部件9）加水（建议使用蒸馏水）； 5. 将电源线（部件19）完全展开，插入120V接地插座 <PIC>。 完成以上步骤后，待就绪指示灯亮起，即可开始使用。 , [""drill0_04"", ""drill0_05"", ""drill0_19""]"
87,"""蒸汽清洁机有哪些实用的产品功能？如何快速上手使用？""","蒸汽清洁机的实用产品功能包括： • 水箱（部件9）支持使用蒸馏水或去离子水，内置水过滤器可去除矿物质、防止水垢； • 就绪指示灯位于手持蒸汽器手柄处，亮起表示蒸汽已就绪； • 旋转拖头（部件18）可灵活转向，轻松清洁橱柜下方等狭小空间； • 吸水纤维拖布（部件16）可吸附蒸汽松动的污垢，支持机洗重复使用； • 多功能配件：喷射喷嘴（部件26）、角形喷嘴（部件23）、弧形喷嘴（部件24）、圆刷（部件22）、玻璃清洁组件（部件20）、布艺清洁头（含清洁布部件27）及延长管（部件21），适配地板、窗台、瓷砖缝隙、玻璃、布艺、窗帘等多种场景； • 支持硬质地面清洁（如瓷砖、Vinyl、大理石、封边木地板等），具备表面消毒能力（单点停留15–20秒）。 快速上手步骤： 1. 安装拖布：按下拖布释放扣（部件17），装入拖布（部件16）<PIC>； 2. 加水：使用量杯加水至水箱（部件9），或按下水箱解锁扣（部件10）取下水箱加水 <PIC>； 3. 组装主机：将手柄杆（部件4）插入主机身（部件7）直至咔嗒声到位 <PIC>； 4. 插电预热：接入120V接地插座，等待就绪指示灯亮起； 5. 开始清洁：缓慢移动，按下手持蒸汽器开关（部件11）出蒸汽；如需深度清洁或消毒，局部停留15秒以上。 ⚠️ 注意：切勿添加任何化学药剂；水箱无水时禁止使用；首次使用可能有数秒蒸汽延迟。 , [""drill0_04"", ""drill0_05"", ""drill0_06""]"
88,"""如何使用蒸汽清洁机清洁硬质地面？""","使用蒸汽清洁机清洁硬质地面（如瓷砖、Vinyl地板、复合地板、大理石、石材及封边木地板）的步骤如下： 1. 清洁前请先扫地或吸尘，清除表面灰尘和杂物； 2. 安装拖布：按下拖布释放扣（部件 17），装入吸水纤维拖布（部件 16）<PIC>； 3. 加水：使用配套量杯或取下水箱（部件 9）加注蒸馏水/去离子水至MAX线，切勿添加任何清洁剂、除垢剂或香精； 4. 接通电源，等待就绪指示灯亮起（位于手持蒸汽器手柄处），表示蒸汽已生成； 5. 缓慢推动蒸汽拖把，同时按下蒸汽开关（部件 2 或 11）持续出蒸汽； 6. 如需局部消毒，将拖头静置于目标区域15–20秒； 7. 避免在同一位置长时间喷射蒸汽，以防损伤地板（尤其打蜡地板可能降低光泽度）； 8. 首次使用时，机器可能需数秒延迟出蒸汽（属正常现象）。 ⚠️ 注意：不可用于未封边木地板、软塑料、木质家具；清洁前请在不显眼处测试，或查阅地板厂家保养说明。 , [""drill0_04""]"
89,"""组装人体工学椅涉及哪些部件？""","组装人体工学椅涉及以下部件：C1与C2连接件、脚轮、底座盖、气杆、底盘、脚踏、橡胶圈、座椅、椅背、连接件、扶手、头枕、腰枕。其中，腰枕还支持USB按摩功能。<PIC><PIC><PIC> , [""Manual02_0"", ""Manual02_1"", ""Manual02_2""]"
90,"""椅子的扶手使用一段时间后为什么会松动？""",椅子扶手使用一段时间后松动，主要是因为日常使用中反复受力导致连接扶手与底盘的螺丝逐渐松动。根据产品说明，该情况属于常见现象，只需重新拧紧对应螺丝即可解决。
91,"""这款椅子有哪些功能？""","这款人体工学椅具备以下功能： 1. **高度调节**：向上拉起“升降”拉杆即可调节座椅高度，到达所需位置后松开拉杆；调节时请将身体微微抬离座椅。<PIC> 2. **椅背后仰**：向上拉起“后仰”拉杆，椅背可随人体动作自由倾斜；向下按下“后仰”拉杆，即可锁定椅背角度；复位时请靠在椅背上，防止快速回弹。<PIC> 3. **按摩功能**：腰枕支持USB供电按摩，插入USB接口即可启用。<PIC> 4. **可调配件**：配备可安装/调节的头枕、腰枕、扶手、脚踏及橡胶圈，提升支撑性与舒适度。<PIC> , [""Manual02_0"", ""Manual02_1"", ""Manual02_2"", ""Manual02_3""]"
92,"""洗碗机的部件有哪些？""","洗碗机的主要部件包括：1. 上层喷淋臂；2. 下层碗篮；3. 下层喷淋臂；4. 过滤器；5. 控制面板；6. 机门；7. 洗涤剂盒；8. 下层喷淋臂槽；9. 餐具篮；10. 专用盐箱盖；11. 上层篮导轨；12. 带支架的上层碗篮；13. 风扇烘干系统（视型号而定）<PIC>；此外，还有进水管滤网、喷淋臂孔、软水系统、亮碟剂盒等关键功能部件。 , [""drill0_04""]"
93,"""首次使用时，如何将洗碗机连接到排水口？""","首次使用时，将排水管连接到排水口的步骤如下：1. 先取下排水孔上的盖子（a）；2. 按压排水管接头环（b），将排水管（c）沿排水方向插入。排水管连接点距地面高度应在50–100厘米之间，且不得弯折、挤压，须牢固固定，防止工作时脱落。<PIC> , [""Manual39_25""]"
94,"""使用前如何为洗碗机添加专用盐？""","使用前为洗碗机添加专用盐的步骤如下： 1. 先取出下层碗篮以便操作； 2. 逆时针旋转盐箱盖打开（A、B）<PIC>； 3. 首次使用前，先向盐箱注入约1升水（C）<PIC>； 4. 使用盐斗向盐箱加注洗碗机专用软化盐（D）<PIC>，建议使用颗粒或粉末状盐，约可装入2公斤； 5. 为加速溶解，可用勺子轻轻搅拌； 6. 加满后盖紧盐箱盖并拧牢； 7. 若加盐后不立即启动洗涤程序，请空载运行最短程序，以溶解并冲散散落的盐。 ⚠️ 注意：仅可使用洗碗机专用盐，严禁使用食盐等含不溶物的盐，否则会损害软水系统性能。 , [""drill0_04"", ""drill0_05"", ""drill0_06""]"
95,"""如何为洗碗机添加洗涤剂？""","请按照以下步骤为洗碗机添加洗涤剂： 1. 向右推动卡扣打开洗涤剂盒盖（A）。<PIC> 2. 根据餐具脏污程度和所选程序，将粉末或块状洗涤剂加入洗涤剂盒内，加至15cm³或25cm³刻度线（1）；若残渣已干涸，可同时加满5cm³小格（5）。洗涤剂盒装满容量为40cm³。 3. 轻轻按下关闭盒盖，听到咔嗒声表示已关紧。<PIC> , [""dishwasher0_01"", ""dishwasher0_02""]"
96,"""如何为洗碗机添加洗涤块？""","为洗碗机添加洗涤块，请按以下步骤操作： 1. 向右推动卡扣打开洗涤剂盒盖（A）<PIC>； 2. 将洗涤块放入洗涤剂盒内（请勿超过40cm³容量，盒内有刻度标记供参考）； 3. 轻轻按下关闭洗涤剂盒盖，听到咔嗒声表示已关紧<PIC>。 ⚠️ 注意： - 带预洗的高温程序中使用洗涤块时，务必确保盒盖紧闭； - 无预洗的短程序建议使用粉末洗涤剂，因洗涤块溶解效果受温度和时间影响； - 请严格遵循洗涤块包装上的说明，确认其放置位置（部分类型可放碗篮内，但多数应放入洗涤剂盒）； - 若启用‘洗涤块功能’，需按下‘半载 / 洗涤块键（5）’直至洗涤块指示灯亮起<PIC>。 , [""drill1_01"", ""drill0_04"", ""drill3_14""]"
97,"""如何在洗碗机中添加和使用亮碟剂以获得更好的洗涤效果？""","在洗碗机中添加和使用亮碟剂的步骤如下： 1. 查看亮碟剂指示灯（10）<PIC>，若指示灯熄灭，表示需添加亮碟剂；若指示灯常亮，则盒内充足。 2. 按下卡扣打开亮碟剂盒盖（B）<PIC>。 3. 向盒内加注亮碟剂至 MAX 刻度线 <PIC>，注意勿溢出，擦净洒落的亮碟剂（溢出会产泡，影响洗涤效果）。 4. 轻轻按下关闭盒盖，确保盖紧。 5. 手动调节亮碟剂剂量旋钮至 1–6 档（出厂默认为 4）<PIC>：若餐具烘干后有水渍，可调高剂量；若手擦后留蓝色痕迹，则调低剂量。 ⚠️ 注意：仅使用洗碗机专用亮碟剂；若启用‘洗涤块功能’，亮碟剂指示灯将关闭，此时无需单独添加亮碟剂（因多效洗涤块已含该成分）。 , [""drill0_04"", ""drill0_05"", ""drill0_06"", ""drill0_07""]"
98,"""哪些物品不适合在洗碗机中清洗？""",以下物品不适合在洗碗机中清洗： ・沾有烟灰、蜡烛残渣、抛光剂、染料、化学品等的餐具； ・铁制器具（易生锈，且可能污染其他物品）； ・带有木质或骨质手柄、黏合部件、不耐热部件的银质餐具、刀具； ・铜制和镀锡容器； ・带装饰图案的玻璃器皿和光泽瓷器（易褪色、失光或图案脱落）； ・铝制和银质器具（可能褪色或失去光泽）； ・某些精致玻璃和水晶（可能逐渐失去光泽）； ・已生锈的厨具（锈迹会转移并导致交叉污染）； ・劣质不锈钢银质餐具（易生锈，不建议使用）； ・特氟龙厨具（烘干后易残留水滴，属材质特性，非故障）。 温馨提示：购买餐具时，请务必确认其是否标注‘洗碗机适用’。
99,"""如何根据洗碗机型号安装餐具篮？""","安装餐具篮需根据具体型号功能操作，主要涉及以下两点： 1. **可折叠下层篮架丝**：下层碗篮配有2根可折叠架丝（视型号而定），用于放置锅、碗等大件物品。按下卡扣（A）即可单独或同时放下架丝以扩展空间。<PIC> 2. **上层篮高度调节**： - **空载调节**：需先拨开导轨末端限位器（A），取出上层篮（B），调整滚轮位置后放回并关闭限位器（C）。<PIC> - **负载调节**：满载时可直接操作——升高时抓住一侧架丝向上提起（A），另一侧同理；降低时按下卡扣（B）即可，两侧须保持同一水平。<PIC> , [""drill0_04"", ""drill0_05"", ""drill0_06""]"
100,"""使用洗碗机前如何安装可折叠下层篮架？""","安装可折叠下层篮架无需额外组装，该部件为预装在下层碗篮上的两根可折叠架丝（1、2）。使用前请确认其处于展开状态；如需腾出更大空间放置锅具等大件物品，可按下卡扣（A）单独或同时向下折叠任一根架丝。<PIC> , [""drill0_04""]"
101,"""如何调节洗碗机满载时上下碗篮的高度？""","满载时调节上层碗篮高度的方法如下： 升高碗篮： 1. 抓住上层篮一侧架丝（左或右）向上提起； 2. 另一侧重复相同操作。 降低碗篮： 1. 按下碗篮调节机构上的卡扣降低碗篮； 2. 另一侧重复相同操作； 3. 确保两侧调节机构处于同一水平（同高或同低）。 注意：该功能为‘负载上层篮高度调节’，无需取出碗篮即可操作。下层碗篮无满载调节功能，但其配有可折叠架丝（2根），可通过按下卡扣（A）单独或同时折叠以腾出大件物品空间。<PIC> , [""wash0_07""]"
102,"""如何清洁洗碗机的进水管滤网？""","清洁洗碗机进水管滤网的步骤如下：1. 关闭水龙头并拆下进水管；2. 取出滤网后在自来水下冲洗清洁；3. 将清洁后的滤网装回水管原位；4. 将水管重新连接至水龙头。注意：定期检查并清洁滤网，可防止沙、污垢、铁锈等杂质损坏机器。<PIC> , [""drill0_04""]"
103,"""如何清洁洗碗机的上层喷淋臂？""","清洁上层喷淋臂的步骤如下：1. 检查上层喷淋臂（2）上的孔是否堵塞；2. 若堵塞，向左旋转螺母拆下上层喷淋臂（C、D）；3. 拆下后用清水冲洗喷淋臂各出水孔，确保无食物残渣堵塞；4. 安装时请确保螺母拧紧。<PIC> , [""dishwasher0_03""]"
104,"""如何拆除空气净化器滤网的塑料包装？""","拆除空气净化器滤网塑料包装的步骤如下： 1. 请务必先拔下设备电源插头； 2. 双手握住设备上盖并向上拉起 <PIC>； 3. 握住背部滤网盖把手并向前拉出； 4. 拆除滤网上的塑料包装（注意：未拆除会导致异响、滤网无法工作，甚至引发火灾或设备损坏）； 5. 将滤网上下推入设备，确保贴合紧密； 6. 装回滤网盖，并滑动到位； 7. 将上盖滑回原位，确保标识朝前； 8. 安装完成后，长按控制面板上的睡眠 + 自动键 5 秒以上进行初始化，红色滤网指示灯将熄灭。 ⚠️ 注意：滤网塑料包装拆除后无法退货；请将塑料包装远离儿童，以防窒息。 , [""Manual03_0""]"
105,"""如何安装空气净化器的脚轮？""",空气净化器脚轮安装步骤如下： 1. 打开包装盒，找到内含4个脚轮和8颗螺丝的小盒； 2. 使用螺丝刀拆下空气净化器底部原有的四个底座； 3. 每个脚轮用两颗螺丝固定在原底座位置； 4. 请妥善保留拆下的底座和螺丝，以备后续需要时使用。 注意：若滤盒内未发现脚轮盒，请联系客服。
106,"""空气净化器通常有哪些模式？如何设置？这些模式有什么特点？""","空气净化器通常有以下几种运行模式： 1. 常规运行：开机后默认进入该模式，可手动通过上下键在1档（F1）至18档（F18）间调节风速。<PIC> 2. 自动运行：按下自动键切换，设备根据VOC传感器检测的空气质量自动调节风速，期间无法手动调速。<PIC> 3. 睡眠运行：按下睡眠键启用，显示屏除月亮图标外全部熄灭，减少光干扰，默认风速为1档；再次按睡眠键可恢复之前模式。<PIC> 4. 涡轮风扇运行：在常规运行模式下，同时长按上下键3秒启动，实现快速净化；按下向下键至18档可退出涡轮模式。<PIC> 设置方式均通过控制面板按键操作，无需Wi-Fi（本产品不支持Wi-Fi功能）。各模式特点详见上述说明。 , [""Manual03_1"", ""Manual03_14"", ""Manual03_15"", ""Manual03_16""]"
107,"""空气净化器的室内空气质量指示灯是什么？""","室内空气质量（IAQ）指示灯是环绕显示屏外缘的灯光，用于实时显示当前室内空气质量。设备通过内置传感器检测细颗粒物浓度，并以四种不同颜色直观反映空气状态。具体颜色含义可参考说明书对应图示 <PIC>。 , [""Manual03_14""]"
108,"""如何清洁空气净化器的设备内外？""","清洁空气净化器设备内外的步骤如下： 1. 清洁前请务必拔下电源插头。 2. 用温水或温和清洁剂浸湿的布擦拭净化器外壳，再用软布擦干。<PIC> 3. 打开背部滤网盖并取出滤网；用吸尘器和湿毛巾清洁滤网仓内部。<PIC> 4. 每月清洁设备及预过滤网1–2次；灰尘较多地区建议增加清洁频率。 5. 灰尘传感器清洁：双手握住设备上盖向上拉起；握住背部滤网盖把手向前拉出；拆下右侧灰尘传感器盖；用蘸少量水的棉签擦拭传感器镜头和进风口，再用干净干棉签彻底擦干；装回传感器盖、滤网盖及上盖（标识朝前）。<PIC> 注意：切勿用水清洗滤网；禁止使用丙酮、酒精等强腐蚀性化学试剂擦拭传感器部件。 , [""Manual03_18"", ""Manual03_19"", ""Manual03_22""]"
109,"""如何清洁空气净化器的滤网？""","清洁空气净化器滤网的步骤如下： 1 关闭电源并拔下电源插头。 2 打开背部滤网盖并取出滤网 <PIC>。 3 用吸尘器清理滤网，或用湿毛巾擦拭；切勿用水清洗滤网（尤其不可水洗非可水洗型滤网）。 4 同时可用吸尘器和湿毛巾清洁滤网仓内部。 5 滤网过脏时请直接更换，建议每6–12个月更换一次，或根据使用环境（如灰尘较多）适当提前。 注意：清洁前务必断电；禁止使用丙酮、酒精等强腐蚀性试剂；预过滤网可定期用吸尘器或软刷清洁。 , [""Manual03_18""]"
110,"""如何更换空气净化器的滤网？""","更换空气净化器滤网步骤如下： 1. 请先关闭设备并拔下电源插头； 2. 握住背部滤网盖把手并向前拉出 <PIC>； 3. 拆除新滤网上的塑料包装（未拆除会导致异响、无法工作，甚至引发火灾或损坏设备）； 4. 将滤网上下推入设备，确保贴合紧密 <PIC>； 5. 装回滤网盖：先将盖子插入设备底部固定卡槽，再向前滑动使其卡入顶部卡槽 <PIC>； 6. 双手握住设备上盖并滑回原位，确保标识朝前 <PIC>； 7. 滤网安装完成后，长按控制面板上的睡眠 + 自动键 5 秒以上进行初始化，重置后红色滤网指示灯将熄灭 <PIC>。 ⚠️ 注意： - 请勿在设备运行或通电状态下更换滤网； - 建议每 6–12 个月更换一次滤网，具体周期视使用环境而定； - 切勿用水清洗主滤网；仅预过滤网可清洁，主滤网污染严重时须直接更换。 , [""Manual03_1"", ""Manual03_2"", ""Manual03_3"", ""Manual03_4"", ""Manual03_5""]"
111,"""如何清洁空气净化器的灰尘传感器？""",清洁灰尘传感器的步骤如下： 1. 双手握住设备上盖并向上拉起。 2. 握住背部滤网盖把手并向前拉出。 3. 拆下设备右侧灰尘传感器盖。 4. 用蘸少量水的棉签擦拭灰尘传感器镜头和进风口，再用干净干棉签彻底擦干。 5. 装回灰尘传感器盖、滤网盖及设备上盖（标识朝前）。 注意：请勿使用丙酮、酒精等强腐蚀性化学试剂擦拭传感器部件，以免损坏镜头。
112,"""空气净化器需要长期存放时该怎么做？""",空气净化器长期存放时，请按以下步骤操作：1. 在晴天运行设备1小时，拔下电源插头，晾干设备内部；2. 遮盖设备并存放在干燥、无阳光直射的地方。
113,"""如何了解这款健身单车的技术规格？""",您好，关于这款健身单车的技术规格，建议您查阅产品随附的《用户手册》第23页‘技术规格’章节（如参考文档2所示，该结构常见于同类设备手册）。由于当前提供的参考知识中未直接列出本款单车的具体参数（如尺寸、重量、电机功率、阻力级别数、飞轮重量等），手册原文及相关图表是获取准确技术规格的权威来源。您可重点查看手册封面、目录页或封底附近的技术参数汇总表；部分型号也会在包装箱侧面或机身铭牌上印有关键规格信息。
114,"""启动健身单车前，我需要做什么？""","启动健身单车前，请完成以下必要准备： 1. 【安全检查】每次使用前，检查机器是否有松动、破裂、磨损或损坏的零件（如座椅、脚踏板、曲柄、螺栓等），如有异常请勿使用； 2. 【水平稳固】调节后稳定器两侧的水平调节脚，确保单车放置在坚固、水平的地面上，运行时稳固不晃动 <PIC>； 3. 【身体准备】穿着橡胶底运动鞋及适合运动的衣物；避免佩戴首饰、穿着宽松衣物； 4. 【座椅与脚踏调节】 • 调节座椅高度：脚掌中心对准脚踏板中心，膝盖微弯；松开座管旋钮调整后务必拧紧，且不得高于限位标记（STOP）<PIC>； • 调节脚踏绑带：将脚掌中心置于脚踏板上，绑带固定于鞋面，脚尖与膝盖朝前 <PIC>； 5. 【环境确认】确保机器周围预留至少0.6米空间；远离潮湿、室外及不平整地面； 6. 【开机准备】接通电源后，踩踏或按任意键可唤醒控制台进入待机模式；首次使用需完成日期、时间及计量单位等初始设置 <PIC>。 ⚠️ 注意：运动前请咨询医生；如出现胸痛、头晕等不适，请立即停止。 , [""Manual14_13"", ""Manual14_20"", ""Manual14_21"", ""Manual14_22""]"
115,"""我听说买的这款健身单车配有控制台和显示功能，能为我介绍一下吗？""","您好，这款健身单车的控制台集成了显示与操作功能，具体如下： ✅ 控制台配备带触控按键的显示屏，可实时显示运动关键数据，并支持阻力调节与程序选择。 ✅ 上部显示区：显示当前激活设置（如“开启”/“关闭”）、目标值、用户档案信息等； 下部显示区：分三通道循环显示运动数据（如时间/距离/卡路里；速度/转速/心率；平均等级/卡路里等），支持手动切换（◀/▶按钮）或自动轮播（可设置为每6秒切换）<PIC>。 ✅ 主要按键功能： - 阻力增加（♠）/减小（▼）：实时调节阻力等级； - 快速启动/程序按钮：进入预设运动模式或选择不同程序； - 暂停/结束按钮：暂停当前运动或结束并进入3分钟结果/放松模式<PIC>； - 目标追踪按钮：一键查看用户档案中的累计运动数据与成就，成就指示灯将点亮<PIC>； - 风扇按钮：三档风速调节； - 阻力等级快捷按钮：运动中快速切换阻力； - 确认/左/右/增加/减小按钮：用于编辑用户档案（姓名、年龄、体重、身高、性别）、设置单位、日期时间、声音开关等<PIC>。 ✅ 用户档案：支持存储2个用户档案，自动记录每次运动结果，并支持U盘导出数据。 所有操作界面与按键布局详见说明书图示。 , [""Manual14_16"", ""Manual14_25"", ""Manual14_22"", ""Manual14_26""]"
116,"""在健身单车上运动前，我需要调整什么来保证运动的舒适度？""","为保证运动舒适度，运动前需调整以下几项： 1. **座椅高度**：将脚踏板转到前位，脚掌中心对准脚踏板中心，膝盖微弯；如腿部过直或脚无法踩到脚踏板，调低座椅；如膝盖弯曲过度，调高座椅。调节前请先下车，松开座管旋钮，调至合适高度后确保锁销完全卡入并拧紧旋钮（勿超过限位标记STOP）<PIC>。 2. **脚踏绑带**：将脚掌中心放在脚踏板上，转动脚踏板至可触及位置，再将绑带固定在鞋面上，确保脚尖和膝盖朝前<PIC>。 3. **单车水平**：检查并旋转后稳定器两侧的水平调节脚，确保单车放置在坚固、水平的地面上，运行稳固<PIC>。 , [""Manual14_20"", ""Manual14_21"", ""Manual14_13""]"
117,"""使用健身单车的轻松骑行类别时，我能体验到哪些预设运动程序？""",在轻松骑行类别下，您可体验的预设运动程序为：起伏山丘。
118,"""使用健身单车的山地类别时，我能体验到哪些预设运动程序？""",在健身单车的‘山地’类别下，您可体验的预设运动程序为：派克峰。
119,"""挑战健身单车的最高难度类别时，我能体验到哪些预设运动程序？""",在挑战健身单车的最高难度类别（‘挑战’类）中，您可体验的预设运动程序为：上坡冲刺。
120,"""如果我想编辑健身单车的用户档案，需要遵循哪些步骤？""","编辑健身单车用户档案的步骤如下： 1. 在开机模式界面，按增加（♠）或减少（▼）按钮选择一个用户档案； 2. 按确认按钮选择该用户档案； 3. 控制台显示编辑提示和当前用户档案名称，按确认键开始编辑； 4. 编辑姓名（最多10个字符，使用增加/减少按钮浏览字母，左/右按钮切换输入段，确认接受）； 5. 依次编辑年龄、体重、身高、性别，每项设置完成后按确认键； 6. 设置运动数据显示方式（“开启”为每6秒自动切换，“关闭”为手动按◀/▶查看），按确认键保存。 注：如需退出编辑，可随时按暂停/结束按钮返回开机模式。<PIC> , [""Manual14_22""]"
121,"""我想在使用健身单车时设置心率目标，能否根据我的年龄为我推荐合适的目标心率？""","可以的。健身单车的心率控制（HRC）程序会根据您用户档案中设置的年龄，自动计算并推荐合适的目标心率区间。具体操作如下：1. 在控制台选择「心率控制」运动程序；2. 选择运动等级（初级BEG或高级ADV），按确认键；3. 系统将基于您的年龄等信息自动设定目标心率区间（如75%最大心率作为体能测试区间）。提示：80–90%心率区间运动前请咨询医生；显示屏显示的心率为近似值，仅供参考。<PIC> , [""Manual14_25""]"
122,"""我听说这款健身单车有体能测试程序，这是什么功能？""","体能测试程序是一种用于评估您体能水平提升的专属功能。它通过对比功率输出（瓦特）与心率变化来反映您的心肺耐力进步：体能提升后，相同心率下可输出更高功率。该测试需配合接触式心率（CHR）传感器或心率监测仪（HRM）使用。操作流程如下：1. 从反馈类别进入体能测试；2. 选择体能水平——初级（BEG）或高级（ADV）；3. 控制台根据您用户档案中的年龄、体重自动计算基准；4. 握住心率传感器开始测试，运动强度逐步上升，直至心率达到“测试区间”（按最大心率的75%单独计算）；5. 进入稳定状态后保持3分钟，系统测量此时的心率与功率；6. 结合年龄、体重数据生成“体能得分”。注意：该得分仅用于与您自身历史记录对比，不与其他用户比较。<PIC> , [""Manual14_25""]"
123,"""如果要给电钻充电，需要遵循哪些步骤？""","给电钻充电需遵循以下步骤： 1. 先将充电器插入合适的插座； 2. 将电池组（K）按图示方向插入充电器，确保完全就位； 3. 红色（充电）指示灯持续闪烁，表示充电开始 <PIC>； 4. 红色指示灯常亮，表示电池组已充满电 <PIC>。 注意事项： • 请在环境温度65°F–75°F（18°C–24°C）下充电，避免低于40°F（4.5°C）或高于105°F（40.5°C）； • 充电时充电器与电池组发热属正常现象； • 切勿在易燃易爆环境、高温密闭空间（如金属棚屋）中充电； • 充电前请确认充电器与电池组型号兼容（如DCB107、DCB112等），并仅使用原厂指定充电器。 , [""drill0_04"", ""drill0_05""]"
124,"""我的DCB101型号电钻指示灯闪烁时，这些闪烁标识代表什么含义？""","DCB101型号电钻的充电指示灯闪烁含义如下： • 红色指示灯**快速闪烁**：表示充电器检测到异常（如电池组/充电器故障，或电源故障）。请重新插入电池组；若仍异常，尝试更换另一块电池组测试——若新电池正常，则原电池故障；若均异常，请送修充电器。 • 红色指示灯**长闪后短闪**：表示进入**过热/过冷延迟模式**，即电池温度超出安全范围，充电暂停，待温度恢复后自动重启充电。<PIC> • 红色指示灯**持续闪烁**：表示电池组正在充电中。<PIC> • 红色指示灯**常亮**：表示电池组已充满电，可正常使用或继续留在充电器中。<PIC> , [""drill0_06"", ""drill0_04"", ""drill0_05""]"
126,"""使用电钻时，如何安装单套无键夹头？""","安装单套无键夹头（F）请按以下步骤操作： 1. 关闭工具并断开工具电源（取下电池组）； 2. 一只手握住夹头黑色套筒，另一只手固定工具，逆时针旋转套筒至足够大，装入所需钻头或其他附件； 3. 将附件插入夹头约3/4英寸（19毫米），一只手顺时针旋转夹头套筒紧固，另一只手握住工具； 注意：您的工具配有自动主轴锁定机构，可单手开合夹头，但为达到最大紧固度，务必双手配合操作——一手握套筒、一手握工具本体。 ⚠️ 警告：切勿通过启动工具并握住夹头前部来拧紧钻头，否则可能损坏夹头并导致人身伤害；更换附件前务必锁定扳机开关并断开电源。<PIC><PIC><PIC> , [""drill0_03"", ""drill0_04"", ""drill0_05""]"
127,"""如果要安装和拆卸电钻的电池组，需要遵循什么步骤？""","安装电池组：将电池组（K）对准工具手柄内导轨，滑入手柄直至牢固就位且不会松脱 <PIC>。 拆卸电池组：按下释放按钮（J），将电池组从工具手柄中平稳拔出 。 注意：安装或拆卸前，请务必关闭工具并取下电池组，以防意外启动造成伤害。 , [""drill0_14""]"
128,"""使用电钻的腰带挂钩和批头夹时，需要特别注意什么？""","使用腰带挂钩和批头夹时，需特别注意以下事项： 1. 仅将腰带挂钩挂在工作腰带上，切勿悬挂工具于高处或在挂钩上悬挂其他物体，以防坠落伤人； 2. 安装或调整腰带挂钩、批头夹前，务必关闭工具并取下电池组，防止意外启动； 3. 仅使用随附的安装螺钉（H）进行固定，确保螺钉拧紧，避免松动导致部件脱落； 4. 腰带挂钩（G）与批头夹（I）可安装在工具任意一侧，适配左右手用户，移动时需先取下固定螺钉，再重新安装并拧紧； 5. 若无需使用，可将其从工具上取下。<PIC> , [""Manual11_7""]"
129,"""购买电钻后，应配备哪些附件？""",根据产品安全与使用规范，电钻应仅配备制造商推荐的附件。参考知识明确指出：'由于制造商提供的附件以外的其他附件未通过本产品测试，使用此类附件可能存在危险。为降低受伤风险，本工具仅应使用制造商推荐的附件。' 因此，建议您选购原厂认证的钻头、批头、冲击钻头（如硬质合金砌体钻头）、侧手柄（如型号配备）、腰带挂钩与批头夹（图2中所示）等配套附件。所有附件必须匹配电钻的夹头规格（单套无键夹头，F）并确保紧固可靠。切勿使用未经认证的第三方附件。
130,"""电钻的三年有限保修包含哪些内容？""",电钻的三年有限保修仅适用于部分电池组（如DCB120、DCB127、DCB201、DCB203、DCB207等），具体内容为：购买后前3年内，因原厂材料或工艺缺陷导致的故障，制造商将免费维修或更换相应电池组。该保修不涵盖因擅自改装、异常使用、疏忽、未按规定保养、意外事故、正常磨损等导致的损坏。工具本体享有1年免费服务（含磨损部件更换），其他电池组适用2年或3年免费服务政策，具体以型号为准。保修失效情形包括：电池组被擅自改装；使用非制造商推荐附件；未由专业授权服务中心进行维修保养。
131,"""购买健身追踪器后，包装盒里应该有什么？""","您的健身追踪器包装盒内含： 1. 配有小号表带的手表（颜色和材质仅供参考）<PIC> 2. 额外一条大号底部表带<PIC> , [""fitness_trackers_01"", ""fitness_trackers_02""]"
132,"""我刚发现健身追踪器电量低，该如何正确为其充电？""","请按以下步骤为健身追踪器正确充电： 1. 将充电线插入电脑的USB端口、UL认证的USB墙充充电器或其他低功耗充电设备； 2. 将充电线另一端靠近手表背面的充电接口，利用磁吸自动吸附，确保金属触点与手表接口对齐 <PIC>； 3. 充电时，轻点屏幕两次或按下按钮即可点亮屏幕查看状态； 4. 充电12分钟即可续航24小时，完全充满约需1–2小时 <PIC>。 , [""Manual16_0"", ""Manual16_22""]"
133,"""为了让健身追踪器性能更佳，日常佩戴和运动时该将其佩戴在什么位置？""","为优化健身追踪器性能，日常佩戴和运动时的佩戴位置如下： · 日常不运动时：佩戴在腕骨上方一指宽的位置； · 运动时：将表带向上移动以获得更贴合效果，确保设备背面紧贴皮肤，且戴在手腕正面； · 心率监测提示：<PIC> 为提高准确性，需确保传感器与皮肤充分接触，如信号丢失可微调手表位置或松紧表带； · 手腕选择：<PIC> 请在健身追踪器应用中设置佩戴手腕（惯用手或非惯用手），默认为非惯用手，若戴在惯用手请手动更改设置。 , [""Manual16_48"", ""Manual16_9""]"
134,"""我的健身追踪器表带太紧了，该如何扣紧表带？""","您好，关于表带太紧的问题，请按以下步骤扣紧（调整）表带： 1. 将健身追踪器戴在手腕上； 2. 将底部表带穿入顶部表带的第一个环扣； <PIC> 3. 收紧表带至舒适贴合，将表扣钉按入表带上的其中一个孔；若使用小号表带的最后两个孔仍觉过紧或不稳固，建议更换为包装内附赠的大号表带； <PIC> 4. 将表带的松散端穿入第二个环扣，使其平整贴在手腕上；注意佩戴时应留有一指宽空隙，确保表带可轻微移动，避免过紧影响血液循环和佩戴舒适度。 <PIC> , [""Manual16_9"", ""Manual16_10"", ""Manual16_11""]"
135,"""我想取下健身追踪器，该如何正确拆卸表带？""","拆卸表带步骤如下： 1. 将健身追踪器翻面，找到表带卡扣。 2. 松开卡扣，将扁平按钮向表带方向滑动。 3. 轻轻将表带从手表上拔下松开。 4. 另一侧重复操作。<PIC> , [""Manual16_9""]"
136,"""我听说可以操作健身追踪器的界面，具体该遵循哪些步骤？""","操作健身追踪器界面主要通过以下方式： 1. 轻点屏幕进行选择或确认； 2. 左右滑动切换不同卡片（如时钟界面→今日活动卡片）； 3. 上下滑动浏览设置列表或数据详情； 4. 按下唯一物理按钮用于返回、暂停/继续运动等操作。 例如： - 查看今日活动：从时钟界面左右滑动找到「今日活动卡片」<PIC>； - 自定义运动设置：打开运动应用 → 点击目标运动 → 向上滑动浏览设置 → 点击调整 → 向下滑动至播放图标完成 <PIC>； - 追踪运动：打开运动应用 → 选择运动类型 → 等待GPS连接（如有）→ 点击播放图标开始 <PIC>。 提示：屏幕默认息屏省电，轻触即可唤醒；如需常亮显示，可于设置中开启。 , [""Manual16_33"", ""Manual16_9"", ""Manual16_14""]"
137,"""健身追踪器能对手机的通知实现哪些功能？""",健身追踪器对手机通知支持以下功能： 1. 显示通知：可显示手机的来电、短信、日历及已安装应用（如WhatsApp）的通知； 2. 交互操作：与iPhone或安卓配对后，可直接在手表上接听（点击绿色电话图标）或拒接（点击红色电话图标）来电； 3. 消息回复（仅安卓）：支持语音转文字或预设快捷回复短信及部分应用通知； 4. 查看与管理：收到通知时手表震动提醒；未及时查看时，可在时钟界面向上滑动或双击按钮→点击通知图标查看；最多存储30条通知，支持单条清除或一键“全部清除”； 5. 通知设置：可在健身追踪器App中开启/关闭特定类型通知（如来电、短信、日历、应用通知），并支持按需自定义； 6. 限制条件：需保持手表与手机距离在30英尺（约9米）内，且手机蓝牙开启、通知权限已授权。
138,"""能告诉我健身追踪器是如何追踪皮肤温度变化的吗？""","健身追踪器通过内置传感器每晚自动记录您的皮肤温度，并与您连续佩戴3晚后建立的个人基准值进行比较，从而显示夜间皮肤温度变化趋势。您可在手机上的健身追踪器应用“今日”页面点击温度卡片查看图表及差异值（例如：昨晚比基准低-0.2°F）。<PIC><PIC> , [""Manual16_35"", ""Manual16_36""]"
139,"""通过运动应用，健身追踪器是如何追踪并分析我的运动情况的？""","健身追踪器通过运动应用追踪并分析您的运动情况，主要分为自动追踪与手动追踪两种方式： 1. **自动追踪**：可识别并记录持续至少15分钟的高强度活动（如步行、跑步、骑行），在手机健身追踪器应用中查看基本数据；您可在运动应用中开启步行/跑步/骑行检测，手表识别到对应运动时将自动启动运动应用 <PIC>。 2. **手动追踪**： - 在健身追踪器上打开运动应用，滑动选择运动类型（最近使用项显示在顶部）； - 点击运动开始追踪，若启用GPS，等待屏幕显示“GPS已连接”后开始记录（静止GPS图标表示已连接，红色图标表示未找到信号）<PIC>； - 运动中可实时查看心率、卡路里、耗时等数据，支持滑动切换； - 结束后向上滑动点击“结束”，显示运动摘要；完整数据（含GPS强度地图等）需在健身追踪器应用中查看运动卡片 <PIC>。 此外，运动应用还支持自定义目标、心率区间及设置调整，帮助您更精准分析训练效果。 , [""Manual16_33"", ""Manual16_34"", ""drill0_05""]"
140,"""健身追踪器是如何测量我的心率的？""","健身追踪器通过背面的光学心率传感器（PPG技术）测量心率：传感器发射绿光照射皮肤，检测血液流动引起的光线反射变化，从而计算每分钟心跳次数。为确保准确，请将设备佩戴在腕骨上方一指宽处，保持背面紧贴皮肤，运动时可适当上移表带增强贴合。<PIC> 如心率显示虚线，说明信号丢失，建议调整佩戴松紧或静止手臂片刻重新检测。<PIC> , [""Manual16_48"", ""Manual16_49""]"
141,"""我该如何仅使用健身追踪器完成消费支付？""","您可按以下步骤仅使用健身追踪器完成消费支付： 1. 确保已在健身追踪器应用中成功添加并设置至少1张支持非接触式支付的信用卡或借记卡（需为合作银行发行）； 2. 支付时，双击手表按钮快速打开支付应用（钱包）； 3. 如提示，请输入4位手表PIN码； 4. 屏幕显示默认卡；如需更换卡片，左右滑动选择其他已添加的卡； 5. 将佩戴在手腕上的健身追踪器表盘靠近支持非接触式支付的终端（请认准终端上的<PIC>标志）； 6. 支付成功后，手表会震动并显示确认信息。 注意：为保障安全，必须将设备戴在手腕上才能完成支付；若终端未识别，请确认表盘紧贴读取器，并告知收银员您使用非接触式支付。 , [""Manual16_33""]"
142,"""使用健身追踪器时，我可能会遇到哪些问题以及该如何解决？""","使用健身追踪器时，您可能遇到的常见问题及解决方法如下： 1. **心率信号丢失**：屏幕显示虚线。请确保手表紧贴皮肤、佩戴位置合适（可微调上下位置或松紧表带），并保持手臂静止伸直片刻，通常可恢复检测。<PIC> 2. **GPS信号丢失**：受高楼、密林、厚云层等环境影响。建议运动前静待GPS连接成功（屏幕显示“GPS已连接”并震动）；运动中若图标变红，表示信号丢失，手表会自动重连。<PIC><PIC> 3. **屏幕不亮/操作无响应**：默认为省电设计，屏幕会自动熄灭。轻点屏幕或按下按钮即可唤醒；如需常亮显示，可在设置中开启（详见第23页）。 4. **充电异常**：请确认磁吸充电线金属触点与手表背面接口对齐吸附；使用USB墙充或电脑USB口充电，12分钟可续航24小时，充满约1–2小时。<PIC> 5. **自动运动识别失败**：仅支持持续15分钟以上的高强度活动。可在应用中开启步行/跑步/骑行检测功能，提升识别准确率。<PIC> 6. **支付失败**：请确认终端支持非接触式支付（认准相关标志），并将手腕靠近读取器；澳大利亚用户超100澳元需输入银行卡PIN码（非手表PIN码）。 如仍异常，可参考【故障排除】章节或通过健身追踪器应用同步数据后进一步诊断。 , [""Manual16_48"", ""Manual16_49"", ""Manual16_50"", ""Manual16_33"", ""Manual16_34""]"
144,"""我想给健身追踪器设置锁屏，该如何实现？""",您可以通过健身追踪器应用设置设备锁（即锁屏功能）：在健身追踪器应用的今日页面，点击左上角图标 > 健身追踪器卡片 > 设备锁，开启后需输入4位PIN码解锁手表。若您已设置非接触式支付，设备锁将自动开启且必须设置PIN码。
145,"""使用冰箱冰柜时需要注意什么？只需告诉我手册中的前五条。""","1. 若电源线或电源插头损坏、插座插孔松动，请勿使用。<PIC> 2. 请勿将手伸入冰箱冰柜底部，底部铁板可能造成受伤。<PIC> 3. 搬运时请握住前底部及后顶部把手，避免手滑导致受伤或产品损坏。<PIC> 4. 开关冰箱冰柜门可能伤及周围人员，尤其同时打开两扇门易夹手，冷冻室门下边缘易碰伤儿童。<PIC> 5. 请勿将任何活物放入冰箱冰柜。<PIC> , [""Manual17_33"", ""Manual17_34"", ""Manual17_35"", ""Manual17_36"", ""Manual17_37""]"
146,"""给冰箱连接电源时，需要做到哪些注意事项？只需告诉我手册中的前五条。""","根据手册，连接电源时需注意的前五条如下： 1. 应使用专用插座。一个插座同时使用多个设备可能引发火灾；若连接漏电保护器，可能跳闸导致食物变质。<PIC> 2. 请勿让电源插头朝上或被挤压在冰箱冰柜背面。插头朝上易松脱，挤压可能损坏线缆引发火灾。<PIC> 3. 安装过程中拔下插头后推入冰箱时，防止电源线被挤压或弯折。否则可能引发火灾或触电。<PIC> 4. 请勿让重物挤压或弯折电源线。可能损坏电源线，引发火灾或触电。<PIC> 5. 请勿延长或改装电源插头长度。可能引发火灾或触电。<PIC> , [""Manual17_0"", ""Manual17_1"", ""Manual17_2"", ""Manual17_3"", ""Manual17_4""]"
153,"""考虑到燃油高度易燃且有毒，使用发电机时我需要注意什么？""","使用发电机时，鉴于燃油高度易燃且有毒，您需注意以下安全事项： 1. 加油前务必关闭发动机； 2. 加油时严禁吸烟或靠近明火； 3. 避免燃油洒在发动机或消音器上 <PIC>； 4. 如不慎吞入燃油、吸入燃油蒸汽或燃油入眼，请立即就医； 5. 如燃油溅到皮肤或衣物上，请立即用肥皂水清洗并更换衣物； 6. 操作或运输时务必保持发电机直立，防止燃油从化油器或油箱泄漏 <PIC>； 7. 加油后务必拧紧油箱盖，并确保通气旋钮已拧紧 <PIC>； 8. 切勿在封闭区域运行发电机，必须在通风良好的场所使用，以防废气中毒。 , [""generator_20"", ""generator_03"", ""generator_14""]"
154,"""发电机工作后，发动机和消音器可能会发烫，这种情况下我该如何保证自身安全？""","发动机及消音器运行后温度极高，请务必注意以下安全事项： 1. 切勿用身体或衣物触碰仍发烫的发动机、消音器及排气口部位； 2. 将发电机放置在行人或儿童不易触碰的位置； 3. 运行时与建筑物、易燃物或其他设备保持至少1米（3英尺）距离； 4. 严禁在封闭空间或防尘罩覆盖下运行； 5. 检修或清洁前，务必等待其完全冷却。<PIC> , [""generator_11""]"
155,"""日常使用中，如何防止发电机触电事故的发生？""","日常使用中，防止发电机触电事故的关键措施包括： 1. 切勿在雨雪中运行发电机； 2. 切勿湿手触碰发电机； 3. 务必对发电机进行可靠接地，并使用足够载流量的接地导线 <PIC>； 4. 发电机接入建筑物电气系统前，必须由持证电工安装隔离（转换）开关，防止反送电导致维修人员触电 <PIC>； 5. 连接前确认所有电气设备、线路及插头状态良好，插入插头前关闭所有设备。 , [""Manual18_12"", ""Manual18_13""]"
156,"""需要通过发电机的燃油开关旋钮供油时，我该遵循哪些步骤？""","请按以下步骤操作燃油开关旋钮供油： 1. 确保油箱盖通气旋钮已逆时针旋转1圈，打开油箱通气口 <PIC>； 2. 将燃油开关旋钮置于“开启”位置 <PIC>； 3. 若燃油开关旋钮无法转动，可取下盖板①，使用内部燃油开关拨杆手动供油 <PIC>。 , [""generator_10"", ""Manual18_19"", ""Manual18_20""]"
157,"""使用发电机时，燃油的使用前检查十分重要，该如何操作？""","使用发电机前，燃油的检查操作包括：1. 确认油箱内燃油充足；2. 检查燃油类型是否符合要求——仅使用泵法辛烷值（(R+M)/2）86及以上或研究法辛烷值91及以上的普通无铅汽油；3. 加油前务必关闭发动机，严禁吸烟或靠近明火；4. 加油时注意不要将燃油洒在发动机或消音器上，并确保油箱盖通气旋钮已拧紧；5. 如燃油溅到皮肤或衣物，请立即用肥皂水清洗并更换衣物。<PIC><PIC><PIC> , [""generator_12"", ""generator_13"", ""generator_20""]"
158,"""启动发电机发动机的前两个步骤是什么？""","启动发电机发动机的前两个步骤是： 1. 按住油箱盖防止转动，将通气旋钮逆时针旋转1圈，打开油箱通气口。<PIC> 2. 将燃油开关旋钮置于“开启”位置。<PIC> , [""drill0_04"", ""drill0_05""]"
159,"""我需要给发电机连接交流电，该过程中如何保证自身安全？""","为确保连接发电机交流电过程中的自身安全，请严格遵守以下要点： 1. 连接前务必关闭所有电气设备，并确认线路、插头状态良好； 2. 务必对发电机进行接地，使用足够载流量的接地导线 <PIC>； 3. 切勿在雨雪中运行发电机，切勿湿手操作，以防触电 <PIC>； 4. 启动步骤：将电源线在提手上缠绕2至3圈 → 启动发动机 → 插入交流插座 → 确认交流指示灯亮起 <PIC>； 5. 将经济控制开关置于“Ⅰ”（开启）位置后，再打开电气设备电源； 6. 务必确保总负载不超过发电机额定输出，插座负载电流不超其额定值。 , [""Manual18_12"", ""Manual18_22"", ""drill0_04""]"
160,"""我注意到发电机上有两种不同的开关，请为我介绍一下。""","您好，发电机上提到的两种开关分别是：1. 发动机开关（点火开关）：用于控制点火系统，通常标有“ON”（接通，可启动发动机）和“OFF”（切断，停机）<PIC>；2. 经济控制开关：用于调节发动机转速以节省燃油，操作时需置于“Ⅰ”（开启）位置后，再打开用电设备 <PIC>。 , [""Manual31_7"", ""drill0_04""]"
161,"""我该在哪里查找并记录发电机的标识信息？""","发电机的标识信息（包括产品识别码和序列号）标注在机器本体的指定位置，请参考图示位置查找并记录。<PIC> , [""Manual18_1""]"
162,"""使用发电机的直流保护器时，我需要注意什么？""","使用发电机的直流保护器时，请注意以下几点： 1. 当负载超过发电机额定输出时，直流保护器会自动断开； 2. 若发生断开，请先将负载降至发电机额定输出范围内，再按下“复位”按钮恢复供电 <PIC>； 3. 若复位后再次断开，请停止使用并咨询发电机经销商。 , [""generator_08""]"
163,"""使用发电机前，对发动机机油进行使用前检查十分重要，正确的步骤是什么？""","使用发电机前，对发动机机油的检查步骤如下： 1. 将发电机置于水平地面； 2. 拔出机油尺（油位计），擦拭干净后重新插入加油口（无需旋入），再拔出查看油位； 3. 确认机油油位在上限与下限之间 <PIC>； 4. 若不足，添加推荐机油（API SE或SF级，如SAE 10W-30）至上限位置 <PIC>； 5. 注意：发电机出厂未加注机油，首次使用前必须加注，否则无法启动 <PIC>。 , [""pump_22"", ""pump_23"", ""generator_17""]"
164,"""根据手册说明，启动发电机发动机的最后三个步骤是什么？""",根据手册说明，启动发电机发动机的最后三个步骤是： 5. 缓慢拉动反冲启动器至啮合位置，然后快速拉动。 6. 发动机启动后，进行暖机，直至阻风门旋钮推回原位发动机也不会熄火。 7. 将阻风门旋钮推回原位。
165,"""发电机的电池电量不足了，该如何正确充电？""","发电机电池电量不足时，请按以下步骤正确充电： 1. 充电前务必关闭经济控制开关； 2. 确保电池接线正确：红线夹接电池正极(+)，黑线夹接电池负极(-)，切勿接反 <PIC>； 3. 确保通气软管连接正确、无损坏或堵塞； 4. 将充电线在提手上缠绕2至3圈，插入直流插座 <PIC>； 5. 启动发动机后开始充电； 6. 充电过程中严禁吸烟、严禁在电池处连接或断开线路，须保持通风，佩戴护目镜； 7. 电池充满电时，电解液比重应在1.26至1.28之间，建议每小时检查一次比重。 注意：电池电解液含硫酸，具强腐蚀性与毒性，请避免接触皮肤、眼睛或衣物；若发生接触，请按急救措施及时处理。 , [""Manual18_38"", ""Manual18_39""]"
166,"""我需要让发电机的发动机停机，告诉我该如何操作。""","请按以下步骤操作使发电机发动机停机： 1. 断开所有电气设备； 2. 将经济控制开关置于○（关闭）位置 <PIC>； 3. 将发动机开关置于“5”（停止）位置 <PIC>； 4. 将燃油开关旋钮置于“关闭”位置 <PIC>； 5. 顺时针拧紧油箱盖通气旋钮至手指拧紧状态 <PIC>。 , [""AE00953"", ""AE01025_02"", ""AE01025_03"", ""AE01025_04""]"
167,"""根据手册的建议，使用发电机时该如何检查火花塞？""","根据手册建议，使用发电机时检查火花塞的步骤如下： 1. 取下盖板①。 2. 检查是否变色并清除积碳。 <PIC> 3. 检查火花塞型号及间隙。 <PIC> ⊛ 间隙 <PIC> 4. 安装火花塞。 <PIC> 5. 安装盖板。 <PIC> , [""drill0_04"", ""drill0_05"", ""drill0_06"", ""drill0_07"", ""drill0_08""]"
168,"""为了正确更换发电机的发动机机油，我需要遵循的前六个步骤是什么？""","根据参考知识，更换发电机发动机机油的前六个步骤如下： 1. 将发电机放置在水平面上，预热发动机数分钟后停机； 2. 取下机油加注口盖； 3. 在发动机下方放置接油盘，拆下放油螺塞（或放油接头），将机油完全排空； 4. 检查放油螺塞、垫片、O形圈及机油盖，如有损坏需更换； 5. 重新安装放油螺塞（或放油接头）； 6. 添加发动机机油至机油加注口上限位置。<PIC><PIC><PIC> , [""pump_22"", ""pump_23"", ""generator_17""]"
169,"""我在操作发电机空气滤清器时出现了失误，请告诉我正确的步骤。""","您好，发电机空气滤清器的正确操作步骤如下： 1. 取下盖板①。 <PIC> 2. 松开固定空气滤清器盖⊛的卡箍○。 <PIC> 3. 取下空气滤清器盖及滤芯④。 4. 用溶剂清洗滤芯并晾干。 5. 给滤芯上油并挤出多余机油，滤芯应湿润但不滴油。 推荐机油：泡沫空气滤清器专用油或SAE 20号发动机油 注意：请勿拧绞滤芯，以免撕裂。 6. 将滤芯装入空气滤清器。 注：确保滤芯密封面与空气滤清器贴合，无漏气。 <PIC> # 警告：发动机严禁无滤芯运行，否则会导致活塞及气缸过度磨损。 # 注意：使用溶剂时严禁吸烟或靠近明火。 7. 将空气滤清器盖装回原位并安装卡箍。 8. 安装盖板。 , [""drill0_04"", ""drill0_05"", ""drill0_06""]"
170,"""如果发电机的发动机无法启动，我该怎么办？""","如果发电机的发动机无法启动，请按以下步骤排查： 1. 检查机油：确认已加注发动机机油，且油位在机油加注口上限位置；若机油不足或未加注，将导致无法启动 <PIC>。 2. 检查燃油系统：确保油箱有油；通气旋钮已逆时针旋转1圈开启 <PIC>；燃油开关置于“开启”位置 <PIC>；燃油管路及化油器无堵塞。 3. 检查启动操作：发动机开关置于“7”（开启）位置 <PIC>；冷机启动时阻风门旋钮需完全拉出 <PIC>；热机启动则推回原位；缓慢拉动反冲启动器至啮合后快速拉动 。 4. 检查电气系统：火花塞是否积碳或受潮，必要时清洁或擦干；发动机开关是否确实在“ON”状态。 5. 若启动时机油警告灯闪烁数秒，表明机油不足，添加机油后重试 。 , [""generator_17"", ""generator_18"", ""generator_19"", ""Manual18_23"", ""generator_05""]"
171,"""我需要将发电机的燃油排空，该如何正确操作？""","排空发电机燃油的正确操作如下： 1. 将燃油开关旋钮置于“关闭”位置； 2. 打开油箱盖，使用市售手动虹吸管将油箱内燃油排入合格汽油容器，然后装回油箱盖； 3. 取下盖板①，松开化油器浮子室放油螺丝，排空化油器内燃油； 4. 启动发动机直至自行停机，以燃烧完化油器内剩余燃油。<PIC> , [""generator_20""]"
172,"""使用该发电机为对电压敏感的精密设备供电前，我需要做什么？""","使用该发电机为对电压敏感的精密设备供电前，请务必：1. 咨询精密设备供应商，确认其对电压稳定性及波形的要求是否可由本便携式发电机满足；2. 确保总负载在发电机额定输出范围内；3. 检查所有电气连接状态良好，插入插头前关闭所有设备；4. 启动发电机后，确认交流指示灯亮起 <PIC>；5. 将经济控制开关置于“Ⅰ”（开启）位置，再开启设备电源。 , [""drill0_04""]"
173,"""在划船或钓鱼的场景中，拖曳速度、半滑航速度和滑航速度分别指什么，它们在技巧和应用上有何不同？""","在摩托艇操作中： - **拖曳速度**：最低操控速度，几乎不加油门，艇体沉入水中，无尾流，适用于靠岸、停靠码头或接近物体等精细操控场景 <PIC>； - **半滑航速度**：中等速度，艇首略微抬离水面但仍部分浸水，产生尾流，转向响应平稳，适合大椭圆、绕圈及8字等基础操控训练 <PIC>； - **滑航速度**：较快速度，艇体更平稳地在水面滑行，产生明显尾流，转向更灵敏但易侧滑，需配合油门控制以维持转向推力，适用于高速机动与急转弯训练 <PIC>。 三者核心差异在于艇体姿态、尾流特征、油门依赖程度及适用操控场景。转向均需加油门（拖曳速度除外），且速度越高，停车距离越长，转向容错率越低。 , [""Manual40_1"", ""Manual40_2"", ""Manual40_3""]"
174,"""如何在深水中登上并平衡摩托艇，确保操作的安全性和稳定性？""","在深水中登上并平衡摩托艇的安全操作步骤如下： 1. 选择水深至少齐胸、开阔平静的水域，练习时不启动发动机； 2. 游至艇尾，双手放在登艇平台，单手抓住扶手； 3. 拉身体至平台呈跪姿，再移至座位跨坐； 4. 立即将熄火绳系在手腕，并将卡扣安装到熄火开关 <PIC>； 5. 双手紧握车把，双脚放入脚坑底板 <PIC>； 6. 反复练习登艇与静止平衡，直至全程保持稳定。 提示：驾驶者体重越大，平衡难度越高；务必先在近岸熟练后再进入深水；登艇台阶可放下辅助登艇 <PIC>。 , [""Manual40_13"", ""Manual40_14"", ""Manual40_15""]"
175,"""在滑航速度下驾驶摩托艇转弯时，有哪些技巧能在急转弯时保证稳定性和操控性？""",在滑航速度下急转弯时，保证稳定性和操控性的关键技巧包括：1. 转向时必须同时加大油门——因转向依赖喷射推力，松开油门会导致艇体失去响应；2. 避免车把转向过度，否则易引发侧滑，造成喷嘴进水量减少、推力下降，进而减速并使转向变平缓；3. 若发生侧滑，应立即将车把回正至较小转向角度，以恢复推力与操控；4. 训练应循序渐进：从平缓转向、低速开始，逐步提升速度并减小转弯半径；5. 始终保持正确姿势：紧握车把，双脚置于脚坑底板，双眼直视前方。注意：滑航速度下停车距离显著延长，急转弯时更需预留充足空间与反应时间。
176,"""驾驶摩托艇时，有哪些技巧能在完成大椭圆转弯、绕圈和8字行驶动作的同时，保持操控性和稳定性？""","驾驶摩托艇完成大椭圆转弯、绕圈和8字行驶动作时，保持操控性与稳定性的核心技巧包括：1. 始终配合油门与车把操作——转向必须加油门，松开油门会导致转向响应迅速下降甚至失效 <PIC>；2. 从低速（如拖曳速度、半滑航速度）开始训练，逐步提升至滑航速度，避免急于求成；3. 滑航速度下可实现更急转弯，但车把转向过度易引发侧滑，此时应减小转向角度以恢复喷射推力与转向稳定性；4. 保持标准操作姿势：双手紧握车把、双脚置于脚坑底板；5. 在开阔、平静、无交通及障碍物的水域练习，确保安全余量。相关训练步骤详见手册中‘训练1：半滑航速度前进与大椭圆转向’‘训练2：绕圈行驶’‘训练3：8字行驶’及‘训练2：滑航速度转向操作’。 , [""Manual40_25""]"
177,"""在驾驶摩托艇进行中低速转弯时，如何控制油门并保持行驶的稳定性和操控性？""","在中低速（如半滑航速度）转弯时，需始终配合加油门操作：转动车把①的同时保持或适度加大油门，以维持喷射推力喷嘴②的响应能力，确保转向稳定、可控。松开油门会导致推力下降，艇体迅速丧失转向响应——转向必须依赖油门。训练建议从半滑航速度下的大椭圆转向开始，逐步提升操控信心与精度。<PIC><PIC> , [""Manual40_20"", ""Manual40_21""]"
178,"""如何驾驶摩托艇以拖曳速度直行和转弯，保证操作的平顺性和操控性？""","在拖曳速度下驾驶摩托艇直行与转弯，需遵循以下要点以保证平顺性与操控性： 1. 拖曳速度为最低操控速度，几乎不加油门，艇体沉入水中、无尾流； 2. 直行时保持油门微开（非完全松开），确保发动机维持基本推力，使艇体持续响应车把； 3. 转向必须配合油门——仅转动车把而无油门输入时，艇体将迅速失去转向响应 <PIC>； 4. 推荐练习长约15–21米的大8字路线，全程不加油门（即维持拖曳速度），以熟悉低速下转向灵敏度与艇体惯性； 5. 始终双手紧握车把、双脚置于脚坑底板，保持身体稳定，避免前倾撞击； 6. 所有操作应在开阔、平静、无交通及障碍物的水域进行。 , [""Manual40_19""]"
179,"""摩托艇全加速行驶时，如何安全平稳地将其停稳？""","摩托艇未配备独立制动系统，全加速行驶时安全平稳停稳的方法如下： 1. 松开油门手柄，依靠水阻自然减速；此时艇体会滑行约90米（300英尺）才能完全停止，具体距离受总重量、水面状况、风向等因素影响。 2. 若需缩短停车距离，可握紧RiDE手柄减速，停车距离比不使用时缩短约30% <PIC>。 3. 若判断无法在障碍物前及时停下，应立即加油门并转向避让——注意：转向必须配合油门，松开油门后艇体将失去转向响应 <PIC>。 4. 切勿在高速下直接停止发动机，应先松油门减速至怠速，再按下红色发动机停止开关 <PIC>。 , [""Manual40_25"", ""Manual40_20"", ""Manual40_7""]"
180,"""驾驶摩托艇时，如何避免发生碰撞事故，保障自身和水上其他人员的安全？""","为避免摩托艇碰撞事故，保障自身及他人安全，请严格遵守以下要点： 1. 防御性驾驶：保持安全速度与距离，切勿紧跟其他船只，避免靠近他人喷水或溅水； 2. 提前预判避让：观察四周，及早采取转向等避让动作； 3. 转向必须加油门：摩托艇无刹车，转向依赖喷射推力，松油门将导致转向失效 <PIC>； 4. 避开危险区域：远离浅水、水下障碍物及交通密集水域； 5. 控制载重：总重量（含人员货物）不得超过220千克，否则影响操控与平衡； 6. 规范操作姿势：双手紧握车把，双脚置于脚坑底板，乘客须正确就座并抓稳； 7. 穿越尾流/浪涌时减速并斜切（如45°角），身体微抬用膝盖缓冲冲击 <PIC>； 8. 遇紧急情况优先转向避让，而非依赖减速——全速松油门后滑行距离约90米 <PIC>。 , [""Manual40_20"", ""Manual40_26"", ""Manual40_21""]"
181,"""水泵发动机安全停机的正确步骤是什么？""","水泵发动机安全停机的正确步骤如下： 1. 将油门手柄完全向左推（降低至怠速）；<PIC> 2. 将发动机开关置于“OFF”位置； 3. 将燃油开关手柄置于“OFF”位置。 , [""Manual31_7""]"
182,"""水泵的核心部件有哪些？""",水泵的核心部件包括：油箱、油箱盖、燃油开关、空气滤清器盖、火花塞、消音器、阻风门手柄、发动机开关、机油加注口盖、放油螺塞、反冲启动器、机油警告灯、油门手柄、注水螺塞、放水螺塞。
183,"""清洗油箱滤网的详细步骤是什么？""","清洗油箱滤网的详细步骤如下： 1. 拆下油箱盖，取出油箱滤网。<PIC> 2. 用溶剂清洗滤网；若滤网损坏，请及时更换。 3. 擦干滤网后，将其装回并确保油箱盖拧紧。 , [""pump_18""]"
184,"""水泵安全排放燃油的正确步骤是什么？""",水泵安全排放燃油的正确步骤如下： 1. 停止发动机； 2. 将燃油开关手柄置于“OFF”位置； 3. 打开油箱盖，使用市售手动虹吸管将油箱内燃油排入合格汽油容器； 4. 取下盖板，松开化油器浮子室放油螺丝，排空化油器内燃油； 5. 将燃油开关旋钮置于“关闭”位置，启动发动机直至自行停机，燃烧完化油器内剩余燃油； 6. 排空油箱、燃油开关及化油器浮子室； 7. （可选保养步骤）向油箱内倒入一杯SAE 10W30或20W40发动机机油，晃动油箱使内壁均匀附着，再排出多余机油。 ⚠️注意：燃油高度易燃且有毒，操作时严禁吸烟或靠近明火，溢出燃油须立即擦拭。
185,"""水泵无法抽水的潜在原因有哪些，该如何有效诊断并解决这些问题？""","水泵无法抽水的潜在原因及解决方法如下： 1. 注水螺塞或放水螺塞松动 → 拧紧； 2. 软管接头或卡箍松动 → 拧紧（注意：软管安装不牢会进气，导致无法抽水）<PIC>； 3. O形圈或垫片损坏 → 更换（检查时可参考漏水检查步骤，重新拧紧螺栓、螺塞、卡箍及软管接头，必要时更换O形圈及/或垫片）<PIC>； 4. 机械密封损坏 → 咨询经销商； 5. 未按要求注水 → 启动前务必向泵体内注满水，水位需达到上限 <PIC><PIC>； 6. 进水软管末端未安装滤网或滤网规格不符 → 务必安装滤网：YP20G配50毫米吸水口、YP30G配80毫米吸水口，滤网孔径≤8毫米 <PIC>； 7. 垫片未安装到位 → 安装接头时确保垫片就位 。 , [""Manual31_24"", ""pump_08"", ""Manual31_10"", ""Manual31_11"", ""Manual31_19""]"
186,"""如何为温控器设置日期和时间，以实现精准的日程和温度控制？""","为温控器设置日期和时间，请按以下步骤操作： 1. 按菜单键进入设备菜单，显示PROG；按+或-选择“日期”，再按选择键； 2. 年份开始闪烁，按+或-调整年份，按选择键确认； 3. 按+或-调整月份，按选择键确认； 4. 按+或-调整日期，按选择键保存并退出 <PIC>。 5. 返回菜单，按+或-选择“时间”，按选择键； 6. 按+或-调整小时，按选择键；再按+或-调整分钟，按选择键保存 <PIC>。 7. 如需设置时钟格式（12小时制或24小时制），可在时间设置前或后按+或-选择，再按选择键确认 <PIC>。 正确设置日期和时间是实现精准日程与温度控制的前提。 , [""drill0_04"", ""drill0_05"", ""drill0_06""]"
187,"""如何调整温控器的系统和风扇运行设置，以优化供暖和制冷效果？""","要优化供暖和制冷效果，请按以下步骤调整系统和风扇运行设置： 1. **系统模式设置**：按【模式键】循环切换，选择最适合的模式： - 自动：温控器根据需要自动切换供暖/制冷； - 供暖：仅控制供暖系统（设定温度需高于当前室温）； - 制冷：仅控制制冷系统（设定温度需低于当前室温）； - 应急供暖（热泵专用）：启用辅助加热，不启动压缩机； - 关闭：停用供暖/制冷，但风扇仍可运行（取决于风扇设置）。 2. **风扇模式设置**：按【风扇键】循环切换，选择合适模式： - 自动：仅在供暖或制冷运行时启动风扇； - 开启：风扇持续运行，提升空气循环与温度均匀性； - 循环：风扇约33%时间随机运行，兼顾节能与舒适。 3. **配合程序日程使用**（推荐）：每天设置“起床、离家、回家、睡眠”四个时段的不同温度，可显著提升能效与舒适度。如需临时调整，直接按+/-键修改设定温度即可生效，至下一程序时段自动恢复。<PIC><PIC><PIC> , [""drill0_01"", ""drill0_02"", ""drill0_03""]"
188,"""如何调整温控器的程序日程，以实现高效的能源利用和温度控制？""","要调整温控器的程序日程以实现高效能源利用和温度控制，请按以下步骤操作： 1. 按温控器上的菜单键 <PIC>，显示PROG，再按选择键； 2. 按+或-选择要编辑的日期或日期组（如工作日/周末），按选择键； 3. 按+或-选择日程时段（起床、离家、回家、睡眠），按选择键； 4. 按选择键开启该时段（或按+后按选择键关闭）； 5. 时间开始闪烁，用+或-调整开始时间，按选择键确认； 6. 温度开始闪烁，分别用+或-调整“供暖”和“制冷”设定温度，每步均按选择键确认 <PIC>； 7. 对其余时段重复步骤3–6； 8. 完成后按主页键保存设置并返回主界面。 建议采用预设日程逻辑：起床时设舒适温度，离家/睡眠时设节能温度（如冬季供暖调低2–3℃，夏季制冷调高2–3℃），可显著降低能耗。智能响应技术还可自动提前启停系统，确保准时达温 <PIC>。 , [""drill0_04"", ""drill0_05"", ""drill0_06""]"
189,"""如何在不影响已编程日程的情况下，临时更改温控器的温度设置？""","您可在不影响已编程日程的前提下，临时更改温度设置：按+或-键直接调整至所需温度，新设定将自动保持，直至下一个预定日程时间段开始。无需额外操作，原程序日程（如起床、离家、回家、睡眠）完全不受影响。<PIC> , [""drill0_04""]"
190,"""当设备或系统出现警报界面时，应采取哪些操作？""","当设备出现警报界面时，请按以下步骤操作： 1. 主界面会显示警报图标，您可进入菜单查看具体错误/警报代码 <PIC>； 2. 查看后，主界面将保留警报符号，直至手动清除 <PIC>； 3. 对照《警报代码》表（见说明书相关页）识别问题原因 <PIC>； 4. 若为暂态警报，其会在警报菜单中取消7天后再次显示 <PIC>； 5. 根据错误代码执行对应排查（如检查电池、系统设置选项200/205/218/220等）或参考“故障排除”章节处理。 , [""drill0_04"", ""drill0_05"", ""drill0_06"", ""drill0_07""]"
191,"""针对热泵应如何修改接线，以确保连接正确且功能正常？""","针对热泵系统接线，请按以下步骤操作： 1. 将每根标记电线与温控器上相同字母的端子匹配连接（如Y接Y、O/B接O或B等）； 2. 保持R滑动开关在向上位置（仅接入1根R线）； 3. 若旧温控器有单独的O和B电线，需将B线连接至C端子；但若C端子已连接其他电线，请立即停止并联系专业安装人员协助； 4. 若旧温控器有V/VR、Y1/W1/W2等非常规线缆组合，请立即停止并联系专业安装人员协助。 提示：接线前务必关闭电源，并拍摄旧接线照片作为参考 <PIC>。 , [""drill0_04""]"
192,"""如何安全更换温控器的电池，确保更换后设备功能正常？""","更换温控器电池的安全操作及功能确认步骤如下： 1. **安全前提**：更换前无需断电（因温控器为低压电池供电），但若同时涉及底座或线路操作，请先关闭系统电源（参考文档5）。 2. **电池型号**：使用两节AA碱性电池（参考文档7）。 3. **更换操作**：打开温控器背面电池仓盖，按正负极标识装入新电池 <PIC>，合上仓盖。 4. **时间与设置保留**：若在两分钟内完成更换，时间和日期自动保留；所有其他设置永久存储于内存，无需重新设置（参考文档1）。 5. **功能验证**：更换后观察屏幕是否正常点亮；若出现电池低电量图标，说明更换成功且设备已识别新电池；可按菜单键进入主界面，检查温度显示、模式状态是否正常（参考文档1、6）。 6. **温馨提示**：建议每年定期更换一次电池，或离家超一个月前更换；避免使用非碱性电池（如碳性电池），以防漏液或供电不足（参考文档1）。 , [""drill0_06""]"
193,"""当标签与端子不匹配时，应如何正确为温控器重新接线，确保连接无误？""","当标签与端子不匹配时，请按以下步骤重新接线： 1. 首先确认系统类型（常规系统或热泵系统）； 2. 若为常规系统：按下图连接电线（见注释）<PIC>； - 若需同时连接R和Rc线，将R滑动开关拨至向下位置（2根电线）； - 若旧温控器有R和RH线，同样将R开关拨至向下位置，并将R线接Rc端子、RH线接R端子； - 若仅有1根C或C1线，接至C端子；若有2根C或C1线，用电工胶带分别包裹且不连接。 3. 若为热泵系统：优先按电线标记字母与温控器端子字母一一对应连接；若标签不匹配，请参阅第13页接线图 <PIC>； - R滑动开关须保持向上位置（1根电线）； - 若旧温控器有V/VR、O/B、Y1/W1/W2等特殊线，请立即停止操作并联系专业安装人员协助。 , [""drill0_04"", ""drill0_13""]"
194,"""遇到温控器故障时，可采用哪些故障排除解决方案？""","遇到温控器故障时，可参考以下官方提供的故障排除解决方案： 1. **屏幕空白**：检查是否已正确安装全新AA碱性电池；确认系统设置选项220设置为1或2。 2. **无法切换至制冷模式**：同上，检查电池及系统设置选项220。 3. **需要供暖时风扇不启动**：检查系统设置选项205，确保与您的供暖设备匹配。 4. **制冷模式下供暖系统运行**：检查系统设置选项200或218，确保与供暖/制冷设备类型一致。 5. **供暖或制冷系统无响应**： - 按系统键设为对应模式（供暖/制冷）； - 设定温度需高于（供暖）或低于（制冷）当前室温； - 检查断路器是否跳闸并复位； - 确认供暖/制冷系统电源开关已打开； - 确保炉门紧闭； - 等待5分钟让系统响应。 6. **供暖/制冷指示灯闪烁（热泵场景）**：可能是压缩机保护功能启动，等待5分钟让系统安全重启。 7. **出现警报图标**：进入菜单查看警报代码，对照警报代码表定位问题；暂态警报7天后自动重现，可手动清除 <PIC>。 提示：所有系统设置选项（如200、205、218、220）详见说明书对应页码。若问题持续，请联系专业技术人员。 , [""drill0_04""]"
195,"""设备或系统中构成处理器单元的关键组件或部件有哪些？""",根据参考知识，该VR头显设备的处理器单元关键组件包括：正面的状态指示灯（白色表示已开机，红色表示待机模式）、AUX端口、HDMI输出端口；背面的HDMI电视端口、HDMI PS4端口、USB端口、DC IN 12V接口以及通风口。此外，处理器单元外壳本身也是其结构关键部件。
196,"""耳机有哪些类型，以及如何更换耳塞？""","根据现有资料，该产品配套的为立体声耳机，出厂时已安装M号耳塞，支持更换为S号或L号耳塞以获得更贴合的佩戴效果。更换方法为：旋转耳塞后将其拔下即可 <PIC>；安装时请确保牢固，防止使用中意外脱落。关于耳机类型，参考知识中仅明确提及‘立体声耳机’，未提供其他类型说明。 , [""Manual38_4""]"
197,"""为保持遮光罩的清晰度和功能性，正确的清洁步骤是什么？""","为保持遮光罩的清晰度和功能性，请按以下步骤清洁：1. 将遮光罩从VR头显上取下；2. 用水清洗；3. 用软布完全擦干后再装回头显；4. 安装时，将遮光罩上的凸点与头显上的13个孔对齐。<PIC> , [""Manual38_5""]"
198,"""为确保安全且最佳的使用效果，游玩区域的推荐尺寸是多少？""","根据PS VR官方说明，游玩区域的宽度和深度需确保摄像头能完整捕捉您的活动范围。具体推荐尺寸未在参考知识中明确给出数值，但强调：1. 游玩区域应大于您实际活动空间；2. 使用前须清理区域内所有障碍物（如家具、楼梯、墙壁等）；3. 请按PS VR设置界面指引调整摄像头位置与角度，使您始终处于游玩区域中央；4. 若超出区域，头显屏幕将弹出警告。建议参考说明书第8页‘使用PS VR’章节获取详细设置指导。<PIC> , [""Manual38_0""]"
199,"""使用和操作VR头显时应采取哪些安全预防措施，以确保用户安全和设备使用寿命？""","使用和操作VR头显时，请严格遵守以下安全预防措施，以保障人身安全与设备寿命： ● **使用前准备**： - 若您感到疲劳、头晕、恶心、醉酒、服药后，或有癫痫、平衡障碍等健康问题，请勿使用；必要时请先咨询医生。 - 佩戴前请清理大于游玩区域的活动空间，清除墙壁、楼梯、家具等障碍物；确保宠物及他人不进入该区域。 ● **佩戴与操作规范**： - 正确佩戴头显，调节镜罩与头带时请勿过度推拉或拧紧旋钮；可佩戴眼镜使用，但需确保镜罩未被遮挡。 - 尽可能保持坐姿；如需站立，请严格遵循应用程序指示。 - 开机前确认线缆未缠绕身体或四肢，使用中应定期检查。 - 待头显正面及后侧追踪灯（<PIC>）全部熄灭后，再取下头显或拔下连接线，避免设备故障。 ● **环境与物理安全**： - 请勿在雷雨天气触碰电源线、适配器或处理器单元。 - 避免液体、灰尘、烟雾、蒸汽进入接口或通风口；若发生污染，请立即断电停用。 - 请勿摔落、投掷、重压头显，或让幼儿接触——细小零件、线缆可能引发窒息、缠绕或坠落风险。 ● **健康与舒适防护**： - 若出现头晕、视力模糊、眼/肌抽搐、意识障碍或癫痫样症状，请**立即停止使用并就医**；获医生许可后方可恢复使用。 - 长时间接触处理器单元、电源适配器或通风口排出空气可能导致低温烫伤（≥40℃持续接触），请避免身体长时间贴靠。 - 高音量可能造成永久性听力损伤，请将音量调至安全水平；若出现耳鸣、耳闷或听觉模糊，请立即停用并检查听力。 - 如皮肤因头显/耳机出现不适，请停止使用；症状未缓解须及时就医。 ● **清洁与维护**： - 外壳污渍仅可用柔软干布擦拭；遮光罩可取下水洗，彻底擦干后再安装（<PIC>）。 - 保持附着传感器（<PIC>）无遮挡，防止屏幕无法自动关闭，避免画面残留或永久残影。 以上措施均基于产品安全设计与使用规范，请务必逐条遵守。 , [""vr_01"", ""Manual38_5"", ""vr_02""]"
200,"""功能键盘的保修政策通常包含哪些内容，又不包含哪些内容？""",功能键盘的保修政策通常包含以下内容： 1. 保修期限：全球统一保修，具体时长依购买地区而异（如北美60天内可退换，欧洲2年，澳新2年，其他地区1年）；更换产品的保修期为剩余保修期或30天，以较长者为准。 2. 保障对象：仅限原始消费者，需提供有效购买凭证（如发票或收据）。 3. 保修服务形式：经判定属制造缺陷的故障，厂商自行决定维修或更换；更换产品可为全新或翻新产品，功能相近且价值相等或更高。 以下内容通常不包含在保修范围内： • 未经许可的改装（含序列号/保修标签篡改）； • 非制造缺陷导致的损坏（如意外、滥用、误用、疏忽、进水、火灾、雷击、自然灾害等）； • 安装不当、未经授权更改或由非授权人员维修； • 运输途中损坏（须向承运方索赔）； • 正常磨损、耗材（如键帽、轴体老化）、人为操作失误导致的故障； • 间接或继发性损害（如数据丢失、业务损失、服务中断）； • 默示担保（如适销性、特定用途适用性）仅限于保修期内有效，且明确排除额外责任。 注：官网直购产品享受30天内RMA换货/退款；经销商购买产品售后不承担退货运费，仅承担换货单程运费。
201,"""功能键盘的保修政策中，损害赔偿的除外责任或免责声明通常是什么？""",1. 损害赔偿的除外责任（即免责声明）主要包括：未经许可的改装、非制造缺陷导致的损坏、意外/滥用/误用/疏忽/火灾/进水/雷击等自然灾害、未按说明书操作、安装不当、非授权维修、运输途中损坏、正常磨损；2. 保修不承担任何间接或继发性损害（如数据丢失、业务损失、服务中断等）；3. 本保修为唯一责任限制，我们仅提供维修或更换（全新或翻新、功能相近且价值相等或更高），不提供其他明示或默示担保（包括适销性及特定用途适用性）。
202,"""如何设置功能键盘？""","设置功能键盘需通过配套CAM软件进行：1. 前往官网下载并安装CAM软件；2. 在软件中设置灯光、宏命令、按键重映射等，并保存至四个板载配置文件（1–4）；3. 按下FN+F1/F2/F3/F4即可切换对应配置文件。硬件模式下可直接调用已存储的配置，无需运行CAM软件。<PIC><PIC><PIC> , [""drill0_04"", ""drill0_05"", ""drill0_06""]"
203,"""如何拆卸和重新安装功能键盘的轴体？""","轴体拆卸：使用附赠的拔轴器，从顶部夹住轴体，将工具两端沿轴体前后方向放置；轴体由两个卡扣固定在定位板上，按下卡扣即可拆卸。注意请勿刮擦上盖面板，无需从轴体下方撬动，仅需夹住轴体外壳底部两侧即可。<PIC> 轴体重新安装：安装前请确保所有针脚笔直，无弯曲或折向轴底外壳；目视检查轴体上的两个金属针脚与键盘上的轴座插孔对应；垂直向下用力将轴体插入键盘插槽；正确插入后，轴体外壳两侧应紧贴键盘上盖面板。<PIC> , [""drill0_04"", ""drill0_05""]"
204,"""如何将功能键盘搭配CAM软件使用？""",将功能键盘搭配CAM软件使用的步骤如下： A. 下载并安装CAM软件：请前往官网下载最新版CAM软件； B. 设置并存储配置文件：本键盘自带四个板载配置文件（1–4），您可通过CAM软件设置灯光、宏命令、按键重映射等功能，并将配置保存至键盘，保存后无需运行CAM软件即可使用； C. 切换配置文件：按下FN键+F1、F2、F3或F4，即可切换至对应编号的已存储配置文件； E. 自定义RGB灯光：在CAM软件的「键盘/灯光设置」界面逐键设置，保存至任一配置文件； F. 自定义宏命令：在CAM软件的「键盘/宏命令设置」界面创建并保存至配置文件； G. 按键重映射：在CAM软件的「键盘/按键重映射设置」界面完成自定义绑定并保存。 提示：配置文件1–4默认自带四种灯光模式，也可被自定义灯光覆盖。
205,"""如何在硬件模式下使用功能键盘？""","在硬件模式下使用功能键盘，主要通过组合键切换已存储的板载配置文件（1-4）来调用对应的功能，包括默认灯光模式、宏命令、按键重映射等。具体操作如下： 1. 按下 FN 键 + F1，切换至配置文件1； 2. 按下 FN 键 + F2，切换至配置文件2； 3. 按下 FN 键 + F3，切换至配置文件3； 4. 按下 FN 键 + F4，切换至配置文件4。 其中，配置文件1至4自带四种默认RGB灯光模式，切换即生效；若已通过CAM软件将自定义灯光、宏或重映射保存至某配置文件，切换至该配置文件时也将自动激活对应设置。<PIC><PIC><PIC> , [""drill0_04"", ""drill0_05"", ""drill0_06""]"
206,"""如何安装儿童电动摩托车的挡泥板？""","安装挡泥板步骤如下： 1. 将挡泥板侧转，然后向上滑入左侧把手管；注意！请勿让“凸点”卡入1号孔。<PIC> 2. 调整挡泥板位置，使“凸点”准确卡入2号孔。<PIC> , [""drill0_04"", ""drill0_05""]"
207,"""如何安装儿童电动摩托车的前轮？""","安装前轮步骤如下： 1. 将前轴穿过两侧把手管及前轮，两侧把手管内外均需安装垫片。 2. 使用两个螺母将前轴及车轮固定在把手管上，使用随产品提供的扳手拧紧螺母直至螺纹尽头。<PIC> 3. 组装完成后，请检查车轮与把手管之间的间隙：若间隙过大、定位不稳，可在车轮与把手管之间加装额外垫片（不随产品提供）；若车轮卡死，则减少一片垫片。 , [""drill0_03""]"
208,"""如何为蓝牙激光鼠标安装电池？""","请按照以下步骤为蓝牙激光鼠标安装电池： 1. 按下按钮，电池仓盖弹出。 <PIC> 2. 按照鼠标内部标注的正负极（+ 和 -）装入两节 AA 型号电池。 <PIC> 3. 装回电池仓盖。 <PIC> , [""drill0_04"", ""drill0_05"", ""drill0_06""]"
209,"""如何为蓝牙激光鼠标安装WIDCOMM蓝牙驱动程序？""","请按以下步骤安装 WIDCOMM 蓝牙驱动程序： 1. 将 USB 蓝牙接收器插入电脑的 USB 接口。 2. 将附带的安装光盘放入光驱；若未自动运行，请双击光驱中 bin 文件夹内的 Setup.exe。 3. 在欢迎界面点击“下一步”继续。<PIC> 4. 阅读许可协议，勾选“我接受许可协议中的条款”，点击“下一步”继续。<PIC> 5. 程序将安装至默认文件夹，可点击“更改”选择其他路径，然后点击“下一步”。<PIC> 6. 点击“安装”开始安装，过程可能需要一段时间。<PIC> 7. 安装完成后出现完成界面，点击“完成”退出。<PIC> 8. 拔下接收器后重新插入，鼠标将自动配对；系统可能提示重启电脑，请根据提示操作。<PIC> , [""drill0_04"", ""drill0_05"", ""drill0_06"", ""drill0_07"", ""drill0_08"", ""drill0_09""]"
210,"""如何为蓝牙激光鼠标卸载WIDCOMM蓝牙驱动程序？""",请按照以下步骤卸载 WIDCOMM 蓝牙驱动程序： 1. 拔下 USB 蓝牙接收器。 2. 点击 开始 > 设置 > 控制面板 > 添加或删除程序。 3. 在程序列表中找到并选择 “WIDCOMM 蓝牙软件”，点击 “删除”。 4. 系统开始卸载程序，此过程可能需要一些时间。 5. 卸载完成后，系统将提示重启电脑。点击 “是” 立即重启，或 “否” 稍后重启。
211,"""如何在Windows系统中为蓝牙激光鼠标设置快速配对？""","在Windows系统中为蓝牙激光鼠标设置快速配对，请按以下步骤操作： 1. 将USB蓝牙接收器插入电脑的USB接口； 2. 按下鼠标底部的配对按钮 <PIC>； 3. 按下USB蓝牙接收器底部的按钮，直至LED指示灯每秒闪烁一次（表示接收器已进入搜索模式）<PIC>； 4. 移动鼠标，确认连接成功。 注：本款鼠标出厂默认已设为预配对模式，且不含接收器销售。 , [""drill0_02"", ""drill0_03""]"
212,"""如何通过WIDCOMM蓝牙驱动程序为蓝牙激光鼠标设置配对？""","请按以下步骤通过WIDCOMM蓝牙驱动程序为蓝牙激光鼠标配对： 1. 确保已安装WIDCOMM蓝牙驱动程序（参见说明书第4页“安装WIDCOMM蓝牙驱动程序”）； 2. 将USB蓝牙接收器插入电脑USB接口； 3. 双击系统托盘中的蓝牙图标 <PIC>，启动蓝牙初始配置向导并完成配置； 4. 配置完成后，将出现HID界面并开始搜索蓝牙设备 <PIC>； 5. 按下鼠标底部的配对按钮 <PIC>； 6. 按下USB蓝牙接收器底部按钮，直至LED指示灯每秒闪烁一次（表示进入搜索状态）<PIC>； 7. 在HID界面中点击检测到的鼠标设备，按屏幕提示启用连接 <PIC>； 8. 鼠标连接成功后，将显示确认信息 <PIC>，移动鼠标确认光标响应。 , [""drill0_04"", ""drill0_05"", ""drill0_06"", ""drill0_07"", ""drill0_08"", ""drill0_09""]"
213,"""如何查看蓝牙激光鼠标的电量状态？""","您可以通过以下两种方式查看蓝牙激光鼠标的电量状态： 1. 观察鼠标上的电量 LED 指示灯： - 琥珀色（或红色）亮起：表示电量低，需立即更换电池； - 绿色闪烁：表示鼠标正在配对（非电量指示）。 2. 通过电脑系统查看： 进入「控制面板 > 鼠标 > 蓝牙」，即可查看更详细的鼠标电量信息。<PIC> , [""drill0_05""]"
214,"""如何首次为蓝牙激光鼠标使用该驱动程序？""","首次使用蓝牙驱动程序的步骤如下： 1. 双击系统托盘中的蓝牙图标 <PIC>； 2. 蓝牙初始配置向导将启动，请按照屏幕提示完成配置； 3. 配置完成后，将进入 HID 界面并开始搜索蓝牙设备 <PIC>； 4. 点击您要连接的 HID 设备（即该蓝牙激光鼠标），然后按屏幕提示启用所选设备。 , [""drill0_04"", ""drill0_05""]"
215,"""如何将蓝牙激光鼠标与其他人机接口设备相连接？""","要将蓝牙激光鼠标与其他蓝牙人机接口设备（HID）连接，请按以下步骤操作： 1. 确保USB蓝牙接收器已插入电脑； 2. 将目标蓝牙设备（如打印机、掌上电脑等）设置为可被搜索状态； 3. 按下USB蓝牙接收器按钮，直至出现HID界面 <PIC>； 4. 从下拉菜单中选择待搜索的设备类型 <PIC>； 5. 在检测到的设备列表中点击目标设备，驱动程序将引导您完成启用与连接。 , [""drill0_04"", ""drill0_05""]"
216,"""如何拆卸烤箱门？""","拆卸烤箱门步骤如下： 1. 完全打开烤箱门。 2. 抬起卡扣并向前推至极限位置（图1）<PIC>。 3. 将烤箱门关至最大角度（A），向上抬起（B）并转动（C）直至脱开（D）（图2）<PIC>。 ⚠️ 注意：操作前请确保烤箱已完全冷却，并已断开电源。 , [""oven_01"", ""oven_02""]"
217,"""如何安装烤箱门？""","安装烤箱门步骤如下：1. 将铰链装入对应位置；2. 完全打开烤箱门；3. 放下两个卡扣；4. 关闭烤箱门。<PIC> , [""oven_01""]"
218,"""如何移动烤箱的顶部加热元件（仅限部分型号）？""","移动顶部加热元件（仅限部分型号）的步骤如下： 1. 取下侧边配件支架格栅（图3）<PIC>； 2. 轻轻拉出加热元件（图4）<PIC>，并向下放下（图5）<PIC>； 3. 复位时，抬起加热元件并轻轻向自身方向拉动，确保其支撑在侧支架上。 , [""oven_03"", ""oven_04"", ""oven_05""]"
219,"""如何更换烤箱的后部灯（如有）？""","更换烤箱后部灯（如有）步骤如下：1. 断开烤箱电源；2. 拧下灯罩（图6）<PIC>，更换灯泡（仅限25‑40W/230V E‑14、耐温300℃白炽灯），再拧回灯罩（图7）<PIC>；3. 重新接通电源。注意：灯罩复位前请勿使用烤箱；灯泡可从售后服务中心购买。 , [""oven_06"", ""oven_07""]"
220,"""如何使用烤箱的接油盘？""","接油盘用于放置在烤架下方，收集烹饪过程中滴落的油脂和食物碎屑；也可直接作为烤盘使用，适用于烤制肉类、鸡肉、鱼类等，并可搭配蔬菜。为防止油脂飞溅及冒烟，建议向接油盘中倒入少量水（如半升水）<PIC>。 , [""oven_03""]"
221,"""如何清洁烤箱外部？""",请在烤箱完全冷却并断开电源后进行清洁。用湿布擦拭外部表面；若污渍较重，可在水中加入几滴洗洁精，清洁后务必用干布擦干。切勿使用腐蚀性或研磨性清洁剂，如不慎接触，请立即用湿布擦拭干净。
222,"""如何使用烤箱的烤架？""","烤架（图3）用于烧烤食物，或作为锅具、蛋糕模及其他烹饪容器的支架，可放置在烤箱内任意可用层位；安装时可凸面朝上或朝下。<PIC> 使用烤架时，建议在其正下方放置接油盘（图1），并加入约半升水，以收集油脂和肉汁、防止冒烟。<PIC> , [""oven_03"", ""oven_01""]"
223,"""烤箱的催化侧面板有什么作用？""","催化侧面板带有特殊微孔搪瓷涂层，可吸附烹饪过程中飞溅的油脂。当烹饪油脂较多的食物后，建议执行自动清洁程序（即空载开启热风循环、200℃运行约一小时），使吸附的油脂在高温下分解，从而实现自清洁效果。<PIC> , [""oven_04""]"
224,"""如何使用烤箱的烤盘？""","烤盘（图2）用于烘焙饼干、蛋糕及披萨。使用时请将烤盘放置在烤架上，或直接置于指定层架；烘焙前可轻微刷油以提升脱模效果与酥脆度（如披萨）。为获得最佳效果，建议优先选用随附的深色金属烤盘，并参考烹饪表选择对应功能与层位。<PIC> , [""oven_02""]"
225,"""如何使用烤箱的烤架烤盘套装？""","烤架烤盘套装（图6）包含烤架（6a）和搪瓷容器（6b），需放置在烤箱内的烤架（3）上，并配合烧烤功能使用。<PIC> 使用时建议在烤架正下方放置加有半升水的接油盘，以收集肉汁、防止油脂飞溅及冒烟。 , [""oven_06""]"
226,"""如何使用烤箱的油脂过滤器？""","油脂过滤器仅用于油脂较多的烹饪，需挂在烤箱腔体后壁、风扇对面位置（图7）<PIC>。使用后可放入洗碗机清洗，也可用热水和中性洗涤剂浸泡清洗，冲洗干净并晾干即可。注意：请勿使用氨水或强腐蚀性清洁剂。 , [""oven_13""]"
227,"""如何使用烤箱的滑动搁架？""","滑动搁架（图8）可在烹饪过程中将烤架与接油盘半拉出，便于查看或翻动食物。适用于所有配件，支持洗碗机清洗。使用时请确保烤箱门已打开，并轻缓操作以避免烫伤。<PIC> , [""Manual28_8""]"
228,"""如何为混合即时相机安装肩带？""","为混合即时相机安装肩带的步骤如下：将肩带一端从相机底部的肩带安装孔穿入，再穿过肩带自身的插扣（如图示），拉紧以消除松动，并确保插扣牢固锁定。 eyepiece cover（取景器盖）也已连接在肩带上。<PIC> , [""Manual10_9""]"
229,"""如何为混合即时相机装入电池？""","为混合即时相机装入电池的步骤如下： 1. 滑动电池盖将其打开。 2. 按照电池上的箭头指示装入电池，确保电池上的黄线与相机上的标记对齐。 3. 关闭电池盖。<PIC> , [""Manual29_13""]"
230,"""如何为混合即时相机装入相纸盒？""","为混合即时相机装入相纸盒，请按以下步骤操作： 1. 按住相仓锁按钮（1），然后将拨杆向右滑动（<PIC>），直至相仓略微打开。 2. 握住相纸盒两侧，将相纸盒底部对准相仓凹槽（<PIC>），然后平直插入（2）。 3. 关闭后盖，确保后盖锁咔哒到位。关闭后盖时，黑色相纸保护盖会自动弹出，请从相纸出口取出该保护盖。 ⚠️ 注意：装入前请勿将相纸盒从内袋中取出；切勿按压相纸盒背面的两个矩形孔；仅使用instax SQUARE拍立得相纸，instax mini或WIDE相纸不兼容。 , [""Manual29_26"", ""Manual29_27""]"
231,"""如何为混合即时相机取出用完的相纸盒？""","取出用完的相纸盒步骤如下： 1. 确认相纸已用完——拍摄画面右侧的所有点均显示为灰色（参考第52页）； 2. 按住相仓锁按钮（1），然后将拨杆向右滑动，直至相仓略微打开； 3. 握住相纸盒上的两个矩形孔，平直拉出相纸盒。 ⚠️ 注意：相纸用完前请勿打开后盖，否则剩余相纸会曝光变白，无法使用。<PIC> , [""Manual29_28""]"
232,"""如何设置混合即时相机的自动打印模式？""","将相机侧面的打印模式选择器切换到“AUTO”即可启用自动打印模式。设置完成后，图像保存后将立即开始打印。<PIC> , [""Manual29_30""]"
233,"""如何设置混合即时相机的手动打印模式（初始设置）？""","设置混合即时相机的手动打印模式（初始设置）非常简单：将相机侧面的打印模式选择器切换到“MANUAL”即可。此时相机默认进入手动打印模式，拍摄的图像将保存到内存中，不会立即打印，您可后续在回放界面中选择需要打印的照片进行打印。<PIC> , [""Manual29_26""]"
234,"""如何使用混合即时相机拍摄照片？""","使用混合即时相机拍摄照片的基本步骤如下： 1. 顺时针转动镜头环（电源开关）开机； 2. 手持相机，确认构图； 3. 半按快门对焦：对焦成功时发出蜂鸣声，显示屏出现绿色对焦框；失败则显示红色对焦框； 4. 如需锁定对焦/曝光，可半按快门后重新构图（第55页）； 5. 完全按下快门拍摄照片，图像保存至相机内存； 6. 若打印模式设为“AUTO”，图像将立即打印；若为“MANUAL”，图像仅保存，可后续选择打印 <PIC>。 注意：拍摄时请双手持机、肘部抵住身体；勿遮挡闪光灯、镜头或相纸出口；光线不足时闪光灯可能自动触发（可关闭，见第56页）。 , [""Manual29_30""]"
241,"""If this is the first time to use airfryer, What should I do before first use?""","Before first use, clean the air fryer basket, pan, and interior with hot water and a non-abrasive sponge. Clean the heating element with a cleaning brush to remove any residues. Ensure all parts are completely dry before use. Unplug the appliance and let it cool down if it was previously powered. Do not operate until fully assembled and dry."
242,"""How to find the approval label of emission control certificate of the boat?""",The approval label of the emission control certificate is attached to the electrical box and the exhaust side of the crankcase.
243,"""How do I use the battery conversion feature before sailing?""","The reference materials provided do not mention a 'battery conversion feature' for use before sailing. They describe battery removal, installation, charging, and storage procedures for a boat — but no functionality labeled or described as 'battery conversion'. Please verify the term or consult your product’s specific manual for accurate terminology and operation."
244,"""How the ship steers?""","The watercraft steers by turning the handlebars in the direction you wish to travel. This changes the angle of the jet thrust nozzle, redirecting the water flow and thus the direction of the craft. Throttle must be applied during turns (except at trolling speed), as steering control depends on both handlebar position and jet thrust—more throttle produces sharper turns, while releasing the throttle completely results in loss of steering ability. <PIC> , [""Manual20_50""]"
245,"""What should I do if face over temperature warning on the boat?""","If a face over temperature warning appears on the boat's multifunction display and the buzzer sounds, immediately reduce engine speed, return to shore or maneuver to a safe location, and check for water discharge at the cooling water pilot outlets (located on the starboard side of the hull). Ensure water is flowing from the outlets while the engines are running — no flow indicates possible cooling system failure. If the oil level is low, add engine oil to the proper level (see page 80). If oil level is sufficient or cooling water flow is absent, have a Boat Dealer inspect the engine. Follow any on-screen instructions displayed with the warning."
246,"""If I want to listen to music on my phone, how do I turn on the sound system?""","To listen to music on your phone using the sound system, ensure your earphones or external speakers are paired via Bluetooth. Then, press and hold the earbud (or use your phone's music app) to launch and play music. For volume control, use the 'Up/Down' keys on your device or adjust via your phone's media volume settings. To switch sound profiles (e.g., for louder output), go to [Menu] > [Phone setup] > [Sounds] > [MySound] > [Loudspeaker], then select a profile and press [OK]."
247,"""How do I use the storage compartments if I want to store wet items while on board?""","The storage compartments are not waterproof. To store wet items safely on board, use the lockable storage compartment and remove its drain plug <PIC> to allow water to drain out. After use, reinstall the drain plug securely. Always ensure compartments are properly closed before operating the watercraft. , [""Manual09_201""]"
248,"""How to open the battery compartment when manipulating the boat?""","To open the battery compartment on the CB-5L boat: Slide the lever as shown by the arrow and open the cover. <PIC> , [""Manual10_18""]"
249,"""How to install an anchor light while the boat is moving?""","Installing an anchor light while the boat is moving is not recommended and is explicitly prohibited in the documentation. The manual states: 'NOTICE: 210FSH DELUXE: Do not open the engine hood while the anchor light is installed' and warns against operating certain components (e.g., lockable storage compartment) while underway due to safety risks. Anchor light installation requires secure access to mounting locations (e.g., bow or console), proper wiring, and verification of electrical connections — tasks that demand the boat be stationary, stable, and safely secured. For safety and compliance, install the anchor light only when the boat is at rest and properly docked or trailered."
250,"""How do I use the jet wash function to clean the boat after using it?""","To use the jet wash function (engine flush) after using the boat: (1) Connect the garden hose to a water tap and attach it to the flush hose connector. (2) Ensure the area around the boat is clear, then start the engine. (3) Immediately after starting the engine, fully turn on the water supply so water flows continuously from the jet thrust nozzle and cooling water pilot outlet. <PIC> (4) Run the engine at fast idle for 3–5 minutes. (5) Turn off the water supply, then stop the engine. (6) Drain residual water from the exhaust system by alternately pushing the remote control lever to half-throttle and back to idle for 10–15 seconds. (7) Remove the garden hose adapter and securely install the flush hose connector cap. CAUTION: Never turn on water before starting the engine—or with the engine off—as water could enter the crankcase and cause severe damage. , [""Manual09_259""]"
251,"""How do I turn on or off the water supply button on my boat?""","There is no dedicated 'water supply button' on the boat. The water supply is controlled manually via the garden hose adapter: connect the garden hose to a water tap, and turn the tap on/off to control water flow. IMPORTANT: Never turn on the water before starting the engine, and always turn it off immediately if the engine stops during flushing. Refer to the flushing procedure in the manual for correct sequence. <PIC> , [""Manual09_259""]"
252,"""How to remove the bimini top of the boat?""","To remove the bimini top: (1) First, store the bimini top in the fully collapsed position. See 'Storing the bimini top in the fully collapsed position' for steps. (2) Remove the main pole mounting pins securing the bimini top to the main pole mounting brackets. <PIC> , [""Manual09_193""]"
253,"""How do I install a bimini top on my boat if I want to use the canopy?""","To install the bimini top: reverse the removal steps — first ensure the top is fully assembled and aligned with the mounting brackets, then insert and securely fasten the main pole mounting pins into the main pole mounting brackets <PIC>. Confirm all pins are fully seated and locked. For visual reference on pin placement and bracket alignment, see installation diagram <PIC>. , [""Manual09_193"", ""Manual09_194""]"
254,"""How to store the bimini top in the upright position of the boat?""","To store the bimini top in the upright position: (1) Remove the lock pins, and then push the center poles down. <PIC> (2) Pull the bimini top toward the bow. <PIC> (3) Install the storage cover. <PIC> , [""Manual09_189"", ""Manual09_190"", ""Manual09_191""]"
255,"""When I am sailing, how do I check the engine oil level to ensure continued sailing?""","To check the engine oil level while sailing: (1) Moor the boat securely so it does not drift. (2) Stop the engine and ensure the boat is in a precisely level position. (3) Wait for the engine to cool — oil must be checked when cold for accuracy. (4) Open the engine hood <PIC>. (5) Clean the area around the oil tank filler cap/dipstick to prevent debris entry. (6) Loosen and remove the oil tank filler cap, wipe the dipstick clean, reinsert it fully, then withdraw and check that the oil level is between the minimum and maximum marks <PIC>. (7) If low, add oil slowly; if overfilled, consult a Boat Dealer. (8) Securely reinstall the filler cap and close the engine hood. , [""Manual09_196"", ""Manual09_197""]"
256,"""How can I use the bilge pump of the boat?""","To use the bilge pump on your boat: 1. Locate the bilge pump switch (typically labeled and shown in <PIC>). 2. Turn the switch ON to manually activate the pump. 3. Note that the bilge pump also operates automatically when excessive water is detected in the bilge—even if the switch is OFF or battery switches are OFF. 4. While operating, the bilge pump indicator light will illuminate <PIC>. 5. Ensure all drain plugs are tightened before operation, and never run engines at full throttle with bilge water present in the engine compartment <PIC>. , [""Manual09_202"", ""Manual09_203"", ""Manual09_201""]"
257,"""How to perform anchor light switch check while sailing?""","To perform the anchor light switch check while sailing: locate the navigation and anchor lights toggle switch. Push the lower side of the switch to activate the anchor light alone ('ANC' position). Verify that the anchor light illuminates. Ensure the switch is in the middle position ('OFF') when not in use. <PIC> <PIC> , [""Manual09_100"", ""Manual09_101""]"
258,"""When I want to start the boat, how do I turn on the boat's engine to get the machine started?""","To start the boat's engine: 1. Ensure the engine shut-off cord is attached to your left wrist and the clip is inserted into the engine shut-off switch. 2. Grip the handlebars firmly with both hands and place both feet in the footwell. 3. Press the start switch (green button) <PIC>. Do not hold the throttle or RiDE lever tightly — only apply minimal throttle if required. 4. Release the start switch immediately after the engine starts. Refer to your operator’s manual for model-specific details and safety warnings. , [""Manual20_48""]"
259,"""How do I turn a boat while sailing?""","To turn a boat while sailing (or operating a personal watercraft), steer by turning the handlebars in the direction you wish to go. The jet thrust nozzle angle changes accordingly, altering the watercraft's direction. Since steering depends on jet thrust, you must maintain throttle input during turns—except at very low (trolling) speeds. For improved turning performance at planing speed, you may use 'bow down' to increase hull grip, but be aware this can enhance sensitivity to waves and reduce fuel efficiency and top speed. Always assess wind, current, and surrounding traffic before maneuvering. <PIC> <PIC> <PIC> , [""Manual20_50"", ""Manual20_74"", ""Manual40_26""]"
260,"""How to operate the boat cross wakes and swells?""","To operate the boat across wakes and swells: 1. Reduce speed to minimize impact; 2. Approach at an angle—ideally around 45°—to 'cut' across the wake or swell rather than hitting it head-on; 3. Avoid steep or abrupt angles (e.g., 10°), as they increase directional instability and require more active steering and balance correction; 4. Be prepared for the hull to deviate from course due to wave/wake forces; 5. Note that consecutive wakes or swells are more challenging and less stable than isolated ones. <PIC> <PIC> <PIC> , [""Manual40_26"", ""Manual40_27"", ""Manual40_28""]"
261,"""How do I load the boat when the cruise is over?""","To load the boat after the cruise is over, follow standard boarding procedures: (1) Approach the dock safely and secure the boat. (2) Board from the side—one person at a time—by stepping into the boat; never jump. Avoid stepping on wet or slick gelcoat surfaces, especially on the gunwales. (3) Sit in one of the provided seats and place both feet on the deck. <PIC> , [""Manual09_247""]"
262,"""How to flush the cooling system of the boat?""","To flush the cooling system of the boat: (1) Connect the garden hose to a water tap. (2) Loosen and remove the flush hose connector cap. Insert the garden hose adapter into the flush hose connector by pushing and twisting until securely connected <PIC>. (3) Ensure the area around the boat is clear, then start the engine. Immediately after starting, fully turn on the water supply so water flows continuously from the jet thrust nozzle and cooling water pilot outlet <PIC>. (4) Run the engine at fast idle for 3–5 minutes. (5) If the engine stops during flushing, turn off the water immediately and restart the procedure from step 3. (6) After flushing, turn off the water supply, then drain residual water from the exhaust system by alternately moving the remote control lever to half-throttle and back to idle for 10–15 seconds . (7) Stop the engine, remove the garden hose adapter, and reinstall and tighten the flush hose connector cap securely. NOTICE: Never turn on the water before starting the engine — water could flow back through the muffler into the crankcase and cause severe damage. , [""Manual09_257"", ""Manual09_259""]"
263,"""How to replace the fuse of the boat?""","To replace the fuse of the boat: (1) Turn off the main switch to prevent accidental short circuiting. (2) Open the engine hood. (3) Unfasten the band and remove the fuse box from the air filter case. (4) Remove the fuse box cover by pushing both sides inward and pulling toward the bow. (5) For accessory or bilge pump fuses, remove the fuse holder first. (6) Use the fuse puller to remove the blown fuse and replace it with a spare fuse of the correct amperage (e.g., accessory fuse: 20 A; bilge pump fuse: 3 A). Never substitute with a fuse of higher amperage. (7) Reinstall the fuse holder (if removed), fuse box cover, fuse box, band, and engine hood. If the fuse blows again immediately, consult a Boat Dealer. <PIC> , [""Manual34_241""]"
264,"""How to check the engine oil level of the boat?""","To check the engine oil level of the boat: (1) With the engine stopped, place the boat in a precisely level position on land or launch the boat. (2) Start the engine and run it at idling speed for 6 minutes or more (add 5 minutes if ambient temperature is 20°F/68°F or less). (3) Stop the engine. (4) Open the engine hood <PIC>. (5) Loosen and remove the oil tank filler cap/dipstick, then wipe the dipstick clean <PIC>. (6) Reinsert the dipstick fully without screwing in the cap, then remove it again to check the oil level — it must be between the minimum and maximum level marks . (7) If below minimum, add oil slowly; if above maximum, consult a Boat Dealer. (8) Securely reinstall the filler cap and close the engine hood. , [""Manual09_196"", ""Manual09_197""]"
265,"""How to use the energy saving mode of a coffee machine?""","To use the energy saving mode of your coffee machine: 1. The machine automatically enters energy saving (power off) mode after 9 minutes of inactivity. 2. To manually turn the machine off before automatic power off, press both the Espresso and Lungo buttons simultaneously. 3. To exit energy saving mode and turn the machine on, press either the Espresso or Lungo button. 4. To change the auto power-off delay setting: - With the machine turned off, press and hold the Espresso button for 3 seconds. - The Espresso button will blink to indicate the current setting. - Press the Espresso button once for 9-minute delay, again for 30-minute delay, or a third time to deactivate auto power off. <PIC> , [""Manual07_3""]"
266,"""How to change the default setting of the energy saving mode?""","To change the default setting of the energy saving mode: 1. With the machine turned off, press and hold the Espresso button for 3 seconds. 2. The Espresso button will blink to indicate the current setting. 3. Press the Espresso button once to set power-off after 9 minutes, again for 30 minutes, or a third time to deactivate the energy saving mode."
267,"""How to program the water valume of a coffee machine?""","To program the water volume of your coffee machine: 1. Turn the machine on and wait for it to reach ready mode (steady lights). 2. Fill the water tank with potable water and insert a capsule. 3. Place a cup under the coffee outlet. 4. Press and hold the Espresso or Lungo button. 5. Release the button once the desired volume is served. 6. The water volume level is now stored. <PIC> , [""Manual07_24""]"
268,"""How should I do if I want to empty the system before not in use, for frost protection or before maintenance?""","To empty the system before a period of non-use, for frost protection, or before maintenance: 1. Press both the Espresso and Lungo buttons to turn the machine off — this enters emptying mode. 2. Remove the water tank and open the lever. 3. Press and hold both the Espresso and Lungo buttons for 3 seconds — both LEDs will blink alternatively. Note: The machine will be blocked for 10 minutes after emptying mode. <PIC> , [""Manual07_24""]"
269,"""How should I do if I want to reset to factory settings of the coffee machine?""","To reset your coffee machine to factory settings: 1. Ensure the machine is turned off, then press and hold the Lungo button for 5 seconds. 2. The LEDs will blink fast 3 times to confirm the reset. 3. The LEDs will then blink normally as the machine heats up; steady lights indicate it is ready. <PIC> , [""Manual07_33""]"
270,"""How should I clean my coffee maker after I use it so that it can last longer?""","To clean your coffee maker after use and extend its lifespan: 1. Unplug the machine before cleaning. 2. Never immerse it in water or use strong cleaning agents, solvents, sharp objects, brushes, or abrasives. 3. Clean the coffee outlet regularly with a soft damp cloth. 4. Remove the maintenance unit in separate pieces for easy cleaning. 5. Let all parts cool completely before cleaning. 6. Do not place any part in a dishwasher. <PIC> <PIC> , [""Manual07_47"", ""Manual07_48""]"
271,"""How to open the swim platform of the boat\uff1f""","To open the swim platform (also referred to as the rear platform hatch), locate and open the rear platform hatch — this is typically accessed by releasing its latch or interlock mechanism. Refer to page 63 of the manual for detailed opening and closing procedures. <PIC> , [""Manual09_260""]"
272,"""How to open the livewell and add water on the boat?""","To open the livewell and add water: 1. Locate the livewell access port—typically covered by a removable cap on the boat’s deck or transom. 2. Align the 'SET' mark on the cap with the slot, then push the handle and turn the cap clockwise until the 'SET' mark aligns with the edge of the access port <PIC>. 3. Pull the handle forcefully to ensure the cap is locked securely; if it moves under pull, it is not fully engaged. 4. Once open, fill the livewell with water using a garden hose or natural water intake (if equipped with a pump). 5. To circulate water, use the aerator switch: push the 'MNL' side for continuous circulation or 'AUTO' for timed operation . , [""Manual09_107""]"
273,"""What is the maintenance setting screen of the boat controller?""","The maintenance setting screen of the boat controller displays the number of hours that the engines have been running since the last maintenance. After maintenance is performed, you can reset the operation hours by tapping the 'Reset' button, then confirming with 'YES' when prompted. To return without resetting, tap 'NO'. <PIC> <PIC> <PIC> <PIC> , [""Manual09_76"", ""Manual09_77"", ""Manual09_78"", ""Manual09_79""]"
274,"""In the boat's steering position, what does the factory reset screen show?""","The factory reset screen in the boat's steering position shows a confirmation interface with a 'Reset' button. When the 'Reset' button is tapped, a confirmation message appears prompting the user to tap the 'YES' button to proceed with resetting all settings to factory defaults. <PIC> , [""Manual09_82""]"
275,"""What is the trip screen shown?""","The trip screen displays the hours of engine operation, fuel consumption, and other related information. It includes a menu with 4 items visible at a time, a scrollbar for navigation, and a 'Reset' button. To reset a specific item, touch and hold it for several seconds; to reset all items, tap the 'Reset' button. Note that some items cannot be reset. <PIC> , [""Manual09_69""]"
276,"""When I am ready to sail, if everything is ready, how do I make the boat move forward?""","To make the boat move forward, grip the handlebars firmly with both hands, place both feet on the footwell floor, start the engine, and then gently open the throttle. Ensure no obstructions, boats, or swimmers are nearby before accelerating. Steering is achieved by turning the handlebars in the desired direction while maintaining throttle input — jet thrust nozzle angle changes accordingly to direct movement. <PIC> , [""Manual20_50""]"
277,"""How do I check the boat's steering system when I'm driving it?""","When driving the boat, check the steering system by ensuring smooth and unrestricted movement of the steering wheel or handlebars throughout their full range. Confirm that the jet thrust nozzles turn in sync with the steering input — pointing right when turning right, and left when turning left <PIC>. Also verify there is no excessive free play (up/down, back/forth, or rotational) in the steering controls. Note: Steering requires throttle input — you will lose steering control if the throttle is fully closed to idle <PIC>. , [""Manual09_206"", ""Manual09_245""]"
278,"""How should fire extinguishers be stored on board and where should they be placed?""","Fire extinguishers must always be carried on board and kept in the fire extinguisher container. The container (①) is located in the battery compartment <PIC>. To access it, remove the seat and turn the container cap counterclockwise <PIC>. Always ensure the cap is tightened securely after insertion. Note: A fire extinguisher is not standard equipment — if not already onboard, obtain a USCG-approved B-1 classification unit with 2 lb or more capacity from a Yamaha dealer or fire extinguisher supplier. , [""jetski_04"", ""jetski_05""]"
279,"""How to care the throttle-cable of the boat?""","To care for the throttle cable, grease the throttle-cable inner wires at the pulley wheel of the APS. Use water-resistant grease for best results. <PIC> , [""Manual09_263""]"
280,"""How do I charge the camera battery when I'm not using it?""","To charge the camera battery when not in use: 1. Remove the battery from the camera (slide the battery lock lever and slide the battery out). 2. Use the included USB cable to connect the camera to a smartphone-compatible AC adapter (DC 5.0 V / 1000 mA), then plug the adapter into a standard wall outlet. Alternatively, connect the camera directly to a computer via USB (avoid keyboards or USB hubs). 3. Charging takes approximately 3–4 hours. The red lamp indicates charging; continue charging for one hour after it lights to ensure a full charge. 4. When storing the battery long-term, keep it outside the camera with the protective cover attached to prevent shorting. <PIC> , [""Manual29_13""]"
281,"""How to install the camera battery when another one is power off?""","To install the camera battery when the current one is powered off: 1. Turn the power switch to <OFF>. 2. Slide the battery compartment lever as shown by the arrow and open the cover. 3. Slide the battery lock lever and remove the depleted battery. 4. Insert a fully charged battery, aligning the yellow line on the battery with the camera's mark. 5. Close the battery compartment cover tightly. <PIC> , [""Manual10_16""]"
282,"""How do I connect the camera using a household power socket?""","To connect the camera using a household power socket, use the optional AC Adapter Kit ACK-E2. First, open the battery compartment cover and insert the DC Coupler into the camera until it locks, routing the cord through the notch <PIC>. Then, connect the DC Coupler’s plug to the AC adapter’s socket, connect the power cord to the AC adapter, and insert the plug into a household power outlet (AC 100–240 V). Ensure the camera’s power switch is off when connecting or disconnecting the power cord. , [""Manual10_19""]"
283,"""How do you mount the lens of a camera when preparing for photography?""","To mount the lens of a camera: 1. Remove the rear lens cap and the camera body cap by turning them as shown by the arrow. 2. Align the lens with the appropriate mount index — use the white EF-S lens mount index for EF-S lenses <PIC>, or the red EF lens mount index for non-EF-S lenses <PIC>. 3. Turn the lens clockwise as shown by the arrow until it clicks securely into place. 4. Set the lens focus mode switch to <AF> (autofocus) and remove the front lens cap. <PIC> , [""Manual10_21"", ""Manual10_22"", ""Manual10_23""]"
284,"""How do you install the card into a camera before photography?""","To install the CF card into the camera before photography: 1. Open the CF card cover by sliding it in the direction shown by the arrow <PIC>. 2. Insert the CF card with the label side facing you and the end with the small holes first, ensuring correct orientation to avoid damage <PIC>. 3. Close the cover and slide it in the direction shown by the arrow until it snaps shut <PIC>. , [""Manual10_24"", ""Manual10_26"", ""Manual10_28""]"
285,"""Have you ever wondered how to remove the camera shutter button? Understanding this process can enhance your photography experience and allow for quick repairs!""","The shutter button is not designed to be removed by the user. It is an integrated control component with a two-step mechanism: pressing halfway activates autofocus and auto exposure, while pressing fully releases the shutter to take a picture. Attempting to remove it may damage the camera. For maintenance or repair, please contact authorized service support. <PIC> , [""Manual10_30""]"
286,"""How do I replace the camera's date/time battery?""","To replace the date/time (backup) battery: 1. Turn the power switch to <OFF>. 2. Open the battery compartment cover. 3. Remove the battery holder. 4. Replace the CR2016 lithium battery in the holder, ensuring correct +/− orientation. 5. Reinstall the battery holder and close the cover. Note: The date/time setting will be reset—please reconfigure it after replacement. <PIC> <PIC> <PIC> <PIC> , [""Manual10_46"", ""Manual10_47"", ""Manual10_48"", ""Manual10_49""]"
287,"""How to set an off-center subject mode of a camera?""","To focus on an off-center subject, use Focus Lock in One-Shot AF mode: 1. Aim the center AF point at the subject and press the shutter button halfway to acquire focus. 2. While keeping the shutter button pressed halfway, recompose the frame so the subject is off-center. 3. Press the shutter button fully to take the picture. <PIC> , [""Manual10_106""]"
288,"""Before taking photos, we need to know How to use the eyepiece cover of the camera?""","To use the eyepiece cover: During self-timer or remote switch operation—when your eye does not cover the viewfinder eyepiece—stray light may enter and affect exposure. In such cases, attach the eyepiece cover by sliding it down into the eyepiece groove <PIC>. The eyepiece cover is also attached to the camera strap (p.89) <PIC>. , [""Manual10_154"", ""Manual10_9""]"
289,"""How do I select the AF Mode when before taking a picture?""","To select the AF mode before taking a picture: 1. Set the Mode Dial to a Creative Zone mode (e.g., P, Tv, Av, M, or A-DEP). 2. Press the <AF-WB> button. 3. While looking at the LCD panel, turn the < > dial to choose among: ONESHOT (One-Shot AF), AIFOCUS (AI Focus AF), or AISERVO (AI Servo AF) <PIC>. Note: AF mode selection is not available in Basic Zone modes — it is set automatically there. , [""Camera_30""]"
290,"""How to set the camera model to \""P\"" model?""","To set the camera to ""P"" (Program AE) mode, rotate the Mode Dial to <P>. The camera will automatically set the shutter speed and aperture for proper exposure. You can then focus by pressing the shutter button halfway while aiming an AF point at your subject. The selected settings will be displayed in the viewfinder and on the LCD panel."
291,"""After or during shooting, how can I view the camera image on TV for better clarity?""","To view the camera image on a TV for better clarity after or during shooting: 1. Turn off both the camera and TV before connecting. 2. Open the camera’s terminal cover and connect the provided video cable from the camera’s VIDEO OUT terminal to the TV’s VIDEO IN terminal—insert the plug fully. 3. Turn on the TV and switch its input source to 'Video IN'. 4. Press the <PLAY> button (or equivalent playback button) on the camera to display captured images on the TV screen. Note: The camera’s LCD monitor will not display anything while outputting to TV. Ensure the [Video system] setting (NTSC/PAL) matches your TV’s format; otherwise, the image may not display properly <PIC>. If no image appears, verify the video cable is fully inserted and the correct video format is selected <PIC>. , [""Manual10_182"", ""Manual10_235""]"
292,"""How can I delete a single image from my camera if I don't like the photo?""","To delete a single image from your camera: 1. Display the image you want to erase. ● Press the <PIC> button. 2. Display the erase menu. ● Press the <PIC> button — the Erase menu will appear at the bottom of the screen. 3. Erase the image. ● Turn the dial to select [Erase], then press <PIC>. The access lamp will blink and the image will be erased. , [""Camera_57"", ""Manual10_184"", ""Manual10_185""]"
293,"""How can I erase all images from my camera if I don't like these.""","To erase all images from your camera: 1. Press the <·> button to display an image. 2. Press the button to open the Erase menu at the bottom of the screen. 3. Turn the dial to select [All], then press . 4. A confirmation dialog will appear; select [OK] and press to proceed. All unprotected images will be erased. Note: Protected images will not be erased — you must first cancel protection if needed. For complete data removal (including protected images), format the CF card via the Setup menu (note: formatting erases everything)."
294,"""How do I print photos using the camera's CP direct method after taking them?""","To print photos using the camera's CP Direct method after taking them: 1. Ensure the camera is powered on and has a fully charged battery. 2. Connect the camera to a CP Direct–compatible printer using the dedicated interface cable (align the cable’s icon with the camera’s front side). 3. On the camera menu, set [Communication] to [PTP] (turn the <PIC> dial to select [Communication], then [PTP], and press <PIC>). 4. Select the image(s) to print — confirm the $<\!\!\nabla\!\!\circ\!\!\!\!\slash>$ icon appears on the LCD monitor, then turn the <PIC> dial to choose the image and press <PIC>. 5. Set printing options: [Style], [Paper settings], and [Print Type] (e.g., [Index] for multiple thumbnails per sheet). 6. Turn the <PIC> dial to select [OK] and press <PIC> to start printing. To stop, press when [Stop] is displayed, then select [OK] to confirm. , [""Manual10_188"", ""Manual10_190"", ""Manual10_191"", ""Manual10_192"", ""Manual10_194"", ""Manual10_212""]"
295,"""How do you set up the camera to fine tune the model when using it?""","To fine-tune the camera model during setup: 1. Aim the lens and look through the camera on the Dashboard to adjust the picture. 2. Physically tilt the camera sensor and lens unit up to 65 degrees, rotate up to 350 degrees, and pan up to 350 degrees. 3. Note that software-only rotation is limited to 180 degrees — no other software adjustments are available. 4. Adjust zoom and focus remotely (not physically). 5. Remove the protective plastic sticker, check LED function, and use the Dashboard to finalize focus and configuration. <PIC> <PIC> <PIC> , [""Manual33_6"", ""Manual33_7"", ""Manual33_8""]"
296,"""After the earphones is in my hand, what are the components I should have?""","When you have the earphones in hand, you should have the following components: the left and right earbuds, the charging case, a USB-C charging cable, and optionally, extra ear tips (small, medium, large sizes) — all typically included in the retail package. Refer to your product’s quick start guide or packaging for confirmation. <PIC> <PIC> , [""Manual12_11"", ""Manual12_12""]"
297,"""If the case battery of earphones is low, how can I charge is?""","To charge the earphone charging case: 1. Insert the USB-C cable into the charging port located at the back of the charging case. 2. Connect the other end to a suitable USB power source. 3. Press the button on the right-hand side of the case to check the battery level — the Battery Level LED Indicators will light up according to remaining capacity. <PIC> , [""Manual12_0""]"
298,"""When bluetooth are pairing and connecting, what scenarios I might encounter?""","During Bluetooth pairing and connecting, you may encounter the following scenarios: 1. **Automatic reconnection**: If earbuds were previously paired to a nearby device, they will automatically reconnect to it when Bluetooth is enabled on that device. 2. **Manual pairing mode**: When removed from the case or when Bluetooth is turned OFF on the currently connected device, earbuds enter pairing mode and appear as 'earphones' in your phone’s Bluetooth settings <PIC>. 3. **Multipoint connection setup**: To pair with a second device (e.g., smartphone + computer), turn Bluetooth OFF on the first device — earbuds disconnect and become discoverable for the second device <PIC>. After pairing, turning Bluetooth back ON on the first device restores auto-reconnection to both. 4. **LED status indication**: Earbud LEDs visually show pairing status (e.g., flashing white = pairing mode, solid white = connected) <PIC>. , [""Manual12_6"", ""Manual12_7"", ""Manual12_11""]"
299,"""What are the two main controling functions of earphones?""","The two main controlling functions of the earphones are: 1. Controlling Music (e.g., play, pause, skip, volume adjustment, ANC/Ambient mode switching); and 2. Controlling Calls (e.g., answer, reject, end call). These functions can be performed via touch controls on the earbuds or voice commands (e.g., 'Hey assistant' followed by commands)."
300,"""Besides the two main controling functions, what other functions of the earphones can I operate?""","Besides the two main controlling functions, you can also: 1. Activate phone Voice Assistant or music app by pressing and holding until the first beep; 2. Cycle Ambient Awareness and ANC modes by pressing the left earbud; 3. Turn Low Latency Mode ON/OFF by pressing and holding until the second beep; 4. Use voice commands (e.g., 'Play', 'Pause', 'Volume Up', 'Ambient ON', 'Noise Canceling OFF') after enabling 'Hey assistant'; 5. Accept or reject incoming calls using voice commands without saying 'Hey assistant' first; 6. Enable multipoint Bluetooth connection to pair with up to two devices simultaneously; 7. Perform factory reset (6-sec press) or hardware reset (10-sec press); 8. Customize button actions, enable hands-free voice control, and update firmware via the earphones App <PIC>. , [""Manual12_13""]"
301,"""If my earphones won't work, how can I reset them?""","If your earphones won't work, you can perform a hardware reset (restart) by pressing and holding the earbuds for 10 seconds — this restarts them. For a factory reset (which erases all settings), press and hold for 6 seconds. Note: Earbuds must be disconnected from Bluetooth and removed from the charging case before resetting. <PIC> <PIC> , [""Manual12_11"", ""Manual12_12""]"
302,"""What are the maintenance and care policies of the earphones?""","The maintenance and care policies for the earphones are as follows: 1. Clean only with a soft, dry cloth—never use harsh chemicals, alcohol, ammonia, benzene, or abrasives. 2. Keep earphones dry before charging; avoid exposure to water, moisture, or wet surfaces. 3. Store in a cool, dry place away from direct sunlight and extreme temperatures (do not exceed 100°F). 4. Avoid physical damage—do not drop, crush, or subject to excessive force. 5. Handle charging cables carefully—do not tug or yank while connected to the charging case. 6. Do not attempt self-repair; contact a qualified service center if service is needed. 7. Recycle or dispose of earphones responsibly per local regulations."
303,"""From three different observing views, what buttons and interfaces should this eReader have?""","From three observing views, the eReader's buttons and interfaces are as follows: • FRONT VIEW: [1] Home/ESC button (for canceling or exiting interfaces), [2] Prev/Next Page buttons, [3] Navigation/Menu 4-way control button (up/down/left/right + confirm), [4] Zoom in/out button (for JPEG zoom and font size adjustment), [5] Rotate button (for screen orientation), [6] 3.5 mm earphone jack, [14] Speaker, [15] 7"" TFT LCD display screen <PIC>. • BOTTOM VIEW: Battery compartment (rechargeable 2000 mAh Li-Polymer), USB synchronization port, brightness controls (5 levels), color mode settings (5 options), bookmark management interface ('Del mark' via 'M' button), zoom (Small/Medium/Large), rotate function, browser modes ('Auto'/'Manual'), and flip time settings (10–30 sec) <PIC>. • MAIN MENU INTERFACE (software view): Displays navigable icons/titles for 'Browser History', 'eBook', 'Music', 'Video', 'Photo', 'Record', 'Explorer', and 'Settings' <PIC>. , [""Manual13_1"", ""Manual13_6"", ""Manual13_3""]"
304,"""What do the functions of Main Menu and Browser History of the eReader can do?""","Main Menu: Provides access to all device features including Browser History, eBook, Music, Video, Photo, Record, Explorer, and Settings. Select any function using the navigation keys and press the 'M' button to enter. Browser History: Displays a list of recently browsed files (e.g., eBooks). Use the navigation keys to select a file, then press the 'M' button to resume reading from the last page viewed. Note: Files stored on a Micro SD card that are deleted will still appear in Browser History but cannot be opened."
305,"""When in eBook mode of this eReader, what will happen after pressing \""M\"" botton?""","When in eBook mode, pressing the ""M"" button opens a menu with options including ""Page Jump"", ""Save Mark"", ""Load Mark"", ""Del Mark"", ""Browser Mode"", ""Flip Time"", ""Brightness"", and ""Set color""."
306,"""If I want to listen to music using this eReader, what should I do?""","To listen to music on your eReader: 1. Transfer supported audio files (MP3, WMA, WAC, ACC, etc.) to the device via USB cable connected to your computer. 2. From the main menu, open the audio files list and select your desired file. 3. Press 'M' to enter Music Mode, then press the Play/Pause button <PIC> to start playback. 4. Adjust volume using the Volume Up/Down buttons <PIC> or navigation keys. You can also play music while reading or browsing. , [""Manual13_7"", ""Manual13_1""]"
307,"""Can this eReader record voice? If so, how do I operate this feature?""","Yes, this eReader supports voice recording. To operate the feature: 1. Select 'Record' from the main menu, then press the 'M' button to enter voice record mode. 2. Press the 'Play/Pause' button to start recording. 3. Press 'Play/Pause' again to pause, or press the 'HOME' button to stop. 4. You will be prompted to save the recording — press 'M' to select 'YES' or 'NO'. <PIC> <PIC> , [""Manual13_11"", ""Manual13_12""]"
308,"""I can't find the way to play video using this eReader, can you tell me how to do that?""","To play video on your eReader: 1. Go to the 'Video' menu. 2. Press the 'M' key to enter Video mode. 3. Select a supported video file (formats include AVI, RMVB, MPEG2, MP4, MOV). <PIC> , [""Manual13_9""]"
309,"""Can this eReader become a photo viewer? If so, how do I operate this feature?""","Yes, this eReader can function as a photo viewer. It supports JPG, GIF, and PNG image formats. To view photos: insert a microSD card (up to 16GB) with your images, power on the device, and navigate to the photo viewer from the main menu. Once viewing a photo: press the 'Play/Pause' key to rotate it counter-clockwise <PIC>, and use the 'Zoom in/out' keys to adjust magnification. Note that larger files may take longer to load or rotate. , [""Manual13_10""]"
310,"""When using this eReader, what kinds of trobles might I encounter and how to solve them?""","Common issues you might encounter with this eReader and their solutions include: 1. Device won’t power on: Charge the device until the power indicator bar is full <PIC>; if still unresponsive, contact manufacturer. 2. Device won’t charge: Check for a defective AC adapter or USB cable — contact manufacturer for replacement. 3. No sound or noise with earphones: Adjust volume (ensure not at 0), try another pair of earphones, or use higher-quality audio files to avoid distortion. 4. Cannot download files: Verify USB cable functionality, check if internal memory is full, or — for Windows 98 — install a USB 2.0 driver from the manufacturer’s website. 5. Cannot play music files: This reader supports most popular formats (MP3, WMA, WAV); ensure your file format is supported. 6. Screen/display issues: Avoid use outside 32–120°F (0–50°C); do not expose to moisture, dust, or extreme temperatures. 7. Physical damage concerns: Do not drop, bend, crush, or apply pressure to the screen/device; always use the provided leather case for protection. For firmware updates or manuals, visit the manufacturer’s website. Never attempt self-repair or battery replacement — contact manufacturer for service. , [""Manual13_1""]"
311,"""When connecting the fax, hwo can I properly finish the procedure?""","To properly finish the fax connection procedure, follow the instructions in the Quick Setup Guide. Ensure the fax is connected to a grounded AC power outlet and a standard telephone line—do not use extension cords or unauthorized cables. Verify all plugs are fully inserted and cords are not damaged, stretched, or frayed. For model-specific setup steps (e.g., line registration, number programming), refer to the Online User's Guide or contact brand of the fax Help and Customer Support. <PIC> , [""Manual10_188""]"
312,"""What should I pay attention to in order to ensure my safety when using this fax?""","To ensure your safety when using this fax, please follow these key precautions: 1. Read the Product Safety Guide before use <PIC>. 2. Place the fax on a stable, level surface near a telephone wall jack and a grounded AC power outlet <PIC>. 3. Keep liquids, metal objects, and plastic bags away from the device to avoid fire, electrical shock, or suffocation hazards <PIC>. 4. Never drop the unit or use it if the casing is damaged — unplug immediately and contact Authorized Service Personnel <PIC>. 5. Do not use during thunderstorms, with frayed/damaged cords, extension cords, or unauthorized cables . 6. If the product overheats, emits smoke or strong odors, or liquid is spilled inside, unplug it immediately and contact service . 7. Do not attempt self-service — only authorized technicians should open or repair the unit . , [""fax_01"", ""Manual15_2"", ""Manual15_4"", ""Manual15_6""]"
313,"""In order to keep your fingers safe, what should you pay attention to about the fax?""","To keep your fingers safe, be careful not to put them in the areas shown in the illustrations <PIC>, especially when changing the paper tray size — avoid pinching your fingers in the gaps or slots in the bottom of the tray <PIC>. Always follow all safety warnings and instructions marked on the product and in the manual. , [""Manual15_7"", ""Manual15_8""]"
314,"""I'm about to move this fax. Is there anything I should pay attention to?""","When moving your fax machine, please pay attention to the following safety precautions: 1. Unplug the unit from the AC power outlet before moving. 2. Ensure the power cord is not stretched, strained, or damaged — do not pull on the cord’s middle section. 3. Avoid placing the unit on an unstable surface; it is heavy and may fall if improperly supported <PIC>. 4. Keep the unit away from water, heat sources, and busy areas. 5. Do not attempt internal servicing — only authorized service personnel should handle repairs. For safe relocation guidance, refer to the Quick Setup Guide and Product Safety Guide <PIC>. If the unit was dropped or casing damaged, contact brand of the fax Authorized Service Personnel before reuse. , [""Manual15_2"", ""fax_01""]"
315,"""Are caution or warning labels inside the fax important? If not, can I remove them?""","Yes, caution or warning labels inside the fax are important for safety and proper operation. DO NOT remove or damage any of the caution or warning labels inside the product. <PIC> , [""Manual15_14""]"
316,"""If I'm in Canada, is there any statement of the fax vailable in my country?""","Yes, the Statement of Limited Product Warranty is available and valid for products purchased in Canada. As stated in the warranty documentation: 'The limited warranty [...] applies only to the appliance sold to you, the first using purchaser, provided that the Product was purchased [...] Within the United States or Canada, and has at all times remained within the country of original purchase.' <PIC> , [""warranty001""]"
317,"""When using the grill, how to connect regulator to the LP Tank?""","To connect the regulator to the LP tank: 5. Hold the regulator and insert the nipple into the LP tank valve. Hand-tighten the coupling nut, keeping the regulator aligned straight with the LP tank valve to avoid cross-threading — the nipple must be centered in the valve <PIC>. 6. Turn the coupling nut clockwise until it reaches a full stop. The regulator seals via the back-check feature in the LP tank valve, causing resistance; then apply an additional one-half to three-quarters turn by hand only — do not use tools <PIC>. If connection cannot be completed, disconnect and repeat steps 5–6. If still unsuccessful, do not use this regulator <PIC>. , [""drill0_04"", ""drill0_05"", ""drill0_06""]"
318,"""To engure my safety when using the grill, how to do leak testing on valves, hose and regulatol?""","To perform a leak test on valves, hose, and regulator: 1. Turn all grill control knobs to OFF. 2. Close the LP tank valve. 3. Mix a 50/50 solution of mild soap and water. 4. Using a clean paintbrush, apply the soapy solution to all connections — including valve outlet, hose ends, regulator inlet/outlet, and coupling nuts <PIC>. 5. Slowly open the LP tank valve. 6. If 'growing' bubbles appear, there is a leak: immediately close the LP tank valve, retighten the connection, and retest <PIC>. Do not use an open flame or household cleaners. Perform the test outdoors in a well-ventilated area, away from ignition sources and while not smoking. , [""Manual19_6"", ""Manual19_71""]"
319,"""What should I pay attention to on ablout indirect cooking using the grill?""","For indirect cooking on your grill, ensure the following: 1. Position food away from direct flame—use only some burners lit (e.g., light burners on left and right, leave center off). 2. Keep the lid closed to maintain even, oven-like heat circulation. 3. Preheat the grill on HIGH with lid closed for 15 minutes before cooking. 4. Maintain proper ventilation—never use in enclosed spaces. 5. Keep grease tray installed and emptied after each use to prevent flare-ups. 6. Do not block air vents at bottom or back of grill. Note: This grill is for outdoor use only; never use charcoal or ceramic briquets unless specifically supplied with your model."
320,"""What are the first three steps in assembly process of the grill according to the manual?""","The first three steps in the assembly process of the grill are not explicitly listed in the provided manual excerpts. However, based on the referenced assembly-related instructions and context (e.g., 'Tools needed for assembly', 'LP Tank' positioning, and structural references), the manual emphasizes preparatory and foundational steps such as: 1. Ensuring all required tools are available (adjustable wrench, screwdriver, 7/16"" combination wrench); 2. Properly positioning and connecting the LP tank as specified in assembly instructions; and 3. Installing or securing major components like the grill body or mounting structure — though exact step-by-step assembly instructions (e.g., frame assembly, leg attachment) are not detailed in the provided text. For complete, verified assembly steps, please refer to the full assembly section of your grill’s manual or contact Grill Service Center at 1-800-241-7548."
321,"""Can you share me some safety tips using the grill?""","Here are key safety tips for using your gas grill: 1. Use only outdoors in a well-ventilated area — NEVER in enclosed spaces (e.g., garage, porch, under overhead structures). 2. Maintain at least 3 ft. clearance from walls/surfaces and 10 ft. from flammable objects or ignition sources (e.g., water heater pilot lights). 3. Never use charcoal or ceramic briquets unless specifically supplied with your grill. 4. Always perform a leak test before first use and after moving or reconnecting the LP tank <PIC>. 5. Turn off all control knobs AND the LP tank valve when not in use. 6. Never leave the grill unattended while preheating or burning off residue — grease fires can occur if not regularly cleaned <PIC>. 7. If a grease fire starts, turn off all knobs and the LP tank valve immediately — do NOT use water. 8. Do not move the grill while operating or still hot; use long-handled utensils and oven mitts to prevent burns . 9. Keep children away from the grill area and ensure the grease tray is installed and emptied after each use (only when fully cooled). , [""Manual19_6"", ""Manual19_0""]"
322,"""What are identification numbers of my jetski? I don't understand that.""","Your jetski has three key identification numbers: 1) Frame Number (a 9-digit number stamped on the frame — see <PIC>), 2) Engine Number (also called Primary I.D. — stamped on the engine — see <PIC>), and 3) Key Number (see <PIC>). Additionally, record the Hull Identification Number (HIN) and Primary Identification (PRI-ID) number for parts ordering and theft recovery. Keep these numbers in a safe, separate location. , [""Manual34_0"", ""Manual34_1"", ""Manual34_2""]"
323,"""I've heard that my jetski has cruising limitations. Please introduce them.""","Your jetski has several important cruising limitations for safety: 1. Minimum water depth: Never operate in water less than 60 cm (2 ft) deep to avoid submerged objects <PIC>. 2. Environmental conditions: Do not operate in rough water, bad weather, or poor visibility <PIC>. 3. Time of operation: This watercraft lacks required lighting—do not operate after sunset or before dawn <PIC>. 4. Maneuvering: Avoid sharp turns, jumping wakes/waves, or aggressive maneuvers that increase risk of injury or loss of control . 5. Navigation: Scan constantly for people, objects, and other watercraft; maintain safe distances and operate defensively at safe speeds . For full details, refer to your Owner’s/Operator’s Manual. , [""Manual20_16"", ""Manual20_18"", ""Manual20_17""]"
324,"""I've heard that my jetski has cruising limitations. Please introduce them.""","Your jetski has several important cruising limitations for safety: 1. Minimum water depth: Never operate in water less than 60 cm (2 ft) deep to avoid submerged objects. 2. Environmental conditions: Do not operate in rough water, bad weather, or poor visibility. 3. Time of operation: Not equipped for night use — do not operate after sunset or before dawn. 4. Maneuvering: Avoid sharp turns, jumping wakes/waves, or aggressive maneuvers that increase risk of injury or loss of control. 5. Navigation: Scan constantly for people, objects, and other watercraft; maintain safe distances and operate defensively at safe speeds. 6. Operator requirements: Minimum recommended age is 16; minors must be supervised by adults, and a boating safety course is recommended or required depending on your state. <PIC> , [""Manual20_18""]"
325,"""What are the operation requirements if I want to use my jetski?""","To safely operate your jetski, you must: 1. Read the Owner’s/Operator’s Manual, Riding Practice Guide, Riding Instruction card, and all warning/caution labels; watch the Basic Orientation Video <PIC>. 2. Be at least 16 years old (or meet your state’s operator age and boating safety course requirements). 3. Wear a US Coast Guard–approved personal flotation device (PFD) suitable for personal watercraft use. 4. Wear protective clothing—such as a wetsuit bottom or thick, tightly woven, snug-fitting apparel (e.g., denim)—to prevent injury from forced water entry; avoid spandex or similar fabrics. 5. Obey all local, state, and federal waterway rules—including International Rules of the Road—as jetskis are legally classified as powerboats. 6. Carry required safety equipment onboard, including a sound-signaling device (e.g., whistle), visual distress signals, a watch, and a towline. , [""Manual20_12""]"
326,"""What kinds of watercraft characteristics does my jetski have?""","Your jetski is a personal watercraft propelled by jet thrust, which provides directional control and propulsion. Key characteristics include: (1) Jet thrust enables maneuverability, but steering ability decreases rapidly when throttle is fully released—especially at speeds above trolling speed; (2) Designed for operator plus one passenger, with a maximum load limit of 160 kg (353 lb); (3) Legally classified as a powerboat and subject to International Rules of the Road and local boating regulations; (4) Equipped with standard components including handlebars for steering, intake grate to prevent debris ingestion, jet intake, cooling water pilot outlet, bow eye, footwells, and adjustable sponsons for stability <PIC>. For full component identification, refer to the main components diagram. , [""Manual20_24""]"
327,"""When encountering vessels driving my jetski, what rules should I obey?""","When encountering other vessels while operating your jetski, you must follow the 'Rules of the Road'—as jetskis are legally considered powerboats. Key rules include: 1. **Meeting head-on**: Both vessels must alter course to pass port-to-port (left side to left side); neither has right-of-way. <PIC> 2. **Crossing**: The vessel on the right (starboard) has right-of-way; you must yield if approaching from the left. 3. **Overtaking**: You are the give-way vessel—maintain safe distance and pass only when clear. The vessel being overtaken is the stand-on vessel and should hold course/speed. <PIC> 4. **Narrow channels/bends**: Keep to the right when safe and practical. 5. **General prudential rule**: If collision appears unavoidable, both vessels must take immediate action to avoid it—even if normally entitled to right-of-way. Always maintain a safe distance, use a sound-signaling device (e.g., whistle), and check behind before turning. For full details, refer to pages 1-14 to 1-17 of your Owner’s/Operator’s Manual. , [""Manual20_26"", ""Manual20_27""]"
328,"""I'd like to remove and install the seat of my jetski, what steps should I follow?""","To remove the seat: Pull the seat latch <PIC> up at the rear of the seat, and then pull the seat off. To install the seat: Insert the projection on the front of the seat into the stay on the deck, and then push the rear of the seat down to lock it in place securely. NOTE: Always ensure the seat is properly secured before operating the watercraft. , [""Manual20_34""]"
329,"""In daily usage, how to open and close the hood of the jetski?""","To open the hood of the jetski: Push the hood latch down and then lift the hood up. To close the hood: Push the hood down until it latches securely in place. <PIC> <PIC> <PIC> , [""Manual20_36"", ""Manual20_37"", ""Manual20_38""]"
330,"""I've noticed that there are two different kinds of filler caps on the jetski. How to remove them?""","There are two main filler caps on the jetski: the fuel tank filler cap and the oil tank filler cap. To remove either: turn it counterclockwise. <PIC> <PIC> , [""Manual20_40"", ""Manual20_41""]"
331,"""If I need to manipulate the two kinds of engine switches on the jetski, what should I do?""","The reference materials do not specify the location, function, or operation procedure for 'two kinds of engine switches' on the jetski. For safe and correct manipulation of engine switches, please consult the official Owner’s/Operator’s Manual specific to your model or contact an authorized jetski dealer."
332,"""There are two kinds of levers on the jetski, how to manipulate them?""","There are two primary levers on the jetski: the motion-control levers and the throttle lever. Use the motion-control levers to drive forward, reverse, and turn (Figure 4); move them outward to the NEUTRAL-LOCK position when stopping or exiting (Figure 26). The throttle lever (①) is squeezed to increase engine speed and released to decrease speed or return to idle <PIC>. For cold starts, the choke lever adjusts air-fuel mixture — move it in direction ② to engage, and in direction ③ to disengage <PIC>. , [""Manual20_47"", ""Manual20_46""]"
333,"""What information should I obtain about Quick Shift Trim System (QSTS) selector when using my jetski""","When using the Quick Shift Trim System (QSTS) selector on your jetski, obtain the following key information: 1. Location: It is mounted on the left handlebar grip <PIC>. 2. Function: It adjusts the trim angle by changing the vertical position of the jet thrust nozzle. 3. Positions: Five settings — two bow-down (∘∗ and ⊖), one neutral (↰), and two bow-up (© and ⊙). 4. Operation: Reduce engine speed to ≤3,000 r/min, squeeze the shift lock lever (⊙), turn the QSTS selector to desired position, then release the lever to lock <PIC>. 5. Critical caution: Never adjust the QSTS selector at full throttle — risk of system damage. Neutral ('N') is recommended for most conditions; use bow-down or bow-up positions only to enhance specific performance. , [""Manual20_33"", ""Manual20_52""]"
334,"""What do fuel meter and hour meter on my jetski do?""","The fuel meter shows the remaining fuel level in the tank using eight segments; its indication may vary slightly depending on operating conditions. The hour meter records the total hours the engine has run since new, helping you track maintenance intervals. Note: the hour meter retains elapsed time even if the battery is disconnected. If either meter malfunctions, it may display ""_ _"" and/or blink a warning light. <PIC> <PIC> , [""Manual20_58"", ""Manual20_59""]"
344,"""Inspecting fuel filter and fuel tank of my jetski is important. How to do that?""","Inspecting the fuel filter and fuel tank of your Yamaha watercraft requires caution due to fuel flammability and explosion risks. 1. Fuel filter: It is a one-piece, disposable unit located near the engine on the left front of the engine <PIC>. Replace it every 200 hours or 24 months (or after initial 10 hours/1 month), or immediately if water is found. Do not attempt replacement yourself — an incorrectly installed filter may leak gasoline, causing fire or explosion; have a Yamaha dealer perform this service. 2. Fuel tank: Check for leakage or water contamination <PIC>. If water is found in the fuel system or cleaning is needed, contact a Yamaha dealer — do not attempt tank cleaning or internal inspection yourself. Always follow fuel safety precautions: never handle fuel near open flame, while smoking, or when the engine is hot; wipe up spills immediately; ensure the fuel cap is securely closed. , [""Manual23_92"", ""Manual20_82""]"
345,"""How to adjust the adjustable sponson of my jetski if needed?""","To adjust the adjustable sponsons on your jetski: 1. Remove the bolts on both sponsons <PIC>. 2. Reposition both sponsons to the desired setting (e.g., for enhanced straight-line or turning performance). 3. Reinstall and tighten the bolts on both sponsons to the correct torque: 18 N·m (13 ft·lb) <PIC>. Be sure both sponsons are installed to the same level <PIC>. , [""Manual20_82"", ""Manual20_84"", ""Manual20_69""]"
346,"""The intake and impeller of my jetski are dirty. How to clean them?""","To clean the jet intake and impeller: (1) Turn off the engine, remove the main switch key and engine shut-off switch clip, and wait for all movement to stop. (2) Beach the watercraft and turn it onto its port (left) side—place a clean cloth or carpet underneath to protect the hull <PIC>. (3) Open the rear platform hatch (see manual page 63). (4) Ensure the retaining cord is secured to the access port cap and strap eye <PIC>. (5) Hold the handle, push down, and turn the access port cap counterclockwise until the “SET” mark aligns with the slot, then lift the cap. (6) Remove weeds or debris from around the drive shaft, impeller, pump housing, and jet thrust nozzle <PIC>. If debris is difficult to remove, consult your Yamaha dealer. , [""Manual20_84"", ""Manual20_86"", ""Manual20_85""]"
347,"""How to start my jetski in different situations?""","To start your jetski in different situations, follow these official procedures: # Starting from a dock: 1. Board the watercraft from the side. 2. Attach the engine shut-off cord to your left wrist, then install the clip onto the engine shut-off switch. 3. Push the watercraft away from the dock, grip the handlebars with both hands, place both feet on the footwell floor, and press the start switch (green button Ⓐ) to start the engine <PIC>. # Boarding alone (e.g., from water): 1. Swim to the rear, place hands on the boarding platform, pull up and grasp the handgrip. 2. Kneel on the platform, then move to the seat and sit astride. 3. Attach the engine shut-off cord to your left wrist and install the clip. 4. Grip handlebars firmly, place feet in footwell, press the start switch Ⓐ, then check all directions before proceeding <PIC>. # Boarding with a passenger: 1. Operator boards first and attaches shut-off cord. 2. Passenger moves to rear, then boards and sits behind operator — feet on footwell floor and holding on. 3. Operator starts engine, checks surroundings, then accelerates to planing speed <PIC>. ⚠️ Always verify cooling water flow via the cooling water pilot outlet before operation. Never apply throttle until all riders are properly seated and secured. , [""Manual20_48"", ""Manual20_71"", ""Manual20_72""]"
348,"""What are basic steps to board my jetski with a passenger in deep water?""","Basic steps to board your jetski with a passenger in deep water: 1. Swim to the rear of the watercraft and board first as the operator — sit astride the seat, attach the engine shut-off cord to your wrist, and install the clip on the engine shut-off switch. <PIC> 2. Have the passenger move to the rear of the watercraft and pull up onto the boarding platform. <PIC> 3. The passenger should kneel, then crawl onto the seat behind you. <PIC> 4. Ensure the passenger places both feet on the floor of the footwell and holds securely onto you. <PIC> 5. Start the engine at idle, check all directions for obstructions, then accelerate gradually to planing speed. <PIC> WARNING: Never apply throttle until the passenger is fully seated and holding on. Do not operate with more than 2 persons or exceed 160 kg (353 lb) total load. , [""Manual20_71"", ""Manual20_72"", ""Manual20_73"", ""Manual40_13"", ""Manual40_14""]"
349,"""If it is difficult to balance the jetski at a stand still, what should I do?""","If it is difficult to balance the jetski at a standstill, the passenger must steady the watercraft while the operator boards. The operator pulls up onto the platform into a seating position, then balances the watercraft. <PIC> Also, ensure total weight (operator + passenger + cargo) does not exceed 160 kg (353 lb), as heavier loads increase balancing difficulty. Practice in shallow, calm water without starting the engine, using proper boarding technique: grip the handlebars, place feet securely in the footwells, and maintain low center of gravity. <PIC> , [""Manual40_13"", ""Manual40_14""]"
350,"""What is the max load of the jetski?""","The maximum load of the jetski is 160 kg (353 lb), which includes the total weight of the operator, passenger, and all cargo. The watercraft is designed for one operator and one passenger only — never exceed 2 persons or the 160 kg limit."
351,"""What is the overview of the base station of a landline?""","The base station of a landline cordless phone (e.g., XL490/XL495) serves as the central hub for communication and charging. It connects to the telephone line and power supply, registers and communicates with handsets, and enables features such as handset locating and registration mode. Key functions include: • Press to locate registered handsets; • Press and hold to enter registration mode for pairing new handsets <PIC> <PIC>. It also displays signal strength (when ECO+ is off) and supports GAP standard compliance for interoperability with other DECT™ GAP devices. , [""Manual22_18"", ""Manual22_19""]"
352,"""How can you connect the base station of a landline?""","To connect the base station of the landline: 1. Connect one end of the line cord to the telephone socket at the bottom of the base station, and the other end to the wall telephone socket. 2. Connect the power adapter to the DC input jack at the bottom of the base station and plug it into a wall power socket <PIC> <PIC>. Ensure the base station has power supply before use. , [""Manual22_23"", ""Manual22_22""]"
353,"""How can you install the handset of a landline?""","To install the handset of a landline phone: 1. Ensure the base station is properly connected to both the telephone wall socket and power socket. 2. The handset batteries are pre-installed; remove the battery protection tape from the battery door before first use. 3. Place the handset onto the base station — you will hear a docking sound when correctly seated, and charging will begin <PIC>. 4. For multi-handset systems, additional handsets can be auto-registered by placing them on the base station; registration completes in under two minutes. , [""Manual22_23""]"
354,"""How can you check the battery level of a landline?""","To check the battery level of a landline handset: when the handset is on standby, the battery icon on the display screen indicates the current battery level <PIC>. If the battery is low, you will hear warning tones during a call, and the call may disconnect after the warning . , [""Manual12_5""]"
355,"""What can you do if your landline is in searching status?""","If your landline handset is in searching status, do the following: • Make sure that the base station has power supply. • Register the handset to the base station. • Move the handset closer to the base station."
356,"""How can you know about the current status with different LED indicator behavior on a landline?""","You can check the current status via LED indicator behavior on the handset or base station. For the handset: go to [Menu] > [Phone setup] > [LED status] > [Events status] / [Charge status], then press [OK]. For the base station: refer to the LED behavior table provided in the manual. Both tables map specific LED patterns (e.g., solid, flashing, color, interval) to statuses such as charging, incoming call, link loss, or system initialization. <PIC> <PIC> , [""Manual22_10"", ""Manual22_11""]"
357,"""How can you know about the current status with different LED indicator behavior on the base station of a landline?""","The current status of the base station can be determined by its LED indicator behavior, as detailed in the reference table. For specific LED patterns (e.g., solid, flashing, color), please refer to the LED indicator table provided in the user manual. <PIC> , [""drill0_04""]"
358,"""How can you lower the roll bar of a lawn mower?""","To lower the roll bar of the lawn mower: 1. Remove the hairpin cotters and remove the 2 pins (Figure 9). 2. Lower the roll bar to the down position (Figure 8). Note: There are 2 down positions; refer to Figure 8. <PIC> , [""Manual23_40""]"
359,"""How can you adjust the rear-shock assemblies for a lawn mower with suspension system only?""","For lawn mowers with a suspension system only, adjust the rear-shock assemblies by positioning them within the slots—detent positions are provided for reference, but assemblies may be set anywhere in the slot (Figure 13). Ensure the left and right rear-shock assemblies are adjusted to identical positions for balanced performance <PIC>. A softer setting increases rider comfort; a firmer setting improves handling precision <PIC>. , [""Manual23_54"", ""Manual34_180""]"
360,"""How can you adjust the height of cut for a lawn mower with an electric deck lift?""","To adjust the height of cut for a lawn mower with an electric deck lift: 1. Push up on the deck-lift switch (Figure 31) to raise the deck <PIC>. 2. Select a hole in the height-of-cut bracket corresponding to your desired cutting height and insert the height-of-cut pin (Figure 32) <PIC>. , [""Manual23_56"", ""Manual23_57""]"
361,"""How can you load a lawn mower?""","The term 'load a lawn mower' is not standard for riding mowers; it may refer to preparing or setting up the mower for operation. To prepare the mower: 1. Engage the parking brake. 2. Shut off the engine and remove the key. 3. Fill the fuel tank to the bottom of the filler neck <PIC>. 4. Ensure the grass deflector is in the down position and intact. 5. For transport or height adjustment, push the deck-lift pedal fully forward to lock the mower deck in the TRANSPORT position <PIC>. If you meant loading onto a trailer or vehicle, consult your owner’s manual for proper lifting points and securement—never lift by the mower deck or controls. Note: 'Loading' does not apply to fueling or battery installation unless specified for your model. , [""Manual23_0"", ""Manual23_53""]"
362,"""How can you unload a lawn mower?""","To unload a lawn mower safely, first ensure the engine is shut off, the key is removed, and all moving parts have stopped. Allow the machine to cool before handling. If unloading from a vehicle or trailer, use proper lifting techniques and secure the mower with straps or a ramp to prevent tipping. Never place hands or feet under the mower deck during unloading. For models with a transport lock, engage the TRANSPORT position (Figure 29) <PIC> before moving. Always follow manufacturer-specified safety procedures for handling heavy equipment. , [""Manual23_53""]"
363,"""How can you change the engine oil of a lawn mower?""","To change the engine oil of a lawn mower: 1. Start the engine and let it run for 5 minutes to warm the oil. 2. Park the machine on a level surface, disengage the blade-control switch (PTO), and engage the parking brake. 3. Shut off the engine, remove the key, and wait for all moving parts to stop. 4. Drain the oil from the engine (Figure 49) <PIC>. 5. Dispose of used oil at a recycling center. 6. Refill with recommended oil (e.g., 10W-40 or API SE/SF) up to the Full mark (Figure 61) <PIC>. 7. Check the oil level again after starting and driving to a flat area. , [""Manual23_75"", ""Manual23_86""]"
364,"""How can you remove the filters of a lawn mower?""","To remove the filters of a lawn mower: 1. Park the machine on a level surface, disengage the blade-control switch (PTO), and engage the parking brake. 2. Shut off the engine, remove the key, and wait for all moving parts to stop. 3. Release the latches on the air cleaner and pull the air-inlet cover off the air-cleaner body <PIC>. 4. Gently slide the primary filter out of the air-cleaner body <PIC>. 5. Remove the safety (inner) filter only to replace it — do not clean it. If the safety filter is dirty, replace both the safety and primary filters. , [""Manual23_83"", ""Manual23_73""]"
365,"""How can you replace the mower belt of a lawn mower?""","To replace the drive V-belt on your lawn mower: 1. Apply the parking brake. 2. Remove the drive V-belt guard. 3. Rotate the secondary sliding sheave clockwise and push it to separate from the fixed sheave. 4. Pull the old belt up over the secondary fixed sheave. 5. Remove the belt from both the secondary and primary sheaves. 6. Install the new belt over the primary sheave. 7. Again rotate and push the secondary sliding sheave to separate it, then install the belt between the secondary sliding and fixed sheaves. 8. Reinstall the drive V-belt guard. <PIC> , [""Manual34_148""]"
366,"""How can you set up control of a over-the-range microwave?""","The provided reference materials do not include setup or control instructions for an over-the-range microwave — such as control panel operation, clock setting, vent fan configuration, or mounting-related controls. No diagrams, buttons, menus, or step-by-step setup procedures are described in the knowledge base. Please consult the specific product’s user manual or contact customer support for model-specific guidance."
367,"""How can you set the light timer of a over-the-range microwave?""",The provided reference materials do not contain instructions or information on setting the light timer for an over-the-range microwave.
368,"""How can you set yout favorite recipe with a over-the-range microwave?""","The provided reference materials do not include instructions for setting or saving a favorite recipe on an over-the-range microwave — no mention of programmable memory buttons, 'Favorite' functions, touchscreen menus, or recipe storage features is found in any document. This functionality is not covered in the available knowledge base."
369,"""How can you reheat food with a over-the-range microwave?""","To reheat food in an over-the-range microwave: 1. Arrange food in a single layer in a microwave-safe dish; place thicker portions toward the outside for even heating. 2. Cover with a microwave-safe lid, vented plastic wrap, or waxed paper to retain moisture and heat. 3. Use medium power (e.g., 50–70%) for gentle, even reheating—especially for dense or saucy foods. 4. Stir or rotate food halfway through (if applicable) and let it stand 1–3 minutes after heating to finish cooking evenly. 5. Always check internal temperature before serving to ensure food safety. <PIC> , [""Manual24_3""]"
370,"""How can you use auto defrost of a over-the-range microwave?""","To use auto defrost on an over-the-range microwave, refer to the TIME DEFROST CHART <PIC> in your owner's manual. Auto defrost typically requires entering the food type (e.g., meat, poultry, fish) and weight; the microwave then calculates and applies the appropriate time and power level automatically. Ensure food is arranged properly — thicker parts toward the outside of the dish — and let it stand after defrosting to allow even temperature distribution. Note: Defrost times are approximate and intended as guidelines. , [""Manual24_43""]"
371,"""How can you clean the grease filter of a over-the-range microwave?""","To clean the grease filter of an over-the-range microwave: 1. Slide the filter to the side, pull it downward, then push it to the other side to remove it. 2. Wash it in the dishwasher or soak it in hot water with mild detergent; rinse well and shake dry. Do not use ammonia. Note: The aluminum filter may darken. 3. To reinstall, slide it into the side slot, then push up and toward the oven center to lock it in place. <PIC> , [""Manual24_47""]"
372,"""How can you replace the charcoal filter of a over-the-range microwave? ""","To replace the charcoal filter of an over-the-range microwave: 1. Unplug the oven or turn off power at the main power supply. 2. Remove the two vent grill mounting screws (the two middle screws). 3. Tip the grill forward, then lift it out. 4. Remove the old charcoal filter. 5. Slide a new charcoal filter into place — it should rest at the angle shown <PIC>. 6. Slide the bottom of the grill into place, then push the top until it snaps into place. 7. Replace the mounting screws and restore power. Note: The charcoal filter cannot be cleaned and must be replaced every 6 to 12 months if vented indoors. <PIC> <PIC> , [""Manual24_48"", ""Manual24_51"", ""Manual24_52""]"
373,"""How can you replace the oven light of a over-the-range microwave? ""","To replace the oven light in an over-the-range microwave: 1. Unplug the unit or turn off power at the main power supply. 2. Remove the vent cover mounting screws (2 middle screws). 3. Tip the cover forward, then lift out to remove. 4. Remove the bulb holder. 5. Lift up the bulb holder. 6. Replace the bulb with a 30 or 40 watt appliance bulb. 7. Reinstall the bulb holder. 8. Slide the bottom of the vent cover into place, push the top until it snaps in, and replace the mounting screws. 9. Restore power at the main supply. CAUTION: Wear gloves to avoid personal injury."
374,"""How can you set the PCI Express 3.0 x16 slots of a motherboard?""","To set the PCI Express 3.0 x16 slots on this motherboard: 1. Physically install the PCIe x16 card into the appropriate slot (e.g., PCIe 3.0 x16_1, gray-colored slot) following proper installation steps (unplug power, align connector, seat firmly, secure with screw). 2. Enter BIOS Setup during boot. 3. Navigate to settings such as 'PEG Port Configuration' or 'PCIEx16_1/PCIEx16_2 Link Speed' (under Advanced or Chipset sections). 4. Configure the link speed using options: [Auto], [Gen1], [Gen2], or [Gen3] — selecting [Gen3] ensures PCIe 3.0 operation. 5. Save and exit BIOS. Ensure compatible drivers are installed post-boot. <PIC> , [""Manual25_1""]"
375,"""How can you set the jumpers of a motherboard?""","To set the jumpers on this motherboard, refer to the jumper descriptions in Chapter 1.6 'Jumpers' of the user manual. For example: • Clear RTC RAM (2-pin CLRTC): Short pins 1–2 for a few seconds to reset CMOS settings. <PIC> • CPU Over Voltage (3-pin CPU_OV): Insert jumper cap on pins 2–3 for higher CPU voltage; use pins 1–2 for default voltage. Always power off and unplug the system before adjusting jumpers. Detailed jumper locations and functions are illustrated in the motherboard layout diagrams. See the full guide for all jumper configurations. , [""Manual25_1""]"
376,"""How can you set the rear panel connectors of a motherboard?""","The rear panel connectors on a motherboard are pre-mounted and fixed on the I/O shield; they are not user-configurable or set by the end user. They include standard ports such as PS/2 Mouse/Keyboard, DisplayPort, and VGA, as shown in the rear panel connectors diagram <PIC>. During installation, align the motherboard so that these connectors fit precisely through the cutouts in the chassis rear I/O panel. , [""Manual25_6""]"
377,"""How can you set the onboard LED of a motherboard?""","You can configure certain onboard LEDs (e.g., Model Name LED and SupremeFX LED) via BIOS or the LED Control app in Ai Suite 3. In BIOS, navigate to Advanced > Onboard Devices Configuration, then select options such as 'Model Name LED Lighting' or 'SupremeFX LED Lighting'. Available settings include [Disabled], [Still Mode], [Breathing Mode], and [Flowing Mode] <PIC>. Note: The Standby Power LED (SB_PWR) is hardware-controlled and cannot be configured — it lights automatically when standby power is present. <PIC> , [""drill0_04"", ""drill0_05""]"
378,"""How can you update the BIOS file of a motherboard?""","You can update the BIOS file of a motherboard using one of the following methods: 1. **Via USB**: Insert a FAT32/16-formatted USB flash drive containing the latest BIOS file; enter BIOS Setup > Advanced Mode > Tool menu > select EZ Flash 3 Utility <PIC>; press <Tab> to switch to Drive field, select the USB drive, then navigate to the BIOS file and confirm update. 2. **Via Internet**: In EZ Flash 3, select 'by Internet', choose a connection method, and follow onscreen instructions. 3. **Via DOS/BIOS Updater**: Boot into FreeDOS (e.g., via Support DVD or USB), type 'd:' to access USB drive, then run 'bupdater /pc /g' <PIC>; use <Tab> to switch panels, select the BIOS file, and confirm with 'Yes' <PIC>. Always ensure system stability: load optimized defaults before updating, avoid power loss during update, and back up original BIOS if possible. , [""drill0_04"", ""drill0_05"", ""drill0_06""]"
379,"""How can you create RAID of a motherboard?""","To create RAID on the motherboard: 1. Ensure HDDs are connected to Intel SATA 6.0 Gb/s connectors and have no existing RAID volumes. 2. Enter BIOS and set SATA Mode to [RAID] (not default [AHCI]). 3. Press <F11> or click the EZ Tuning Wizard icon to open the wizard. 4. Click RAID → Yes to enable RAID. 5. Select available HDDs, then choose RAID type: Easy Backup (RAID1 or RAID10) or Super Speed (RAID0 or RAID5). Note: RAID10 requires four HDDs. 6. Confirm with Yes, then reboot to complete setup. Refer to the motherboard support DVD manual for full details. <PIC> <PIC> <PIC> , [""drill0_04"", ""drill0_05"", ""drill0_06""]"
380,"""How can you use SATA ODD & USB devices to install an operating system for a motherboard?""","To install an OS (e.g., Windows 7) on a 100-series motherboard using SATA ODD and USB devices: 1. Prepare a SATA ODD with the support DVD, and a USB device (8 GB or more) containing the OS installation files (copied from the OS DVD). 2. Connect the USB device and insert the support DVD into the SATA ODD. 3. Power on the system and press F8 during POST to enter the boot screen <PIC>. 4. Select the USB device as the boot source. 5. The USB 3.0 driver will load automatically during startup; the 'Setup is starting...' screen confirms successful loading <PIC>. 6. Follow onscreen instructions to complete installation. , [""boot_screen_f8"", ""setup_starting_screen""]"
381,"""How can you secure the motherboard to the chassis?""","To secure the motherboard to the chassis, place it in the correct orientation—with the edge containing external ports aligned toward the rear of the chassis <PIC>. Then, insert nine screws into the screw holes indicated by circles on the chassis. Do not over tighten the screws, as this may damage the motherboard. , [""Manual25_6""]"
382,"""How can you prepare the installation of Central Processing Unit (CPU) for a motherboard?""","To prepare for CPU installation on the motherboard: 1. Unplug all power cables before beginning. 2. Verify that the CPU is compatible with the LGA1151 socket — do NOT use CPUs designed for LGA1150/1155/1156 sockets. 3. Ensure the PnP cap is in place on the socket and that socket contacts are undamaged; retain the cap after installation for RMA purposes. 4. Use only the dedicated CPU Installation Tool — hold it firmly by both sides, and avoid bending or damaging it. 5. Confirm correct CPU orientation before seating; the CPU must click firmly into place. <PIC> , [""Manual25_10""]"
383,"""How do you know about system memory of a motherboard?""","You can determine the motherboard's system memory specifications from its documentation and physical design: 1. This motherboard has four 288-pin DDR4 DIMM sockets <PIC>. 2. It supports unbuffered non-ECC DDR4 modules (2 GB, 4 GB, 8 GB, or 16 GB per DIMM) <PIC>. 3. DDR4 modules are physically distinct — do NOT install DDR, DDR2, or DDR3 modules in DDR4 slots <PIC>. 4. Recommended DIMM voltage is below 1.65 V to protect the CPU. 5. For optimal performance and stability, refer to the Qualified Vendors List (QVL) and recommended memory configurations <PIC>. 6. Dual-channel operation is supported; mismatched channel sizes will map the smaller channel for dual-channel mode, with excess capacity running in single-channel mode. , [""mem0_01"", ""mem0_02"", ""mem0_03"", ""mem0_04""]"
384,"""How do you know about Serial port connector (10-1 pin COM) of a motherboard?""","The serial port connector (10-1 pin COM) is an internal header on the motherboard used to connect a serial (COM) port module. It supports standard RS-232 communication and requires a separate COM module, which is installed at a rear I/O slot after connecting its cable to this header. In BIOS, the serial port can be enabled/disabled via 'Serial Port [On/Off]', and its I/O address and IRQ (e.g., IO=3F8h; IRQ=4) can be configured under 'Serial Port Configuration'. <PIC> , [""drill0_04""]"
385,"""How do you know about TPM connector (14-1 pin TPM) for a motherboard?""","The TPM connector (14-1 pin TPM) is an internal motherboard header designed to support a Trusted Platform Module (TPM) system. It securely stores cryptographic keys, digital certificates, passwords, and sensitive data. Additionally, it enhances network security, protects digital identities, and ensures platform integrity. <PIC> , [""drill0_06""]"
386,"""How do you know about Thermal sensor connector (2-pin T_SENSOR) of a motherboard?""","The 2-pin T_SENSOR (Thermal sensor) connector on the motherboard is designed for connecting a thermistor cable to monitor the temperature of critical motherboard components and connected devices. It is one of several supported thermal sources—alongside CPU, Motherboard, VRM, PCH, and EXT_Sensor 1/2/3—that can be selected as the temperature input source for fan control (e.g., in Q-Fan Configuration under BIOS > Advanced > Monitor). The T_Sensor temperature reading is also displayed in the BIOS Monitor menu under 'T_Sensor Temperature' <PIC>. , [""Manual25_1""]"
387,"""How can you set quick release for a multi-use pressure cooker and air fryer?""","To set Quick Release for the multi-use pressure cooker and air fryer: Press the quick release button down until it clicks and locks into the Vent position <PIC>. A jet of steam will eject through the top of the steam release valve — this is normal. Wait until the float valve drops flush with the lid, indicating all pressure has been released, before opening the lid <PIC>. , [""multi-use_pressure_cooker_and_air_fryer_01"", ""Manual30_18""]"
388,"""How can you set pressure cooking lid for a multi-use pressure cooker and air fryer?""","To set the pressure cooking lid for your multi-use pressure cooker and air fryer: 01 Align the symbol on the lid with the symbol on the cooker base rim. 02 Lower the lid onto the track, then turn it clockwise until the symbols align fully <PIC>. Ensure the float valve is properly installed and the silicone cap is in place—these are required for safe pressure sealing <PIC>. Confirm the power and sensor connectors are fully engaged to avoid 'Lid' messages or C9 errors. Note: The pressure cooking lid is used *only* for pressure cooking/steaming; switch to the air fryer lid (with stainless-steel inner pot) for air frying, roasting, etc. <PIC> , [""Manual30_25"", ""Manual30_18"", ""Manual30_20""]"
389,"""How can you set float valve for a multi-use pressure cooker and air fryer?""","To install the float valve on the pressure cooking lid: 1. Drop the narrow end of the float valve into the float valve hole on the top of the lid. 2. Place one finger on the flat top of the float valve, then turn the lid over. 3. Firmly attach the silicone cap to the bottom of the float valve. <PIC> The float valve and silicone cap must be properly installed before use — do not operate the appliance without them. <PIC> , [""Manual30_36"", ""Manual30_37""]"
390,"""What do you know about anti-block shield for a multi-use pressure cooker and air fryer?""","The anti-block shield is a safety component located on the pressure cooking lid of the multi-use pressure cooker and air fryer. It prevents food particles from entering and clogging the steam release pipe, ensuring proper pressure regulation during pressure cooking. It is integral to product safety and must be installed before use — operation without it is not permitted. To install, place it over the prongs on the lid and press down until it snaps into position <PIC>. Always check the anti-block shield (along with the steam release valve, float valve, and sealing ring) for clogs or damage before and after each use. , [""Manual30_35""]"
391,"""How can you set steam release valve for a multi-use pressure cooker and air fryer?""","To set the steam release valve on the multi-use pressure cooker and air fryer: 1. Ensure the steam release valve is clean and unobstructed. 2. Place it onto the steam release pipe and press down firmly — it should sit loosely but remain securely in place when the lid is inverted <PIC>. 3. Never cover, block, or obstruct the valve — doing so poses a safety hazard <PIC>. 4. During pressure release (e.g., Quick Release), steam ejects from the top of the valve — keep hands and face clear <PIC>. , [""Manual30_32"", ""Manual30_15"", ""multi-use_pressure_cooker_and_air_fryer_01""]"
392,"""How can you set anti-block shield for a multi-use pressure cooker and air fryer?""","To install the anti-block shield: Place it over the prongs on the pressure cooking lid and press down firmly until it snaps into position. <PIC> Do not operate the pressure cooker without the anti-block shield installed, as it prevents food particles from blocking the steam release pipe and is essential for safe pressure regulation. , [""Manual30_35""]"
393,"""How can you set silicone cap and float valve for a multi-use pressure cooker and air fryer?""","To install the float valve and silicone cap on the pressure cooking lid: 1. Drop the narrow end of the float valve into the float valve hole on the top of the lid. 2. Turn the lid over and place one finger on the flat top of the float valve. 3. Firmly attach the silicone cap to the bottom side of the float valve. <PIC> Both parts must be properly installed before use — do not operate the appliance without them. <PIC> , [""Manual30_36"", ""Manual30_37""]"
394,"""How can you Install the condensation collector for a multi-use pressure cooker and air fryer?""","To install the condensation collector: Align the grooves on the condensation collector over the tabs on the back of the cooker base and slide it into place. It must be installed before cooking. <PIC> <PIC> , [""Manual30_38"", ""Manual30_39""]"
395,"""How can you install the sealing ring for a multi-use pressure cooker and air fryer?""","To install the sealing ring for the multi-use pressure cooker and air fryer: Place the silicone sealing ring over the circular stainless-steel sealing ring rack and press it firmly into place. Press down evenly to prevent puckering. When correctly installed, the sealing ring sits snugly behind the rack and should not fall out when the lid is turned over. <PIC> , [""Manual30_31""]"
396,"""How can you remove silicone sealing ring for a multi-use pressure cooker and air fryer?""","To remove the silicone sealing ring: Grip the edge of the silicone and pull it out from behind the circular stainless-steel sealing ring rack. <PIC> , [""Manual30_30""]"
397,"""What do you know about sealing ring of a multi-use pressure cooker and air fryer?""","The sealing ring of the Multi-use pressure cooker and air fryer is a silicone component that creates an airtight seal between the pressure cooking lid and the inner pot when closed <PIC>. It must be installed before use, and only one sealing ring should be in the lid at a time <PIC>. Always inspect it for cuts, deformation, or stretching prior to cooking. Authorized replacement rings are required — do not use stretched, damaged, or non-approved sealing rings . Replace every 12–18 months, or sooner if signs of wear appear. Note: Silicone is porous and may absorb odors/flavors; keeping spare rings helps prevent flavor transfer. , [""Manual30_16"", ""Manual30_30""]"
398,"""What do you know about steam release valve of a multi-use pressure cooker and air fryer?""","The steam release valve is a safety-critical component located on the pressure cooking lid. It sits loosely on the steam release pipe and ejects steam from its top during pressure release. It works in conjunction with the quick release button — pressing the button down locks it into the Vent position, causing a jet of steam to eject through the valve. The valve must never be covered or blocked. Before each use, check it — along with the steam release pipe, anti-block shield, and float valve — for clogging. <PIC> , [""Manual30_15""]"
399,"""What do you know about quick release button of a multi-use pressure cooker and air fryer?""","The quick release button controls the steam release valve to safely and quickly vent pressure from the multi-use pressure cooker and air fryer. Press it down until it clicks and locks into the Vent position — this releases steam rapidly, stopping cooking to prevent overcooking (ideal for vegetables and delicate seafood). A jet of steam will eject from the top of the steam release valve, which is normal. Once pressure is fully released, the float valve drops flush with the lid. Do not cover or block the steam release valve, and never force the lid open if the float valve remains raised. <PIC> <PIC> <PIC> , [""Manual30_14"", ""Manual30_15"", ""multi-use_pressure_cooker_and_air_fryer_01""]"
400,"""What can you know about natural release(NRorNPR) of a multi-use pressure cooker and air fryer?""","Natural Release (NR or NPR) is a pressure release method where cooking stops gradually, and the cooker de-pressurizes naturally as the internal temperature drops over time. You must wait until all internal pressure is fully released—indicated by the float valve descending and becoming flush with the lid—before attempting to open the lid. Never force the lid open if the float valve remains raised or if the lid is difficult to turn, as this indicates residual pressure, which can be hazardous. <PIC> , [""Manual30_9""]"
401,"""What is the robot anatomy of the vacuum?""","The robot vacuum's anatomy includes key components such as the CLEAN button and indicator lights (see <PIC>), front caster wheel, side brush, extractors with square/hexagonal plastic pegs, dust bin with sensor ports, and bottom-view structural elements like drive wheels and sensors (see <PIC>). For visual reference of buttons, indicators, and underside layout, refer to the labeled diagrams in the manual. , [""Manual32_2"", ""Manual32_3""]"
402,"""What are the two primary modes available on a vacuum cleaner that can be used to tailor its performance to meet different home cleaning needs?""","The two primary modes available on the vacuum cleaner are: 1) Normal mode for general cleaning, and 2) Spot Cleaning mode for intensive localized cleaning of high-debris areas. (See Figure 1 and Spot Cleaning description in documentation.)"
403,"""What is the proper procedure for emptying the vacuum cleaner's bin?""","To empty the vacuum cleaner's bin: 1. Press the bin release button to remove the bin. <PIC> 2. Open the bin door to empty the bin. <PIC> , [""Manual32_8"", ""Manual32_9""]"
404,"""What is the correct procedure for cleaning the vacuum cleaner filter?""",To clean the vacuum cleaner filter: 3. Remove the filter by grasping the yellow tab (See Figure 6). 4. Shake off debris by tapping the filter against your trash container (See Figure 7). IMPORTANT! The filter door won't close unless the filter is reinserted with the yellow tab facing up.
405,"""What is the proper procedure for cleaning the full bin sensors on a vacuum cleaner?""","The proper procedure for cleaning the full bin sensors on the vacuum cleaner is: 1. Remove and empty the bin. (See Figure 8) 2. Wipe the sensors with a clean, dry cloth. (See Figure 9) Additionally, for thorough cleaning, wipe the inner and outer sensor ports on the bin with a clean, dry cloth. (See Figure 10)"
406,"""What is the correct procedure for cleaning the extractors (brushes or rollers) on a vacuum cleaner?""","To clean the extractors on your vacuum cleaner: 1. Pinch the yellow extractor frame release tabs, lift up the extractor frame, and remove any obstructions. <PIC> 2. Remove the extractors and the yellow extractor caps. Clear hair or debris from underneath the caps and around the metal axles. Reinstall the extractor caps. <PIC> 3. Remove hair and debris from the square and hexagonal plastic pegs on the other side of the extractors. <PIC> 4. Reinstall the extractors, matching the color and shape of the extractor pegs with the corresponding icons on the cleaning head module. <PIC> , [""Manual32_19"", ""Manual32_20"", ""Manual32_21"", ""Manual32_22""]"
407,"""What is the proper procedure for cleaning the sensors and charging contacts on a vacuum cleaner?""","To clean the sensors and charging contacts on the vacuum cleaner: 1. Wipe the sensors with a clean, dry cloth. Do not spray cleaning solution directly onto the sensors or sensor openings. <PIC> 2. Wipe the charging contacts on the robot vacuum and the Home Base with a clean, dry cloth. <PIC> , [""Manual32_17"", ""Manual32_18""]"
408,"""What is the correct procedure for positioning the home base of a vacuum cleaner?""","To position the Home Base correctly for your vacuum: Place it in an open, uncluttered area with at least 4 feet of clear space in front and 1.5 feet on each side. Keep it at least 8 feet away from virtual wall barriers and 4 feet away from stairs. Ensure the Home Base is against a wall, with its charging contacts facing outward and unobstructed, and that the vacuum has consistent Wi-Fi coverage in that location. <PIC> , [""Manual32_4""]"
409,"""What is the proper procedure for cleaning the front caster wheel of a vacuum cleaner?""","The proper procedure for cleaning the front caster wheel of the vacuum cleaner is as follows: 1. Pull firmly on the front wheel to remove it. (See Figure 11) 2. Remove any debris from inside the wheel cavity. 3. Spin the wheel by hand. If rotation is restricted, remove the wheel from its housing and push firmly to remove the axle and clear any debris or hair wrapped around it. 4. Reinstall all parts when finished. Make sure the wheel clicks back into place. <PIC> , [""Manual32_15""]"
410,"""What is the correct procedure for cleaning the side brush of a vacuum cleaner?""","To clean the side brush of the vacuum cleaner: 1. Use a coin or small screwdriver to remove the screw securing the side brush. (See Figure 12) <PIC> 2. Remove the brush, clean both the brush and the brush post, then reinstall the brush. , [""Manual32_16""]"
411,"""What is the function of the dual-mode virtual wall barrier on a vacuum cleaner?""","The dual-mode virtual wall barrier has two functions: 1) Halo Mode (switch 'down'): creates an invisible protective zone (~24 inches radius) to prevent the vacuum from entering sensitive areas or bumping into objects like pet bowls or vases. 2) Virtual Wall Mode (switch 'up'): emits an invisible, cone-shaped barrier that blocks openings up to 10 feet wide, keeping the vacuum out of undesired spaces. <PIC> <PIC> , [""Manual32_5"", ""Manual32_6""]"
412,"""What are the troubleshooting steps if the vacuum indicates a problem?""","If the vacuum indicates a problem, it will emit a two-tone distress sound followed by a spoken message, and the troubleshooting indicator will blink. First, check the app or online resources for detailed support and videos. For some errors, rebooting may resolve the issue: press and hold CLEAN for 10 seconds until all indicators illuminate, then release — you’ll hear an audible tone confirming a successful reboot. <PIC> , [""drill0_04""]"
413,"""What are the detailed instructions for T-rail mounting of a camera or equipment?""","To mount your camera on a drop ceiling T-rail: 1. Use the dashed lines on the mount plate template to set proper clip spacing. 2. Tighten the set screws on the T-rail clips using a 5/64"" (2 mm) hex key. 3. Attach the mount plate to the T-rail clips using the holes marked with ""G"". 4. Rotate and snap the T-rail clips onto the T-rail—black foam pads should compress slightly after installation. Standard 6-32 x 4 mm T-rail screws are included. <PIC> <PIC> <PIC> <PIC> <PIC> , [""Manual33_9"", ""Manual33_10"", ""Manual33_11"", ""Manual33_12"", ""Manual33_13""]"
414,"""What are the steps to power the camera?""","To power the camera: 1. Ensure the battery is installed correctly (align the yellow line on the battery with the camera's mark) <PIC>. 2. Close the battery cover. 3. Turn the lens ring clockwise to the ON position — this powers on the camera and displays the shooting screen. Alternatively, if the camera supports it, you may press the shutter button to wake it from auto power-off. Note: The camera must be turned on using the lens ring power switch to operate; simply inserting a charged battery does not automatically power it on. , [""Manual29_13""]"
415,"""What is the proper way to use the brake lever and brake button?""","To use the brake lever and parking brake button properly: 1. To stop the machine, squeeze the brake lever <PIC>. 2. To engage the parking brake: squeeze the brake lever, push down the parking brake button <PIC>, then release the brake lever to lock it in place. 3. To release the parking brake: simply squeeze the brake lever again. Always apply the parking brake before starting the engine or leaving the machine unattended. , [""Manual34_22"", ""Manual34_13""]"
416,"""What are the essential preparation checks to perform before using a snowmobile?""","Before using a snowmobile, perform the pre-operation checks listed in the owner's manual (pages 8–1 to 8–3) <PIC>. Key preparation steps include: ensuring the drive select lever is in the correct position (Drive, Reverse, or Low) before moving <PIC>; confirming the vehicle is at a full stop and throttle is fully released before shifting; setting the parking brake before starting; and verifying proper protective clothing (helmet, face shield/goggles, snowmobile suit, boots, gloves) is worn. Also, inspect for obstacles, ride only on established trails initially, and never operate indoors without adequate ventilation. , [""Manual34_116"", ""snowmobile_01""]"
417,"""What are the detailed steps to start the engine of a snowmobile?""","To start the engine of your snowmobile: 1. Ensure the parking brake is set. 2. Verify throttle, brake, and steering are operating properly. 3. Refer to pages 7–1 to 7–2 of the Owner's Manual for model-specific starting instructions. 4. Do not crank the main switch key for more than 5 seconds; if the engine does not start, wait 15 seconds before retrying. <PIC> , [""Manual34_116""]"
418,"""What is a V-BeltHolder?""","A V-Belt Holder is a designated component designed to securely store a spare V-belt for emergency use. As noted in the manual: 'Keep a spare V-belt for emergency use by putting it into the holder provided.' It is critical to tighten the securing bolt when installing the V-belt in the holder and ensure the fuel hose is not pinched or displaced. <PIC> , [""Manual34_25""]"
419,"""What are the steps to adjust the throttle cable on a snowmobile?""","To adjust the throttle cable on a snowmobile: 1. Loosen the adjuster lock nut. 2. Turn the adjuster in or out until proper throttle lever free play is achieved. 3. Tighten the locknut. CAUTION: Be sure the engine idle speed is adjusted first. <PIC> <PIC> , [""Manual34_138"", ""Manual34_139""]"
420,"""What is the proper way to use the steering system on a snowmobile?""","The proper way to use the steering system on a snowmobile is to turn the handlebars in the direction you wish to travel, while leaning your upper body into the turn and shifting your weight onto the inside running board <PIC>. Always approach curves at reduced speed, apply throttle smoothly during turns (avoid sudden changes), and practice these techniques at slow speeds in a safe, open area first. Steering effectiveness depends on traction—exercise extra caution on ice, hard-packed snow, or slopes, where steering response is reduced. Never steer abruptly or rely solely on handlebar input without proper body positioning. , [""Manual34_116""]"
421,"""What are the correct steps to turn using a snowmobile?""","To turn correctly on a snowmobile: 1. Slow down before entering the curve. 2. Turn the handlebars gently in the desired direction. 3. Shift your weight onto the inside running board and lean your upper body into the turn. 4. Lean more for sharper turns or higher speeds. 5. Practice this technique at slow speed in a large, flat, obstacle-free area first. <PIC> , [""Manual34_116""]"
422,"""What are the proper techniques for riding uphill on a snowmobile?""","Proper techniques for riding uphill on a snowmobile include: 1. Practice first on gentle slopes before attempting steeper climbs. 2. Accelerate before starting the climb, then reduce throttle opening to prevent track slippage. 3. Keep your weight forward — lean forward while seated, and on steeper inclines, stand on the running boards and lean forward over the handlebars. 4. Slow down as you approach the crest to react safely to obstacles, drops, or other traffic. 5. If unable to continue, avoid spinning the track. <PIC> , [""Manual34_117""]"
423,"""What are the proper techniques for riding downhill on a snowmobile?""","When riding downhill on a snowmobile: 1. Keep speed to a minimum. 2. Apply just enough throttle to keep the clutch engaged—this allows engine compression to assist in slowing the machine and prevents free rolling. 3. Apply the brake frequently with light pressure. 4. Always stop the engine and set the parking brake before repositioning the snowmobile to point downhill; restart the engine and release the brake only after it is properly oriented. <PIC> , [""Manual34_117""]"
424,"""What are the correct techniques for crossing a slope on a snowmobile?""","Correct techniques for crossing a slope (side hill) on a snowmobile include: 1. Lean your body weight toward the uphill side to maintain balance. 2. Adopt a recommended riding position: kneel with your downhill knee on the seat and your uphill foot on the running board — this allows easier weight shifting. 3. Be prepared for sideways slipping on slippery snow or ice; if sliding occurs, steer in the direction of the slide (if unobstructed), then gradually correct course. 4. If tipping begins, steer downhill to regain balance. 5. If balance cannot be maintained, dismount immediately on the uphill side. <PIC> , [""Manual34_129""]"
425,"""What are the steps to inspect the spark plug on a snowmobile?""","To inspect the spark plug on a snowmobile: 1. Park the machine on a level surface, disengage the PTO, and engage the parking brake. 2. Shut off the engine, remove the key, and wait for all moving parts to stop. 3. Allow the engine to cool down. 4. Clean the area around the spark plug base to prevent debris from entering the cylinder. 5. Locate and remove the spark plug(s) as shown in Figure 52 <PIC>. 6. Examine the insulator color: light tan or gray indicates normal operation; black coating may indicate a dirty air cleaner; very white porcelain may suggest an air leak or carburetion issue — consult your dealer for diagnosis. Do not clean the spark plug — replace it if it shows black coating, oily film, worn electrodes, or cracks. Verify the air gap is 0.75–0.76 mm (0.030 inch) before reinstalling. Service interval: every 100 hours for most engines; refer to your specific model’s manual. , [""Manual23_78""]"
426,"""What are the steps to clean a snowmobile?""","The provided reference materials do not include specific steps for cleaning a snowmobile. They mention cleaning only in the context of post-transportation: 'Be sure to clean the machine when you get to your destination to remove any corrosive salts' (Reference 3), and advise against operating on non-snow/ice surfaces to avoid damage that would complicate cleaning (Reference 1, Reference 4). No detailed cleaning procedure — such as rinsing, drying, lubricating, or cleaning specific components like the track, heat exchangers, or carburetor — is described in the available documentation."
427,"""What are the best methods for memorizing communication channels using a manual program?""","To memorize communication channels using a MANUAL PROGRAM on this TV: 1. Press the MENU button and navigate using △/▽ until the menu appears <PIC>. 2. Press ▶ and use △/▽ to select 'Manual' <PIC>. 3. Press ▶ and use △/▽ to select 'Channel' <PIC>. 4. Use △/▽ or NUMBER buttons to select the desired channel number <PIC>. 5. Press the MEMORY/ERASE button (or ENTER button, depending on model) to confirm 'Memory' . , [""Manual35_8"", ""Manual35_9"", ""Manual35_7"", ""Manual35_20""]"
428,"""What are the common causes and conditions that can lead to poor reception in television or radio signals?""","Common causes and conditions that can lead to poor television or radio signal reception include: 1. Weak signal due to location in a fringe or distant area from the broadcast source <PIC>; 2. Signal reflection causing 'ghosts' — when the signal splits and travels via direct and reflected paths (e.g., off buildings or hills) <PIC>; 3. Interference from external sources such as automobile ignition systems, neon lamps, electrical drills, aircraft, or other electronic equipment <PIC>; 4. Degraded antenna components — severely weathered antennas or cables reduce signal quality <PIC>; 5. Improper antenna orientation or placement — reorienting or relocating the antenna may improve reception. , [""Manual35_31"", ""Manual35_32"", ""Manual35_34"", ""Manual35_36""]"
429,"""What are the steps to enable and customize captions and on-screen text settings on a television?""","To enable and customize captions and on-screen text settings on this television: 1. Press the CAPTION button on the remote control. 2. Press the CAPTION button repeatedly to cycle through options: OFF, Mode1, Mode2, Text1, or Text2. 3. Press the ENTER (○) button to confirm and exit. Note: Caption availability depends on broadcast signal; not all programs or channels support captions or text services. Mode1 typically displays standard captions, while Mode2 may show alternate caption streams or program information. <PIC> , [""Manual35_34""]"
430,"""What are the steps to properly connect and set up an outdoor antenna for optimal signal reception?""","To properly connect and set up an outdoor antenna for optimal signal reception: 1. Inspect the antenna and cable for weather damage—severely weathered components can reduce signal quality. 2. Choose an elevated, unobstructed location; reorient or relocate the antenna if ghosts (double images) or snow (noise/dots) appear—ghosts are often caused by signal reflections, while snow suggests weak signal in fringe areas. 3. Connect using one of two standard methods: • For a 300 ohm flat wire: attach it to the screws on a 300 ohm to 75 ohm adapter, then push the adapter into the TV’s 75 ohm antenna jack <PIC>. • For a 75 ohm coaxial cable: connect it directly to the 75 ohm antenna jack . 4. After connection, run AUTO PROGRAM to memorize channels. Note: Always refer servicing to qualified personnel—do not open the TV. , [""Manual35_36""]"
431,"""What are the steps to properly connect a DVD player to a television or audio system for optimal performance?""","To properly connect a DVD player to a television or audio system for optimal performance: 1. **Video Connection**: - For component video (480i), connect the DVD player's Y, PB, PR outputs to the TV's corresponding COMPONENT input ports. <PIC> - Alternatively, for S-VIDEO, connect the DVD player's S-VIDEO output to the TV's S-VIDEO input jack. - For composite video, use the yellow RCA cable from DVD VIDEO OUT to TV VIDEO IN. 2. **Audio Connection**: - Connect the DVD player's AUDIO L/R outputs to the TV's AUDIO IN (L/R) ports — or to the LINE IN (light blue) port on an audio system. <PIC> - If using a surround sound system, connect the DVD player’s digital audio output (optical/coaxial) to the receiver’s corresponding input for multi-channel playback. 3. **Input Selection**: - Turn on both devices. - Press the TV/VIDEO button on the remote or front panel to select the correct input mode (e.g., COMPONENT, VIDEO1, S-VIDEO, or LINE IN). Note: This TV remembers the last selected input mode, even after power-off. , [""Manual35_40"", ""television0_02""]"
432,"""What are the key factors to check when troubleshooting technical issues or malfunctions?""","When troubleshooting technical issues or malfunctions, key factors to check include: 1. Power source integrity (e.g., battery type, proper installation, charge level, and compartment cover closure); 2. Physical connections and environmental conditions (e.g., secure connectors, absence of dust/humidity/temperature extremes, stable placement); 3. Warning indicators or error displays (e.g., 'Check Engine', 'Low Oil Pressure', or blinking '_ _' on speedometer); 4. Symptom-specific causes referenced in the Troubleshooting chart or checklist (e.g., worn components, incorrect settings, or faulty sensors); 5. Compliance with operational limits and safety notices (e.g., engine speed restrictions, ECM data for diagnosis). Always consult the relevant manual section or contact a qualified technician if the cause is unclear or repair procedures are not provided. <PIC> , [""Manual10_235""]"
433,"""What safety precautions should be followed to ensure safe operation during this process?""","When using electrical appliances, basic safety precautions should always be followed, including: • Read all instructions before use. • Do not use outdoors. • Do not let cord hang over edge of table or counter, or touch hot surfaces. • Use only for intended purpose (e.g., preparing beverages, brushing teeth, or operating as specified). • Operate only in indoor, non-extreme temperature conditions. • Keep children away from the appliance during operation. • Ensure hearing protection is worn if applicable <PIC>. • For machinery: keep feet away from blades when starting; maintain safe distance from hazards (twice machine width); avoid slopes >15° unless using walk-behind equipment <PIC>; always wear seat belt with ROPS engaged <PIC>. , [""Manual12_13"", ""Manual23_40"", ""Manual23_41""]"
434,"""How do you adjust the intensity settings on an electric toothbrush to suit your oral care needs?""","To adjust the intensity settings on your electric toothbrush: Press the intensity indicator lights on the handle to cycle through the three options — High (three lights), Medium (two lights), or Low (one light). You can change the setting before, during, or after brushing. <PIC> Alternatively, customize intensity via the app under 'Customize your toothbrush settings'. <PIC> , [""drill0_04"", ""drill0_05""]"
435,"""What are the steps to activate and deactivate the various features on an electric toothbrush for customized usage?""","To activate or deactivate features on your electric toothbrush: - **From the handle**: Place the handle on the charging stand, then press and hold the power button for the required duration (see <PIC> for visual guidance). - **From the app**: Connect your toothbrush to the app (see 'App - Getting Started'), then navigate to settings to enable or disable: Adaptive Intensity and Scrubbing Feedback. The following features are pre-configured: • Pressure Sensor Feedback — activated by default; deactivation instructions are in 'Activating or deactivating features'. • Brush head replacement reminder — activated by default; deactivation instructions are in 'Activating or deactivating features'. • Scrubbing Feedback — deactivated by default; activation instructions are in 'Activating or deactivating features'. Note: Adaptive Intensity is automatically deactivated when the Pressure Sensor is turned off. , [""drill0_04""]"
436,"""What are the steps to charge an electric toothbrush when it is inside a travel case, and how do you ensure it charges properly?""","To charge your electric toothbrush inside the travel case: 1. Plug the USB cord into the travel case and into the USB wall adapter. <PIC> 2. Plug the wall adapter into an electrical outlet. 3. Place the toothbrush into the travel case. <PIC> a. Charging starts successfully when the toothbrush beeps twice and lights illuminate in an upward motion. b. While charging, the battery indicator blinks in white. <PIC> 4. Leave the travel case plugged in until fully charged — the battery light will stop blinking and turn off when charging is complete. Note: It may take up to 16 hours to fully charge. Also, ensure the travel case is placed on its side for better stability. <PIC> , [""drill0_04"", ""drill0_05"", ""drill0_06"", ""drill0_07""]"
