id,question,ret
1,"""请问你们家的商品支持7天无理由退换货吗？"",
""需要自己承担运费吗？""",您好，感谢您的咨询！我们支持7天无理由退换货服务（自签收次日起计算，需保持商品完好、包装齐全、配件及赠品齐全、未激活使用）。退换货产生的运费由客户先行垫付，商品经售后确认符合无理由退换条件后，我们将通过原支付路径退还您实际支付的退货运费（上限为15元/单）。请您在寄回前通过【我的订单—申请售后】提交退换货申请，获取专属退货地址和物流单号，以便我们优先处理。如有其他疑问，欢迎随时联系我们～
2,"""我想咨询一下，你们的售后维修服务范围是什么？"",
""如果是人为损坏的，能维修吗？维修费用怎么算？""",您好，感谢您的咨询！我们的售后维修服务覆盖全国大部分地区，支持上门检测、寄修及授权服务网点维修等多种方式。对于人为损坏（如摔落、进水、自行拆机等）的情况，我们仍可提供有偿维修服务，具体费用需由工程师检测后出具报价单，费用包含检测费、配件费及人工服务费，明码标价，确认报价后才会进行维修。请您保留好原始购机凭证（电子发票/订单截图）及产品序列号，以便快速为您建档处理。如需安排维修，您可随时通过APP在线提交服务申请，或拨打400客服热线，我们将为您就近安排服务资源。
3,"""请问你们的商品能开发票吗？发票类型是什么？"",
""多久能收到呢？""",您好，感谢您的咨询！关于发票问题：我们支持为订单开具正规增值税普通发票（电子发票），如您需要，请在下单时于“订单备注”中注明开票信息（包括发票抬头、税号等），或在订单完成后联系客服为您补开。电子发票将在申请后1-3个工作日内发送至您预留的邮箱。关于收货时效：一般情况下，订单支付成功后24小时内发货，物流配送时效视地区而定——大部分城市2-5个工作日送达，乡镇及偏远地区可能需5-7个工作日。如有加急需求或物流异常，欢迎随时联系我们协助跟进。
4,"""我收到商品后，发现包装破损了，怎么办？"",
""影响商品退换货吗？""",您好，非常抱歉给您带来不便！包装破损属于物流环节问题，但请您先不要担心，这通常不影响商品本身的退换货权益。请您在签收时第一时间拍照留存外包装破损及内物情况（包括快递单号、破损部位、商品完好状态等），并尽快联系我们的在线客服或拨打售后热线反馈。我们会为您优先核实物流责任，并根据实际情况为您安排补发、换新或退货退款服务。只要商品本身未因破损导致功能异常或配件缺失，均符合正常退换货政策。感谢您的理解与支持！
6,"""我想了解一下你们的退款政策，退款多久能到账？"",
""信用卡会原路返回吗？""",您好，感谢您的咨询！关于退款政策及到账时效，我们说明如下： 1. 退款政策：商品未签收或签收后7天内（保持商品完好、配件齐全、包装完整），支持无理由退货退款；如因商品质量问题或发错货，我们承担退货运费并优先处理。 2. 到账时效：审核通过后，退款将在1-5个工作日内原路退回。具体时效取决于银行或支付平台处理速度，信用卡/储蓄卡通常为3-5个工作日，微信/支付宝一般1-3个工作日。 3. 信用卡退款：是的，将严格按原支付路径退回至您的信用卡账户，不会转至其他账户或形式。 请您在申请退款时确保订单已提交退货物流信息，并保留快递单号以便我们及时跟进。如您已发起退款，可随时提供订单号，我帮您实时查询进度。
7,"""我收到的商品和图片不一样，颜色偏差很大，我要投诉！""",您好，非常抱歉给您带来了不愉快的购物体验！关于您反馈的商品实物与页面图片颜色存在明显偏差的问题，我们高度重视。请您先提供以下信息以便我们尽快为您核实处理：1. 订单号；2. 商品实拍照片（请包含整体外观、标签及包装）；3. 页面截图（含当时浏览的颜色描述及主图）。我们将在24小时内完成核查，如确认为我方责任，将为您安排免费退换货或协商补偿方案。退款/补发将在审核通过后1-3个工作日内完成。感谢您的理解与支持！
8,"""你们的商品存在虚假宣传，宣传的功能和实际不一样，我要投诉！""",您好，非常抱歉给您带来了不愉快的购物体验。关于您反馈的虚假宣传问题，我们高度重视，将立即为您核实处理。请您提供以下信息以便我们高效跟进：1. 订单号；2. 涉事商品名称及型号；3. 具体宣传内容（如页面截图、广告链接等）；4. 实际与宣传不符的具体功能或描述。我们将在24小时内完成初步核查，并在3个工作日内向您反馈处理结果。如确属我方责任，我们将按《消费者权益保护法》为您提供退换货、补偿或全额退款等解决方案。感谢您的监督与信任，我们将持续优化产品与服务。
9,"""我收到的商品少了一件，联系客服说会补发，但是过了一周还没补发！""",您好，非常抱歉给您带来了不便！关于您反馈的补发延迟问题，我们已为您加急核查：通常补发订单会在客服确认后3个工作日内发出，物流时效为2-5个工作日。若您已过一周仍未收到，可能是物流信息未及时更新或补发尚未发出。请您提供下单手机号及订单号，我们将立即为您：1）核实补发物流单号；2）如尚未发出，今日内安排发出并同步快递单号；3）如已发出但物流异常，将为您优先跟进并补偿相应权益。感谢您的理解与支持！
10,"""你们的售后维修服务太差了，我送修的商品，过了半个月还没修好！""",您好，非常抱歉给您带来了不愉快的维修体验！我们高度重视您的反馈。正常情况下，售后维修周期为7-10个工作日（不含物流往返时间），如遇配件缺货、技术检测复杂等特殊情况，我们会主动与您联系说明。请您提供订单号或维修单号，我们将立即为您加急核查进度，并同步最新处理结果。同时，您可随时通过【我的订单—售后服务】查看实时维修状态。再次为我们的服务延误向您诚挚致歉，感谢您的理解与支持！
11,"""你们的商品保质期有问题，我收到的商品还有1个月就过期了！""",您好，非常抱歉给您带来了不愉快的购物体验！关于商品临近保质期的问题，我们高度重视。请您放心，我们会立即为您处理：1. 请提供订单号及商品实物照片（含外包装保质期信息），以便我们核实情况；2. 核实无误后，我们将为您安排免费补发全新批次商品，或按您意愿办理退货退款；3. 退换货产生的运费由我们承担；4. 处理时效为收到凭证后24小时内响应，48小时内完成物流下单。感谢您的理解与支持，如有其他需求，欢迎随时联系我们！
12,"""你们的快递员态度特别差，送货时还辱骂我，我要投诉！""",您好，非常抱歉给您带来了不愉快的购物体验，我们高度重视您的反馈。针对快递员服务态度问题，我们已立即启动投诉处理流程：1. 请您提供订单号、快递单号及发生时间、地点等基本信息；2. 如有录音、视频或目击证人等证据，也欢迎一并提供，将有助于我们快速核实；3. 我们承诺在24小时内由专人联系您跟进，并于3个工作日内向您反馈调查结果及处理方案。再次为我们的服务疏失向您诚挚致歉，感谢您的监督与支持！
13,"""你们的商品存在质量问题，我使用了一次就坏了，联系客服没人管！""",您好，非常抱歉给您带来了不愉快的购物体验！关于您反馈的商品质量问题，我们高度重视，并会全力为您处理： 1. 请您提供订单号及商品照片（含外观、故障现象、序列号等），以便我们快速核实； 2. 若确认为产品质量问题，我们将为您安排免费换货或全额退款，运费由我们承担； 3. 我们的售后专员将在24小时内主动联系您跟进处理进度； 4. 如您此前未收到及时响应，可能是消息被遗漏，我们已同步升级内部响应机制，确保后续沟通更顺畅。 感谢您的理解与支持，如有其他需求，请随时告知，我们将竭诚为您服务！
14,"""我收到的商品被拆封过，里面还有污渍，明显是二手商品，我要投诉！""",您好，非常抱歉给您带来了不愉快的购物体验！对于您反馈的商品存在拆封及污渍问题，我们高度重视。请您先保留商品原包装、实物及外箱，并尽快拍摄以下凭证：1. 商品整体及污渍部位清晰照片；2. 外包装完整状态（含快递面单）；3. 开箱过程视频（如有）。我们将为您优先安排专人核实处理，一般1个工作日内完成审核，并根据核实结果为您提供换货或全额退款服务。如需加急处理，您也可提供订单号，我将立即为您升级跟进。感谢您的理解与支持！
15,"""你们的商品宣传是正品，但是我收到后验证是假货，我要投诉！""",您好，非常抱歉给您带来了不愉快的购物体验！我们高度重视您反馈的正品验证问题。请您先保留好商品原包装、防伪标签及购买凭证（如订单截图、支付记录等），并尽快通过【我的订单—对应订单—申请售后】上传清晰的商品实物图、防伪验证结果截图及问题说明。我们的客诉专员将在24小时内联系您核实情况，并为您优先加急处理。如经确认确为非正品，我们将按国家三包规定为您办理全额退款+十倍赔偿，并同步启动内部追责流程。感谢您的监督与信任，我们将持续提升品控与服务品质！
16,"""我收到商品后，发现商品有轻微划痕，不影响使用，能申请换货吗？""",您好，感谢您的反馈！对于商品存在轻微划痕的情况，我们非常重视。虽然不影响正常使用，但如您希望换货，我们可为您安排免费换新服务。请您提供清晰的划痕部位照片（建议自然光下拍摄）作为凭证，并确认商品未拆封配件、包装完好、附件齐全。审核通过后，我们将24小时内为您发出新商品，预计3-5个工作日送达。您也可选择申请部分补偿，由客服为您登记处理。如有其他需求，欢迎随时联系我们～
17,"""我想换货，但是原来的商品包装盒丢了，还能换吗？"",
""需要我额外支付包装费吗？""",您好，感谢您的咨询！关于换货问题，即使原包装盒丢失，我们仍可为您办理换货服务。请您提供订单号及商品问题说明（如质量问题、发错货等），并尽量保留商品本体、配件及原始标签。我们不收取任何包装费或额外手续费。换货审核通过后，我们将安排快递上门取件（或您自行寄回），新商品将在收到退回商品后1-3个工作日内发出。如有其他疑问，欢迎随时联系我们哦～
18,"""我想退货，但是已经超过7天无理由退换货期限了，还能退吗？""",您好，感谢您的反馈。虽然已超过7天无理由退换货期限，但如商品存在质量问题、发错货、少件、破损等非人为原因导致的问题，我们仍可为您安排售后处理。请您提供订单号及问题商品的照片（如外观异常、故障现象等），我们将优先核实并为您协调退换或维修服务。若因特殊原因（如疫情、物流延误等）影响使用，也可备注说明，我们会酌情协助。请您放心，我们的售后保障始终以用户权益为先。
19,"""请问你们的商品能提供纸质版说明书吗？"",
""电子版在哪里可以找到？""",您好，感谢您的咨询！关于说明书：1. 纸质版说明书：我们默认随商品一同配送，如您收到商品时未附带，可能是物流途中遗漏，烦请提供订单号，我们将立即为您补寄纸质说明书（免邮）；2. 电子版说明书：您可登录【我的订单】→ 找到对应商品 → 点击“查看详情”→ 下方“服务与支持”栏目中下载PDF版说明书，也可通过微信公众号【XX家电服务】→ 菜单栏【自助服务】→ 【说明书查询】输入商品型号一键获取。如仍无法找到，欢迎随时联系我们为您发送专属链接。
20,"""请问你们家的商品能寄到国外吗？"",
""运费怎么算？大概需要多久能到？""",您好，目前我们店铺暂不支持直邮海外，仅限中国大陆地区（含港澳台）配送。如您有海外收货需求，建议通过国内代收转运服务进行中转。关于运费：订单满99元全国包邮（港澳台除外），未满则根据实际重量和目的地收取8-25元基础运费。配送时效方面：一般地区2-5个工作日送达，偏远地区（如新疆、西藏、青海等）约5-10个工作日，港澳台地区约7-12个工作日。如有其他疑问，欢迎随时联系我们，我们将竭诚为您服务！
21,"""我购买的商品，想开发票抬头为公司，需要注意什么？"",
""抬头写错了，能重新开具吗？""",您好，关于开发票的问题，为您说明如下： 1. 开具公司抬头发票时，请在下单时或订单确认页准确填写完整的公司全称、纳税人识别号（税号）、地址电话、开户行及账号等信息，缺一不可，否则将影响发票合规性和报销使用。 2. 若发票抬头已开具但信息有误（如公司名称错字、税号错误等），您可申请作废原发票并重新开具。请提供订单号、原发票信息及更正后的完整开票资料，我们将在收到申请后1-3个工作日内为您处理。 温馨提示：电子发票一旦下载或发送至邮箱，即视为已交付，为保障财税合规，重开前需先作废原票；纸质发票需退回原件后方可重开。如有其他需求，欢迎随时联系我们。
22,"""我收到商品后，发现商品有瑕疵，但是已经使用过了，能售后吗？"",
""换货还是只能维修？""",您好，感谢您的反馈。即使商品已使用过，只要在售后有效期内（通常为签收后7-15天，具体以商品页面或订单详情页标注为准），且瑕疵属于产品质量问题（如制造缺陷、非人为损坏等），我们仍可为您安排售后处理。关于换货或维修：优先为您安排换货；若同款商品缺货或您同意，也可选择维修服务。请您提供清晰的瑕疵部位照片及订单号，我们将尽快为您审核并安排后续处理。温馨提示：请保留好原始包装及配件，以便顺利换货。如有其他疑问，欢迎随时联系我们。
23,"""我想取消订单，但是订单已经付款了，能全额退款吗？""",您好，订单已付款的情况下，只要商品尚未发货，我们可为您全额退款；若商品已发货，需待您拒收包裹或退货签收后，我们将在1-3个工作日内为您原路退回全部款项。请您提供订单号，我们将立即为您核实当前订单状态并协助处理。如需取消，请尽量在发货前联系客服，以便更快完成退款哦～
24,"""请问你们的商品有售后保障卡吗？"",
""卡丢了，还能享受售后服务吗？""",您好，感谢您的咨询！关于售后保障卡：1. 我们所有正规渠道购买的商品均随箱附赠纸质售后保障卡（含产品型号、序列号及保修期限等信息）；2. 即使保障卡遗失，您仍可享受售后服务——只需提供有效购机凭证（如订单截图、电子发票、支付记录等），我们即可为您核实保修状态并安排服务；3. 建议您尽快通过【我的订单】中下载电子发票或截图保存订单详情，以便后续快速办理。如有需要，我也可以帮您查询当前订单的保修有效期哦～
25,"""请问你们家支持以旧换新服务吗？""",您好，感谢您的咨询！目前我们支持以旧换新服务，具体政策如下： 1. 适用范围：部分指定型号的大家电（如空调、冰箱、洗衣机、电视等）及小家电（如空气净化器、吸尘器等）可参与； 2. 旧机要求：需为功能基本正常、外观无严重破损、能通电开机的整机（不含配件缺失严重的机器）； 3. 折抵方式：由专业评估师线上初审+上门复核后，按机型、成色、使用年限给出折旧金额，直接抵扣新机货款； 4. 操作流程：下单时选择‘以旧换新’→提交旧机信息并上传清晰照片→预约上门评估→确认折抵价→完成新机下单与旧机回收。 温馨提示：活动可能因地区或机型有所调整，建议下单前联系在线客服为您实时查询 eligibility 及最新补贴额度。如需协助，我可立即为您转接专属顾问哦～
26,"""请问你们的智能客服能解答哪些问题？"",
""智能客服解答不了的问题，怎么办？""",您好，我们的智能客服可以为您解答常见问题，包括：订单查询、物流跟踪、退换货政策、发票开具、保修范围、安装与使用基础指导、售后联系方式等。若遇到智能客服无法解答的问题（如复杂故障判断、个性化服务需求、投诉反馈等），系统将自动为您转接人工客服；您也可随时点击右下角【在线客服】按钮，或拨打400-XXX-XXXX服务热线（服务时间：8:00-22:00），我们将第一时间为您处理。为提升服务效率，建议您准备好订单号、产品型号及问题描述，便于人工客服快速响应。感谢您的理解与支持！
33,"""家支持7天无理由退货吗？"",
""需要满足什么条件？""",您好，支持7天无理由退货服务。需同时满足以下条件：1. 商品保持完好，未使用、未拆封（不影响二次销售），配件、赠品、包装及保修卡等齐全；2. 退货申请需在签收之日起7个自然日内发起（以系统提交时间为准）；3. 非定制类、非鲜活易腐、非数字化商品等特殊品类适用本政策。请您通过订单页面点击【申请售后】→选择【7天无理由退货】，按提示操作即可。我们将在审核通过后1个工作日内为您生成退货物流单号。如有疑问，欢迎随时联系我们～
34,"""我购买的商品，收到后发现少发了一件，怎么办？"",
""什么时候能补寄？需要我承担运费吗？""",您好，非常抱歉给您带来不便！关于商品少发的问题，我们会立即为您核实处理： 1. 请您提供订单号及少发商品的名称、数量，并拍摄外包装完好照片及开箱视频（重点展示所有已收商品及空位），以便我们快速核查物流与仓配记录； 2. 经核实属实后，我们将优先安排补寄，一般1-2个工作日内发出，无需您承担任何运费； 3. 补寄物流信息将通过短信/站内信同步您，预计2-5个工作日送达（偏远地区稍晚）。 如您已提交售后申请，也可随时联系在线客服备注加急。感谢您的理解与支持！
35,"""想换成其他款式，能换货吗？""",您好，支持换货服务！请您在订单签收后7天内联系客服申请换货，商品需保持全新未使用、包装及配件齐全、吊牌未拆、无划痕污渍等。请您提供订单号及希望更换的款式信息，我们将为您核实库存并安排换货流程。换货寄回运费由您先行垫付，商品寄出后我们将在收到退回商品并确认无误后的1-3个工作日内为您发出新商品。如有其他疑问，欢迎随时联系我们哦～
36,"""请问商品的生产日期是什么时候？""",您好，关于商品生产日期的查询，通常可在商品外包装、机身标签或随附说明书上找到。部分产品（如食品、化妆品、电池等）会在包装上明确标注生产日期或保质期；家电类商品则多标注“制造日期”或“出厂日期”。若您已收到商品但未找到相关信息，烦请提供订单号及商品照片（含包装/机身标签），我们将为您进一步核实。如尚未收货，也可告知具体商品名称或型号，我们可协助查询该批次的常规生产周期。感谢您的理解与支持！
37,"""请问你们的商品能提供上门安装服务吗？""",您好，感谢您的咨询！我们部分大家电类商品（如空调、热水器、嵌入式厨电等）支持上门安装服务，具体需以商品页面标注或订单确认时的服务选项为准。安装服务通常由品牌授权工程师提供，需提前预约，一般在您收货后1-3个工作日内安排。请您在签收商品时保留好包装及配件，并准备好安装环境（如电源、水路、墙体条件等）。如您已下单，可联系在线客服提供订单号，我们将为您核实是否包含安装服务及预约流程。如有其他需求，也欢迎随时告知！
38,"""请问你们的商品能提供试用装吗？""",您好，您的问题属于通用售后咨询。请提供订单号以及问题说明，我们会进一步为您核实对应政策、所需材料、处理流程和预计时效。
39,"""我购买的商品，使用一段时间后出现质量问题，还能售后吗？""",您好，您的问题属于通用售后咨询。请提供订单号以及问题说明，我们会进一步为您核实对应政策、所需材料、处理流程和预计时效。
40,"""我想给商品更换成更大的尺寸，能换吗？"",
""尺寸差价怎么处理？""","您好，关于您提出的更换更大尺寸商品及差价处理问题： 1. 若您购买的是健身追踪器，其表带支持更换尺寸——出厂配备小号表带，包装内另附一条大号底部表带，您可按说明书第14页“更换表带”步骤自行更换（<PIC>）；表带尺寸详情请参阅第71页“表带尺寸”（<PIC>）。 2. 关于尺寸差价：参考知识中未提及表带或其他配件更换时的差价结算规则；若您需单独购买更大尺寸的配件表带，因其为单独销售，价格以实际商品页面标价为准，不涉及原订单差价退还或补收。 3. 若您所购非健身追踪器类商品，或对换货政策有进一步需求（如非配件类商品整机换货），建议您提供具体商品名称或订单号，我们将为您核实适用的退换货政策。 , [""Manual16_9"", ""Manual16_51""]"
41,"""快递丢失了，怎么办？""，
""这种情况你们会怎么赔偿？多久能解决？""",您好，运费和送达时效会根据收货地区、商品重量以及活动政策有所不同。通常订单会在24-48小时内发出，常规地区2-5个工作日送达，偏远地区会稍慢一些。如您提供订单号或收货地区，我们可以进一步帮您核实具体物流进度和预计时效。
42,"""我购买的商品，想申请退款，但是已经使用过了，能退吗？""",您好，关于退货、换货、退款或补发问题，请先提供订单号和具体情况说明。售后会根据订单状态、商品情况以及平台规则协助您提交申请，并告知后续处理流程、运费承担方式和预计到账或补寄时间。
43,"""我购买的商品，快递送达时，我不在家，怎么办？""",您好，运费和送达时效会根据收货地区、商品重量以及活动政策有所不同。通常订单会在24-48小时内发出，常规地区2-5个工作日送达，偏远地区会稍慢一些。如您提供订单号或收货地区，我们可以进一步帮您核实具体物流进度和预计时效。
44,"""请问你们的优惠券能用于所有商品吗？""",您好，关于优惠券使用范围的问题，参考知识中未提及优惠券相关政策，因此暂无法确认其是否适用于所有商品。建议您在提交订单前于结算页面查看优惠券的适用条件与限制说明，或联系在线客服获取实时帮助。
45,"""请问你们的商品能提供终身维修服务吗？""",您好，这类问题属于通用售后服务范围。请提供订单号、商品名称或型号，以及相关照片或说明，我们会为您核实保修、安装、生产信息或其他售后细节，并告知处理步骤和预计时效。
46,"""我上个月购买的家电，使用不到一个月就出现故障，联系售后寄回维修，现在已经维修15天了，还没收到，而且我发现商品是翻新机，并非全新，要求退货退款并赔偿，请问该怎么处理？""",您好，关于退货、换货、退款或补发问题，请先提供订单号和具体情况说明。售后会根据订单状态、商品情况以及平台规则协助您提交申请，并告知后续处理流程、运费承担方式和预计到账或补寄时间。
47,"""我在你们平台批量购买了100件商品用于企业采购，收到货后发现有20件存在质量问题，15件少发，而且发票开错了抬头，需要重新开具，同时想申请质量问题商品的换货和少发商品的补寄，请问流程是什么？"",",您好，关于发票问题，请提供订单号、开票抬头、税号（如需）以及接收邮箱。电子发票一般会在核实后1-3个工作日内开具并发送。如果发票信息填写错误，也可以联系售后提交更正资料，我们会协助您处理重开事宜。
48,"""我购买的食品类商品，收到后发现生产日期临近过期，而且包装破损，部分商品受潮无法食用，我要求退货退款并赔偿，同时担心食用了受潮商品影响健康，请问能提供相关保障吗？""",您好，关于退货、换货、退款或补发问题，请先提供订单号和具体情况说明。售后会根据订单状态、商品情况以及平台规则协助您提交申请，并告知后续处理流程、运费承担方式和预计到账或补寄时间。
49,"""我购买的商品包装破损，商品出现损坏，而且快递员拒绝承认是运输问题，同时我已经签收商品，请问还能申请售后吗？""",您好，运费和送达时效会根据收货地区、商品重量以及活动政策有所不同。通常订单会在24-48小时内发出，常规地区2-5个工作日送达，偏远地区会稍慢一些。如您提供订单号或收货地区，我们可以进一步帮您核实具体物流进度和预计时效。
50,"""我购买的大家电需要上门安装，但是安装人员上门后说需要额外收取配件费，而且安装服务原本应该是免费的，同时安装人员操作不规范，导致家电出现轻微损坏，请问该怎么处理？""",您好，这类问题属于通用售后服务范围。请提供订单号、商品名称或型号，以及相关照片或说明，我们会为您核实保修、安装、生产信息或其他售后细节，并告知处理步骤和预计时效。
51,"""我购买的商品在质保期内出现质量问题，寄回维修后，维修人员说需要更换配件，而且要收取配件费，但是质保期内应该免费维修，同时维修时间已经超过承诺的7天，请问该怎么处理？"",",您好，关于您反映的问题，我们高度重视： 1. 质保期内维修应免费——根据参考知识中多款产品（如蒸汽清洁机【文档4】、发电机【文档2】【文档3】、功能键盘【文档8】）的保修条款，质保期内因原厂材料或工艺缺陷导致的故障，厂商或授权服务商应提供**免费维修或更换**，不得向用户收取配件费。若维修方以‘需更换配件’为由收费，须证明该故障系因非保修责任（如人为损坏、疏忽使用、未按手册保养等），否则收费行为不符合保修承诺。 2. 维修超期问题——虽然参考知识中未统一明确‘7天维修时效’的强制约定，但【文档2】明确要求‘发现缺陷后10天内通知并送修’，【文档4】强调‘自购买之日起一年内享受免费维修或更换’，且行业通行做法及消费者权益保护原则要求维修服务应在合理期限内完成。若维修周期显著超出承诺时限（如7个工作日），您有权要求服务商说明原因，并主张加快进度或提供替代方案（如备用机、加急处理）。 3. 下一步建议：请保留维修单据、沟通记录及RMA编号（如有），立即联系品牌官方客服（可通过售后支持网站或技术热线），说明情况并要求：①书面确认本次维修是否属于保修范围；②对已收取的配件费予以退还；③对超期延误给出合理解释及补救措施。如协商未果，可凭购买凭证和维修证据，向当地消费者协会或12315平台投诉维权。 温馨提示：所有保修服务均需提供有效购买凭证，请妥善保管发票及收据。
52,"""我购买的大型设备需要上门检修，但是检修人员上门后说设备故障无法现场修复，需要拉回仓库维修，而且维修时间不确定，同时我担心设备拉回过程中出现损坏，请问该怎么处理？""",您好，关于您反映的大型设备需拉回仓库维修、维修周期不确定及运输损坏风险的问题，根据现有参考知识： 1. **维修方式与责任界定**：参考文档5明确指出，“运输途中损坏（需向承运方提出索赔）”不属于保修范围；参考文档3也说明“保修仅限于机器本身的维修”，不涵盖因故障产生的运输等附带费用。因此，设备在拉回维修过程中的运输风险原则上由承运方承担，建议您要求服务商提供具备资质的物流合作方，并全程留存交接凭证（含装机前/后照片、签收单等）。 2. **维修时效不确定性**：参考文档1强调：“若此类故障及修复所需时间可能对使用者、企业或员工造成任何不便、经济损失，本产品则不适合您的需求。”这表明，对于有明确时效要求的使用场景，该类产品设计本身未承诺确定性维修周期。您可依据购买合同或保修条款，向服务商书面确认预计维修周期及超期补偿方案。 3. **风险防范建议**：参考文档7提示“搬运设备时，至少需要两人操作或使用叉车，否则可能导致严重受伤”，虽未直接涉及维修运输，但印证了大型设备搬运的专业性要求。请您务必监督服务商落实专业包装、固定及装卸流程；如设备价值较高，建议协商购买运输保险或签署《设备交接与责任确认书》。 如您能提供具体产品型号或购买渠道（如官网/授权经销商），我们可进一步为您匹配对应保修政策细则。
53,"""我想试用商品，但是试用期间商品出现故障，而且不是人为操作导致的，同时我想延长试用期限，请问可以吗？另外故障商品能更换吗？""",您好，关于您的试用期相关问题： 1. 试用期延长：目前官方保修及售后政策中未提及‘试用期’或‘试用期限延长’条款，标准保障自购买日起按保修期限（如2年、3年等）生效；若您参与的是第三方平台或零售商提供的试用活动，需以该活动规则为准，建议您联系下单渠道确认是否支持延期。 2. 非人为故障处理：若商品在保修期内出现非人为原因导致的故障，根据全球保修政策（参考文档4、6、8），我们将在确认故障后，**自行选择维修或更换**，更换产品可能为全新或翻新件，功能相近且价值相等或更高；您需通过售后支持网站提交保修申请，并提供购买凭证及RMA编号方可寄回处理。 3. 更换前提：故障须经技术人员判定属于制造缺陷或材料工艺问题，且未存在参考文档4所列除外情形（如安装不当、未按说明书操作、进水、雷击、运输损坏等）。 温馨提示：请勿自行拆解或改装产品（参考文档3），否则将导致保修失效。如需进一步协助，欢迎通过电话、邮件或售后支持网站联系我们。
54,"""我购买的商品，收到后发现是临期商品（还有15天过期），但下单时页面未标注临期，而且商品包装上也没有临期提示，我要求退货退款并赔偿，请问可以吗？""",您好，关于退货、换货、退款或补发问题，请先提供订单号和具体情况说明。售后会根据订单状态、商品情况以及平台规则协助您提交申请，并告知后续处理流程、运费承担方式和预计到账或补寄时间。
55,"""我购买的商品，收到后发现商品的颜色和详情页描述的不一致，详情页是深红色，实际收到的是浅红色，而且商品有轻微的异味，想申请换货""",您好，关于退货、换货、退款或补发问题，请先提供订单号和具体情况说明。售后会根据订单状态、商品情况以及平台规则协助您提交申请，并告知后续处理流程、运费承担方式和预计到账或补寄时间。
57,"""我购买的商品，快递寄到后，我拆开包装发现商品损坏，但是快递员已经离开，没有当场验货，请问还能申请售后吗？""",您好，运费和送达时效会根据收货地区、商品重量以及活动政策有所不同。通常订单会在24-48小时内发出，常规地区2-5个工作日送达，偏远地区会稍慢一些。如您提供订单号或收货地区，我们可以进一步帮您核实具体物流进度和预计时效。
58,"""我购买的商品，使用时发现商品的功能和详情页描述的不一致，详情页说支持无线充电，实际不支持，而且商品的续航时间也比描述的短很多，要求退货退款并赔偿，请问可以吗？"",",您好，关于退货、换货、退款或补发问题，请先提供订单号和具体情况说明。售后会根据订单状态、商品情况以及平台规则协助您提交申请，并告知后续处理流程、运费承担方式和预计到账或补寄时间。
64,"""使用吹风机时，人员需要佩戴哪些防护装备？""","使用吹风机时，人员需佩戴以下防护装备：<PIC> 1. 合格的听力防护装备；<PIC> 2. 合格的眼部防护装备；<PIC> 3. 在多尘环境中操作时佩戴面罩；<PIC> 4. 防滑鞋底的工作靴或工作鞋；<PIC> 5. 随身配备急救箱。 , [""Manual04_0"", ""Manual04_1"", ""Manual04_2"", ""Manual04_3"", ""Manual04_4""]"
65,"""操作吹风机时，人员需要注意哪些安全要点？""","操作吹风机时，人员需注意以下安全要点： 1. 严禁将吹风机喷口对准人或动物，高速气流可能夹带颗粒物造成严重眼部或身体伤害 <PIC>； 2. 禁止无关人员及动物进入距操作人员10米范围内作业区域 <PIC>； 3. 操作时必须双脚稳固站立在地面，严禁站在梯子或支架上操作 <PIC>； 4. 佩戴合格的听力防护装备、眼部防护装备；多尘环境下须佩戴防尘面罩，穿防滑鞋底的工作靴 <PIC>； 5. 避免穿着宽松衣物、围巾、项链，长发须束起，以防被旋转部件卷入 <PIC>； 6. 加油、安装/拆卸配件、清洁维护前，必须先关闭发动机并确保停机开关处于停机位置 <PIC>； 7. 严禁在通风不良空间操作，避免吸入废气；严禁在室内、易燃材料附近或存在易燃气体环境中启动设备 <PIC>； 8. 消音器（含催化转化器）在运行中、停机后及怠速状态下均异常滚烫，切勿触碰，注意火灾风险 <PIC>； 9. 避免身体直接接触排气口区域，尤其左手操作时需格外小心 <PIC>； 10. 任何防护装置（如风扇罩、检修盖）缺失、损坏或无法闭合时，严禁操作吹风机 。 , [""Blower_02"", ""Manual04_0"", ""Manual04_1"", ""Manual04_2"", ""Manual04_3"", ""Manual04_4"", ""Blower_01"", ""Manual04_30"", ""Manual04_5""]"
66,"""使用吹风机时，如何调节化油器？""","吹风机配备二冲程发动机，其化油器出厂时已精密预设，仅在因气候、海拔、汽油或二冲程机油类型差异导致运行异常时才需调节。化油器设有三处调节装置：<PIC> H = 高速油针（调节全油门工况下的空燃比）<PIC> L = 低速油针（调节怠速与半油门工况下的空燃比） T = 怠速调节螺钉（调节发动机怠速转速） 调节前须确保：吹风管与喷口已安装到位；H、L 油针均逆时针旋至限位终点；发动机经怠速与半油门交替运转1–2分钟充分预热。 ● 低速调节（L）步骤： 1. 调节T螺钉使发动机稳定怠速； 2. 微调L螺钉至最大怠速转速，再逆时针旋出最多1/4圈； 3. 必要时微调T螺钉以维持合适怠速。 ● 高速调节（H）步骤： 1. 发动机全油门运行； 2. 调节H螺钉至达到最大转速； 3. 将H螺钉逆时针旋出1/8圈（若限位限制则略小）。 ⚠️ 注意： - 全油门持续时间不得超过10秒，之后须怠速运转至少10秒； - 严禁拆除H、L油针限位装置，否则将不符合加州空气资源委员会环保要求； - 非必要不建议用户自行调节；若运行异常（如启动困难、动力不足、怠速不稳），建议优先清洁空气滤清器、检查火花塞（间隙0.5 mm）及确认燃油混合比（推荐1:50）； - 如仍无法解决，请联系授权服务商进行专业调节。 , [""Manual04_35"", ""Manual04_36""]"
67,"""吹风机冷机时，该如何启动？""","吹风机冷机启动步骤如下： 1. 将停机开关调至启动位置； 2. 将阻风门控制器调至阻风门位置（A），该位置同时为自动启动油门位置； 3. 反复按压泵油膜片直至燃油充满膜片（无需完全充满）； 4. 左手将设备机身按压在地面，右手握紧启动手柄，缓慢拉动启动绳至感受到阻力（启动钩啮合），然后快速用力拉动； 5. 发动机点火后立即按下阻风门控制器，重复操作直至发动机稳定启动； 6. 发动机启动后迅速全开油门，启动油门自动解除。 <PIC><PIC><PIC> , [""Manual04_18"", ""Manual04_19"", ""Manual04_20""]"
68,"""吹风机热机时，该如何启动？""","吹风机热机启动时，无需使用阻风门，请将阻风门控制器推回原位（工作位置）；然后按第13页说明操作：确保燃油开关置于“ON”位置、发动机开关置于“ON”位置，左手按压机身稳固于地面，右手缓慢拉动启动绳至有阻力后快速拉动。启动后迅速全开油门，启动油门自动解除。<PIC><PIC> , [""Manual04_18"", ""Manual04_19""]"
69,"""该如何关闭吹风机？""","请通过吹风机上的【停机开关（3）】切断点火电源，即可关闭吹风机。该开关位于设备手柄区域，操作前请确保设备处于稳定状态，并已松开油门扳机。<PIC> , [""Manual04_5""]"
70,"""空调的重要组成部件有哪些？""","根据产品说明书，空调的重要组成部件包括：室内机 <PIC>、3M 多重防护滤网 <PIC>。其他部件如空气滤网、等离子滤网、遥控器、信号接收器等也在维护保养和操作说明中被提及。具体配置可能因机型不同而有所差异。 , [""Manual01_0"", ""Manual01_27""]"
71,"""如何找到空调遥控器的按键？""","空调遥控器的按键通常位于遥控器正面，主要功能键包括：开/关键、模式键（用于切换制冷/制热等模式）、温度上升/下降键、风速键、定时关键、出风方向调节键等。部分附加功能按键可能隐藏在遥控器盖板下方，需打开盖板后方可使用。<PIC> , [""Manual01_6""]"
72,"""如何给空调遥控器安装电池？""","给空调遥控器安装电池的步骤如下： 1. 取下电池盖。<PIC> 2. 装入新电池，确保电池正、负极安装正确。<PIC> 3. 重新装上电池盖。 注意事项：请使用7号电池；切勿将不同型号电池混用，也勿将新旧电池混用；若电池漏液，请立即停止使用并用清水冲洗接触部位。 , [""drill0_04"", ""drill0_05""]"
73,"""如何安装空调遥控器支架？""","安装空调遥控器支架的步骤如下： 1. 选择一个安全、便于取用且无阳光直射的位置，以保护遥控器； 2. 用螺丝刀将两颗螺丝拧紧，固定支架 <PIC>； 3. 将遥控器滑入支架中 <PIC>。 , [""drill0_04"", ""drill0_05""]"
74,"""如何用空调快速调节室内温度？""","要快速调节室内温度，请使用空调的【极速制冷 / 制热模式】： 1 按下开 / 关键开启电源； 2 按下极速键 <PIC> 。 - 极速制冷模式下，空调将以18摄氏度的温度强风出风30分钟； - 极速制热模式下，空调将以30摄氏度的温度强风出风30分钟。 , [""drill0_04""]"
75,"""如何使用空调的自清洁运行功能？""","使用空调的自清洁运行功能方法如下： 1. 按下遥控器或面板上的“自清洁”键，显示屏上将显示自清洁标识 <PIC>； 2. 启动后，即使关闭电源，风扇将继续运行约30分钟，对室内机内部进行清洁。 注意：该功能适用于制冷和除湿运行后产生的水汽清洁。 , [""Manual01_17""]"
76,"""如何使用空调的等离子净化功能？""","使用空调的等离子净化功能方法如下： 1. 无需开启空调制冷或制热，直接按下遥控器或面板上的“等离子键”即可启动该功能； 2. 启动后，显示屏将显示等离子标识，同时等离子灯和制冷灯会同时亮起。 注意：部分机型不支持此功能，具体请以您所购机型为准。<PIC> , [""Manual01_17""]"
77,"""单冷型空调如何开启自动运行模式？""",单冷型空调开启自动运行模式的步骤如下： 1 按下开 / 关键开启电源。 2 反复按下模式键，选择自动运行模式。 3 若当前温度高于或低于所需温度，按下上升 / 下降键选择所需的运行代码。
78,"""如何使用空调的自动转换运行功能？""","使用空调的自动转换运行功能步骤如下： 1 按下开/关键开启电源。 2 反复按下模式键，选择自动转换运行模式，显示屏上会显示对应标识。<PIC> 3 按下上升/下降键设置所需温度，温度调节范围为18摄氏度（64华氏度）-30摄氏度（86华氏度）。 4 反复按下风速键选择风扇转速。 , [""Manual01_11""]"
79,"""如何开启空调的节能制冷模式？""","开启空调节能制冷模式的操作步骤如下： 1 按下开 / 关键开启电源。 2 反复按下模式键，选择制冷模式。 3 按下节能键，显示屏上会显示节能标识。<PIC> , [""drill0_04""]"
80,"""无遥控器时如何操作空调？""","无遥控器时，可通过室内机的开/关键操作空调：1. 打开前盖板，轻轻掀起盖板两侧即可 <PIC>；2. 按下开/关键启动空调，此时风扇转速默认设为高速 <PIC>。冷暖型机型将根据室内温度自动切换运行模式；单冷型机型温度默认设为22摄氏度（71.6华氏度） <PIC>。注：具体功能可能因机型而异。 , [""Manual01_6"", ""Manual01_6"", ""Manual01_6""]"
81,"""如何让空调实现自动重启？""","空调的自动重启功能为出厂默认开启，无需手动设置。当发生停电后再次通电时，空调将自动恢复断电前的运行模式、温度、风速等设置。如您发现该功能未生效，可确认是否曾通过长按开/关键6秒关闭过此功能（设备发出两声蜂鸣，指示灯闪烁6次）；若已关闭，再次长按开/关键6秒即可重新启用，此时设备发出两声蜂鸣，蓝色指示灯闪烁4次。<PIC><PIC> , [""ac0_01"", ""ac0_02""]"
82,"""不同型号空调的清洁频率是多少？""","根据产品说明书，所有型号空调的空气滤网均建议每两周清洁一次；若使用环境灰尘较多或使用频率较高，可适当增加清洁频率。不同型号可能配备不同类型的滤网（如普通空气滤网、3M多重防护滤网、等离子滤网），其清洁方式略有差异：普通滤网和等离子滤网可用温水或吸尘器清洁；3M多重防护滤网则不可水洗，仅可用吸尘器清理 <PIC>。滤网位置与形状可能因机型不同而有所差异 <PIC>。此外，建议定期清洁室外机热交换器盘管，以维持运行效率 <PIC>。 , [""Manual01_17"", ""Manual01_27"", ""Manual01_28""]"
83,"""如何清洁空调的空气滤网？""","清洁空调空气滤网的步骤如下： 1 关闭电源并拔下电源线。 2 打开前盖板，轻轻掀起盖板两侧即可。<PIC> 3 握住空气滤网的把手，轻轻向上提起，将其从机身中取出。<PIC> 4 用吸尘器清理滤网，或用温水冲洗；若污垢较难清理，可在温水中加入洗涤剂清洗。 5 将滤网置于阴凉处晾干。 注意事项： ・切勿使用40摄氏度以上的热水，以免造成滤网变形或变色； ・切勿使用挥发性物质（如酒精、丙酮等），以免损坏产品表面； ・清洁后务必确保滤网完全干燥并牢固安装； ・建议每两周清洁一次，灰尘较多环境可适当增加频率。 , [""Manual03_18"", ""Manual03_19""]"
84,"""如何清洁空调的3M多重防护滤网？""","清洁 3M 多重防护滤网的步骤如下： 1 关闭电源并拔下电源线。 2 打开前盖板，取出空气滤网（详见 “清洁空气滤网”）。 3 抽出 3M 多重防护滤网。 <PIC> 4 用吸尘器清理滤网污垢，切勿用水清洗 3M 多重防护滤网，以免造成滤网损坏。 * 功能会根据机型有所调整。 , [""Manual01_27""]"
85,"""如何清洁空调的等离子滤网？""","清洁等离子滤网的步骤如下： 1 关闭电源并拔下电源线。 2 打开前盖板，取出空气滤网（详见“清洁空气滤网”）。 3 在 10 秒内取下等离子滤网。<PIC> 4 用吸尘器清理滤网污垢，若污垢较难清理，可用温水冲洗。 5 将滤网置于阴凉处晾干。 注意：清洁时请勿使用 40 摄氏度以上的热水，以免造成滤网变形或变色；切勿使用挥发性物质，以免损坏产品表面。 , [""Manual03_18""]"
86,"""如何快速组装蒸汽清洁机？""",快速组装蒸汽清洁机的步骤如下（无需专用工具）： 1. 将主机身固定扣（部件15）从主机身（部件7）背部取下。 2. 将手柄杆（部件4）插入主机身（部件7），直至听到咔嗒声到位 。 3. 安装拖布：按下拖布释放扣（部件17）拉开挡板，装入拖布（部件16） 。 4. 加水：按下水箱解锁扣（部件10），取下水箱（部件9）加水（建议使用蒸馏水或去离子水） 。 5. 将电源线完全展开，插入120V接地插座。 完成以上步骤后，等待就绪指示灯亮起，即可开始使用。
87,"""蒸汽清洁机有哪些实用的产品功能？如何快速上手使用？""",蒸汽清洁机的实用产品功能包括： • 水箱（部件9）支持使用蒸馏水或去离子水，内置水过滤器可去除自来水中的矿物质与杂质，防止水垢损坏机器； • 就绪指示灯位于手持蒸汽器手柄处，亮起表示水已转化为蒸汽、机器就绪可用； • 旋转拖头（部件18）可灵活转向，便于清洁橱柜下方等狭小空间； • 吸水纤维拖布（部件16）可吸附蒸汽松动的污垢，支持重复使用及机洗； • 多功能配件系统：喷射喷嘴（部件26）适用于地板及边缘；角形喷嘴（部件23）适用于窗台、马桶内侧；延长管（部件21）扩展清洁距离；圆刷（部件22）专清瓷砖缝隙、灶台；布艺清洁头/玻璃清洁组件（部件20）可熨烫除皱、布艺除味或清洁玻璃；弧形喷嘴（部件24）适用于硬质表面；清洁布（部件27）配合布艺清洁头使用 。 快速上手步骤如下： 1. 组装：将手柄杆（部件4）插入主机身（部件7），听到“咔嗒”声即到位 ； 2. 安装拖布：按下拖布释放扣（部件17）拉开挡板，装入拖布（部件16） ； 3. 加水：使用配套量杯加水至水箱（部件9），或按下水箱解锁扣（部件10）取下水箱加水 ； 4. 通电：顺时针旋转快速收线扣展开电源线，插入120V接地插座； 5. 等待就绪：加热完成后，就绪指示灯亮起，即可按开关（部件2/11）出蒸汽清洁。 ⚠️ 注意：首次使用可能有数秒延迟出蒸汽；切勿添加任何化学药剂；水箱无水时请立即停机加水。
88,"""如何使用蒸汽清洁机清洁硬质地面？""",使用蒸汽清洁机清洁硬质地面（如瓷砖、Vinyl地板、复合地板、大理石、石材及封边木地板）时，请按以下步骤操作： 1. 清洁前请先扫地或吸尘，清除表面浮尘与大颗粒杂物； 2. 安装拖布：按下拖布释放扣（部件 17），拉开挡板，装入吸水纤维拖布（部件 16）； 3. 加水：使用配套量杯或按下水箱解锁扣（部件 10）取下水箱（部件 9），加注蒸馏水或去离子水至MAX线； 4. 接通电源，等待就绪指示灯亮起（位于手持蒸汽器手柄处），表示蒸汽已生成； 5. 缓慢推动蒸汽拖把移动，同时按下蒸汽开关（部件 2 或部件 11）持续出蒸汽； 6. 如需对局部区域消毒，请将拖头静置该处至少15秒，但不超过20秒； 7. 若不出蒸汽，请拔掉电源、取下水箱加水后继续使用；首次使用可能有数秒延迟出蒸汽（因水需经过滤器流入加热器）。 ⚠️ 注意事项： - 不可用于未封边木地板、软塑料、木质家具或打蜡地板（高温蒸汽会降低光泽度或去除蜡层）； - 切勿在同一位置长时间喷射蒸汽； - 使用前建议在不显眼处测试，或查阅地板厂家保养说明。
89,"""组装人体工学椅涉及哪些部件？""","组装人体工学椅涉及以下部件：C1与C2连接件、脚轮、底座盖、气杆、底盘、脚踏、橡胶圈、座椅、椅背、连接件（用于椅背与底盘）、扶手、头枕、腰枕。根据说明书，组装顺序为：先将C1与C2组装；安装脚轮；用底座盖盖住底座中心并安装气杆；安装底盘；安装脚踏并套上橡胶圈；将座椅放置在气杆上；在椅背上安装连接件，并将其安装到底盘后端；对准螺丝孔安装扶手；最后安装头枕与腰枕。<PIC><PIC><PIC><PIC><PIC><PIC><PIC><PIC><PIC><PIC><PIC><PIC><PIC><PIC><PIC><PIC> , [""Manual02_0"", ""Manual02_1"", ""Manual02_2"", ""Manual02_3"", ""Manual02_4"", ""Manual02_5"", ""Manual02_6"", ""Manual02_7"", ""Manual02_8"", ""Manual02_9"", ""Manual02_10"", ""Manual02_11"", ""Manual02_12"", ""Manual02_13"", ""Manual02_14"", ""Manual02_15""]"
90,"""椅子的扶手使用一段时间后为什么会松动？""",椅子扶手使用一段时间后松动，主要是因为扶手与椅背连接处的螺丝在日常使用中受力反复震动，导致逐渐松脱。根据产品说明，此属常见现象，只需重新拧紧相应螺丝即可恢复稳固。
91,"""这款椅子有哪些功能？""","这款人体工学椅具备以下功能： 1. 高度调节：向上拉起“升降”拉杆即可调节座椅高度，到达所需高度后松开拉杆；调节时请将身体微微抬离座椅。<PIC> 2. 椅背后仰：向上拉起“后仰”拉杆，椅背可随人体动作独立倾斜；向下按下拉杆即可锁定椅背角度；复位时请靠在椅背上，防止快速回弹。<PIC> 3. 按摩功能：插入USB即可启用腰枕的按摩功能。<PIC> , [""Manual02_0"", ""Manual02_1"", ""Manual02_2""]"
92,"""洗碗机的部件有哪些？""","洗碗机的主要部件包括：1. 上层喷淋臂；2. 下层碗篮；3. 下层喷淋臂；4. 过滤器；5. 控制面板；6. 机门；7. 洗涤剂盒；8. 下层喷淋臂槽；9. 餐具篮；10. 专用盐箱盖；11. 上层篮导轨；12. 带支架的上层碗篮；13. 风扇烘干系统（视型号而定）<PIC>；此外，还有进水管滤网、亮碟剂盒、软水系统、喷淋臂、盐箱等关键功能部件。 , [""drill0_04""]"
93,"""首次使用时，如何将洗碗机连接到排水口？""","首次使用时，将排水管直接连接到排水孔或水槽排水口。连接点距地面高度应为最小50厘米、最大100厘米。<PIC> 排水管须平直连接，不得弯折；长度不得超过4米；必须牢固固定，防止工作时脱落；且必须连接到污水系统，不可接入地表水。 , [""drain0_01""]"
94,"""使用前如何为洗碗机添加专用盐？""","使用前为洗碗机添加专用盐的步骤如下： 1. 先取出下层碗篮以便操作； 2. 逆时针旋转盐箱盖打开（A、B）<PIC>； 3. 首次使用前，先向盐箱注入约1升水（C）<PIC>； 4. 使用盐斗向盐箱加注洗碗机专用软化盐（D）<PIC>，建议使用颗粒或粉末状盐，切勿使用食盐等含不溶物的盐； 5. 盐箱约可装入2公斤软化盐，加盐后可用勺子轻轻搅拌以加速溶解； 6. 加满后盖上盖子并拧紧； 7. 若加盐后不立即启动洗涤程序，请空载运行最短程序，以溶解并冲散机器内可能散落的盐。 注意：加盐后盐量指示灯可能仍会亮一段时间，因盐溶解需数小时，属正常现象。 , [""drill0_04"", ""drill0_05"", ""drill0_06""]"
95,"""如何为洗碗机添加洗涤剂？""","为洗碗机添加洗涤剂的步骤如下： 1. 在即将运行洗涤程序前，向右推动卡扣打开洗涤剂盒盖（A）。<PIC> 2. 根据餐具脏污程度和所选程序，将粉末或块状洗涤剂加入洗涤剂盒中： • 一般情况加至15cm³或25cm³刻度线（1）；<PIC> • 若餐具残渣已干涸，可同时加满5cm³小格（5）。 3. 洗涤剂盒装满容量为40cm³，请勿超量添加，以免影响溶解效果或损伤玻璃器皿。 4. 添加完毕后，轻轻按下关闭盒盖，听到“咔嗒”声表示已关紧。 ⚠️ 注意：请仅使用洗碗机专用洗涤剂；切勿加入溶剂，有爆炸危险；添加前确保洗涤剂盒干燥；避免过早加入，以防受潮结块。 , [""drill0_04"", ""drill0_05""]"
96,"""如何为洗碗机添加洗涤块？""","为洗碗机添加洗涤块，请按以下步骤操作： 1. 向右推动卡扣打开洗涤剂盒盖（A）<PIC>； 2. 将洗涤块放入洗涤剂盒内（请勿超过40cm³容量，盒内有15cm³、25cm³等刻度线供参考）<PIC>； 3. 轻轻按下关闭洗涤剂盒盖，听到咔嗒声表示已关紧<PIC>。 ⚠️ 注意事项： - 洗涤块包装上会注明合适放置位置（通常为洗涤剂盒，少数类型可置于碗篮中，请务必遵循生产商说明）； - 在带预洗的高温程序中使用块状洗涤剂时，必须确保盒盖紧闭； - 无预洗的短程序建议使用粉末洗涤剂，因块状洗涤剂溶解效果受温度与时间影响较大； - 请勿向洗涤剂盒中加入溶剂，有爆炸危险。 , [""drill0_04"", ""drill0_07"", ""drill0_04""]"
97,"""如何在洗碗机中添加和使用亮碟剂以获得更好的洗涤效果？""","在洗碗机中正确添加和使用亮碟剂，可显著提升烘干效果，防止餐具表面残留水渍或水垢。具体操作步骤如下： 1. 查看亮碟剂指示灯（10）状态：<PIC> 若指示灯熄灭，表示亮碟剂不足，需及时添加；若指示灯常亮，则盒内充足。 2. 按下卡扣打开亮碟剂盒盖（B）<PIC>； 3. 向盒内加注洗碗机专用亮碟剂，液面不得超过 MAX 刻度线； 4. 轻轻按下关闭盒盖，确保盖紧； 5. 擦净溢出的亮碟剂（意外溢出会引发泡沫，降低洗涤效果）； 6. 将亮碟剂剂量调节旋钮手动调至 1–6 档（出厂默认为 4 档）：<PIC> 若洗涤后餐具仍有水渍，可适当调高剂量；若手擦后留有蓝色痕迹，则需调低剂量。 ⚠️ 注意：请务必使用洗碗机专用亮碟剂，不可用其他清洁剂替代；若启用‘洗涤块功能’，亮碟剂指示灯将自动关闭，此时多效洗涤块已含亮碟成分，无需额外添加亮碟剂。 , [""dishwasher0_03"", ""dishwasher0_04"", ""dishwasher0_05""]"
98,"""哪些物品不适合在洗碗机中清洗？""",以下物品不适合在洗碗机中清洗： ・沾有烟灰、蜡烛残渣、抛光剂、染料、化学品等的餐具； ・铁制器具（易生锈，且可能污染其他物品）； ・带有木质或骨质手柄、黏合部件、不耐热部件的银质餐具、刀具； ・铜制和镀锡容器； ・装饰花纹的瓷器（可能褪色或脱落）； ・铝制和银质器具（可能失去光泽）； ・某些精致玻璃和水晶（可能逐渐失去光泽）； ・特氟龙厨具（烘干后易残留水滴，属材质特性，非故障）； ・表面质量已变差（如划痕、老化、渗污）的厨具（洗不净且不卫生）； ・已生锈的厨具（锈迹会转移并导致其他不锈钢件生锈）； ・劣质不锈钢银质餐具（易生锈，不应入机）。 温馨提示：购买新餐具时，请务必确认其是否标注‘洗碗机适用’。
99,"""如何根据洗碗机型号安装餐具篮？""","根据您提供的洗碗机型号，餐具篮的安装与适配主要涉及以下可调节结构（视型号而定）： 1. **可折叠下层篮架丝（2根）**：位于下层碗篮上，用于灵活放置锅、碗等大件物品。您可单独或同时按下卡扣（A）将其向下折叠，以腾出更大空间。<PIC> 2. **上层篮高度调节（空载时）**：若需调整上层篮位置，请先拨开导轨末端限位器（A），取出碗篮（B），改变滚轮位置后放回并关闭限位器（C）。<PIC> 3. **上层篮高度调节（负载时）**：若碗篮已装满餐具，无需取出即可调节： - 升高：抓住一侧架丝向上提起（A），再操作另一侧； - 降低：按下碗篮调节机构上的卡扣（B）降低，两侧需同步操作，并确保两侧调节机构处于同一水平（高或低）。<PIC> 此外，请注意： - 餐具应有序放置——较脏、较大的物品放入下层碗篮，较小、精致、较轻的物品放入上层碗篮； - 碗、杯、锅等中空器具须倒扣，避免积水； - 尖锐餐具（如餐叉、面包刀）务必尖头朝下或水平放置，以防损伤或伤人。 具体操作请以您机型对应的用户手册图示为准。 , [""drill0_04"", ""drill0_05"", ""drill0_06""]"
100,"""使用洗碗机前如何安装可折叠下层篮架？""","安装可折叠下层篮架的操作如下：机器下层碗篮配有两根可折叠架丝（视型号而定），用于灵活放置锅、碗等大件物品。您可单独或同时折叠每根架丝以创造更大空间。安装/展开时，只需按下卡扣（A）即可放下折叠架丝。<PIC> , [""drill0_04""]"
101,"""如何调节洗碗机满载时上下碗篮的高度？""","满载时调节上层碗篮高度的方法如下（视型号而定）： 升高碗篮： 1. 抓住上层篮一侧架丝（左或右）向上提起（A）； 2. 另一侧重复相同操作。 降低碗篮： 1. 按下碗篮调节机构上的卡扣降低碗篮（B）； 2. 另一侧重复相同操作； 3. 确保碗篮高度调节机构两侧处于同一水平（高或低）。 注意：该调节功能专为满载状态设计，无需取出碗篮即可操作。下层碗篮无满载高度调节功能，但其配有可折叠下层篮架丝（2根），可通过按下卡扣（A）单独或同时折叠以腾出大件物品空间。<PIC> , [""wash0_04""]"
102,"""如何清洁洗碗机的进水管滤网？""",清洁洗碗机进水管滤网的步骤如下：1. 关闭水龙头并拆下水管；2. 取出滤网后在自来水下清洁；3. 将清洁后的滤网装回水管原位；4. 将水管装回水龙头。注意：进行任何清洁操作前，请先拔掉电源插头并关闭水龙头。进水管滤网用于防止沙、污垢、铁锈等杂质进入机器，建议定期检查并清洁。
103,"""如何清洁洗碗机的上层喷淋臂？""","清洁上层喷淋臂的步骤如下：1. 检查上层喷淋臂（2）上的孔是否堵塞；2. 若堵塞，向左旋转螺母拆下上层喷淋臂（C、D）；3. 拆下后用清水冲洗喷淋臂各出水孔，确保无食物残渣（如柠檬籽等）堵塞；4. 安装时请确保螺母拧紧，避免松动影响喷淋效果。为保证高效运行，建议至少每周清洁一次上层喷淋臂。<PIC> , [""drill0_04""]"
104,"""如何拆除空气净化器滤网的塑料包装？""","拆除空气净化器滤网塑料包装的步骤如下： 1. 请务必先拔下设备电源插头，确保断电操作； 2. 双手握住设备上盖并向上拉起 <PIC>； 3. 握住背部滤网盖把手并向前拉出 <PIC>； 4. 拆除滤网上的塑料包装（注意：未拆除会导致异响、滤网无法工作，甚至引发火灾或设备损坏）； 5. 将滤网上下推入设备，确保贴合紧密； 6. 装回滤网盖，并滑动到位； 7. 将设备上盖滑回原位，确保标识朝前； 8. 安装完成后，长按控制面板上的睡眠 + 自动键5秒以上进行初始化，红色滤网指示灯将熄灭。 ⚠️ 注意：滤网塑料包装拆除后无法退货；请将塑料包装远离儿童，以防窒息。 , [""Manual03_0"", ""Manual03_1""]"
105,"""如何安装空气净化器的脚轮？""",空气净化器脚轮安装步骤如下： 1. 打开包装盒，找到内含4个脚轮和8颗螺丝的小盒； 2. 使用螺丝刀拆下空气净化器底部原有的四个底座； 3. 每个脚轮使用两颗螺丝固定替换原底座； 4. 请妥善保留拆下的底座和螺丝，以备后续需要时使用。 注意：若滤盒内未发现脚轮盒，请及时联系客服。
106,"""空气净化器通常有哪些模式？如何设置？这些模式有什么特点？""","空气净化器通常有以下几种运行模式： 1. **常规运行模式**：按下启动键开机，默认进入该模式，显示上次选择的风速档位；可通过控制面板上下键在1档（F1）至18档（F18）之间手动调节风速。<PIC> 2. **自动运行模式**：按下自动键切换启用；设备通过VOC传感器实时检测空气质量，自动调节风速以优化净化效果；智能运行期间无法手动调节风速。<PIC> 3. **睡眠运行模式**：按下睡眠键启用；显示屏除月亮图标外全部熄灭，减少光干扰；默认风速为1档，仍可手动调节（F1–F18）；再次按睡眠键可退出并恢复之前模式。<PIC> 4. **涡轮风扇运行模式**：在常规运行模式下，同时长按控制面板上下键3秒即可启动，实现更快净化；按下控制面板下键（或切换至其他模式后返回常规模式）可停止涡轮运行。<PIC> 注意：各模式切换与设置均基于控制面板物理按键操作；具体功能可能因型号略有差异。 , [""Manual03_1"", ""Manual03_14"", ""Manual03_15"", ""Manual03_16""]"
107,"""空气净化器的室内空气质量指示灯是什么？""","室内空气质量（IAQ）指示灯是环绕显示屏外缘的灯光，用于实时显示当前室内空气质量状态。设备通过内置传感器检测细颗粒物（PM2.5）浓度，并以四种不同颜色直观反映空气状态：<PIC><PIC><PIC><PIC> , [""Manual03_14"", ""Manual03_15"", ""Manual03_16"", ""Manual03_17""]"
108,"""如何清洁空气净化器的设备内外？""","清洁空气净化器设备内外的步骤如下： 1. 清洁前请务必拔下电源插头。 2. 用温水或温和清洁剂浸湿的布擦拭净化器外壳，再用软布擦干 <PIC>。 3. 打开背部滤网盖并取出滤网；用吸尘器和湿毛巾清洁滤网仓内部 <PIC>。 4. 每月清洁设备及预过滤网1-2次；灰尘较多地区建议增加清洁频率 <PIC>。 5. 灰尘传感器清洁：双手握住设备上盖向上拉起；握住背部滤网盖把手向前拉出；拆下设备右侧灰尘传感器盖；用蘸少量水的棉签擦拭灰尘传感器镜头和进风口，再用干净干棉签彻底擦干；装回灰尘传感器盖、滤网盖及上盖（标识朝前） <PIC><PIC><PIC>。 注意：切勿用水清洗滤网；禁止使用丙酮、酒精等强腐蚀性化学试剂擦拭传感器部件；请勿在通电状态下清洁。 , [""Manual03_18"", ""Manual03_19"", ""Manual03_20"", ""Manual03_21"", ""Manual03_22"", ""Manual03_23""]"
109,"""如何清洁空气净化器的滤网？""","清洁空气净化器滤网前，请务必拔下电源插头。根据参考知识：1. 打开背部滤网盖并取出滤网；2. 用吸尘器或软刷清洁预过滤网；3. 禁止用水清洗滤网（若为不可水洗型滤网）；4. 若滤网过脏，请直接更换，不建议清洗；5. 建议每月清洁1-2次，灰尘较多环境可适当增加频率。<PIC><PIC> , [""Manual03_18"", ""Manual03_19""]"
110,"""如何更换空气净化器的滤网？""","更换空气净化器滤网的步骤如下： 1. 请先关闭设备并拔下电源插头，确保安全操作。<PIC> 2. 握住背部滤网盖把手并向前拉出。<PIC> 3. 拆除新滤网上的塑料包装（未拆除会产生异响，影响性能，甚至引发火灾或损坏设备）。<PIC> 4. 将滤网上下推入设备，确保滤网贴合紧密。<PIC> 5. 装回滤网盖：先将盖子插入设备底部固定卡槽，再向前滑动使其卡入顶部卡槽。<PIC> 6. 双手握住设备上盖并滑回原位，确保标识朝前。<PIC> 7. 滤网安装完成后，长按控制面板上的睡眠 + 自动键 5 秒以上进行初始化，重置后红色滤网指示灯将熄灭。<PIC> ⚠️ 注意： - 建议每 6–12 个月更换一次滤网，具体周期视使用环境而定； - 切勿用水清洗主滤网； - 请务必使用厂家推荐的原装滤网； - 更换期间请勿通电操作。 , [""Manual03_0"", ""Manual03_1"", ""Manual03_2"", ""Manual03_3"", ""Manual03_4"", ""Manual03_5"", ""Manual03_6""]"
111,"""如何清洁空气净化器的灰尘传感器？""","清洁灰尘传感器的步骤如下：1. 双手握住设备上盖并向上拉起。<PIC> 2. 握住背部滤网盖把手并向前拉出。<PIC> 3. 拆下设备右侧灰尘传感器盖。<PIC> 4. 用蘸少量水的棉签擦拭灰尘传感器镜头和进风口，再用干净干棉签彻底擦干。<PIC> 5. 装回灰尘传感器盖，装回滤网盖，将设备上盖标识朝前装回。<PIC> 注意：请勿使用丙酮、酒精等强腐蚀性化学试剂擦拭传感器部件，以免损坏镜头。 , [""Manual03_18"", ""Manual03_19"", ""Manual03_20"", ""Manual03_21"", ""Manual03_22""]"
112,"""空气净化器需要长期存放时该怎么做？""","空气净化器长期存放时，请按以下步骤操作：1. 在晴天运行设备1小时，然后拔下电源插头，晾干设备内部；2. 遮盖设备并存放在干燥、无阳光直射的地方。<PIC> , [""Manual03_18""]"
113,"""如何了解这款健身单车的技术规格？""","您可通过随附的《用户手册》了解本款健身单车的完整技术规格。手册中明确列出的关键技术参数包括：最大使用者重量为136千克（300磅）；设备总占地面积为5670平方厘米；机器净重26.5千克（58.4磅）；电源要求为220V–240V交流电、50Hz、工作电流0.4A；产品符合EN ISO 20957国际标准（S级），并获CE认证。此外，安全使用所需的最小运动区域为2.3米×1.8米，机器两侧需预留至少0.6米通行空间 <PIC>。建议您查阅手册首页及“技术规格”相关章节（如手册第14章）获取全部细节。 , [""Manual14_0""]"
114,"""启动健身单车前，我需要做什么？""","启动健身单车前，请按以下步骤准备： 1. 【安全检查】每次使用前，请检查机器是否有松动、破裂、损坏或磨损的零件（如座椅、脚踏板、曲柄、螺栓等），如发现异常请勿使用。<PIC> 2. 【水平调节】确保单车放置在坚固、水平的地面上；旋转后稳定器两侧的水平调节脚，使单车稳固不晃动。<PIC> 3. 【座椅与脚踏调节】 • 调节座椅高度：松开座管调节旋钮，将座椅调至合适高度（脚掌中心对准脚踏板中心，膝盖微弯），确保锁销完全卡入并拧紧旋钮；切勿超过座管上的「STOP」限位标记。<PIC> • 调节脚踏绑带：将脚掌中心置于脚踏板上，转动脚踏至易操作位置，再将绑带固定于鞋面，确保脚尖与膝盖朝前。<PIC> 4. 【穿着建议】请穿着橡胶底运动鞋及适合运动、活动自如的衣物；勿穿宽松衣物或佩戴首饰。<PIC> 5. 【健康提示】开始运动计划前请咨询医生；如运动中出现胸部疼痛、胸闷、呼吸急促或头晕，请立即停止并就医。 6. 【开机准备】接通电源后，踩踏或按任意键可唤醒控制台进入待机模式；首次使用需完成日期、时间及计量单位等初始设置。 , [""Manual14_15"", ""Manual14_13"", ""Manual14_20"", ""Manual14_21"", ""Manual14_22""]"
115,"""我听说买的这款健身单车配有控制台和显示功能，能为我介绍一下吗？""","您好，这款健身单车的控制台集成了显示与操作功能，可为您提供全面的运动数据监控和便捷的操作体验：<PIC> 控制台配有带触控按键的液晶显示屏，上部显示关键激活值（如目标完成百分比、心率区间、阻力等级等），下部显示区可自定义显示运动数据（如时间、距离、卡路里、速度、转速、心率等），支持手动按左（◀）或右（▶）按钮切换数据通道，也可设置为每6秒自动轮播 <PIC>。控制台支持多种功能操作：通过阻力增加（♠）/减小（▼）按钮实时调节阻力；程序按钮选择预设运动模式；目标追踪按钮查看用户档案中的累计运动成果与成就，成就指示灯会在达成里程碑时点亮 <PIC>；风扇按钮控制三速风扇；暂停/结束按钮管理运动状态；确认按钮用于启动程序、确认设置或恢复运动。此外，控制台可存储2个用户档案，自动记录每次运动数据，并支持编辑姓名、年龄、体重、身高、性别及首选数据显示，以提升卡路里与心率计算的参考准确性 <PIC>。 , [""Manual14_16"", ""Manual14_22"", ""Manual14_25"", ""Manual14_18""]"
116,"""在健身单车上运动前，我需要调整什么来保证运动的舒适度？""","在健身单车上运动前，为保证舒适度，您需要调整以下几项： 1. **座椅高度**：将脚踏板转到前位，脚掌中心对准脚踏板中心，膝盖应保持微弯。如腿部过直或脚无法踩到脚踏板，需调低座椅；如膝盖弯曲过度，则需调高座椅。调节前请先下车，松开座管上的调节旋钮，调至合适高度后确保锁销完全卡入并拧紧旋钮。注意：勿将座管调节到高于管上的限位标记（STOP）<PIC>。 2. **脚踏绑带**：使用带绑带的脚踏板可提供稳固支撑。将脚掌中心放在脚踏板上，转动脚踏板至可触及位置，再将绑带固定在鞋面上 <PIC>。 3. **单车水平**：运动前请检查并调节后稳定器两侧的水平调节脚，旋转旋钮使单车处于水平、稳固状态 <PIC><PIC>。 , [""Manual14_20"", ""Manual14_21"", ""Manual14_13"", ""Manual14_14""]"
117,"""使用健身单车的轻松骑行类别时，我能体验到哪些预设运动程序？""",在轻松骑行类别下，您可体验的预设运动程序为：起伏山丘。
118,"""使用健身单车的山地类别时，我能体验到哪些预设运动程序？""","在健身单车的‘山地’类别下，您可体验的预设运动程序为：派克峰。<PIC> , [""exercise_bikes_02""]"
119,"""挑战健身单车的最高难度类别时，我能体验到哪些预设运动程序？""","在挑战健身单车的最高难度类别（即“挑战”类别）中，您可体验的预设运动程序为：上坡冲刺。<PIC> , [""exercise_bikes_02""]"
120,"""如果我想编辑健身单车的用户档案，需要遵循哪些步骤？""","编辑健身单车用户档案的步骤如下： 1. 在开机模式界面，按增加（♠）或减少（▼）按钮选择一个用户档案； 2. 按确认按钮选择该用户档案； 3. 控制台显示编辑提示和当前用户档案名称，按确认键开始编辑；如需退出编辑，可按暂停/结束按钮返回开机模式； 4. 首先编辑姓名：当前激活段闪烁，使用增加/减少按钮浏览字母与空格（A–Z之间），按左（◀）或右（▶）按钮切换输入段，按确认键确认姓名（最多10个字符）； 5. 依次编辑其他信息：年龄、体重、身高、性别，每项均使用增加/减少按钮调节，完成后按确认键； 6. 编辑“首选运动数据显示”选项：可设为“开启”（每6秒自动切换显示数据通道）或“关闭”（按左/右按钮手动切换），按确认键保存设置。<PIC> , [""Manual14_22""]"
121,"""我想在使用健身单车时设置心率目标，能否根据我的年龄为我推荐合适的目标心率？""","您好，健身单车支持心率控制（HRC）运动程序，可基于您的年龄等用户档案信息自动计算目标心率区间。根据参考知识，控制台会使用您档案中设置的年龄，结合最大心率估算公式（通常为220减去年龄），并按百分比划分区间：50–60%、60–70%、70–80%、80–90%。其中，75%最大心率用于体能测试区间；而燃脂和心血管改善的常用有效区间为最大心率的50–70% <PIC>。需注意：该估算为通用参考值，个体差异较大，且显示屏心率仅为近似值，仅供参考。建议首次使用前咨询医生，并确保正确使用接触式心率传感器（双手稳固握住把手不锈钢区域）以获取稳定信号 <PIC>。 , [""Manual14_19"", ""Manual14_25""]"
122,"""我听说这款健身单车有体能测试程序，这是什么功能？""","体能测试程序是一种用于评估您体能水平提升的功能。它通过对比功率输出（瓦特）与心率数据来生成“体能得分”。测试前需确保控制台能从接触式心率（CHR）传感器或心率监测仪（HRM）读取心率信息 <PIC>。程序开始时，您需选择体能水平——初级（BEG）或高级（ADV），控制台将根据所选用户档案中的年龄和体重自动计算得分。测试过程中，运动强度逐步提升，直至心率达到基于您最大心率75%设定的“测试区间”；随后保持该强度3分钟以进入稳定状态；结束后，系统结合实时心率、功率输出、年龄及体重，计算出体能得分。该得分仅用于与您自身历史测试结果对比，以直观反映体能进步情况。 , [""Manual14_25""]"
123,"""如果要给电钻充电，需要遵循哪些步骤？""","给电钻充电需遵循以下步骤： 1. 先将充电器插入合适的120V交流插座； 2. 将电池组（K）对准充电器插槽，平稳插入直至完全就位； 3. 此时红色（充电）指示灯持续闪烁 <PIC>，表示充电过程已开始； 4. 待红色指示灯常亮 <PIC>，表示电池组已充满电； 5. 充电过程中如遇温度异常，可能出现“过热/过冷延迟”状态 <PIC>，此时充电将暂停，待温度恢复至65°F–75°F（18°C–24°C）范围后自动继续。 重要提示：请务必使用原厂指定充电器；勿在易燃环境、高温（＞105°F/40.5°C）或低温（＜40°F/4.5°C）环境下充电；充电前确保电池端子清洁、无金属异物短接。 , [""drill0_04"", ""drill0_05"", ""drill0_06""]"
124,"""我的DCB101型号电钻指示灯闪烁时，这些闪烁标识代表什么含义？""","DCB101型号电钻的指示灯闪烁含义如下（均指充电器上的指示灯状态）：<PIC> 电池组充电中：红色指示灯持续闪烁；<PIC> 电池组已充满：红色指示灯常亮；<PIC> 过热/过冷延迟：红色指示灯长闪后短闪；<PIC> 充电故障（如电池或充电器异常）：红色指示灯快速闪烁；<PIC> 电源故障（如连接发电机等非标电源）：红色指示灯快速闪烁两次后暂停。 , [""drill0_04"", ""drill0_05"", ""drill0_06"", ""Manual11_2"", ""drill0_08""]"
126,"""使用电钻时，如何安装单套无键夹头？""","安装单套无键夹头（F）上的钻头或其他附件，请严格按以下步骤操作： 1. 关闭工具并断开工具电源（建议取下电池组）； 2. 一只手握住夹头黑色套筒，另一只手固定工具主体，逆时针旋转套筒至开口足够大，以便装入所需附件； 3. 将附件插入夹头约3/4英寸（19毫米），然后一只手顺时针旋转夹头套筒紧固，另一只手稳握工具； 注意：您的工具配有自动主轴锁定机构，支持单手操作夹头，但为确保最大紧固度，务必双手配合——一手握套筒、一手握工具。 ⚠️ 警告：切勿通过启动工具并握住夹头前部来拧紧钻头，否则可能损坏夹头并导致人身伤害；更换附件前必须锁定扳机开关并断开电源；启动前务必确认附件已完全紧固，防止松脱弹出。 <PIC><PIC><PIC> , [""drill0_01"", ""drill0_02"", ""drill0_03""]"
127,"""如果要安装和拆卸电钻的电池组，需要遵循什么步骤？""","安装电池组：将电池组（K）对准工具手柄内导轨，滑入手柄直至电池组牢固就位且不会松脱。<PIC> 拆卸电池组：先关闭工具，然后按下释放按钮（J），将电池组从工具手柄中平稳拔出。<PIC> , [""drill0_14"", ""drill0_14""]"
128,"""使用电钻的腰带挂钩和批头夹时，需要特别注意什么？""","使用电钻的腰带挂钩和批头夹时，需特别注意以下几点： 1. 安装/调整前务必关闭工具并取下电池组，防止意外启动造成人身伤害； 2. 仅将腰带挂钩挂在工作腰带上，切勿悬挂工具于高处或在挂钩上额外悬挂其他物体； 3. 固定腰带挂钩与批头夹的螺钉（H）必须使用随附原装螺钉，并确保完全拧紧； 4. 腰带挂钩（G）和批头夹（I）可安装在工具任意一侧（适配左右手），移动时需先取下固定螺钉，重新安装后务必再次拧紧； 5. 若无需使用，可将其从工具上安全取下。 <PIC> <PIC> , [""Manual11_7"", ""drill0_14""]"
129,"""购买电钻后，应配备哪些附件？""","根据产品说明，您的电钻标配附件包括：单套无键夹头（F）、腰带挂钩（G）和批头夹（I，另售）。此外，为安全合规使用，您需另行配备以下制造商推荐附件： 1. 锋利钻头——木质/金属作业选用普通麻花钻头；砖石等砌体作业必须使用额定冲击钻孔的硬质合金钻头（参考文档2、8）； 2. 批头（螺丝刀头）——用于拧螺丝作业，需按紧固件类型（如十字、一字、六角等）选配，并像钻头一样装入夹头（参考文档2）； 3. 辅助手柄（如适用）——若工具配有辅助手柄，请务必使用，以防失控（参考文档3）； 4. 安全防护附件——虽非电钻本体附件，但属强制配套使用项：ANSI Z87.1认证护目镜、听力防护装备（冲击钻孔时）、防尘口罩（产生粉尘作业时）等（参考文档3、7）。 ⚠️重要提示：切勿使用制造商未测试或未推荐的附件，否则存在安全隐患（参考文档6）；所有附件安装前须关闭工具并取下电池组（参考文档4、8）。 <PIC><PIC><PIC> , [""drill0_03"", ""drill0_15"", ""drill0_17""]"
130,"""电钻的三年有限保修包含哪些内容？""",电钻的三年有限保修具体内容如下： • 保修范围：覆盖产品材料与工艺方面的缺陷，自购买之日起三年内有效。 • 保修服务形式：制造商将根据判断，免费维修或更换因原厂材料或工艺缺陷导致故障的零部件。 • 除外责任：以下情况不在保修范围内： - 电池组被擅自改装（改装将直接导致保修失效）； - 安装或使用非制造商推荐的附件； - 异常负荷、疏忽、不当使用或未按规定保养； - 意外事故、碰撞、火灾、进水等外部因素导致的损坏； - 正常磨损及日常保养耗材（如碳刷等，虽属维护范畴，但需由专业服务中心执行，不属免费更换范围）。 • 补充服务： - 购买后第一年内享1年免费服务：免费维护工具，更换正常使用造成的磨损部件； - 部分指定型号电池组（如DC9071、DC9091、DC9096、DC9280、DC9360、DC9180、DCB120、DCB127、DCB201、DCB203、DCB207）享2年免费服务； - 其他电池组享3年免费服务。 • 注意事项：维修必须由专业工厂服务中心、授权服务中心或合格维修人员执行，且须使用原厂相同替换零件；充电器和电池组不可自行维修。
131,"""购买健身追踪器后，包装盒里应该有什么？""","您的健身追踪器包装盒内含：配有小号表带的手表（颜色和材质仅供参考）<PIC>，以及一条额外的大号表带<PIC>。 , [""fitness_trackers_01"", ""fitness_trackers_02""]"
132,"""我刚发现健身追踪器电量低，该如何正确为其充电？""","当健身追踪器电量低时，请按以下步骤为其正确充电： 1. 将充电线插入电脑的USB端口、UL认证的USB墙充充电器或其他低功耗充电设备； 2. 将充电线另一端靠近手表背面的充电接口，利用磁吸自动吸附，确保金属触点与手表接口对齐 <PIC>； 3. 充电时，轻点屏幕两次或按下按钮即可点亮屏幕查看状态； 4. 充电12分钟即可续航24小时，完全充满约需1–2小时 <PIC>。 提示：电量严重不足（≤8%）时，部分功能（如GPS、EDA传感器、常亮显示等）会自动关闭，充电后即可恢复正常。 , [""Manual16_22"", ""Manual16_23""]"
133,"""为了让健身追踪器性能更佳，日常佩戴和运动时该将其佩戴在什么位置？""","为了让健身追踪器性能更佳： · 日常佩戴时，请将设备佩戴在腕骨上方一指宽的位置； · 运动时，为优化心率监测效果，建议将表带向上移动以获得更贴合的佩戴效果，并确保设备背面与皮肤紧密接触，同时将手表戴在手腕正面； · 佩戴时应松紧适度：表带需舒适贴合，留有可轻微移动的空隙，避免过紧； · 为提升数据准确性，请在健身追踪器应用中确认并设置佩戴手腕（惯用手或非惯用手），初始默认为非惯用手。<PIC> <PIC> , [""Manual16_9"", ""Manual16_10""]"
134,"""我的健身追踪器表带太紧了，该如何扣紧表带？""","您好，关于表带太紧的问题，实际应是‘如何正确扣紧（即调节至合适松紧）表带’。根据使用说明： 1. 将健身追踪器戴在手腕上； 2. 将底部表带穿入顶部表带的第一个环扣； <PIC> 3. 收紧表带至舒适贴合，将表扣钉按入表带上的其中一个孔——注意：佩戴时应留有空隙，可在手腕上轻微移动，不可过紧； <PIC> 4. 将表带的松散端穿入第二个环扣，使其平整贴在手腕上。 如您使用的是小号表带且已用到末尾两个孔仍觉过紧或不适，建议更换为包装盒内附赠的大号表带，以获得更稳固、舒适的佩戴效果。 , [""Manual16_9"", ""Manual16_10""]"
135,"""我想取下健身追踪器，该如何正确拆卸表带？""","正确拆卸健身追踪器表带的步骤如下： 1. 将健身追踪器翻面，找到表带卡扣。 2. 松开卡扣，将扁平按钮向表带方向滑动。 3. 轻轻将表带从手表上拔下松开。 4. 另一侧重复上述操作。<PIC> <PIC> <PIC> , [""Manual16_9"", ""Manual16_10"", ""Manual16_11""]"
136,"""我听说可以操作健身追踪器的界面，具体该遵循哪些步骤？""","操作健身追踪器界面主要通过以下方式： 1. 轻点屏幕进行选择或确认； 2. 左右滑动切换不同功能卡片（如从时钟界面滑动查看今日活动卡片）； 3. 上下滑动浏览设置列表或数据详情； 4. 按下机身上的1个物理按钮，用于暂停/继续运动、返回上一级等操作。 为节省电量，屏幕默认在不使用时自动熄灭，您可在设置中开启“常亮显示”（详见说明书第23页）。<PIC> 例如，在运动应用中调整设置时： 1. 打开运动应用； 2. 点击目标运动类型； 3. 向上滑动浏览设置项； 4. 点击具体设置进行调整； 5. 向下滑动至播放图标完成操作。<PIC> , [""Manual16_9"", ""Manual16_14""]"
137,"""健身追踪器能对手机的通知实现哪些功能？""","健身追踪器对手机通知支持以下功能： 1. 显示通知类型：可显示手机的来电、短信、日历事件及已安装应用（如WhatsApp等）的通知；iPhone同步日历应用中的全部日历通知，安卓则显示设置时选定的日历应用通知。 2. 通知接收条件：需保持手表与手机距离在30英尺（约9米）以内，且手机蓝牙开启、通知权限已授予。 3. 交互操作： • 来电时可直接在手表上点击绿色电话图标接听，或点击红色电话图标拒接并转语音信箱； • 安卓手机支持快捷回复：通过语音转文字或预设文本回复短信及部分应用通知； • 收到通知时手表震动提醒，未及时查看可后续在时钟界面向上滑动，或双击按钮后点击通知图标查看。 4. 通知管理： • 最多存储30条通知，超出后新通知自动替换最早一条； • 可展开单条通知并滑动至底部点击“清除”删除； • 向上滑动至通知列表底部可点击“全部清除”； • 按下按钮或向下滑动可退出通知界面。 5. 通知开关控制： • 可在手机App中单独关闭某类通知（如仅关闭微信通知）； • 也可在手表快捷设置中一键开启/关闭所有通知（包括目标庆祝、久坐提醒等）<PIC>。 , [""Manual16_29""]"
138,"""能告诉我健身追踪器是如何追踪皮肤温度变化的吗？""","健身追踪器通过内置传感器每晚自动记录您的皮肤温度，并与您个人的基准值进行比较，从而显示夜间皮肤温度的变化趋势。您需要连续佩戴设备睡觉3晚，才能建立个人皮肤温度基准。查看数据时，请打开手机上的健身追踪器应用，在今日页面点击温度卡片，即可看到昨晚温度与基准的差异（例如“昨晚比基准低-0.2°F”）以及皮肤温度变化图表 <PIC> <PIC>。注意：该功能并非在所有地区都可用，且不用于医疗诊断或治疗。 , [""Manual16_35"", ""Manual16_36""]"
139,"""通过运动应用，健身追踪器是如何追踪并分析我的运动情况的？""","健身追踪器通过运动应用追踪并分析您的运动情况，主要分为自动追踪和手动追踪两种方式： 1. **自动追踪运动**：可自动识别并记录持续至少15分钟的高强度活动（如步行、跑步、骑行），在手机健身追踪器应用中查看活动基本数据。您可在运动应用中开启步行、跑步或骑行检测，当手表识别到对应运动时，会自动启动运动应用；即使关闭该设置，相关基本数据仍会记录。 2. **手动追踪运动**： - 在健身追踪器上打开运动应用，滑动选择运动类型（最近使用项显示在顶部）； - 如运动需GPS，等待屏幕显示“GPS已连接”（<PIC>）后开始； - 点击播放图标开始运动，可实时查看心率、消耗卡路里、耗时等数据； - 运动结束后向上滑动点击“结束”，显示运动摘要； - 在健身追踪器应用中点击运动卡片，可查看完整数据，如使用GPS还可查看运动强度地图。 此外，运动应用还支持自定义运动设置、心率区间提醒（<PIC>）、活动区域分钟数统计等功能，帮助您科学分析训练效果。 , [""Manual16_34"", ""Manual16_33""]"
140,"""健身追踪器是如何测量我的心率的？""","健身追踪器通过设备背面的光学心率传感器（PPG技术）持续监测您的心率。传感器向皮肤发射绿光，检测血液流动引起 的光线反射变化，从而计算每分钟心跳次数。为确保测量准确，请将健身追踪器佩戴在腕骨上方一指宽处，确保设备背面与皮肤紧密接触 <PIC>；运动时可适当上移表带并扣紧，保持贴合 <PIC>。如出现心率信号丢失（显示虚线），可微调手表位置、收紧表带或保持手臂静止伸直片刻以恢复检测 <PIC>。 , [""Manual16_48"", ""Manual16_49"", ""Manual16_50""]"
141,"""我该如何仅使用健身追踪器完成消费支付？""","您可按以下步骤仅使用健身追踪器完成消费支付： 1. 确保已在健身追踪器应用中成功添加并设置了至少一张支持非接触式支付的合作银行信用卡或借记卡（参考文档2）； 2. 在支持非接触式支付的商店，查看支付终端是否显示相应标识 <PIC>； 3. 打开手表上的钱包或健身追踪器支付应用（可通过双击手表按钮快速访问）； 4. 如提示，请输入4位手表PIN码，屏幕将显示默认支付卡； 5. 若使用默认卡：将佩戴在手腕上的健身追踪器靠近支付终端；若使用其他已添加的卡：先在屏幕上滑动选择对应卡片，再将手腕靠近终端； 6. 支付成功时，手表会震动并显示确认信息。 注意：为保障安全，非接触式支付必须在健身追踪器佩戴于手腕状态下进行；如终端未识别，请确保表盘紧贴读取器，并告知收银员您使用的是非接触式支付。 , [""Manual16_33""]"
142,"""使用健身追踪器时，我可能会遇到哪些问题以及该如何解决？""","使用健身追踪器时，您可能遇到的常见问题及解决方法如下： 1. **心率信号丢失**：屏幕显示虚线。请确保手表紧贴皮肤、佩戴位置正确（腕骨上方一指宽），运动时可将表带略微上移并收紧；保持手臂静止伸直片刻，通常可恢复检测。<PIC> 2. **GPS信号丢失**：环境如高楼、密林、厚云层等易干扰信号。开始运动前请耐心等待GPS连接（屏幕顶部显示旋转GPS图标）；连接成功后图标变为静止状态，震动提示；若图标变红，表示信号丢失，手表会自动重连。<PIC><PIC> 3. **触摸屏无响应或操作不灵敏**：健身追踪器配备彩色AMOLED触摸屏和1个按钮，支持轻点、滑动及按键操作；屏幕默认息屏省电，轻点两次或按按钮即可唤醒。<PIC> 4. **充电异常**：请使用原装磁吸充电线，确保金属触点与手表背面接口对齐吸附；充电12分钟可续航24小时，完全充满约需1–2小时。<PIC> 5. **自动运动识别未触发**：仅支持持续≥15分钟的高强度活动自动识别。请在健身追踪器应用中开启步行/跑步/骑行检测功能，并确保运动类型符合识别条件。 6. **久坐提醒未生效**：设备默认每小时提醒走250步（前10分钟未达成时触发震动提醒），可在应用中确认该功能是否开启。 如仍运行异常，建议参考说明书“故障排除”章节或通过健身追踪器应用获取更多帮助。 , [""Manual16_48"", ""Manual16_49"", ""Manual16_50"", ""Manual16_33"", ""Manual16_34""]"
144,"""我想给健身追踪器设置锁屏，该如何实现？""","健身追踪器本身不支持传统意义上的“锁屏”功能，但可通过设置“设备锁”来保障安全：解锁手表时需输入个人4位PIN码。该功能在健身追踪器应用中开启——进入应用今日页面，点击左上角图标 > 健身追踪器卡片 > 设备锁。注意：若已设置非接触式支付，设备锁将自动开启且必须设置PIN码；如未使用支付功能，设备锁为可选设置。<PIC><PIC><PIC><PIC> , [""Manual16_22"", ""Manual16_23"", ""Manual16_24"", ""Manual16_25""]"
145,"""使用冰箱冰柜时需要注意什么？只需告诉我手册中的前五条。""","根据手册内容，使用冰箱冰柜时需注意的前五条如下： 1. 若电源线或电源插头损坏、插座插孔松动，请勿使用。<PIC> 2. 请勿将手伸入冰箱冰柜底部。底部铁板可能造成受伤。<PIC> 3. 搬运冰箱冰柜时，请握住前底部及后顶部把手。否则可能手滑导致受伤或产品损坏。因产品较重，单独搬运可能伤人或发生意外。<PIC> 4. 开关冰箱冰柜门可能伤及周围人员，请注意。同时打开两扇门可能导致手指或手部被门缝挤压。打开的门体边角可能碰伤儿童（尤其是冷冻室门下边缘易被忽视）。<PIC> 5. 请勿将任何活物放入冰箱冰柜。<PIC> , [""Manual17_33"", ""Manual17_34"", ""Manual17_35"", ""Manual17_36"", ""Manual17_37""]"
146,"""给冰箱连接电源时，需要做到哪些注意事项？只需告诉我手册中的前五条。""","根据手册，连接电源时的前五条注意事项如下： 1. 应使用专用插座。一个插座同时使用多个设备可能引发火灾；若连接漏电保护器，可能跳闸导致食物变质。<PIC> 2. 请勿让电源插头朝上或被挤压在冰箱冰柜背面。插头朝上可能因线缆自重松脱，导致电气故障、火灾或冰箱停机；插头被挤压可能损坏线缆引发火灾。<PIC> 3. 安装过程中拔下插头后推入冰箱时，应防止电源线被挤压或弯折。线缆被挤压或弯折可能引发火灾或触电。<PIC> 4. 请勿让重物挤压或弯折电源线。可能损坏电源线，引发火灾或触电。<PIC> 5. 请勿延长或改装电源插头长度。可能引发火灾或触电。<PIC> , [""Manual17_0"", ""Manual17_1"", ""Manual17_2"", ""Manual17_3"", ""Manual17_4""]"
153,"""考虑到燃油高度易燃且有毒，使用发电机时我需要注意什么？""","使用发电机时，鉴于燃油高度易燃且有毒，您需特别注意以下安全事项： 1. 加油前务必关闭发动机； 2. 加油时严禁吸烟或靠近明火； 3. 切勿将燃油洒在发动机或消音器上 <PIC>； 4. 如不慎吞入燃油、吸入燃油蒸汽或燃油入眼，请立即就医； 5. 如燃油溅到皮肤或衣物上，请立即用肥皂水清洗并更换衣物； 6. 操作或运输发电机时，请务必保持机身直立，防止燃油从化油器或油箱泄漏 <PIC>； 7. 加油后务必拧紧油箱盖，并确保通气旋钮已拧紧 <PIC>； 8. 切勿加注燃油至燃油滤清器顶部以上，以防受热膨胀溢出，若发生溢出请立即擦拭干净。 , [""generator_20"", ""generator_21"", ""generator_03""]"
154,"""发电机工作后，发动机和消音器可能会发烫，这种情况下我该如何保证自身安全？""","发动机及消音器运行后温度极高，请务必注意以下安全事项：<PIC> 1. 切勿在冷却前用身体或衣物触碰发动机及消音器；<PIC> 2. 将发电机放置在行人或儿童不易触碰的位置；<PIC> 3. 运行时与建筑物或其他设备保持至少1米（3英尺）距离，防止过热；<PIC> 4. 避免在排气口附近放置易燃物品；<PIC> 5. 严禁在防尘罩覆盖下运行发电机。 , [""generator_04"", ""Manual18_8"", ""Manual18_9"", ""Manual18_10"", ""Manual18_11""]"
155,"""日常使用中，如何防止发电机触电事故的发生？""","日常使用中，为防止发电机触电事故，请严格遵守以下安全措施： 1. 切勿在雨雪中运行发电机； 2. 切勿湿手触碰发电机，否则会触电； 3. 务必对发电机进行可靠接地，并使用足够载流量的接地导线 <PIC>； 4. 发电机接入建筑物电气系统前，必须由持证电工安装隔离（转换）开关，防止反送电导致维修人员触电或设备损坏 <PIC>。 , [""Manual18_12"", ""Manual18_13""]"
156,"""需要通过发电机的燃油开关旋钮供油时，我该遵循哪些步骤？""","通过燃油开关旋钮供油时，请按以下步骤操作： 1. 先将油箱盖通气旋钮逆时针旋转1圈，打开油箱通气口 <PIC>； 2. 再将燃油开关旋钮置于“开启”位置 <PIC>； 3. 若燃油开关旋钮无法转动，可取下盖板①，使用内部可见的燃油开关拨杆手动供油 <PIC>。 注意：操作前请确保发动机已关闭，且燃油系统无泄漏；加油及供油过程中严禁吸烟或靠近明火。 , [""generator_10"", ""Manual18_19"", ""Manual18_20""]"
157,"""使用发电机时，燃油的使用前检查十分重要，该如何操作？""","使用发电机前，燃油相关检查操作如下： 1. 确认油箱内燃油充足 <PIC>； 2. 检查燃油类型是否符合要求：仅使用泵法辛烷值（(R+M)/2）86及以上或研究法辛烷值91及以上的普通无铅汽油 <PIC>； 3. 加油前务必关闭发动机，严禁吸烟或靠近明火 <PIC>； 4. 加油时保持机身直立，防止燃油从化油器或油箱泄漏； 5. 加油后请拧紧油箱盖通气旋钮，并确认通气口已正确开启（逆时针旋转1圈） <PIC>。 , [""generator_12"", ""generator_13"", ""generator_20"", ""generator_03""]"
158,"""启动发电机发动机的前两个步骤是什么？""","启动发电机发动机的前两个步骤是： 1. 按住油箱盖防止转动，将通气旋钮逆时针旋转1圈，打开油箱通气口。<PIC> 2. 将燃油开关旋钮置于“开启”位置。<PIC> , [""Manual18_24"", ""Manual18_24""]"
159,"""我需要给发电机连接交流电，该过程中如何保证自身安全？""","为确保连接发电机交流电过程中的自身安全，请严格遵守以下安全要点： 1. 切勿在雨雪中运行发电机； 2. 切勿湿手触碰发电机，以防触电； 3. 务必对发电机进行可靠接地，并使用足够载流量的接地导线 <PIC>； 4. 连接前确认所有电气设备（线路、插头）状态良好，且已关闭所有负载； 5. 插入交流插座前，确保发动机已启动，交流指示灯亮起 ； 6. 总负载不得超过发电机额定输出范围，插座负载电流不得超过其额定电流； 7. 使用前请完整阅读手册，特别关注含安全警示符号的内容——事关人身安全，务必提高警惕！ , [""Manual18_12""]"
160,"""我注意到发电机上有两种不同的开关，请为我介绍一下。""","您好，发电机上提到的两种主要开关是： 1. **发动机开关**：位于控制面板上，标识为“7”（开启）和“○”（关闭），用于控制发动机的启停。<PIC> 2. **经济控制开关**：标识为“Ⅰ”（开启）和“○”（关闭），用于启用或禁用经济运行模式；注意充电时务必将其置于“○”（关闭）位置。 , [""generator_08""]"
161,"""我该在哪里查找并记录发电机的标识信息？""","发电机的标识信息（包括产品识别码、序列号及机型标识）标注在机器本体的指定位置。根据手册说明，机器序列号位于图示位置 <PIC>；同时，请参考《识别码记录》页，该页也标示了识别码记录位置 <PIC>。建议您在使用前找到并记录这些编号（前三位为机型标识，其余为生产编号），以便后续订购配件或联系经销商。 , [""Manual18_1"", ""Manual18_0""]"
162,"""使用发电机的直流保护器时，我需要注意什么？""","使用发电机的直流保护器时，您需注意以下几点： 1. 当负载超过发电机额定输出时，直流保护器将自动断开（<PIC>）； 2. 若直流保护器断开，请立即将负载降至发电机额定输出范围内； 3. 若复位后再次断开，请停止使用并咨询发电机经销商； 4. 直流保护器可通过按下“复位”按钮进行手动复位（<PIC>）； 5. 复位操作前请确认负载已减小，避免反复触发保护。 注：相关图示见直流保护器状态标识及复位操作示意。 , [""generator_08"", ""generator_09""]"
163,"""使用发电机前，对发动机机油进行使用前检查十分重要，正确的步骤是什么？""","使用发电机前，对发动机机油进行使用前检查的正确步骤是：确认发动机机油处于机油加注口上限位置，必要时添加。推荐使用API标准SE级或SF级发动机机油。注意：发电机出厂时未加注发动机机油，必须加注后方可启动。<PIC><PIC><PIC> , [""generator_17"", ""generator_18"", ""generator_19""]"
164,"""根据手册说明，启动发电机发动机的最后三个步骤是什么？""",根据手册说明，启动发电机发动机的最后三个步骤是： 5. 缓慢拉动反冲启动器至啮合位置，然后快速拉动。 6. 发动机启动后，进行暖机，直至阻风门旋钮推回原位发动机也不会熄火。 7. 将阻风门旋钮推回原位。
165,"""发电机的电池电量不足了，该如何正确充电？""","发电机电池电量不足时，请按以下步骤正确充电： 1. 充电前务必关闭经济控制开关； 2. 确保电池接线正确（红线夹接正极(+)，黑线夹接负极(-)，切勿接反）<PIC>； 3. 确保通气软管连接正确、无损坏或堵塞； 4. 将充电线在提手上缠绕2至3圈，插入直流插座 <PIC>； 5. 充电时严禁吸烟，严禁在电池处连接或断开线路（火花可能点燃易爆气体）； 6. 电池电解液有毒且具腐蚀性，操作时请佩戴护目镜，避免接触皮肤、眼睛或衣物； 7. 电池充满电时，电解液比重应在1.26至1.28之间，建议每小时检查一次比重； 8. 请在通风良好、远离明火与热源的干燥区域充电。 , [""Manual18_38"", ""Manual18_39""]"
166,"""我需要让发电机的发动机停机，告诉我该如何操作。""","请按以下步骤操作使发电机发动机停机： 1. 关闭所有外接电气设备； 2. 将经济控制开关置于○（关闭）位置 <PIC>； 3. 将发动机开关置于“5”（停止）位置 <PIC>； 4. 将燃油开关旋钮置于“关闭”位置 <PIC>； 5. 顺时针拧紧油箱盖通气旋钮至手指拧紧状态 <PIC>。 注：参考文档9明确提供了该标准停机流程，适用于发电机产品。 , [""Manual18_42"", ""Manual18_43"", ""Manual31_7"", ""Manual18_23""]"
167,"""根据手册的建议，使用发电机时该如何检查火花塞？""","根据手册建议，使用发电机时检查火花塞的步骤如下： 1. 取下盖板①。 2. 检查是否变色并清除积碳。<PIC> 3. 检查火花塞型号及间隙。<PIC> ⊛ 间隙<PIC> 4. 安装火花塞。<PIC> 5. 安装盖板。<PIC> , [""Manual31_21"", ""pump_28"", ""pump_29"", ""Manual04_37"", ""Manual04_38""]"
168,"""为了正确更换发电机的发动机机油，我需要遵循的前六个步骤是什么？""","根据参考知识，发电机发动机机油更换的前六个步骤如下： 1. 将发电机放置在水平面上，预热发动机数分钟后停机，并将燃油开关旋钮置于“关闭”位置，顺时针拧紧油箱盖通气旋钮。 2. 取下盖板①。<PIC> 3. 从发电机底部拆下放油接头①，打开机油加注口盖。<PIC> 4. 将放油接头①安装到机油加注口。<PIC> 5. 在发动机下方放置接油盘，倾斜发电机将机油完全排空。<PIC> 6. 添加发动机机油至上限位置。<PIC> , [""generator_17"", ""generator_18"", ""generator_19"", ""Manual18_23"", ""Manual18_23""]"
169,"""我在操作发电机空气滤清器时出现了失误，请告诉我正确的步骤。""","您好，发电机空气滤清器的正确操作步骤如下： 1. 取下盖板①。 <PIC> 2. 松开固定空气滤清器盖⊛的卡箍○。 <PIC> 3. 取下空气滤清器盖及滤芯④。 4. 用溶剂清洗滤芯并晾干（注意：严禁吸烟或靠近明火）。 5. 给滤芯上油并挤出多余机油，滤芯应湿润但不滴油。推荐使用泡沫空气滤清器专用油或SAE 20号发动机油；请勿拧绞滤芯，以免撕裂。 6. 将滤芯装入空气滤清器，确保滤芯密封面与空气滤清器贴合，无漏气。 <PIC> 7. 将空气滤清器盖装回原位并安装卡箍。 8. 安装盖板。 ⚠️ 重要警告：发动机严禁无滤芯运行，否则会导致活塞及气缸过度磨损。 , [""Manual04_37"", ""Manual04_38"", ""Manual04_39""]"
170,"""如果发电机的发动机无法启动，我该怎么办？""","如果发电机的发动机无法启动，请按以下步骤逐一排查： 1. 检查发动机机油——发电机出厂时未加注机油，必须加注至机油加注口上限位置，否则无法启动 <PIC>；机油不足时，机油警告灯可能闪烁数秒 <PIC>。 2. 检查燃油系统： • 确认油箱有油； • 将油箱盖通气旋钮逆时针旋转1圈打开通气口 <PIC>； • 将燃油开关旋钮置于“开启”位置 <PIC>； • 若仍不启动，可能存在燃油管路或化油器堵塞，需清洁处理。 3. 检查发动机开关是否置于“7”（开启）位置 <PIC>； 4. 启动前请勿连接任何电气设备，并将经济控制开关置于○（关闭）位置 <PIC>； 5. 冷机启动时，请将阻风门旋钮完全拉出 <PIC>，然后缓慢拉动反冲启动器至啮合位置，再快速拉动；热机启动则无需使用阻风门，阻风门应推回原位。 如完成上述检查仍无法启动，建议联系售后或授权经销商进一步检测。 , [""generator_17"", ""generator_18"", ""generator_19"", ""Manual18_23"", ""generator_05"", ""Manual18_8"", ""Manual18_9""]"
171,"""我需要将发电机的燃油排空，该如何正确操作？""","排空发电机燃油的正确操作如下： 1. 打开油箱盖，使用市售手动虹吸管将油箱内燃油排入合格汽油容器，然后装回油箱盖。<PIC> 2. 将燃油开关旋钮置于“关闭”位置，启动发动机直至自行停机，以燃烧完化油器内剩余燃油。<PIC> 3. 取下盖板①，松开化油器浮子室放油螺丝，排空化油器内燃油。<PIC> ⚠️ 注意：燃油高度易燃且有毒，请在通风良好处操作，远离明火与吸烟区域；如燃油溅到皮肤或衣物，请立即用肥皂水清洗并更换衣物。<PIC> , [""generator_20"", ""generator_21"", ""generator_03"", ""generator_04""]"
172,"""使用该发电机为对电压敏感的精密设备供电前，我需要做什么？""",使用该发电机为对电压敏感的精密设备供电前，请咨询精密设备供应商。部分精密设备（如医疗设备、个人电脑及检测峰值电压和有效值电压的逆变器）对电压稳定性要求较高，便携式发电机可能无法提供足够稳定的电压供应。此外，务必确保总负载在发电机额定输出范围内，并确认所有电气设备（包括线路及插头连接）状态良好，插入插头前关闭所有电气设备。
173,"""在划船或钓鱼的场景中，拖曳速度、半滑航速度和滑航速度分别指什么，它们在技巧和应用上有何不同？""","在摩托艇操作中，“拖曳速度”“半滑航速度”和“滑航速度”是三种关键操控速度，定义与应用如下： • 拖曳速度：最低操控速度，几乎不加油门；艇体沉入水中，无尾流 <PIC>；适用于靠岸、停靠码头、接近物体或拖曳场景（如划船辅助、钓鱼时低速定位），转向可在不加油门下完成 <PIC>。 • 半滑航速度：中等速度，艇首略微抬离水面但仍处于水中行驶，产生尾流 <PIC>；适用于大椭圆转向、绕圈与8字行驶等基础操控训练，此时转向需配合油门，松开油门后转向响应迅速下降 <PIC><PIC>。 • 滑航速度：较快速度，艇体更平稳地在水面滑行，产生明显尾流 <PIC>；适用于高速转向、穿越尾流与浪涌等进阶操作；此状态下转向角度受限，车把过度转向易引发侧滑，导致推力下降与减速，需及时回调车把恢复控制 <PIC><PIC>。 , [""Manual40_1"", ""Manual40_19"", ""Manual40_2"", ""Manual40_20"", ""Manual40_21"", ""Manual40_3"", ""Manual40_26"", ""Manual40_27""]"
174,"""如何在深水中登上并平衡摩托艇，确保操作的安全性和稳定性？""","在深水中登上并平衡摩托艇的安全操作步骤如下： 1. 先在近岸浅水区练习，再前往开阔水域；练习时发动机必须处于熄火状态。 2. 选择水深至少齐胸（≥60厘米）的水域，确保艇体自由漂浮。 3. 游至艇尾，双手置于登艇平台，单手抓住扶手； 4. 拉身体上平台呈跪姿，再移至座位跨坐； 5. 立即将熄火绳系于手腕，并将卡扣安装至熄火开关 <PIC>； 6. 双手紧握车把，双脚放入脚坑底板 <PIC>； 7. 反复练习登艇与静止平衡，直至全程保持稳定； 8. 注意：驾驶者体重越大，平衡难度越高；总载重（含人员与货物）不得超过220千克 <PIC>。 , [""Manual40_13"", ""Manual40_14"", ""Manual40_15""]"
175,"""在滑航速度下驾驶摩托艇转弯时，有哪些技巧能在急转弯时保证稳定性和操控性？""","在滑航速度下驾驶摩托艇急转弯时，保证稳定性和操控性的关键技巧包括：1. 转向时必须同步加大油门——因转向依赖喷射推力，松开油门会导致艇体迅速丧失响应能力 <PIC>；2. 避免车把转向过度，否则易引发侧滑，导致进入喷射口的水量减少、推力下降，进而减速并使转向变平缓；此时应将车把回正至较小角度以恢复稳定转向 <PIC>；3. 从平缓转向、低速练习开始，逐步提升速度与缩小转弯半径，切勿急于求成 <PIC>；4. 始终保持正确操作姿势：紧握车把、双脚置于脚坑底板，确保身体平衡与快速响应。以上要点均基于滑航速度下转向动力学特性，需在开阔、平静、无交通及障碍物的大水域中系统训练。 , [""Manual40_26"", ""Manual40_27"", ""Manual40_28""]"
176,"""驾驶摩托艇时，有哪些技巧能在完成大椭圆转弯、绕圈和8字行驶动作的同时，保持操控性和稳定性？""","根据官方训练指南，完成大椭圆转弯、绕圈和8字行驶动作并保持操控性与稳定性的核心技巧如下： 1. 始终配合油门与车把操作——转向必须加油门，松开油门会导致转向响应迅速下降甚至失效 <PIC>； 2. 从低速开始循序渐进：先在拖曳速度或半滑航速度下练习大椭圆（训练1）、大圈绕行（训练2）及大8字（训练3），再逐步提高速度、缩小圈径与8字尺寸； 3. 滑航速度下可实现更急转弯，但需避免车把转向过度，否则易引发侧滑——侧滑会减少喷射口进水量，降低推力，导致减速与转向变缓，此时应减小车把转角以恢复响应 <PIC>； 4. 全程保持标准操作姿势：双手紧握车把，双脚置于脚坑底板，目视前方，确保对艇体姿态与周围环境的实时掌控； 5. 训练须在开阔、平静、无交通及障碍物的大水域进行，严格遵循由易到难、不急于求成的原则。 , [""Manual40_20"", ""Manual40_26""]"
177,"""在驾驶摩托艇进行中低速转弯时，如何控制油门并保持行驶的稳定性和操控性？""","在中低速（如半滑航速度）转弯时，需始终配合加油门操作：转动车把改变喷射推力喷嘴角度的同时，保持或适度加大油门，以维持喷射推力强度，确保艇体持续响应转向指令。参考文档明确指出——‘转向需要油门’，松开油门会导致转向能力迅速下降，发动机减速后艇体将不再响应车把操作 <PIC>；尤其在中低速段，若油门不足，易出现转向迟滞或失控。训练1（半滑航速度前进与大椭圆转向）即强调‘逐渐加速至半滑航速度，保持速度平稳右转/左转’，印证了油门稳定输出对转向稳定性和操控性的关键作用 <PIC>。此外，提示中特别说明：‘在此速度下急转弯时，转向同时必须加大油门’ <PIC>。因此，中低速转弯的核心原则是：油门与车把协同——车把转向的同时，及时、平顺地增加油门，避免突然松油或油门中断。 , [""Manual40_25"", ""Manual40_20"", ""Manual40_9""]"
178,"""如何驾驶摩托艇以拖曳速度直行和转弯，保证操作的平顺性和操控性？""","根据《用户/操作手册》训练内容，以拖曳速度直行与转弯的操作要点如下： 1. 拖曳速度定义为最低操控速度，几乎不加油门，艇体沉入水中、无尾流； 2. 直行操作：登艇后观察周围环境，启动发动机，保持松开油门状态直线行驶； 3. 转弯操作：在拖曳速度下，需配合轻柔转动车把完成转向——训练要求做长约15–21米（50–70英尺）的大8字路线，全程不加油门 <PIC>； 4. 重要提示：转向依赖喷射推力，而拖曳速度虽不加油门，但仍需维持最低推力以保障转向响应；若完全松开油门致推力过低，艇体将失去转向能力，必须重新施加油门恢复操控 <PIC>。 请务必在开阔、平静、无交通及障碍物的水域练习，并始终紧握车把、双脚置于脚坑底板。 , [""Manual40_19"", ""Manual40_25""]"
179,"""摩托艇全加速行驶时，如何安全平稳地将其停稳？""","摩托艇未配备独立制动系统，全加速行驶时安全平稳停稳的方法为：立即松开油门手柄，依靠水阻自然减速；停车距离约90米（300英尺），具体受总重量、水面状况、风向等因素影响。若需缩短停车距离，可握紧RiDE手柄减速，停车距离比不使用时缩短约30% <PIC>。但需注意：松开油门后艇体将迅速丧失转向响应能力，因此如判断无法在障碍物前及时停下，应立即加油门并转向避让 <PIC>。所有高速操作均须在开阔、平静、无交通及障碍物的大水域进行，并始终牢记‘转向需要油门’ <PIC>。 , [""Manual40_20"", ""Manual40_25"", ""Manual40_26""]"
180,"""驾驶摩托艇时，如何避免发生碰撞事故，保障自身和水上其他人员的安全？""","为避免碰撞事故、保障自身及水上他人安全，请严格遵守以下基于手册的操作要点： 1. 始终保持观察：登艇前及行驶中持续观察四周人员、物体及其他船只，切勿低头寻找操控装置 <PIC>； 2. 控制速度与距离：速度越快，停车距离越长（全速松油门后滑行约90米）；接近障碍物时，若判断无法及时停下，应立即加油门并转向避让 <PIC>； 3. 转向必须配合油门：摩托艇转向依赖喷射推力，除拖曳速度外，车把操作必须加油门才有效；松开油门后艇体将迅速丧失转向响应 <PIC>； 4. 选择安全水域训练：初始练习须在开阔、平静、无交通及障碍物的大水域进行，逐步提升技能，不超越自身能力极限 <PIC>； 5. 规范乘载与姿势：总重量（含乘客）不得超过220千克；所有乘员须跨坐就位、双脚置于脚坑底板、双手紧握车把或扶手，并系好熄火绳 <PIC>； 6. 谨慎应对尾流与浪涌：穿越前减速，以约45°角“斜切”穿越，身体微抬、用膝盖缓冲冲击，避免陡峭角度或连续穿越多道尾流 <PIC>； 7. 严禁危险条件驾驶：不在恶劣天气、恶劣水域、视线受限或拥挤水域驾驶 <PIC>。 , [""Manual40_19"", ""Manual40_25"", ""Manual40_20"", ""Manual40_31"", ""Manual40_32"", ""Manual40_26"", ""Manual40_27""]"
181,"""水泵发动机安全停机的正确步骤是什么？""","水泵发动机安全停机的正确步骤如下： 1. 将油门手柄完全向左推 <PIC>； 2. 将发动机开关置于“OFF”位置 <PIC>； 3. 将燃油开关手柄置于“OFF”位置 <PIC>。 , [""Manual31_7"", ""Manual31_7"", ""Manual31_7""]"
182,"""水泵的核心部件有哪些？""","根据提供的资料，水泵的核心部件主要包括：发动机（含化油器、火花塞、空气滤清器盖、消音器、燃油开关、油箱、油箱滤网等）、反冲启动器、机油警告系统、注水螺塞、放水螺塞、机械密封（见‘启动前务必注满水，否则会损坏机械密封’）、进水软管及滤网（需安装到位以防损坏水泵）。其中，化油器是发动机关键部件 <PIC>，机油警告灯用于监测机油状态 <PIC>，注水与排水相关部件保障泵体安全运行 <PIC>。 , [""pump_16"", ""Manual31_6"", ""Manual31_19""]"
183,"""清洗油箱滤网的详细步骤是什么？""","清洗油箱滤网的详细步骤如下： 1. 拆下油箱盖，取出油箱滤网。<PIC> 2. 用溶剂清洗滤网；若滤网已损坏，请及时更换。 3. 将清洗后的滤网擦干，再装回油箱并拧紧油箱盖。 , [""pump_18""]"
184,"""水泵安全排放燃油的正确步骤是什么？""","水泵安全排放燃油的正确步骤如下： 1. 停止发动机。 2. 将燃油开关手柄置于“OFF”位置。<PIC> 3. 排空油箱、燃油开关及化油器浮子室。 ③化油器放油螺塞 4. 向油箱内倒入一杯SAE 10W30或20W40发动机机油。 5. 晃动油箱使内壁均匀附着机油。 6. 排出多余机油。 , [""Manual31_6""]"
185,"""水泵无法抽水的潜在原因有哪些，该如何有效诊断并解决这些问题？""","水泵无法抽水的潜在原因及诊断解决方法如下： 1. 注水螺塞或放水螺塞松动 → 拧紧； 2. 软管接头或卡箍松动 → 拧紧（注意：软管安装不牢固会导致进气，从而无法抽水）； 3. O形圈或垫片损坏 → 更换（可参考漏水检查步骤：重新拧紧螺栓、螺塞、卡箍及软管接头，必要时更换O形圈及/或垫片<PIC>）； 4. 机械密封损坏 → 咨询经销商（特别注意：启动发动机前务必向泵内注满水，否则会损坏机械密封）； 5. 泵体未注满水 → 启动前必须注水至上限<PIC><PIC>； 6. 吸程过高或水泵未靠近水源 → 务必将水泵放置在稳固平面，并尽量靠近水源，吸程越高，注水时间越长、出水量越小<PIC>。 此外，请确认已安装匹配型号的滤网（YP20G用Φ50mm吸水口，YP30G用Φ80mm吸水口，滤网孔径≤8mm），否则可能引发故障或损坏水泵。 , [""Manual31_24"", ""pump_08"", ""Manual31_10"", ""Manual31_11""]"
186,"""如何为温控器设置日期和时间，以实现精准的日程和温度控制？""","为温控器设置日期和时间，是实现精准日程与温度控制的前提。请按以下步骤操作（依据参考文档2和文档4）： # 设置日期（参考文档2第19步） 1. 按+或-调整年份，按选择键确认； 2. 按+或-调整月份，按选择键确认； 3. 按+或-调整日期，按选择键保存并退出 <PIC>。 # 选择时钟格式（参考文档2第20步） 1. 按+或-设置为12小时制（北美标准）或24小时制，按选择键确认 <PIC>。 # 设置时间（参考文档2第21步 & 文档4第4–5步） 1. 按+或-调整小时，按选择键确认； 2. 按+或-调整分钟，按选择键确认 <PIC>。 ⚠️ 注意： - 若通过菜单键进入设置（如文档4所述），可先按菜单键显示PROG，再按+或-选择“日期”或“时间”，然后按选择键进入对应设置流程； - 所有设置完成后，系统将自动保存；若中途需退出，可按主页键返回主界面； - 更换电池若在两分钟内完成，日期和时间不会丢失 （见文档4“更换电池”说明）。 , [""Manual29_21"", ""Manual29_22"", ""Manual29_23""]"
187,"""如何调整温控器的系统和风扇运行设置，以优化供暖和制冷效果？""","要优化供暖和制冷效果，您可通过以下两方面调整温控器设置： 1. **系统模式设置**：按【模式键】循环切换系统模式，选择最适合当前需求的模式：<PIC> - **自动**：温控器根据室温自动切换供暖/制冷； - **供暖**：仅启用供暖系统（适用于冬季）； - **制冷**：仅启用制冷系统（适用于夏季）； - **应急供暖**（仅热泵机型）：启用辅助加热，不启动压缩机； - **关闭**：停用冷暖系统（风扇仍可独立运行）。 2. **风扇运行设置**：按【风扇键】循环切换风扇模式：<PIC> - **自动**：仅在供暖或制冷运行时启动风扇，节能且匹配系统节奏； - **开启**：风扇持续运转，提升空气均匀性，适合对气流敏感或需持续通风场景； - **循环**：风扇随机运行约33%时间，平衡能耗与空气流通。 此外，建议配合【程序日程】设置不同时间段的温度（如起床、离家、回家、睡眠），并启用【智能响应技术】，使系统提前启停，确保在设定时间精准达到目标温度。<PIC> , [""Manual29_21"", ""Manual29_22"", ""Manual29_23""]"
188,"""如何调整温控器的程序日程，以实现高效的能源利用和温度控制？""",要调整温控器的程序日程以实现高效能源利用和温度控制，请按以下步骤操作（依据产品说明书）： 1. 按温控器上的菜单键 ，显示PROG，再按选择键； 2. 按+或-选择要编辑的日期或日期组（如工作日/周末），按选择键； 3. 按+或-选择日程时段（起床、离家、回家、睡眠），按选择键； 4. 若需启用该时段，显示“开启”后按选择键；若需关闭，按+再按选择键； 5. 时间开始闪烁，用+或-调整时段开始时间，按选择键确认； 6. 温度开始闪烁，分别用+或-调整“供暖”和“制冷”设定温度，每项均需按选择键确认； 7. 对其余三个时段重复步骤3–6； 8. 全部设置完成后，按主页键保存并返回主界面。 ✅ 能源优化建议：参考预设日程逻辑—— • 起床时段：设为舒适温度（如供暖70°F/制冷76°F）； • 离家时段：设为节能温度（如供暖62°F/制冷85°F）； • 回家时段：提前升温/降温，确保到家即达舒适温度； • 睡眠时段：设为节能温度（如供暖65°F/制冷82°F）。 提示：启用“智能响应技术”可让温控器自动学习系统响应时间，在预定时间前启动，提升能效与舒适性（详见高级功能说明）。
189,"""如何在不影响已编程日程的情况下，临时更改温控器的温度设置？""","在不影响已编程日程的情况下，临时更改温控器温度设置的方法如下： 1. 按+或-键调整当前显示的温度，至您所需的设定温度； 2. 调整完成后无需其他操作，新设定温度将自动生效并保持，直至下一个预定日程时间段开始。 如需取消本次临时设置，可再次按+或-键，然后按“取消”键。<PIC> , [""drill0_04""]"
190,"""当设备或系统出现警报界面时，应采取哪些操作？""",当设备或系统出现警报界面时，应采取以下操作： 1. 主界面会显示警报图标，您可进入菜单查看具体警报或错误代码以了解问题原因；警报图标将保留在主界面，直至手动清除。 2. 若为暂态警报，其会在警报菜单中取消后7天再次显示。 3. 对照警报代码表（见相关文档）识别对应故障类型。 4. 根据警报代码提示执行相应排查步骤，例如检查电池、系统设置选项（如200、205、220等）、断路器状态、电源开关及炉门是否关闭等。 5. 如需清除警报，请在警报菜单中执行“取消警报”操作 。
191,"""针对热泵应如何修改接线，以确保连接正确且功能正常？""","针对热泵系统接线，请按以下步骤操作以确保连接正确且功能正常： 1. 将每根标记电线与新温控器上的相同字母端子匹配连接（如Y、O/B、C、R等）； 2. 保持R滑动开关在向上位置（仅适用于热泵，对应1根R线）； 3. 若旧温控器有单独的O和B电线，应将B电线连接至C端子；但若C端子已连接其他电线，请立即停止并联系专业安装人员协助； 4. 若旧温控器同时有V和VR电线，或有Y1、W1和W2电线，请立即停止并联系专业安装人员协助； 5. 接线前务必关闭电源，并拍摄旧接线照片作为参考； 6. 接线完成后，请确认所有电线牢固插入对应端子，并核对与参考照片一致。<PIC> <PIC> , [""Manual18_38"", ""Manual18_39""]"
192,"""如何安全更换温控器的电池，确保更换后设备功能正常？""","更换温控器电池的安全操作及功能确认步骤如下： 1. **安全前提**：无需断开主电源（因温控器为低压电池供电设备），但若同时涉及底座或线路操作，请参照【参考文档 4】先关闭断路器电源以确保安全。 2. **电池型号与安装**：使用两节全新AA碱性电池（<PIC>），按温控器背面图示方向装入，注意正负极方向正确（<PIC>）。 3. **更换时效要求**：若在两分钟内完成电池更换，时间和日期无需重新设置；所有程序、系统设置及日程均永久存储于内存中，不受断电影响。 4. **更换后功能验证**： - 查看屏幕是否正常点亮； - 确认无电池低电量图标显示； - 按“系统”键检查供暖/制冷模式是否可正常切换； - 若屏幕空白，请确认电池已正确安装且为全新碱性电池（见【参考文档 5】）。 5. **维护建议**：即使未出现低电量提示，也应每年更换一次电池；离家超过一个月前务必更换，以防数据丢失或设备异常关机。 , [""Manual18_38"", ""Manual18_39""]"
193,"""当标签与端子不匹配时，应如何正确为温控器重新接线，确保连接无误？""",当标签与端子不匹配时，请按以下步骤重新接线，确保连接无误： 1. **确认系统类型**：先区分是常规供暖/制冷系统还是热泵系统。不同系统接线规则不同。 2. **常规系统接线（参考文档1）**： - 若必须同时连接R和Rc电线，将R滑动开关拨至向下位置（对应2根电线）； - 若旧温控器有R和RH电线，同样将R滑动开关拨至向下位置，然后将R线连接至Rc端子，RH线连接至R端子； - 若旧温控器仅有1根C或C1电线，将其连接至C端子；若有2根C或C1电线，则分别用电工胶带包裹且不连接。 3. **热泵系统接线（参考文档1）**： - 优先将每根标记电线与新温控器上相同字母的端子匹配连接； - 若标签不匹配，请参阅说明书第13页（对应图示说明）； - 特别注意：若旧温控器有V/VR、O/B或Y1/W1/W2等特殊组合电线，应立即停止操作并联系专业安装人员协助。 4. **通用安全与确认步骤（参考文档2、4）**： - 操作前务必关闭电源，并确认系统已断电； - 拆卸旧温控器前，先拍摄当前接线照片，清晰记录每根电线所接端子字母； - 使用包装内电线标签标记每根电线，标签字母应与原端子标识一致； - 接线完成后，轻轻拉动电线确认牢固，并对照照片复核所有连接是否正确。 提示：若不确定系统类型或接线方式，建议联系持证暖通技术人员进行安装，以确保安全与设备兼容性。
194,"""遇到温控器故障时，可采用哪些故障排除解决方案？""",根据参考知识，遇到温控器故障时，可采用以下故障排除解决方案： 1. **屏幕空白**：检查是否已正确安装全新AA碱性电池；检查系统设置选项220，确保设置为1或2。 2. **无法将系统切换至制冷模式**：同上，确认电池安装及系统设置选项220配置正确。 3. **需要供暖时风扇不启动**：检查系统设置选项205，确保其设置与您的供暖设备匹配。 4. **制冷模式下供暖系统运行**：检查系统设置选项200或218，确保设置与供暖/制冷设备类型一致。 5. **供暖或制冷系统无响应**： - 按系统键将模式设为“供暖”（或“制冷”），并确保设定温度高于（或低于）当前室内温度； - 检查断路器并复位； - 确认供暖/制冷系统电源开关已打开； - 确保炉门紧闭； - 等待5分钟让系统响应。 6. **供暖/制冷指示灯闪烁（如热泵吹冷风或吹热风）**：可能是压缩机保护功能已启动，需等待5分钟让系统安全重启。 7. **出现警报图标**：进入菜单查看警报界面，对照“警报代码”表确认错误类型；警报需手动清除后主界面才不再显示警报符号。 注：所有系统设置选项（如200、205、218、220）具体含义请参阅说明书对应页码。
195,"""设备或系统中构成处理器单元的关键组件或部件有哪些？""","根据提供的参考知识，VR头显设备中的‘处理器单元’为独立硬件模块，其构成的关键组件或部件包括： - 状态指示灯（正面：白色表示已开机，红色表示待机模式）<PIC> - AUX端口（正面） - HDMI输出端口（正面） - HDMI电视端口（背面） - HDMI PS4端口（背面） - USB端口（背面） - DC IN 12V接口（背面） - 通风口（背面）<PIC> - 处理器单元外壳（与VR头显外壳、头托、接口共同构成整机结构） 注意：参考知识中未提及处理器单元内部的芯片级组件（如CPU、GPU、内存等），仅明确描述了其外部可见的物理接口、结构件及状态指示部件。 , [""Manual38_1"", ""Manual38_2""]"
196,"""耳机有哪些类型，以及如何更换耳塞？""","根据现有资料，该产品配套的为立体声耳机，出厂时已安装M号耳塞，支持更换为S号或L号耳塞以获得更贴合的佩戴效果。更换方法：旋转耳塞后将其拔下即可；安装时请确保牢固，防止使用中意外脱落。<PIC> 耳塞清洁建议：取下后用中性洗涤剂手洗，并用软布完全擦干后再装回。<PIC> , [""Manual38_4"", ""Manual38_3""]"
197,"""为保持遮光罩的清晰度和功能性，正确的清洁步骤是什么？""","为保持遮光罩的清晰度和功能性，请按以下步骤清洁：1. 将遮光罩从VR头显上取下；2. 用水清洗；3. 用软布完全擦干；4. 待完全干燥后，将遮光罩上的凸点与头显上的13个孔对齐，重新安装到位。<PIC> , [""Manual38_5""]"
198,"""为确保安全且最佳的使用效果，游玩区域的推荐尺寸是多少？""","根据参考知识，PS VR的游玩区域尺寸未在文档中给出具体数值，但强调需确保活动空间大于游玩区域，并清除所有障碍物；摄像头需调整至能完整捕捉您在游玩区域中央的位置。文档明确指出：游玩区域的宽度和深度取决于摄像头的捕捉范围，且使用前必须检查并清理大于游玩区域的活动空间，确保远离墙壁、楼梯、家具等危险障碍物。详细设置方法请参阅说明书“使用PS VR”章节（第8页）<PIC>。 , [""Manual38_0""]"
199,"""使用和操作VR头显时应采取哪些安全预防措施，以确保用户安全和设备使用寿命？""","使用和操作VR头显时，请严格遵守以下安全预防措施，以保障人身安全与设备使用寿命： ● **环境与空间安全**：使用前请清理大于游玩区域的活动空间，清除墙壁、楼梯、家具等障碍物；佩戴头显时请待在区域中央，尽可能保持坐姿，避免剧烈或过度动作；若应用程序支持站立模式，请严格遵循其指示操作。 ● **身体状态与健康警示**：若您感到疲劳、头晕、恶心、醉酒、服药后、平衡感或运动感受损，或患有严重疾病，请勿使用；如出现头晕、视觉异常、眼睛/肌肉抽搐、意识丧失、方向障碍、癫痫发作等症状，请立即停止使用并就医，**仅在医生许可后方可继续使用**。 ● **设备操作规范**：待头显上的追踪灯熄灭（即已关机）后再取下头显或拔下连接线；切勿在开机状态下强行摘戴或拉扯线缆；使用中请定期检查线缆是否缠绕在身体或四肢上。 ● **物理防护与存放**：请勿摔落、投掷、重压或强烈撞击头显；勿将物品放置于产品上；请将本产品置于幼儿及宠物接触不到的地方，防止误吞零件、拉扯线缆或缠绕窒息风险。 ● **电气与环境安全**：雷雨天气请勿触碰电源线、电源适配器或处理器单元；请勿让液体、灰尘、烟雾、蒸汽进入接口或通风口；若接口受污，可能导致信号异常或声音中断，可用柔软干布清洁（<PIC>）。 ● **佩戴与生理防护**：正确佩戴头显，调节旋钮勿过紧，镜罩勿过度推入或拉出；若佩戴后出现皮肤不适，请立即停止使用；长时间接触处理器单元、电源适配器或通风口排出空气可能导致低温烫伤（≥40℃持续接触所致），请避免身体长时间贴靠。 ● **听觉与静电防护**：请将音量调至安全水平，以防永久性听力损伤；特别干燥环境下偶有轻微静电触击感属正常现象，并非设备故障。 ● **屏幕与传感器维护**：保持附着传感器无遮挡，否则可能导致屏幕无法自动关闭，长期显示同一画面易引发永久性残影；遮光罩可取下水洗，需用软布完全擦干后再安装（）。 以上措施均基于产品设计特性与安全规范制定，请务必逐条遵守。 , [""Manual38_5""]"
200,"""功能键盘的保修政策通常包含哪些内容，又不包含哪些内容？""",功能键盘的保修政策通常包含以下内容： 1. 保修期限：全球保修政策适用，具体期限以购买凭证为准；更换产品的保修期为剩余保修期或三十天，以较长者为准； 2. 保障对象：仅覆盖原始消费者购买的产品； 3. 保修服务形式：在保修期内出现经合理判定的制造缺陷故障，厂商将自行决定提供维修或更换服务，更换产品可为全新或翻新、功能相近且价值相等或更高； 4. 申请条件：需提供有效购买凭证（如发票或收据），并按要求提交RMA申请，寄回产品时须标注RMA编号； 5. 运费政策：官网订单换货与退货承担往返运费；其他授权经销商处购买的产品，售后仅承担换货寄回给用户的单程运费；若确认属质量问题，部分区域（如澳新）可报销合理邮费。 以下内容不包含在保修范围内： • 未经许可对产品或序列号/保修标签进行改装； • 非制造缺陷导致的损坏（如意外、滥用、误用、疏忽、火灾、进水、雷击、自然灾害等）； • 安装不当、未经授权的更改或改装、或由非授权人员进行维修； • 运输途中损坏（需向承运方索赔）； • 正常磨损； • 日常保养费用、耗材（如键帽、轴体等）、因故障产生的附带费用（如数据丢失、业务损失、服务中断等间接或继发性损害）； • 默示担保（如适销性、特定用途适用性）仅限于保修期限内，且明确排除超出条款的责任。
201,"""功能键盘的保修政策中，损害赔偿的除外责任或免责声明通常是什么？""",您好，这类问题属于通用售后服务范围。请提供订单号、商品名称或型号，以及相关照片或说明，我们会为您核实保修、安装、生产信息或其他售后细节，并告知处理步骤和预计时效。
202,"""如何设置功能键盘？""","设置功能键盘需通过CAM软件进行：1. 下载并安装官方CAM软件；2. 在软件中设置灯光、宏命令、按键重映射等，并保存至四个板载配置文件（1–4）；3. 按下FN+F1/F2/F3/F4即可切换对应配置文件，所存设置即生效。硬件模式下无需运行CAM软件，已保存的配置可直接使用。<PIC><PIC><PIC> , [""Manual29_21"", ""Manual29_22"", ""Manual29_23""]"
203,"""如何拆卸和重新安装功能键盘的轴体？""",拆卸轴体：使用附赠的拔轴器，从顶部夹住轴体，将工具两端沿轴体前后方向放置；轴体由两个卡扣固定在定位板上，按下卡扣即可拆卸。注意请勿刮擦上盖面板，无需从轴体下方撬动，仅需夹住轴体外壳底部两侧即可。 重新安装轴体：安装前请确保所有针脚笔直，无弯曲或折向轴底外壳的情况；目视检查轴体上的两个金属针脚与键盘上的轴座插孔对应；垂直向下用力将轴体插入键盘插槽；正确插入后，轴体外壳两侧应紧贴键盘上盖面板。
204,"""如何将功能键盘搭配CAM软件使用？""",将功能键盘搭配CAM软件使用，需按以下步骤操作： A. 下载并安装CAM软件：前往官网下载最新版CAM软件； B. 设置CAM配置文件并存储至键盘：本键盘自带四个板载配置文件（1–4），您可通过CAM软件设置灯光、宏命令、按键重映射等，并将配置信息保存至键盘本地，保存后无需运行CAM软件即可使用； C. 配置文件切换控制：按下FN键+F1、F2、F3或F4中任意一键，即可切换至对应编号的已存储配置文件； E. 自定义RGB灯光：在CAM软件的「键盘/灯光设置」界面逐键设置灯光效果，并保存至指定配置文件； F. 自定义宏命令：在CAM软件的「键盘/宏命令设置」界面创建宏，并保存至配置文件； G. 按键重映射：在CAM软件的「键盘/按键重映射设置」界面重新定义按键功能，并保存至配置文件。 注意：所有自定义设置必须通过CAM软件保存至键盘板载存储后，才能在断开电脑或关闭CAM软件时正常使用。
205,"""如何在硬件模式下使用功能键盘？""","在硬件模式下使用功能键盘，主要通过FN键组合切换预存的板载配置文件（1–4）来实现功能调用： - 按下 **FN + F1** 切换至配置文件1，启用对应默认RGB灯光模式及已存储的宏、按键映射等设置； - 按下 **FN + F2** 切换至配置文件2； - 按下 **FN + F3** 切换至配置文件3； - 按下 **FN + F4** 切换至配置文件4。 所有配置文件均支持板载存储，无需运行CAM软件即可生效。若已通过CAM软件将自定义RGB灯光、宏命令或按键重映射保存至某配置文件，则切换至该配置文件时自动激活相应设置。<PIC><PIC> , [""Manual14_22"", ""Manual14_26""]"
206,"""如何安装儿童电动摩托车的挡泥板？""",安装儿童电动摩托车挡泥板的步骤如下： 1. 按照说明书步骤1所示，将挡泥板侧转，然后向上滑入左侧把手管；注意！请勿让“凸点”卡入1号孔。 2. 按照步骤2所示，调整挡泥板位置，使“凸点”准确卡入2号孔。
207,"""如何安装儿童电动摩托车的前轮？""","安装儿童电动摩托车前轮的步骤如下： 1. 将前轴穿过两侧把手管及前轮，注意两侧把手管内外均需安装垫片。 2. 使用两个螺母将前轴及车轮固定在把手管上，并用随产品提供的扳手拧紧螺母直至螺纹尽头。<PIC> 3. 组装完成后，请检查车轮与把手管之间的间隙： - 若间隙过大、车轮定位不稳，建议在车轮与把手管之间加装额外垫片（不随产品提供），然后重新安装前轴； - 加装垫片后需确保间隙最小化，同时车轮仍可自由转动； - 若车轮卡死，则需减少一片垫片。 ⚠️ 注意：本步骤须由成人操作，儿童不得接触零件或协助组装。 , [""Manual14_3""]"
208,"""如何为蓝牙激光鼠标安装电池？""",请按照以下步骤为蓝牙激光鼠标安装电池： 1. 按下按钮，电池仓盖弹出。 2. 按照鼠标内部标注的正负极（+ 和 -）装入两节 AA 型号电池。 3. 装回电池仓盖。
209,"""如何为蓝牙激光鼠标安装WIDCOMM蓝牙驱动程序？""","请按照以下步骤安装 WIDCOMM 蓝牙驱动程序： 1. 将 USB 蓝牙接收器插入电脑的 USB 接口。 2. 将附带的安装光盘放入光驱。 3. 驱动程序将自动加载；若未自动加载，请双击光驱中 bin 文件夹内的 Setup.exe。 4. 在欢迎界面点击“下一步”继续。<PIC> 5. 阅读许可协议，勾选“我接受许可协议中的条款”，点击“下一步”继续。<PIC> 6. 程序将安装至默认文件夹（可点击“更改”选择其他路径），点击“下一步”继续。<PIC> 7. 点击“安装”开始安装，过程可能需要一些时间。<PIC> 8. 安装完成后出现完成界面，点击“完成”退出。<PIC> 9. 拔下接收器后重新插入，鼠标将自动配对；系统可能提示重启电脑以使驱动生效，请根据提示操作。<PIC> , [""drill0_04"", ""drill0_05"", ""drill0_06"", ""drill0_07"", ""drill0_08"", ""drill0_09""]"
210,"""如何为蓝牙激光鼠标卸载WIDCOMM蓝牙驱动程序？""",请按照以下步骤从电脑中卸载 WIDCOMM 蓝牙驱动程序： 1. 拔下 USB 蓝牙接收器。 2. 点击 开始 > 设置 > 控制面板 > 添加或删除程序。 3. 在程序列表中选择 WIDCOMM 蓝牙软件，点击 “删除”。 4. 系统开始卸载程序，此过程可能需要一些时间。 5. 程序卸载完成后，系统将提示重启电脑。点击 “是” 立即重启，或 “否” 稍后重启。
211,"""如何在Windows系统中为蓝牙激光鼠标设置快速配对？""",在Windows系统中为蓝牙激光鼠标设置快速配对，请按以下步骤操作（依据说明书第4.1节）： 1. 将USB蓝牙接收器插入电脑的USB接口； 2. 按下鼠标底部的配对按钮 ； 3. 按下USB蓝牙接收器底部的按钮，直至LED指示灯每秒闪烁一次（表示接收器已开始搜索待配对设备）； 4. 移动鼠标，确认连接成功。 注意：本款鼠标出厂默认已设为预配对模式；且说明书明确注明“本款鼠标不含接收器销售”，请确保您已另行配备兼容的USB蓝牙接收器。
212,"""如何通过WIDCOMM蓝牙驱动程序为蓝牙激光鼠标设置配对？""","根据使用说明书，通过 WIDCOMM 蓝牙驱动程序为蓝牙激光鼠标配对的步骤如下： 1. 确保已按【参考文档 2】第3.1节安装 WIDCOMM 蓝牙驱动程序（需先插入 USB 蓝牙接收器，运行 Setup.exe 完成安装，并建议重启电脑）。 2. 双击系统托盘中的蓝牙图标，启动蓝牙初始配置向导，按提示完成初始配置 <PIC>。 3. 配置完成后，将进入 HID 界面并开始搜索蓝牙设备 <PIC>。 4. 按下鼠标底部的配对按钮；同时按下 USB 蓝牙接收器底部按钮，直至其 LED 指示灯每秒闪烁一次（表示进入设备搜索状态）<PIC>。 5. 在 HID 界面中，从检测到的设备列表中点击您的蓝牙激光鼠标，然后按屏幕提示启用连接 <PIC>。 6. 鼠标连接成功后，将出现确认信息，点击确认所连接设备为正确鼠标 <PIC>。 注意：本款鼠标不含接收器销售；LED 指示灯绿色闪烁表示正在配对 。 , [""Manual29_21"", ""Manual29_22"", ""Manual29_23"", ""Manual29_24"", ""Manual29_25""]"
213,"""如何查看蓝牙激光鼠标的电量状态？""",您可以通过以下两种方式查看蓝牙激光鼠标的电量状态： 1. 观察鼠标顶部/底部的LED指示灯： - 琥珀色（或红色）常亮：表示电量低，需立即更换电池； - 绿色闪烁：表示鼠标正在配对（非电量状态）。 2. 通过电脑系统查看： 在Windows系统中，前往「控制面板 > 鼠标 > 蓝牙」，即可查看更详细的鼠标电量信息。
214,"""如何首次为蓝牙激光鼠标使用该驱动程序？""",首次使用蓝牙激光鼠标的WIDCOMM蓝牙驱动程序，请按以下步骤操作： 1. 确保USB蓝牙接收器已插入电脑USB接口； 2. 双击系统托盘中的蓝牙图标 ； 3. 蓝牙初始配置向导将自动启动，请按照屏幕提示完成配置； 4. 配置完成后，将进入HID界面并开始搜索蓝牙设备 ； 5. 在设备列表中点击您的蓝牙激光鼠标，然后按屏幕提示启用连接 。
215,"""如何将蓝牙激光鼠标与其他人机接口设备相连接？""","要将蓝牙激光鼠标与其他蓝牙人机接口设备（HID）连接，请按以下步骤操作： 1. 确保 USB 蓝牙接收器已插入电脑； 2. 将目标蓝牙设备（如打印机、调制解调器、掌上电脑等）设置为可被搜索状态； 3. 按下 USB 蓝牙接收器按钮，直至出现 HID 界面； 4. 在界面中从下拉菜单选择要搜索的设备类型； 5. 点击检测到的设备，驱动程序将引导您完成启用与连接。<PIC> <PIC> , [""drill0_04"", ""drill0_05""]"
216,"""如何拆卸烤箱门？""","拆卸烤箱门前，请务必确保烤箱已完全冷却，并断开电源，以保障安全。<PIC> 拆卸步骤如下：1. 完全打开烤箱门；2. 抬起卡扣并向前推至极限位置（图1）；3. 将烤箱门关至最大角度（A），向上抬起（B）并转动（C）直至脱开（D）（图2）。<PIC> , [""oven_01"", ""oven_02""]"
217,"""如何安装烤箱门？""","安装烤箱门的步骤如下：1. 将铰链装入对应位置。2. 完全打开烤箱门。3. 放下两个卡扣。4. 关闭烤箱门。<PIC> , [""oven_01""]"
218,"""如何移动烤箱的顶部加热元件（仅限部分型号）？""","移动顶部加热元件（仅限部分型号）的步骤如下： 1. 取下侧边配件支架格栅（图3）<PIC>； 2. 轻轻拉出加热元件（图4）<PIC>，并向下放下（图5）<PIC>； 3. 复位时，抬起加热元件并轻轻向自身方向拉动，确保其支撑在侧支架上。 , [""oven_03"", ""oven_04"", ""oven_05""]"
219,"""如何更换烤箱的后部灯（如有）？""","更换烤箱后部灯（如有）的步骤如下：1. 断开烤箱电源；2. 拧下灯罩（图6）<PIC>，更换灯泡（请使用25‑40W/230V E‑14、耐温300℃白炽灯），再拧回灯罩（图7）<PIC>；3. 重新接通烤箱电源。注意：灯罩复位前，请勿使用烤箱；灯泡可从售后服务中心购买。 , [""oven_06"", ""oven_07""]"
220,"""如何使用烤箱的接油盘？""","接油盘（图1）应放置在烤架下方，用于收集油脂和食物碎屑；也可作为烤盘直接烹饪肉类、鸡肉、鱼类等，并可搭配蔬菜使用。为防止油脂飞溅及冒烟，建议向接油盘中倒入少量水。烹饪富含油脂的食物（如烤肉）时，推荐在接油盘中加入约半升水，并按需补充水分。<PIC> , [""oven_03""]"
221,"""如何清洁烤箱外部？""","清洁烤箱外部时，请注意以下几点： 1. 请勿使用蒸汽清洁设备，且必须在烤箱完全冷却后进行清洁； 2. 维护前请先断开电源； 3. 请勿使用腐蚀性或研磨性清洁剂，若意外接触，请立即用湿布擦拭； 4. 用湿布清洁表面；若污渍较重，可在水中加入几滴洗洁精，清洁后务必用干布擦干。<PIC> , [""oven_01""]"
222,"""如何使用烤箱的烤架？""","烤架（图3）用于烧烤食物，或作为锅具、蛋糕模及其他烹饪容器的支架，可放置在烤箱内任意可用层位；烤架可凸面朝上或朝下安装。<PIC> 烤架需配合烧烤功能使用，并建议在烤架正下方放置加有半升水的接油盘，以收集油脂和肉汁，防止冒烟。<PIC> , [""oven_03"", ""oven_06""]"
223,"""烤箱的催化侧面板有什么作用？""","催化侧面板带有特殊微孔搪瓷涂层，可吸附烹饪过程中飞溅的油脂。当烹饪油脂较多的食物后，建议执行自动清洁程序（如热风循环200℃运行约一小时），以激活其自清洁性能。<PIC> , [""oven_04""]"
224,"""如何使用烤箱的烤盘？""","烤盘（图2）用于烘焙饼干、蛋糕及披萨。使用时请将烤盘放置在烤架上，或直接置于烤箱内指定层位。为获得最佳效果，建议优先选用随附的深色金属烤盘；若使用耐热玻璃或陶瓷烤盘，烹饪时间会稍长。披萨烘烤前可轻微刷油，以保证饼底酥脆。<PIC> , [""oven_03""]"
225,"""如何使用烤箱的烤架烤盘套装？""","烤架烤盘套装（图6）包含烤架（6a）和搪瓷容器（6b），使用方法如下： 1. 将套装整体放置在烤箱内的烤架（3）上； 2. 仅可配合烧烤功能使用； 3. 建议在烤架正下方放置加有半升水的接油盘，用于收集肉汁、防止油脂飞溅及冒烟 <PIC>。 , [""oven_06""]"
226,"""如何使用烤箱的油脂过滤器？""","油脂过滤器仅用于油脂较多的烹饪，需挂在烤箱腔体后壁、风扇对面位置。<PIC> 可配合热风循环功能使用，使用后可放入洗碗机清洗。 , [""Manual28_8""]"
227,"""如何使用烤箱的滑动搁架？""","滑动搁架（图8）可在烹饪过程中将烤架与接油盘半拉出，便于查看或翻动食物。该搁架适用于所有配件，且支持洗碗机清洗。<PIC> , [""Manual28_8""]"
228,"""如何为混合即时相机安装肩带？""",您好，暂未查询到相关产品信息，已为您转接人工客服。
229,"""如何为混合即时相机装入电池？""","为混合即时相机装入电池，请按以下步骤操作：<PIC> 1. 滑动电池盖将其打开。<PIC> 2. 按照电池上的箭头指示装入电池，确保电池上的黄线与相机上的标记对齐。<PIC> 3. 关闭电池盖。<PIC> , [""Manual29_13"", ""Manual29_14"", ""Manual29_15"", ""Manual29_16""]"
230,"""如何为混合即时相机装入相纸盒？""","为混合即时相机装入instax SQUARE相纸盒，请按以下步骤操作：<PIC> 按住相仓锁按钮（1），然后将拨杆向右滑动（□），直至相仓略微打开。<PIC> 握住相纸盒两侧，将相纸盒底部对准相仓凹槽（□），然后平直插入（2）。<PIC> 关闭后盖，确保后盖锁咔哒到位。关闭后盖时，黑色相纸保护盖会自动弹出，请从相纸出口取出该保护盖。<PIC> 注意：装入前请勿将相纸盒从内袋中取出；切勿按压相纸盒背面的两个矩形孔；仅使用instax SQUARE拍立得相纸（mini或WIDE相纸不兼容）；相纸用完前请勿打开后盖，否则剩余相纸会曝光失效。 , [""Manual29_26"", ""Manual29_27"", ""hybrid_instant_camera_01"", ""hybrid_instant_camera_02""]"
231,"""如何为混合即时相机取出用完的相纸盒？""","取出用完的相纸盒步骤如下： 1. 确认相纸已用完——拍摄画面右侧的所有点均显示为灰色（参考第52页）； 2. 按住相仓锁按钮（1），然后将拨杆向右滑动（<PIC>），直至相仓略微打开； 3. 握住相纸盒上的矩形孔，然后平直拉出相纸盒。 ⚠️ 注意：相纸用完前请勿打开后盖，否则剩余相纸会曝光变白，无法使用。 , [""Manual29_26""]"
232,"""如何设置混合即时相机的自动打印模式？""","设置混合即时相机的自动打印模式，只需将相机侧面的打印模式选择器切换到“AUTO”即可。切换后，拍摄完成的图像将自动保存并立即开始打印。拍摄画面上会显示相应图标提示当前处于自动打印模式。<PIC> , [""Manual29_39""]"
233,"""如何设置混合即时相机的手动打印模式（初始设置）？""","设置混合即时相机的手动打印模式（初始设置）非常简单：将相机侧面的打印模式选择器切换到“MANUAL”即可。此时，拍摄的图像将保存到相机内存中，不会立即打印，您可后续通过回放画面选择需要打印的图像进行手动打印。<PIC> , [""Manual29_30""]"
234,"""如何使用混合即时相机拍摄照片？""","使用混合即时相机拍摄照片的基本步骤如下： 1. 开机：顺时针转动镜头环（电源开关）开机。 2. 构图：手持相机，确认最终图像构图；拍摄时请双手持机，肘部抵住身体，避免遮挡闪光灯、镜头或相纸出口。 3. 对焦：半按快门按钮对焦—— • 对焦成功：相机发出蜂鸣声，显示屏上出现绿色对焦框 <PIC>； • 对焦失败：显示屏上出现红色对焦框 <PIC>。 如主体不在画面中心，可先将主体置于中心半按快门锁定对焦/曝光，再调整构图后完全按下快门。 4. 拍摄：轻按并完全按下快门按钮，照片即保存至相机内存。 • 若打印模式设为“AUTO”（自动打印模式），图像将立即打印 <PIC>； • 若设为“MANUAL”（手动打印模式），图像仅保存，可后续选择打印 <PIC>。 5. 注意事项： • 光线不足时可能触发闪光灯，您可通过菜单关闭（第56页）； • 内存最多保存约50张图像，满时无法拍摄； • 避免对焦困难场景（如镜面、快速移动物体、深色吸光物体等）。 详细操作可参考说明书第49–57页。 , [""Manual29_30"", ""Manual29_31"", ""Manual29_32"", ""Manual29_33""]"
241,"""If this is the first time to use airfryer, What should I do before first use?""","Before first use of the air fryer, please clean the heating element with a cleaning brush to remove any food residues <PIC>, and clean the inside of the appliance with hot water and a non-abrasive sponge <PIC>. Ensure all parts—including the pan, basket, and interior—are thoroughly cleaned and completely dry before initial use. Also, make sure the appliance is unplugged and cooled down before cleaning. Refer to the cleaning instructions for full details. , [""air_fryer_10"", ""air_fryer_11""]"
242,"""How to find the approval label of emission control certificate of the boat?""","The approval label of the emission control certificate is attached to the electrical box and the exhaust side of the crankcase. <PIC> <PIC> , [""Manual20_4"", ""Manual20_5""]"
243,"""How do I use the battery conversion feature before sailing?""","The provided reference materials do not mention a 'battery conversion feature' for use before sailing. The documents describe battery removal, storage, charging, and installation procedures for a boat, but no functionality labeled or described as 'battery conversion' is referenced. If you are referring to a specific device (e.g., a camera, vacuum, or audio product) with a battery-related setting like WB SHIFT/BKT (which relates to white balance, not battery conversion), that appears in a different context (Manual10_75) and is unrelated to sailing or marine battery systems. Please verify the product model or clarify the intended feature for further assistance."
244,"""How the ship steers?""","The watercraft steers by turning the handlebars in the direction you wish to travel <PIC>. This changes the angle of the jet thrust nozzle, redirecting the water flow and thus changing the direction of the watercraft. Steering requires throttle input—jet thrust strength determines both speed and turn sharpness. At speeds above trolling, releasing the throttle completely results in minimal or no steering control. For sharper turns, increase throttle; for gradual turns, reduce throttle <PIC>. Always maintain throttle during maneuvers to retain steering authority <PIC>. , [""Manual20_50"", ""Manual20_75"", ""Manual20_76""]"
245,"""What should I do if face over temperature warning on the boat?""","If the 'Over Temperature' warning appears on the multifunction display and the buzzer sounds, reduce engine speed, return to shore or maneuver to a safe location, and check the engine oil level (see page 80 for procedures). If the oil level is low, add enough engine oil to reach the proper level. If the oil level is sufficient, have a Boat Dealer inspect the engine. Note that engine speed is automatically limited during an over-temperature event to help prevent damage. <PIC> , [""Manual09_95""]"
246,"""If I want to listen to music on my phone, how do I turn on the sound system?""","To listen to music on your phone using the sound system, you'll need to pair your phone with compatible Bluetooth audio devices (e.g., earbuds or speakers). First, turn Bluetooth OFF on your phone/device — this triggers the earphones to enter pairing mode. Alternatively, press and hold either the left or right earbud to drop the current connection and enter pairing mode. Once paired, music playback will route through the connected device. To control playback: tap to play/pause, press and hold to activate your music app, or use volume buttons ( / ) to adjust sound level. <PIC> <PIC> , [""Manual12_11"", ""Manual12_12""]"
247,"""How do I use the storage compartments if I want to store wet items while on board?""","The storage compartments are not designed to be waterproof. If you need to store wet items on board, we recommend using the lockable storage compartment, which features a drain plug <PIC> for draining water. To drain water from it: remove the drain plug located on the bottom of the compartment, allow water to fully drain, then securely reinstall the plug. Note that other compartments (e.g., front, bow, anchor, stern, or fish box) are not sealed and lack dedicated drainage—wet items may cause moisture buildup or seepage. For best practice, place wet items in a waterproof container or bag before placing them in any compartment. , [""Manual09_201""]"
248,"""How to open the battery compartment when manipulating the boat?""","To open the battery compartment: (1) Turn the battery switch to the OFF position. (2) Disconnect the ground lead (black) and the negative (-) battery lead (black). (3) Disconnect the positive (+) battery lead (red). (4) Unfasten the battery strap, and then remove the battery from the boat. The battery compartment is accessed to reach the accessory fuse and bilge pump fuse — refer to page 66 for fuse-related procedures. <PIC> <PIC> , [""Manual09_261"", ""Manual09_262""]"
249,"""How to install an anchor light while the boat is moving?""","Installing an anchor light while the boat is moving is not recommended and is not addressed in the provided documentation. In fact, safety warnings emphasize avoiding certain operations during motion — for example, 'Do not open the lockable storage compartment while the boat is moving' and 'Do not open the engine hood while the anchor light is installed' (which implies installation should occur when the boat is stationary and safe to access components). Anchor light installation is a static setup procedure typically performed during maintenance or pre-departure checks, not underway. For proper installation guidance, please refer to the owner's manual section on lighting systems or consult a certified marine technician."
250,"""How do I use the jet wash function to clean the boat after using it?""","To use the jet wash function to clean the boat after operation: (3) Connect the garden hose to a water tap. (4) Ensure the area around the boat is clear, then start the engine. Immediately after starting, fully turn on the water supply so that water flows continuously from the jet thrust nozzle and cooling water pilot outlet. ⚠️ Never turn on the water before starting the engine — this could cause water to backflow into the crankcase and severely damage the engine. Be sure to turn on the water immediately after starting to prevent overheating. (5) Run the engine at a fast idle for 3 to 5 minutes. <PIC> , [""Manual09_259""]"
251,"""How do I turn on or off the water supply button on my boat?""","Your boat does not have a dedicated 'water supply button' that you turn on or off. Instead, the water supply is controlled manually via the garden hose connection during engine flushing. To supply water: (3) Connect the garden hose to a water tap; (4) Start the engine first, then immediately fully turn the water supply on so water flows continually from the jet thrust nozzle and cooling water pilot outlet. To stop water supply: (6) Turn off the water supply before stopping the engine. IMPORTANT: Never turn on the water before starting the engine — it could flow back into the crankcase and cause severe damage. Also, never leave the water on after the engine stops. <PIC> , [""Manual09_259""]"
252,"""How to remove the bimini top of the boat?""","To remove the bimini top of the boat: (1) First, store the bimini top in the fully collapsed position — refer to the storage instructions for guidance. (2) Then, remove the main pole mounting pins that secure the bimini top to the main pole mounting brackets. <PIC> , [""Manual09_193""]"
253,"""How do I install a bimini top on my boat if I want to use the canopy?""","To install the bimini top for use with the canopy: Simply reverse the removal steps — first ensure the bimini top is fully assembled and oriented correctly, then insert and securely fasten the main pole mounting pins into the main pole mounting brackets <PIC>. Confirm all pins are fully seated to ensure stability and safe operation. For visual guidance on pin placement and bracket alignment, refer to the installation diagram <PIC>. , [""Manual09_194"", ""Manual09_193""]"
254,"""How to store the bimini top in the upright position of the boat?""","To store the bimini top in the upright position: (1) Remove the lock pins, and then push the center poles down. <PIC> (2) Pull the bimini top toward the bow. <PIC> (3) Install the storage cover. <PIC> , [""Manual09_189"", ""Manual09_190"", ""Manual09_191""]"
255,"""When I am sailing, how do I check the engine oil level to ensure continued sailing?""","To check the engine oil level while sailing: (1) Moor the boat securely so it will not drift. (2) With the engine stopped, ensure the boat is in a precisely level position — this may require returning to land or launching the boat if on water. (3) Run the engine at idle speed for at least 6 minutes (or 11 minutes if ambient temperature is 20°C/68°F or lower). (4) Stop the engine and wait for it to cool slightly. (5) Open the engine hood. (6) Loosen and remove the oil tank filler cap/dipstick, then wipe the dipstick clean. (7) Reinsert the dipstick fully without screwing it in, then remove it again to read the oil level — it must be between the minimum and maximum level marks <PIC>. (8) If low, add oil slowly; if overfilled, consult a Boat Dealer. (9) Securely reinstall the filler cap and close the engine hood. Note: Never check oil immediately after shutdown — hot oil poses burn risk, and accurate reading requires proper settling. <PIC> , [""Manual09_196"", ""Manual09_197""]"
256,"""How can I use the bilge pump of the boat?""","To use the bilge pump on your boat: (1) Locate the bilge pump switch — turning it ON will manually activate the pump. (2) Even if the switch is OFF, the bilge pump operates automatically when excessive water is detected in the bilge, draining most of it through the bilge pump outlet. (3) While operating (manually or automatically), the bilge pump indicator light will illuminate <PIC>. (4) Ensure all drain plugs are tightened before operation, and never run engines at full throttle with bilge water remaining in the engine compartment to avoid damage. For maintenance, clean the bilge area with Yamaclean Bilge Cleaner™ and rinse with fresh water, taking care to avoid electrical components <PIC>. , [""Manual09_202"", ""Manual09_260""]"
257,"""How to perform anchor light switch check while sailing?""","To perform the anchor light switch check while sailing, locate the navigation and anchor lights toggle switch. Push the lower side of the switch to activate the anchor light alone (""ANC"" position) — this is used when anchored at night. Ensure the light illuminates as expected. To deactivate, return the switch to the center (off) position. For night running with both bow and anchor lights, push the upper side (""NAV"" position). Refer to pages 67–68 of the manual for further details. <PIC> <PIC> , [""Manual09_100"", ""Manual09_101""]"
258,"""When I want to start the boat, how do I turn on the boat's engine to get the machine started?""","To start the boat's engine: (1) Turn the main switch to the ""ON"" position <PIC>. (2) Then turn it to the ""START"" position <PIC>. (3) Pull the recoil starter briskly after engagement. (4) Once the engine starts, immediately release the switch and set the starter lever (choke) to the ""Half-open"" position. (5) Warm up the engine until it runs smoothly without roughness or stalling when the choke is returned to ""Close"". CAUTION: Do not crank for more than 5 seconds; if it fails to start, wait 15 seconds before retrying. , [""Manual34_115"", ""Manual34_112""]"
259,"""How do I turn a boat while sailing?""","To turn a boat while sailing, use the steering wheel to adjust direction—turn fully right or left as needed, ensuring smooth and unrestricted operation across the full range. Always maintain throttle input while turning, as steering control is lost if the throttle is fully returned to idle. Be mindful of wind and current conditions, which affect maneuverability; for example, when wind or current pushes the boat away from the dock, approach at a ~45° angle and secure the bow first, then use engine thrust or a boat hook to bring the stern alongside <PIC>. Remember: boats have no brakes—steering requires engine power, and stopping relies on water resistance <PIC>. , [""Manual09_247"", ""Manual09_245""]"
260,"""How to operate the boat cross wakes and swells?""","Do not cross wakes and swells by jumping them. As stated in the manual: 'Sharp turns or jumping wakes or waves can increase the risk of back/spinal injury (paralysis), facial injuries, and broken legs, ankles and other bones. Do not jump wakes or waves.' <PIC> For safer operation in choppy conditions, maintain a steady, controlled speed—preferably using no-wake mode when appropriate—and adjust bow position if equipped: turning the grip to $\circledast$ or $\circleddash$ lowers the bow for improved stability and 'hook,' but note that at higher speeds this may increase tendency to 'bow steer' and follow waves. Always operate defensively, keep safe distances, and avoid planing-speed maneuvers over wakes or swells. <PIC> , [""Manual20_18"", ""Manual09_98""]"
261,"""How do I load the boat when the cruise is over?""","To load the boat after the cruise is over, follow these steps: (1) Dock safely—approach the dock at idle speed, ensure no obstructions or swimmers are nearby, and come to a complete stop before reaching the dock. (2) Secure the boat with mooring lines and fenders, accounting for wind and current. (3) Board from the side—one person at a time—by stepping into the boat (never jump), avoiding slippery gelcoat surfaces on the gunwales. (4) Once aboard, sit in one of the provided seats and place both feet on the deck. <PIC> , [""Manual09_247""]"
262,"""How to flush the cooling system of the boat?""","To flush the cooling system of the boat: (1) Connect the garden hose adapter to a garden hose. (2) Loosen and remove the flush hose connector cap, then insert and twist the garden hose adapter into the flush hose connector until securely connected <PIC>. (3) Connect the garden hose to a water tap. (4) Ensure the area around the boat is clear, then start the engine. Immediately after starting, fully turn on the water supply so water flows continuously from the jet thrust nozzle and cooling water pilot outlet <PIC>. (5) Run the engine at fast idle for 3 to 5 minutes. (6) Turn off the water supply, then drain residual water from the exhaust system by alternately pushing the remote control lever up to half throttle and back to idle for 10–15 seconds <PIC>. (7) Stop the engine. (8) Remove the garden hose adapter and securely reinstall the flush hose connector cap. NOTICE: Never turn on the water before starting the engine — water could flow back through the muffler into the crankcase, causing severe engine damage. Also, never run the engine with water on while it is not running. , [""Manual09_257"", ""Manual09_259"", ""Manual09_259""]"
263,"""How to replace the fuse of the boat?""","To replace the fuse of the boat, follow these steps: (1) Open the engine hood. (2) Unfasten the band. (3) Remove the fuse box from the air filter case by pulling it toward the bow. (4) While pushing both sides of the fuse box cover inward, pull the cover toward the bow and remove it. (5) If replacing the accessory fuse or bilge pump fuse, remove the fuse holder. (6) Open the battery compartment to access the accessory fuse and bilge pump fuse. Use the fuse puller to remove the blown fuse, and replace it with a spare fuse of the correct amperage: Accessory fuse: 20 A; Bilge pump fuse: 3 A. <PIC> <PIC> <PIC> (7) Install the fuse box cover. (8) If the accessory fuse or bilge pump fuse was replaced, reinstall the fuse holder. (9) Install the fuse box back onto the air filter case. (10) Fasten the band. (11) Close the engine hood. WARNING: Never substitute a fuse with one of improper amperage — it may cause electrical system damage or fire. , [""Manual09_264"", ""Manual09_265"", ""Manual09_266""]"
264,"""How to check the engine oil level of the boat?""","To check the engine oil level of the boat: (1) With the engine stopped, place the boat in a precisely level position on land or launch the boat. (2) Start the engine and run it at idling speed for 6 minutes or more (add 5 more minutes if ambient temperature is 20°C/68°F or less). (3) Stop the engine. (4) Open the engine hood. (5) Loosen and remove the oil tank filler cap/dipstick, then wipe the dipstick clean. (6) Reinsert the dipstick fully without screwing in the cap, then remove it again to check the oil level — it must be between the minimum and maximum level marks <PIC>. (7) If the level is below the minimum mark, slowly add recommended 4-stroke engine oil; if above the maximum mark, consult a Boat Dealer. (8) Securely reinstall the filler cap and close the engine hood. Note: Always check oil when the engine is cool and on a level surface to ensure accuracy. <PIC> , [""Manual09_196"", ""Manual09_197""]"
265,"""How to use the energy saving mode of a coffee machine?""","To use the energy saving mode of your coffee machine: 1. The machine automatically enters energy saving (power off) mode after 9 minutes of inactivity. 2. To manually turn the machine off before automatic power off, press both the Espresso and Lungo buttons simultaneously. 3. To exit energy saving mode and turn the machine back on, press either the Espresso or Lungo button. 4. To adjust the auto power-off delay time: with the machine turned off, press and hold the Espresso button for 3 seconds — the Espresso button will blink to indicate the current setting; press it once for 9 minutes, again for 30 minutes, or a third time to deactivate the feature. 5. To exit energy saving mode *and enter manual operation*, press the Lungo button for 3 seconds <PIC>. , [""Manual07_3""]"
266,"""How to change the default setting of the energy saving mode?""","To change the default setting of the energy saving mode: 1. Ensure the machine is turned off. 2. Press and hold the Espresso button for 3 seconds. <PIC> 3. The Espresso button will blink to indicate the current setting. <PIC> 4. Press the Espresso button once to set power-off after 9 minutes, press again for 30 minutes, or press a third time to deactivate the energy saving mode. <PIC> , [""Manual07_3"", ""Manual07_4"", ""Manual07_5""]"
267,"""How to program the water valume of a coffee machine?""","To program the water volume of your coffee machine: 1. Turn the machine on and wait for it to reach ready mode (steady lights). 2. Fill the water tank with potable water and insert a capsule. 3. Place a cup under the coffee outlet. 4. Press and hold the Espresso or Lungo button. 5. Release the button once the desired volume is served. 6. The water volume level is now stored. <PIC> , [""Manual07_24""]"
268,"""How should I do if I want to empty the system before not in use, for frost protection or before maintenance?""","To empty the system before a period of non-use, for frost protection, or before maintenance: 1. Press both the Espresso and Lungo buttons to turn the machine off — this enters the emptying mode. 2. Remove the water tank and open the lever. 3. Press and hold both the Espresso and Lungo buttons for 3 seconds — both LEDs will blink alternatively. Note: The machine will be blocked for 10 minutes after emptying mode. <PIC> <PIC> <PIC> , [""Manual07_24"", ""Manual07_25"", ""Manual07_26""]"
269,"""How should I do if I want to reset to factory settings of the coffee machine?""","To reset your coffee machine to factory settings: 1. Ensure the machine is turned off, then press and hold the Lungo button for 5 seconds. 2. The LEDs will blink fast 3 times to confirm the reset has been completed. 3. The LEDs will then continue blinking normally as the machine heats up; steady lights indicate it is ready. <PIC> <PIC> <PIC> , [""Manual07_33"", ""Manual07_34"", ""Manual07_35""]"
270,"""How should I clean my coffee maker after I use it so that it can last longer?""","To clean your coffee maker after each use and help it last longer: 1. Always unplug the machine before cleaning. 2. Never immerse the appliance or any part of it in water. 3. Do not use strong cleaning agents, solvents, sharp objects, brushes, or abrasive materials. 4. Clean the coffee outlet regularly with a soft, damp cloth <PIC>. 5. The maintenance unit can be removed in separate pieces for easy cleaning <PIC>. 6. For long-term care, follow the descaling procedure periodically (as recommended based on water hardness) to maintain optimal performance and extend machine life. , [""Manual07_47"", ""Manual07_48""]"
271,"""How to open the swim platform of the boat\uff1f""","To open the swim platform (also referred to as the rear platform hatch) of the boat: (1) Ensure the engines are off and the boat is stable. (2) Locate the rear platform hatch at the stern. (3) Open the rear platform hatch — refer to page 63 of the manual for detailed opening procedures. <PIC> Note: The hatch has safety interlocks that shut off the engines if opened during operation, and the engines will not restart unless the hatch is fully closed and latched. For visual guidance, see related illustrations. <PIC> , [""Manual09_260"", ""Manual09_246""]"
272,"""How to open the livewell and add water on the boat?""","To open the livewell and add water on the boat, locate the livewell access port—typically covered by a cap on the boat’s deck or transom. To open it: (7) Insert the cap so that the “SET” mark is aligned with the slot, and then while pushing the handle, turn the cap clockwise until the “SET” mark aligns with the edge of the access port <PIC>. (8) Pull the handle forcefully to ensure the cap is locked securely; if it moves under pull, it is not fully engaged <PIC>. Once opened, water can be added manually or via the onboard livewell pump system. To circulate water, use the aerator switch: push the “MNL” side for continuous circulation or “AUTO” for timed operation <PIC>. , [""Manual09_107"", ""Manual09_260"", ""Manual09_107""]"
273,"""What is the maintenance setting screen of the boat controller?""","The maintenance setting screen displays the number of hours that the engines have been running since the last maintenance. After maintenance is performed, you can reset the operation hours by tapping the “Reset” button, then confirming with “YES” when prompted. To return to the screen without resetting, tap “NO”. <PIC> <PIC> <PIC> <PIC> , [""Manual09_76"", ""Manual09_77"", ""Manual09_78"", ""Manual09_79""]"
274,"""In the boat's steering position, what does the factory reset screen show?""","The factory reset screen in the boat's steering position displays a confirmation interface with a 'Reset' button. When the 'Reset' button is tapped, a confirmation message appears prompting the user to verify the action; tapping the 'YES' button proceeds with resetting all settings to factory defaults. <PIC> <PIC> , [""Manual09_82"", ""Manual09_83""]"
275,"""What is the trip screen shown?""","The trip screen displays the hours of engine operation, fuel consumption, and other related information. It includes a menu (showing 4 items at a time), a scrollbar for navigation, and a 'Reset' button. To reset a specific item, touch and hold it for several seconds; to reset all items, tap the 'Reset' button. Note that some items (e.g., total engine hours) cannot be reset. <PIC> , [""Manual09_69""]"
276,"""When I am ready to sail, if everything is ready, how do I make the boat move forward?""","To make the boat move forward when ready to sail: (1) Ensure all pre-operation checks are complete — including steering system function, throttle responsiveness, and engine readiness. (2) Start the engine while checking all directions for obstructions, boats, or swimmers. (3) With passengers seated and holding handgrips, gently advance the throttle to accelerate to planing speed <PIC>. Remember: you need throttle input to maintain steering control — do not pull the throttle fully back to idle while maneuvering <PIC>. , [""Manual09_245"", ""Manual09_245""]"
277,"""How do I check the boat's steering system when I'm driving it?""","When driving the boat, you cannot perform a full steering system check — pre-operation steering checks must be done before launching, with the boat on land and two people present: one to operate the controls and one to observe at the stern. Specifically: ensure the steering wheel is not loose and has no free play (in-and-out or rotational); turn the wheel fully left and right to confirm smooth, unrestricted operation across its full range; and verify that both jet thrust nozzles move in unison with the wheel — pointing starboard when turning right, port when turning left — with no delay or slack between input and nozzle response. <PIC> Note: Steering control requires throttle input — you will lose steering ability if the throttle is completely pulled back to idle while underway. <PIC> , [""Manual09_205"", ""Manual09_206""]"
278,"""How should fire extinguishers be stored on board and where should they be placed?""","Fire extinguishers must always be carried on board and kept in the designated fire extinguisher container. The fire extinguisher container is located in the battery compartment <PIC>. After inserting the fire extinguisher, ensure the container cap is tightened securely. Always refer to the manufacturer’s instructions for proper inspection and maintenance of the extinguisher. Note: A fire extinguisher is not standard equipment with this watercraft; if not already installed, obtain a USCG-approved B-1 classification extinguisher with a capacity of 2 lb or more from a Yamaha dealer or certified fire extinguisher supplier. , [""jetski_04""]"
279,"""How to care the throttle-cable of the boat?""","To care for the throttle cable of the boat, grease the throttle-cable inner wires at the pulley wheel of the APS. Use water-resistant grease for best results. <PIC> , [""Manual09_263""]"
280,"""How do I charge the camera battery when I'm not using it?""","When not using the camera, remove the battery and attach the protective cover to prevent shorting. Store the battery separately in a cool, dry place. Before next use, recharge it using the compatible charger — only Battery Pack BP-511A, BP-514, BP-511, or BP-512 should be recharged. After the red lamp lights, continue charging for one hour to ensure a full charge. <PIC> , [""Manual10_15""]"
281,"""How to install the camera battery when another one is power off?""","To install the camera battery when the camera is powered off: 1. Ensure the camera is turned off (<OFF> mode). 2. Open the battery compartment cover. 3. Insert the compatible battery (e.g., BP-511A, BP-514, BP-511, or BP-512) correctly into the compartment — aligning the terminals and sliding it firmly into place. 4. Close and secure the battery compartment cover. 5. Turn the power switch to <ON> to power on the camera. If the camera still does not operate, verify the battery is fully charged and properly attached <PIC>. Note: The battery cannot be recharged if it is not a supported model or if improperly seated in the charger <PIC>. , [""Manual10_235"", ""Manual10_235""]"
282,"""How do I connect the camera using a household power socket?""","To connect the camera using a household power socket, you need the optional AC Adapter Kit ACK-E2. First, insert the DC Coupler into the camera’s battery compartment (with the compartment cover and DC coupler cord notch cover open), ensuring it locks securely and the cord is routed through the notch. Then, connect the DC Coupler’s plug to the AC adapter’s socket, connect the power cord to the AC adapter, and insert the plug into a household power outlet (100–240 V AC). Finally, place the cord in the designated groove to secure it safely. <PIC> <PIC> , [""Manual10_18"", ""Manual10_19""]"
283,"""How do you mount the lens of a camera when preparing for photography?""","To mount the lens of a camera: 1. Remove the rear lens cap and the camera body cap by turning them as shown by the arrow. 2. Align the lens with the appropriate mount index — use the white EF-S lens mount index for EF-S lenses, or the red EF lens mount index for other EF lenses. 3. Gently turn the lens clockwise (as indicated by the arrow) until it clicks securely into place. 4. Set the lens focus mode switch to <AF> for autofocus operation. 5. Finally, remove the front lens cap. <PIC> <PIC> <PIC> , [""Manual10_21"", ""Manual10_22"", ""Manual10_23""]"
284,"""How do you install the card into a camera before photography?""","To install the CF card into the camera before photography: 1. Ensure the CF card is compatible (Type I or III, and formatted in the camera if previously used with another device or computer). 2. Open the CF card slot cover on the camera. 3. Align the card connector with the slot and press firmly until the card is fully seated. Note: The reference materials do not provide explicit step-by-step insertion visuals or detailed physical orientation instructions; however, proper seating is emphasized in related hardware installation guidance <PIC>. If 'Err CF' appears, try formatting the card in-camera or using a different CF card. , [""Camera_61""]"
285,"""Have you ever wondered how to remove the camera shutter button? Understanding this process can enhance your photography experience and allow for quick repairs!""","The shutter button is not designed to be removed by the user—it is a fixed, integrated control component for operating the camera. As described in the reference materials, the shutter button has two stages (halfway and full press) for autofocus/autofexposure activation and image capture, respectively <PIC>. Attempting to physically remove it may damage the camera and void the warranty. For maintenance or repair concerns, please contact an authorized service center. For proper usage guidance, refer to pages 28, 30, 32, and 33 of the manual. , [""Manual10_30""]"
286,"""How do I replace the camera's date/time battery?""","To replace the date/time (back-up) battery: 1. Turn the power switch to <OFF>. 2. Open the battery compartment cover. 3. Remove the battery holder. 4. Replace the CR2016 lithium battery in the holder, ensuring correct +/− orientation. 5. Reinstall the battery holder and close the cover. Note: The date/time setting will be reset after replacement—you must reconfigure it manually. <PIC> <PIC> <PIC> <PIC> , [""Manual10_46"", ""Manual10_47"", ""Manual10_48"", ""Manual10_49""]"
287,"""How to set an off-center subject mode of a camera?""","To focus on an off-center subject, use Focus Lock in One-Shot AF mode: First, aim the center AF point at the subject and press the shutter button halfway to achieve focus. Then, while keeping the shutter button pressed halfway, recompose the frame so the subject is off-center. Finally, press the shutter button fully to take the picture. This technique is known as 'focus lock' and works only in One-Shot AF mode. <PIC> , [""Manual10_106""]"
288,"""Before taking photos, we need to know How to use the eyepiece cover of the camera?""","To use the eyepiece cover: During self-timer or remote switch operation — when your eye does not cover the viewfinder eyepiece — stray light may enter and affect exposure. In such cases, attach the eyepiece cover by sliding it down into the eyepiece groove <PIC>. The eyepiece cover is also attached to the camera strap (p.89) <PIC>. , [""Manual10_155"", ""Manual10_9""]"
289,"""How do I select the AF Mode when before taking a picture?""","To select the AF mode before taking a picture: 1. Set the Mode Dial to a Creative Zone mode (P, Tv, Av, M, or A-DEP). 2. Press the <AF-WB> button. 3. While looking at the LCD panel, turn the <> dial to select your desired AF mode: ONESHOT (for still subjects), AIFOCUS (automatically switches from One-Shot to AI Servo if the subject starts moving), or AISERVO (for continuously moving subjects) <PIC><PIC>. Note: AF mode selection is not available in Basic Zone modes — it is set automatically there. , [""Camera_30"", ""Camera_31""]"
290,"""How to set the camera model to \""P\"" model?""","To set the camera to ""P"" (Program AE) mode: 1. Set the Mode Dial to <P>. <PIC> 2. Focus on the subject by looking through the viewfinder, positioning an AF point over the subject, and pressing the shutter button halfway. <PIC> 3. Check the display — the camera will automatically set and show the shutter speed and aperture value in the viewfinder and on the LCD panel. A correct exposure is achieved when these values do not blink. <PIC> , [""Manual10_115"", ""Manual10_116"", ""Manual10_117""]"
291,"""After or during shooting, how can I view the camera image on TV for better clarity?""","To view captured images on a TV for better clarity: 1. Turn off both the camera and TV before connecting. 2. Open the camera's terminal cover and connect the provided video cable from the camera's VIDEO OUT terminal to the TV's VIDEO IN terminal—ensure plugs are fully inserted <PIC>. 3. Turn on the TV and switch its input source to 'Video IN'. 4. Set the camera's video system format (NTSC or PAL) to match your TV's standard <PIC>. 5. Press the <PLAY> button (or equivalent playback button) on the camera—the image will appear on the TV screen, and the camera's LCD monitor will not display anything <PIC>. If no image appears, verify the video cable connections and correct video system setting. , [""Camera_55"", ""Manual10_235"", ""Manual10_182""]"
292,"""How can I delete a single image from my camera if I don't like the photo?""","To delete a single image from your camera: 1. Display the image you want to erase (press the playback button). 2. Press the button to display the erase menu at the bottom of the screen. 3. Turn the dial to select [Erase], then press <PIC>. The access lamp will blink and the image will be erased. Note: Protected images cannot be erased until protection is canceled first. <PIC> , [""Manual10_184"", ""Camera_57""]"
293,"""How can I erase all images from my camera if I don't like these.""","To erase all images from your camera: 1. Display an image on the screen. Press the <·> button. 2. Display the erase menu by pressing the button again — the Erase menu will appear at the bottom of the screen. 3. Turn the dial to select [All], then press the button. A confirmation dialog will appear. 4. Turn the dial to select [OK], then press the button. All unprotected images will be erased. <PIC> <PIC> <PIC> Note: Protected images will not be erased unless you first cancel their protection. If you need to erase *everything*, including protected images, format the CF card instead — but be aware this deletes all data permanently. <PIC> , [""Manual10_184"", ""Manual10_185"", ""Manual10_186"", ""Manual10_187""]"
294,"""How do I print photos using the camera's CP direct method after taking them?""","To print photos using the camera's CP Direct method after taking them: 1. Ensure the camera is powered on and the image is saved on the CF card. 2. Connect the camera to a CP Direct–compatible printer using the dedicated interface cable (refer to the printer’s manual for setup). 3. On the camera’s LCD monitor, navigate to the print menu: turn the $<\!\!\in\!\!\supset\,>$ dial to select [OK], then press $<\widehat{\sf{S E I}}>$ to start printing <PIC>. 4. Select the image(s) to print — ensure the $<\!\!\nabla\!\!\circ\!\!\!\!\slash>$ icon appears on the upper left of the LCD <PIC>. 5. Set printing options such as [Style] and [Paper settings] (p.123/126 and p.119) <PIC>. Note: For CP Direct index printing, paper size affects layout (e.g., Credit card size: 20 images per sheet) <PIC>. 6. Press $<\widehat{\sf{S E I}}>$ to confirm and begin printing. To stop, press $<\widehat{\sf{S E I}}>$ when [Stop] is displayed, then select [OK] . , [""Manual10_188"", ""Manual10_212"", ""Manual10_190"", ""Manual10_194""]"
295,"""How do you set up the camera to fine tune the model when using it?""","To fine-tune the camera model setup, refer to the physical and software adjustments described in the Camera Installation Guide: (1) Aim the lens and use the Dashboard to fine-tune the picture; (2) The camera sensor and lens unit can be physically tilted up to 65°, rotated up to 350°, and panned up to 350°; (3) Image rotation in software is limited to 180° only; (4) Zoom and focus are adjustable remotely — not physically on the camera; (5) After installation, remove the protective plastic sticker and verify LED function, then use the Dashboard to adjust focus and configure other settings. <PIC> <PIC> <PIC> , [""Manual33_6"", ""Manual33_7"", ""Manual33_8""]"
296,"""After the earphones is in my hand, what are the components I should have?""","When you have the earphones in hand, you should have the following components: 1) Left and right earbuds, 2) Charging case (with built-in 600mAh battery), 3) USB-C charging cable (implied by charging instructions and safety guidelines), and 4) Eartips (typically included in multiple sizes — though not explicitly listed, standard practice and safety notes about fit and choking hazards imply their inclusion). Refer to the quick start guide for visual confirmation <PIC>. For full details, please consult the user manual included in your package. , [""Manual12_6""]"
297,"""If the case battery of earphones is low, how can I charge is?""","To charge the earphones' charging case: 1. Insert the USB-C cable into the charging port located at the back of the charging case. 2. Insert the other end of the cable into any suitable USB power source (e.g., USB wall adapter or computer USB port). 3. The Battery Level LED Indicators on the case will light up to show the current charge level. You can also check the case battery level at any time by pressing the button on the right-hand side of the case. <PIC> , [""Manual12_0""]"
298,"""When bluetooth are pairing and connecting, what scenarios I might encounter?""","During Bluetooth pairing and connecting, you may encounter the following scenarios based on the reference documentation: • The earbuds automatically reconnect to a previously paired nearby device when removed from the case — no manual action needed <PIC>. • If pairing with a new device, you must first turn Bluetooth OFF on any currently connected device to make the earbuds discoverable <PIC>. • For multipoint connection (e.g., smartphone + computer), you’ll need to temporarily disconnect from the first device, pair with the second, then re-enable Bluetooth on the first to enable auto-reconnection <PIC>. • If pairing fails or connection is unstable, ensure your phone’s Bluetooth is ON and location permissions are granted (for compatible devices like toothbrushes) to support automatic detection and syncing <PIC>. • To manually enter pairing mode: press and hold either earbud while disconnected and outside the case . , [""Manual12_6"", ""Manual12_7"", ""Manual12_11"", ""Manual12_12""]"
299,"""What are the two main controling functions of earphones?""","The two main controlling functions of the earphones are: 1. Controlling Music (e.g., Play, Pause, Next, Volume Up/Down, ANC/Ambient mode switching); and 2. Controlling Calls (e.g., Accept, Reject, End Call). These functions can be performed via touch controls on the earbuds or voice commands (e.g., 'Hey assistant' followed by a command) <PIC>. , [""Manual12_13""]"
300,"""Besides the two main controling functions, what other functions of the earphones can I operate?""","Besides the two main controlling functions, you can also operate the following functions on your earphones: 1. Activate phone Voice Assistant or music app by pressing and holding until the first beep; 2. Toggle Ambient Awareness and ANC Modes by pressing the left earbud (cycles through modes); 3. Enable or disable Low Latency Mode by pressing and holding until the second beep — ideal for lip-sync and gaming; 4. Use voice commands (e.g., 'Play', 'Pause', 'Next', 'Volume Up/Down', 'Ambient ON/OFF', 'Noise Canceling ON/OFF', 'Spotify', 'Accept', 'Reject') after enabling 'Hey assistant' in the earphones App <PIC>; 5. Connect to two devices simultaneously via Multipoint Bluetooth Connection <PIC>; 6. Perform pairing with a new device by turning Bluetooth OFF or pressing and holding either earbud <PIC>; 7. Reset the earbuds: factory reset (press and hold for 6 seconds) or hardware reset (press and hold for 10 seconds) <PIC>. , [""Manual12_13"", ""Manual12_8"", ""Manual12_9"", ""Manual12_11""]"
301,"""If my earphones won't work, how can I reset them?""","If your earphones won't work, you can perform a reset as follows: • Ensure the earbuds are disconnected from Bluetooth and removed from the charging case. • To perform a **factory reset**, press and hold either earbud for 6 seconds — this erases all settings <PIC>. • To perform a **hardware reset** (restarts the earphones when unresponsive), press and hold for 10 seconds, then press again to power on <PIC>. , [""Manual12_11"", ""Manual12_12""]"
302,"""What are the maintenance and care policies of the earphones?""","The maintenance and care policies for the earphones are as follows: - Clean your earphones regularly using only a soft, dry cloth or paper towel; never use harsh chemicals, detergents, alcohol, ammonia, benzene, or abrasive cleaners. - Ensure earphones are completely dry before charging. - Store them in a cool, dry place when not in use. - Avoid exposing earphones to high temperatures (above 100°F), extreme cold, direct sunlight, moisture, or water. - Do not tug or yank cables when connected to the charging case—connect/disconnect carefully. - Do not drop, crush, or subject earphones to excessive physical force. - Do not attempt self-repair; contact a qualified service center if service is needed. - Recycle or dispose of earphones responsibly per local municipal regulations."
303,"""From three different observing views, what buttons and interfaces should this eReader have?""","Based on the provided documentation, the eReader’s buttons and interfaces across three observing views are as follows: • FRONT VIEW: [1] Home/ESC button (for canceling or exiting interfaces); [2] Prev/Next Page buttons; [3] Navigation/Menu button (4-way directional + confirm); [4] Zoom in/out button (for JPEG zoom and eBook font size adjustment); [5] Rotate button (for screen orientation); [6] 3.5 mm Earphone Jack; [14] Speaker (0.5W); [15] 7” TFT LCD Display Screen <PIC>. • BOTTOM VIEW: USB port (for charging/data transfer, triggers USB charging mode with battery icon display <PIC>); battery compartment (housing a 3.7V 2000mAh Li-polymer battery); and structural design intended for stable placement — though no dedicated bottom-mounted buttons are specified in the references. • MAIN MENU INTERFACE (software view, accessible via Navigation/Menu button): Displays icons/options for 'Browser History', 'eBook', 'Music', 'Video', 'Photo', 'Record', 'Explorer', and 'Settings' <PIC>. , [""Manual13_1"", ""Manual13_3"", ""Manual13_3""]"
304,"""What do the functions of Main Menu and Browser History of the eReader can do?""","The 'Main Menu' serves as the central interface of the eReader, displaying all available functions including 'Browser History', 'eBook', 'Music', 'Video', 'Photo', 'Record', 'Explorer', and 'Settings'. From here, users can select any desired function to enter its respective mode. <PIC> The 'Browser History' displays a list of files recently browsed. Using the navigation keys, users can select a book from this list and press the 'M' button to resume reading from the last page accessed in that book. Note: If recently read files are deleted from the Micro SD card, their entries remain in the Browser History list—but they cannot be opened. <PIC> , [""Manual13_3"", ""Manual13_4""]"
305,"""When in eBook mode of this eReader, what will happen after pressing \""M\"" botton?""","When in eBook mode, pressing the ""M"" button opens a menu with the following options: ""Page Jump"", ""Save Mark"", ""Load Mark"", ""Del Mark"", ""Browser Mode"", ""Flip Time"", ""Brightness"", and ""Set color"". <PIC> , [""eReader_08""]"
306,"""If I want to listen to music using this eReader, what should I do?""","To listen to music on your eReader, follow these steps: 1. Transfer audio files (MP3, WMA, AAC, WAV, etc.) to the device by connecting it to your computer via USB cable and dragging the files into the device's storage <PIC>. 2. From the main menu, open the audio files list and select your desired file. 3. Press 'M' to enter Music Mode and start playback <PIC>. 4. Use the Play/Pause button [9], Volume Up/Down buttons [11]/[12], or navigation keys to control playback, adjust volume, or switch tracks <PIC>. You can also listen to music while reading an eBook or browsing photos. , [""Manual13_7"", ""Manual13_1"", ""Manual13_8""]"
307,"""Can this eReader record voice? If so, how do I operate this feature?""","Yes, this eReader supports voice recording. To operate the feature: 1. Select 'Record' in the main menu, then press the 'M' button to enter voice record mode. 2. Press the 'Play/Pause' button to start recording. 3. Press 'Play/Pause' again to pause, or press the 'HOME' button to stop recording. 4. After stopping, you’ll be prompted to save — press 'M' to select 'YES' or 'NO'. <PIC> <PIC> , [""Manual13_11"", ""Manual13_12""]"
308,"""I can't find the way to play video using this eReader, can you tell me how to do that?""","To play video on your eReader, follow these steps: 1. Go to the 'Video' menu and press the 'M' key to enter Video mode. 2. Ensure your video files are in a supported format (AVI, RMVB, MPEG2, MOV, MP4). 3. Select the desired video file to begin playback. Additional playback options (e.g., Full Screen, Subtitle Language, Brightness) can be accessed by pressing the 'M' button during playback. <PIC> , [""Manual13_9""]"
309,"""Can this eReader become a photo viewer? If so, how do I operate this feature?""","Yes, this eReader can function as a photo viewer. To use this feature: 1. From the Main Menu, select 'Photo' <PIC>. 2. Once in Photo mode, press the 'M' button to access photo controls <PIC>. 3. Use the left/right navigation keys to view previous or next photos. 4. Press the 'Play/Pause' key to rotate the photo counter-clockwise <PIC>. 5. Use the Zoom in/out keys (also labeled for font size adjustment) to zoom in or out on the image <PIC>. Supported image formats include JPG, GIF, PNG, and BMP. , [""Manual13_3"", ""Manual13_10"", ""Manual13_10"", ""Manual13_1""]"
310,"""When using this eReader, what kinds of trobles might I encounter and how to solve them?""","When using this eReader, you may encounter the following common issues and their solutions, based on the official documentation: 1. **Device won’t power on**: - Ensure the built-in Li-Polymer battery (2000 mAh) is sufficiently charged — charge until the power indicator bar is full. - If still unresponsive, the device may be defective; contact the manufacturer for assistance. 2. **Cannot charge the device**: - Check if the AC adapter is defective (contact manufacturer for replacement). - Note: Charging via computer takes longer than using the AC adapter. - Do not remove the battery during charging — it is non-user-replaceable and must only be serviced by authorized technicians. 3. **Micro SD card not recognized**: - Power off the device first, then remove and reinsert the micro SD card (up to 16 GB, SDHC/TF compatible). - ⚠️ Very important: Always power off before inserting/removing the card; never reset the unit with the card inserted. 4. **No sound or noisy audio when using earphones**: - Adjust volume — ensure it’s not set to 0. - Try a different pair of earphones. - Use high-bitrate music files; low-quality files may cause distortion. 5. **Cannot download files to the reader**: - Check for a defective USB cable (contact manufacturer for replacement). - Verify available storage — the internal memory or Micro SD card may be full. - For Windows 98 users: A USB 2.0 driver update may be required to recognize the device as a removable disk. 6. **General care & environmental precautions**: - Avoid exposure to moisture, extreme temperatures (outside 32–120°F / 0–50°C), dust, or physical impact. - Do not drop, bend, crush, or apply pressure to the screen or body. - Clean only with a soft, dry cloth — no harsh chemicals. - Store in the provided leather case when not in use to prevent scratches. 7. **Firmware or manual updates**: - Firmware upgrades (if released) and the latest user manual are available for download on the manufacturer’s website. For any issue involving liquid ingress, water exposure, physical damage, overheating, or persistent malfunction despite correct operation, do not attempt self-repair — contact the manufacturer directly."
311,"""When connecting the fax, hwo can I properly finish the procedure?""","To properly finish the fax connection procedure, please follow the instructions in the Quick Setup Guide, as installation must be performed correctly according to it. Ensure the fax is connected to a grounded AC power outlet and a standard telephone line (RJ-11), avoiding extension cords or unauthorized cables. Do not connect to DC power or inverters. For safety, unplug both the telephone line cord and power cord before accessing internal components <PIC>. If you encounter issues during setup, contact brand of the fax Customer Service via the Online User's Guide: brand of the fax Help and Customer Support. <PIC> <PIC> , [""Manual15_2"", ""Manual15_4"", ""Manual15_6""]"
312,"""What should I pay attention to in order to ensure my safety when using this fax?""","To ensure your safety when using this fax, please pay attention to the following important instructions: 1. Read the Product Safety Guide before operating or maintaining the device, and follow all warnings and instructions marked on the product <PIC>. 2. Choose a safe location—do not use the fax near water, in wet areas (e.g., near sinks, bathtubs, or swimming pools), or during thunderstorms <PIC>. 3. Never drop metal objects or liquids onto the power plug or into the product; if liquid is spilled or the unit is exposed to water/rain, immediately unplug it from the AC outlet and contact Authorized Service Personnel <PIC>. 4. Do not open or remove covers—servicing must only be performed by a brand of the fax Authorized Service Center to avoid electrical shock and warranty voidance <PIC>. 5. Use only the provided power cord and a No. 26 AWG or larger telephone line cord; ensure the AC power source matches the rating label on the machine. 6. If the product becomes unusually hot, emits smoke or strong odors, or shows abnormal performance, unplug it immediately and seek professional service. , [""fax_01"", ""Manual15_6"", ""Manual15_4"", ""Manual15_2""]"
313,"""In order to keep your fingers safe, what should you pay attention to about the fax?""","To keep your fingers safe when using the fax, pay attention to the following safety precautions: 1. Do not drop metal objects or liquids on the power plug or into the product — this may cause electrical shock or fire <PIC>. 2. Avoid placing your fingers near moving parts (e.g., paper feed mechanisms or scanner glass) — if the scanner glass breaks, it poses an injury risk <PIC>. 3. Never open or remove covers yourself, as this may expose you to dangerous voltage points and void your warranty <PIC>. 4. Always unplug the product before cleaning or servicing, and refer all servicing to a brand of the fax Authorized Service Center <PIC>. For full details, refer to the Product Safety Guide <PIC>. , [""Manual15_4"", ""Manual15_2"", ""fax_01"", ""Manual15_4"", ""fax_01""]"
314,"""I'm about to move this fax. Is there anything I should pay attention to?""","When moving your fax machine, please pay attention to the following safety and setup considerations: 1. Unplug the device from both the AC power outlet and telephone line before moving it. 2. Avoid placing it on an unstable surface—use a sturdy, level table or desk near a standard AC power outlet and a telephone wall jack (for fax models). 3. Do not move or operate the fax near water, in damp locations, or during a thunderstorm. 4. If the unit was dropped or shows physical damage, do not use it—contact an Authorized Service Personnel before reconnection. 5. After relocation, ensure proper grounding (use a grounded AC outlet) and verify that the power cord and telephone line cord meet specifications (e.g., No. 26 AWG or larger for telecom lines). For full safety guidance, refer to the Product Safety Guide <PIC>. , [""fax_01""]"
315,"""Are caution or warning labels inside the fax important? If not, can I remove them?""","Yes, caution and warning labels inside the fax are important for safety and proper operation. According to the safety instructions, you must NOT remove or damage any of the caution or warning labels inside the product <PIC>. , [""Manual15_14""]"
316,"""If I'm in Canada, is there any statement of the fax vailable in my country?""","Yes, the fax machine is approved for use in Canada. As stated in the documentation, 'These products are made for use in the USA and Canada only' and 'This product meets the applicable Innovation, Science and Economic Development Canada technical specifications.' Therefore, official regulatory statements — including safety, compliance, and operational notices — are available and applicable in Canada."
317,"""When using the grill, how to connect regulator to the LP Tank?""","To connect the regulator to the LP tank: 5. Hold the regulator and insert the nipple into the LP tank valve. Hand-tighten the coupling nut, holding the regulator in a straight line with the LP tank valve to avoid cross-threading. The nipple must be centered into the LP tank valve. <PIC> 6. Turn the coupling nut clockwise and tighten to a full stop. The regulator will seal on the back-check feature in the LP tank valve, resulting in some resistance. An additional one-half to three-quarters turn is required to complete the connection. Tighten by hand only — do not use tools. <PIC> , [""drill0_04"", ""drill0_05""]"
318,"""To engure my safety when using the grill, how to do leak testing on valves, hose and regulatol?""","To ensure your safety, perform a leak test on valves, hose, and regulator as follows: 1. Turn all grill control knobs to OFF. 2. Use a clean paintbrush and a 50/50 mild soap and water solution — brush the soapy solution onto all connections (valve, hose, and regulator). 3. If 'growing' bubbles appear, there is a leak: immediately close the LP tank valve and retighten connections. 4. Do not use an open flame or household cleaning agents for testing. 5. Conduct the test outdoors in a well-ventilated area, away from ignition sources and while not smoking. 6. Always close the LP tank valve after the test by turning the hand wheel clockwise to a full stop. <PIC> <PIC> , [""Manual19_6"", ""Manual19_71""]"
319,"""What should I pay attention to on ablout indirect cooking using the grill?""","The provided reference materials do not contain specific guidance or safety considerations for indirect cooking on the grill. Indirect cooking methods (e.g., turning off burners under the food and using convection heat) are not addressed in any of the referenced documents, which focus instead on general safety, cleaning, lighting procedures, grease fire prevention, and air fryer lid usage. For reliable instructions on indirect cooking, please consult the official grill model-specific Use and Care Guide or contact customer support at 1-800-241-7548."
320,"""What are the first three steps in assembly process of the grill according to the manual?""","The manual does not specify the first three steps of the grill assembly process. It only lists the tools needed for assembly (adjustable wrench, screwdriver, and 7/16"" combination wrench) and directs users to refer to the full assembly instructions — but those steps are not provided in the referenced documents. For detailed assembly guidance, please consult the complete assembly section of your Use and Care Guide or contact customer support at 1-800-241-7548."
321,"""Can you share me some safety tips using the grill?""","Here are key safety tips for using your grill, based on the official guidelines: · Use the grill **outdoors only**, in a well-ventilated area — **never** in enclosed spaces like garages, porches, carports, or under overhead structures. <PIC> · Maintain **at least 3 ft. clearance** from walls or surfaces, and **10 ft. clearance** from flammable objects or ignition sources (e.g., water heater pilot lights, electrical appliances). <PIC> · **Never use charcoal or ceramic briquets** in a gas grill unless specifically supplied with your model. · Before opening the LP tank valve, **check coupling nut tightness**, and always **perform a leak test** before first use or after moving connections. · **Do not leave the grill unattended** while preheating or burning off residue — grease buildup can cause fires. Clean regularly, especially the grease tray (empty after each use) and interior bottom. · If a grease fire occurs: **turn off all control knobs and the LP tank valve immediately** — do **not use water**, and do **not rely on closing the lid** (grills are designed to be well-ventilated). · Keep children away from the grill, and use long-handled utensils and oven mitts to prevent burns. Never move the grill while hot. For full details, refer to your Use and Care Guide — and always follow local fire codes, especially if you live in an apartment or RV community. , [""Manual19_6"", ""Manual19_0""]"
322,"""What are identification numbers of my jetski? I don't understand that.""","Your jetski's identification numbers include: A. Frame Number (a nine-digit number stamped on the frame — see <PIC>), B. Engine Number (Primary I.D.) — stamped on the engine as shown in <PIC>, and C. Key Number — shown in <PIC>. Additionally, you should record the Hull Identification Number (HIN) and Primary Identification (PRI-ID) number for parts ordering and theft recovery. These numbers are essential when contacting your dealer for service or spare parts. , [""Manual34_0"", ""Manual34_1"", ""Manual34_2""]"
323,"""I've heard that my jetski has cruising limitations. Please introduce them.""","Your jetski has several important cruising limitations for safety and optimal performance: - **Water depth**: Never operate in water less than 60 cm (2 ft) deep to avoid hitting submerged objects, which could cause injury. - **Maneuvering**: Avoid sharp turns, jumping wakes or waves — these increase the risk of back/spinal injury, facial injuries, and broken bones. - **Visibility & conditions**: Do not operate in rough water, bad weather, or poor visibility. Always check weather forecasts before riding. - **Night operation**: This watercraft lacks required lighting — do not operate after sunset or before dawn to prevent collisions. - **Safe operation practices**: Scan constantly for people, objects, and other watercraft; maintain safe speeds and distances; avoid following directly behind others or spraying people with water; stay clear of shallow or obstructed areas. - **Riding companionship**: For safety, never ride further than swimming distance from shore alone — ride with another boat or watercraft, maintaining a safe distance. - **Legal compliance**: As a legally classified powerboat, your jetski must be operated in accordance with local, state, and international waterway rules (e.g., U.S. Coast Guard regulations) <PIC>. For full details, please refer to your Owner’s/Operator’s Manual and consider completing a certified boating safety course, which may be required in your state. , [""Manual20_18""]"
324,"""I've heard that my jetski has cruising limitations. Please introduce them.""","Your jetski has several important cruising limitations for safety: - **Water depth**: Never operate in water less than 60 cm (2 ft) deep to avoid hitting submerged objects and risking injury. - **Maneuvers**: Avoid sharp turns, jumping wakes or waves — these increase the risk of back/spinal injury, facial injuries, and broken bones. - **Visibility & conditions**: Do not operate in rough water, bad weather, or poor visibility. Always check weather forecasts before riding. - **Night operation**: This watercraft lacks required lighting — do not operate after sunset or before dawn to prevent collisions. - **Situational awareness**: Scan constantly for people, objects, and other watercraft; operate defensively at safe speeds and maintain safe distances. Avoid following directly behind others or spraying water at people. - **Rider qualifications**: Minimum recommended operator age is 16; minors require adult supervision. A boating safety course is recommended — and may be legally required in your state. - **Capacity**: Designed for operator + one passenger only; maximum load is 160 kg (353 lb). Do not carry a passenger until you have substantial solo riding experience. - **Legal compliance**: As a powerboat, your jetski must be operated in accordance with local, national, and international 'Rules of the Road' for waterways. For full details, refer to your Owner’s/Operator’s Manual <PIC>. Additional safety resources are available through the U.S. Coast Guard and the jetski GET W.E.T. initiative. , [""Manual20_16""]"
325,"""What are the operation requirements if I want to use my jetski?""","To safely operate your jetski, the following requirements must be met: 1. **Operator Eligibility**: Operators must be at least 16 years old; minors require adult supervision, and state-specific boating safety course requirements may apply. 2. **Mandatory Reading & Training**: All operators must read the Owner’s/Operator’s Manual, Riding Practice Guide, Riding Instruction card, and all warning/caution labels — and watch the Basic Orientation Video <PIC>. 3. **Safety Equipment**: All riders must wear a U.S. Coast Guard–approved personal flotation device (PFD) suitable for personal watercraft use, plus protective clothing (e.g., wetsuit bottom or thick, snug-fitting denim) to prevent injury from jet thrust exposure <PIC>. 4. **Legal Compliance**: As a legally classified powerboat, your jetski must be operated in accordance with applicable waterway rules (e.g., International Rules of the Road), enforced by the U.S. Coast Guard and local authorities <PIC>. 5. **Load Limit**: Never exceed the maximum load of 160 kg (353 lb), and never carry more than one passenger — only after gaining significant solo riding experience should you attempt operation with a passenger. , [""Manual20_12"", ""Manual20_19"", ""Manual20_26""]"
326,"""What kinds of watercraft characteristics does my jetski have?""","Your jetski has the following watercraft characteristics: 1. Jet thrust propulsion system — water is drawn in through the intake grate, pressurized by the impeller in the jet pump, and expelled through the jet thrust nozzle to generate forward motion and steering control. 2. Throttle-dependent steering — the amount of thrust (controlled by engine speed/throttle) directly affects turning response: more throttle enables sharper turns, less throttle results in gradual turns, and releasing the throttle completely produces only minimum thrust, significantly reducing steering ability at speeds above trolling. 3. Two-person capacity — designed for operator plus one passenger, with a maximum load limit of 160 kg (353 lb), including cargo, operator, and passenger. 4. Handling requires experience — operation with a passenger demands greater skill; it’s recommended to gain substantial solo riding experience before carrying a passenger. <PIC> , [""Manual20_24""]"
327,"""When encountering vessels driving my jetski, what rules should I obey?""","When encountering other vessels while operating your jetski, you must follow the 'Rules of the Road'—as jetskis are legally considered powerboats. Key rules include: 1. **Meeting head-on**: Both vessels must alter course to starboard (right) to pass port-to-port. 2. **Crossing**: If another vessel is on your starboard (right) side, you are the give-way vessel and must yield; if it’s on your port (left) side, you are the stand-on vessel and should maintain course and speed—provided the other vessel yields as required <PIC>. 3. **Overtaking**: You are the give-way vessel when passing another vessel; maintain safe distance and do not impede its course <PIC>. The vessel being overtaken should hold its course and speed <PIC>. 4. **Narrow channels/bends**: Keep to the right when safe and practical <PIC>. 5. **General prudential rule**: If a collision appears unavoidable, both vessels must take action to avoid it—even if one is normally the stand-on vessel . Always maintain a safe distance, monitor your surroundings (especially behind before turning), and carry required safety equipment (e.g., sound-signaling device) . , [""Manual20_26"", ""Manual20_28"", ""Manual20_29"", ""Manual20_22""]"
328,"""I'd like to remove and install the seat of my jetski, what steps should I follow?""","Hello, the provided reference materials do not contain instructions for removing or installing the seat of a jet ski. The documents pertain to ROPS (rollover-protection system), LP tank handling, steam release valves, and grill-related procedures — none of which apply to jet ski seat installation or removal. For accurate, model-specific guidance, please consult your jet ski’s official owner’s manual or contact the manufacturer directly."
329,"""In daily usage, how to open and close the hood of the jetski?""","To open the hood of the jetski: Push the hood latch <PIC> down, and then lift the hood up. To close the hood: Push the hood down until it latches securely in place. NOTE: Always ensure the hood is properly secured before operating the watercraft. , [""Manual20_36""]"
330,"""I've noticed that there are two different kinds of filler caps on the jetski. How to remove them?""","There are two main types of filler caps on the jetski: the fuel tank filler cap and the oil tank filler cap. To remove the **fuel tank filler cap**, turn it counterclockwise <PIC>. To remove the **oil tank filler cap**, also turn it counterclockwise <PIC>. Always ensure both caps are securely reinstalled before operating the watercraft. , [""Manual20_40"", ""Manual20_41""]"
331,"""If I need to manipulate the two kinds of engine switches on the jetski, what should I do?""","The reference materials do not specify the location, function, or operational procedure for 'two kinds of engine switches' on the jetski. For safe and correct manipulation of any engine switches—including main ignition switch, engine shut-off switch (e.g., lanyard-style kill switch), or interlock-related switches—always refer to your specific jetski model’s Owner’s/Operator’s Manual and follow all WARNING and CAUTION instructions. Notably, the documents emphasize: (1) always removing both main switch keys and the clip from the engine shut-off switch before maintenance (Ref. 5); (2) never overriding safety interlocks (Ref. 7); and (3) consulting an authorized jetski dealer for operation or maintenance questions (Ref. 2). If you are unsure about switch identification or function, do not proceed—contact your dealer immediately."
332,"""There are two kinds of levers on the jetski, how to manipulate them?""","There are two main types of levers on the jetski referenced in the documentation: motion-control levers and the throttle lever. • Motion-control levers (Figure 4, Figure 26, Figure 28): Use them to drive forward, reverse, and turn — push or pull them to control direction and speed. Move them outward to the NEUTRAL-LOCK position when stopping or exiting the machine. To drive backward, slowly pull both levers rearward from the center, unlocked position <PIC>. • Throttle lever (Figure 47): Squeeze it to increase engine speed; release it to decrease speed or return to idle <PIC>. Note: Some models may also include a choke lever (for cold starts) and a parking-brake lever — consult your specific model’s manual for confirmation. For safe and proper operation, always ensure smooth lever movement across their full range and never touch shift gates while operating the levers. , [""Manual23_52"", ""Manual20_47""]"
333,"""What information should I obtain about Quick Shift Trim System (QSTS) selector when using my jetski""","When using the Quick Shift Trim System (QSTS) selector on your jetski, you should obtain the following key information: 1. **Location**: The QSTS selector is located at the left handlebar grip <PIC>. 2. **Function**: It adjusts the trim angle by changing the vertical angle of the jet thrust nozzle. 3. **Positions**: There are 5 positions — two bow-down (● and ⊖), neutral (↰), and two bow-up (© and ⊙). 4. **Safe Operation**: Reduce engine speed to 3,000 r/min or less before adjusting; squeeze the shift lock lever, turn to desired position, then release to lock <PIC>. 5. **Critical Caution**: Never turn the QSTS selector at full throttle — doing so may cause damage. Neutral (“N”) is recommended for most conditions; use bow-down or bow-up positions only to enhance specific performance needs. , [""Manual20_33"", ""Manual20_52""]"
334,"""What do fuel meter and hour meter on my jetski do?""","The fuel meter shows the amount of fuel remaining in the tank using eight segments; its indication may vary slightly depending on operating conditions. <PIC> The hour meter records the total hours the engine has operated since the watercraft was new, helping you track maintenance intervals. Importantly, the elapsed time is retained even if the battery is disconnected. <PIC> , [""Manual20_58"", ""Manual20_59""]"
344,"""Inspecting fuel filter and fuel tank of my jetski is important. How to do that?""","Inspecting the fuel filter and fuel tank of your jet ski is important for safety and performance. According to the reference information: • **Fuel filter location**: It is located near the engine on the left front of the engine <PIC>, and is a one-piece, disposable unit <PIC>. • **Fuel filter replacement interval**: Replace after the initial 10 hours or first month of operation, then every 200 hours or 24 months thereafter — or sooner if water is found in the filter <PIC>. Service interval may also be every 500 hours/yearly (whichever comes first), especially in dusty/dirty conditions <PIC>. • **WARNING**: Do not attempt to replace the fuel filter yourself. An incorrectly installed filter can leak gasoline, posing fire or explosion risk. Have a Yamaha dealer perform this service <PIC>. • **Fuel tank inspection**: Check the fuel tank <PIC> for leakage or water contamination. If water is found in the fuel system or if the tank requires cleaning, have a Yamaha dealer service the watercraft . • **Safety reminder**: Fuel is highly flammable and poisonous. Always inspect or handle fuel outdoors, on level ground, with the engine cold and off. Never inspect near open flame or while smoking . , [""Manual20_34"", ""Manual20_81"", ""Manual23_92"", ""Manual20_82"", ""Manual20_34"", ""snowmobile_03""]"
345,"""How to adjust the adjustable sponson of my jetski if needed?""","To adjust the adjustable sponson of your jetski: 1. Remove the bolts on both sponsons <PIC>. 2. Remove both sponsons, then install them in the desired position <PIC>. 3. Be sure to install both sponsons to the same level. 4. Tighten the bolts on both sponsons to the correct torque: 18 N·m (1.8 kgf·m, 13 ft·lb) <PIC>. , [""Manual20_82"", ""Manual20_83"", ""Manual20_84""]"
346,"""The intake and impeller of my jetski are dirty. How to clean them?""","To clean the jet intake and impeller: (1) Turn off the engine, remove the main switch key, and disconnect the engine shut-off switch clip. Wait for all movement to stop. (2) Beach the watercraft safely. (3) Turn the watercraft onto its port (left) side, supporting the bow to protect the handlebars <PIC>. Place a clean cloth or carpet underneath to prevent scratches <PIC>. (4) Open the rear platform hatch (see page 63). (5) Check that the retaining cord is securely attached to the access port cap and strap eye <PIC>. (6) While holding the handle and pushing down, turn the access port cap counterclockwise until the “SET” mark aligns with the slot, then lift the cap. (7) Remove weeds or debris from around the drive shaft, impeller, pump housing, and jet thrust nozzle . If debris is difficult to remove, consult your Yamaha dealer. , [""Manual20_84"", ""Manual20_85"", ""Manual20_86""]"
347,"""How to start my jetski in different situations?""","To start your jetski in different situations, follow these official procedures: # Starting from a dock: 1. Board the watercraft from the side. 2. Attach the engine shut-off cord to your left wrist and install the clip onto the engine shut-off switch. 3. Push the watercraft away from the dock, grip the handlebars with both hands, place both feet on the floor of the footwell, push the start switch <PIC> (green button), and start off. # Boarding alone (e.g., from water): 1. Swim to the rear, place both hands on the boarding platform, pull up, and grasp the handgrip with one hand. 2. Pull yourself into a kneeling position, then move to the seat and sit astride. 3. Attach the engine shut-off cord to your left wrist and install the clip onto the engine shut-off switch. 4. Grip the handlebars firmly, place both feet in the footwell, push the start switch <PIC> (green button), look in all directions, and then proceed. # Boarding with a passenger: 1. Board first and sit astride; attach the shut-off cord and install the clip. 2. Have the passenger move to the rear, then board and sit securely — feet on the footwell floor, holding on to you. 3. Start the engine by pressing the start switch <PIC> (green button), look all around, and accelerate only after confirming clear surroundings. ⚠️ Always ensure no boats, obstructions, or swimmers are nearby before starting. Never apply throttle until the passenger is fully seated and holding on. Total weight (operator + passenger + cargo) must not exceed 160 kg (353 lb). , [""Manual20_48"", ""Manual20_48"", ""Manual20_48""]"
348,"""What are basic steps to board my jetski with a passenger in deep water?""","Basic steps to board your jetski with a passenger in deep water are as follows: 1. Ensure the water is at least 60 cm (2 ft) deep — do not start the engine in shallower water. Board from the rear or side of the watercraft. <PIC> 2. Operator boards first: climb onto the boarding platform, kneel, then sit astride the seat. Attach the engine shut-off cord to your left wrist and install the clip on the engine shut-off switch. <PIC> 3. Passenger moves to the rear of the watercraft, then pulls up onto the platform, kneels, and crawls onto the seat behind the operator. Both should work together to balance the watercraft. <PIC> 4. Passenger must place feet on the floor of the footwell and hold securely onto the operator. 5. Start the engine at idle, check all directions for obstructions, then gradually accelerate to planing speed. Do not apply throttle until the passenger is fully seated and holding on. <PIC> , [""Manual20_88"", ""Manual20_71"", ""Manual20_72"", ""Manual20_73""]"
349,"""If it is difficult to balance the jetski at a stand still, what should I do?""","If it is difficult to balance the watercraft at a standstill, the passenger must steady the watercraft while the operator is boarding. The operator pulls himself up onto the platform into a seating position, then balances the watercraft. <PIC> , [""Manual20_30""]"
350,"""What is the max load of the jetski?""","The maximum load of the jetski is 160 kg (353 lb), which includes the total weight of the operator, passenger, and any cargo. This watercraft is designed to carry the operator and one passenger only — never exceed 2 persons or the 160 kg limit."
351,"""What is the overview of the base station of a landline?""","The base station of a landline cordless phone (e.g., XL490/XL495 models) serves as the central hub that connects to the telephone line and power supply, enabling communication with registered handsets. Key functions include: • Pressing a button to locate or page handsets. • Pressing and holding to enter registration mode for pairing new handsets. • Providing power and line connectivity via the power adapter and line cord. • Supporting GAP standard compliance for interoperability with other DECT™ GAP devices. For setup: connect the line cord between the wall telephone socket and the base station’s telephone socket, and connect the power adapter to the base station’s DC input jack and a wall power socket <PIC><PIC>. Additional details on installation and overview are found in sections 'Connect the base station' and 'Overview of the base station' of the manual. , [""Manual22_18"", ""Manual22_19""]"
352,"""How can you connect the base station of a landline?""","To connect the base station of the landline: 1. Connect one end of the line cord to the telephone socket at the bottom of the base station, and the other end to the telephone socket on the wall. 2. Connect the power adapter: plug one end into the DC input jack at the bottom of the base station and the other end into a power socket on the wall. <PIC> <PIC> , [""Manual22_23"", ""Manual22_22""]"
353,"""How can you install the handset of a landline?""","To install the handset of a landline: 1. The batteries are pre-installed in the handset; simply pull off the battery tape from the battery door before charging. 2. Place the handset on the base station to charge — you will hear a docking sound when correctly positioned <PIC>. 3. Ensure the handset is registered to the base station: if 'Register your Handset' appears on screen, place the handset on the base until the signal bar appears <PIC>. Auto-registration usually completes in less than two minutes <PIC>. , [""Manual22_23"", ""Manual22_55"", ""Manual22_56""]"
354,"""How can you check the battery level of a landline?""","To check the battery level of a landline handset: When the handset is on standby, the battery icon on the display screen indicates the current battery level <PIC>. If the batteries are nearly empty, you will hear warning tones during a call, and the call will disconnect after the warning <PIC>. The handset will turn off if the batteries are completely drained. , [""Manual12_0"", ""Manual12_1""]"
355,"""What can you do if your landline is in searching status?""","If your landline handset is in searching status, you can try the following: • Make sure that the base station has power supply. • Register the handset to the base station. • Move the handset closer to the base station. <PIC> , [""Manual22_58""]"
356,"""How can you know about the current status with different LED indicator behavior on a landline?""","You can check the current status of your landline phone by referring to the LED indicator behavior on either the handset or base station. To view the meaning of different LED behaviors: 1. On the handset: Go to [Menu] > [Phone setup] > [LED status] > [Events status] / [Charge status], then press [OK]. A table (see reference) shows the corresponding status for each LED pattern. <PIC> 2. On the base station: Refer to the dedicated table showing LED behavior for the base station. <PIC> Additionally, you can check charging status via [Menu] > [Phone setup] > [Charge status], and observe the battery icon or docking tone for confirmation. <PIC> , [""Manual22_10"", ""Manual22_11"", ""Manual22_58""]"
357,"""How can you know about the current status with different LED indicator behavior on the base station of a landline?""","The current status of the base station can be determined by its LED indicator behavior, as detailed in a reference table provided in the manual. However, the specific LED patterns and their meanings for the base station are not listed in the available reference knowledge. For full details, please refer to the table titled 'Behavior of the LED indicator on the base station' in your product manual. <PIC> , [""Manual22_58""]"
358,"""How can you lower the roll bar of a lawn mower?""","To lower the roll bar of the lawn mower: 1. Remove the hairpin cotters and remove the 2 pins (Figure 9). 2. Lower the roll bar to the down position — note there are 2 possible down positions; refer to Figure 8 <PIC>. , [""Manual23_40""]"
359,"""How can you adjust the rear-shock assemblies for a lawn mower with suspension system only?""","For lawn mowers with a suspension system only, you can adjust the rear-shock assemblies to change ride firmness. The assemblies mount in slots with detent positions for reference (e.g., 1 = softest, 3 = firmest), but they may be positioned anywhere within the slot—not only at detents. <PIC> Ensure the left and right rear-shock assemblies are always adjusted to the same position. <PIC> , [""Manual23_53"", ""Manual23_54""]"
360,"""How can you adjust the height of cut for a lawn mower with an electric deck lift?""","To adjust the height of cut for a lawn mower with an electric deck lift: 1. Push up on the deck-lift switch (Figure 31) to raise the deck <PIC>. 2. Select a hole in the height-of-cut bracket corresponding to your desired cutting height, and insert the height-of-cut pin (Figure 32) <PIC>. , [""Manual23_56"", ""Manual23_57""]"
361,"""How can you load a lawn mower?""","The term 'load a lawn mower' is not explicitly defined in the provided documentation. The manuals cover operation, safety, blade control, deck adjustment, transport lock usage, and maintenance—but do not describe a 'loading' procedure (e.g., loading onto a trailer or loading fuel/battery). If you meant starting the mower, engaging the PTO, or mounting accessories, those steps are covered under related sections such as 'Disengaging the Blade-Control Switch (PTO)' <PIC>, 'Using the Transport Lock' <PIC>, or 'Entering the Operator’s Position' . For clarity, please confirm your intended meaning (e.g., loading onto a vehicle, fueling, battery installation, or attaching a grass catcher). , [""Manual23_53"", ""Manual23_41""]"
362,"""How can you unload a lawn mower?""","The term 'unload a lawn mower' is not defined or addressed in the provided documentation. The manuals cover safe operation, blade disengagement (PTO), transport positioning, maintenance, and shutdown procedures — but do not describe any process referred to as 'unloading'. If you mean preparing the mower for transport, storage, or maintenance, key steps include: 1. Park on a level surface; 2. Disengage the blade-control switch (PTO); 3. Shut off the engine and remove the key; 4. Wait for all moving parts to stop <PIC>; 5. Engage the parking brake <PIC>. For deck transport positioning, push the deck-lift pedal fully forward to lock the deck in the TRANSPORT position <PIC>. Please clarify if you meant a different context (e.g., unloading from a vehicle or removing attachments), as it is not covered in the reference materials. , [""Manual23_73"", ""Manual23_53"", ""Manual23_53""]"
363,"""How can you change the engine oil of a lawn mower?""","To change the engine oil of a lawn mower: 1. Start the engine and let it run for 5 minutes to warm the oil for better drainage <PIC>. 2. Park the machine so that the drain side is slightly lower than the opposite side to ensure complete drainage <PIC>. 3. Disengage the blade-control switch (PTO) and engage the parking brake <PIC>. 4. Shut off the engine, remove the key, and wait for all moving parts to stop <PIC>. 5. Drain the oil from the engine (Figure 49) <PIC>. 6. Slowly pour approximately 80% of the specified oil into the filler tube, then gradually add the remainder to reach the Full mark (Figure 61) <PIC>. 7. Start the engine and drive to a flat area, then check the oil level again <PIC>. Note: Dispose of used oil at a recycling center. For Kawasaki engines, change oil every 100 hours (more often in dirty or dusty conditions) <PIC>. , [""Manual23_75"", ""Manual23_86"", ""Manual23_87"", ""Manual23_73"", ""Manual23_75"", ""Manual23_87"", ""Manual23_76"", ""Manual23_73""]"
364,"""How can you remove the filters of a lawn mower?""","To remove the filters of a lawn mower: 1. Park the machine on a level surface, disengage the blade-control switch (PTO), and engage the parking brake. 2. Shut off the engine, remove the key, and wait for all moving parts to stop. 3. Release the latches on the air cleaner and pull the air-inlet cover off the air-cleaner body <PIC>. 4. Gently slide the primary filter out of the air-cleaner body <PIC>. 5. Remove the safety (inner) filter only if replacing it — do not attempt to clean it <PIC>. Note: If the safety filter is dirty, replace both the safety and primary filters. , [""Manual23_83"", ""Manual23_73"", ""Manual23_82""]"
365,"""How can you replace the mower belt of a lawn mower?""","To replace the drive V-belt on your lawn mower (models BR250T/CS340E or ET410TR/VK540E), follow these steps: 1. Apply the parking brake before replacement. 2. Remove the drive V-belt guard <PIC>. 3. Rotate the secondary sliding sheave clockwise and push it to separate it from the fixed sheave. 4. Pull the belt up over the secondary fixed sheave. 5. Remove the old belt from both the secondary and primary sheaves. 6. Install the new belt over the primary sheave. 7. Again, rotate the secondary sliding sheave clockwise and push it to separate it from the fixed sheave. 8. Install the new belt between the secondary sliding and fixed sheaves <PIC>. 9. Reinstall the drive V-belt guard. Note: A worn or damaged drive belt should be replaced immediately — flat spots, cracks, or excessive wear are signs it needs replacement <PIC>. , [""Manual34_148"", ""Manual34_170"", ""Manual34_242""]"
366,"""How can you set up control of a over-the-range microwave?""","Hello, the provided reference materials do not include setup or control instructions for an over-the-range microwave — such as mounting, venting configuration, control panel operation, or remote/wall-control integration. The documents cover only general microwave usage guidelines (e.g., cookware safety, shielding, defrosting, standing time) and maintenance tasks (e.g., bulb, charcoal filter, and grease filter replacement). For specific control setup (e.g., clock setting, sensor cooking, exhaust fan controls, or smart features), please refer to your model’s dedicated owner’s manual or contact customer support with your full model number."
367,"""How can you set the light timer of a over-the-range microwave?""","Hello, the provided reference materials do not include instructions or information on setting the light timer for an over-the-range microwave. The documents cover topics such as bulb replacement, charcoal filter replacement, cookware safety, and cooking guidelines—but no details about a light timer function or its setup. For accurate guidance, please consult your specific microwave’s user manual or contact customer support with your model number."
368,"""How can you set yout favorite recipe with a over-the-range microwave?""","The provided reference materials do not include instructions for setting or saving a favorite recipe on an over-the-range microwave — such as programming custom cook settings, storing user presets, or using memory functions. These documents focus exclusively on general microwave cooking techniques (e.g., covering, shielding, arranging food, standing time) and do not describe control panel operations, menu navigation, or recipe-saving features. Please consult your specific microwave’s user manual or model-specific guide for instructions on saving favorite recipes."
369,"""How can you reheat food with a over-the-range microwave?""","To reheat food in an over-the-range microwave, follow these key guidelines from the manufacturer: 1. Arrange food in a single layer (not stacked) for even heating; place denser or thicker portions toward the outside of the dish. 2. Cover food with a microwave-safe lid, vented plastic wrap, or waxed paper to retain moisture and heat — vent one corner of plastic wrap to allow steam to escape. 3. Stir or rotate food halfway through reheating (e.g., casseroles, soups) to distribute heat evenly. 4. Let food stand for 2–15 minutes after reheating — covering it during standing helps finish heating internally and prevents overcooking edges. 5. Use only microwave-safe containers; avoid metal utensils, foil trays, or metal-trimmed dishware, as they can cause arcing <PIC>. For best results, start with the minimum recommended time and check doneness before adding more time. , [""Manual24_3""]"
370,"""How can you use auto defrost of a over-the-range microwave?""","The reference materials do not provide specific instructions or operational steps for using the 'auto defrost' feature on an over-the-range microwave. They mention defrosting only in general contexts — such as advising to 'completely defrost the fish or shellfish' before cooking and referencing a 'TIME DEFROST CHART' <PIC> — but no details about auto defrost mode activation, settings, or usage procedure are included. For accurate guidance, please consult your microwave’s user manual or contact customer support. , [""Manual24_43""]"
371,"""How can you clean the grease filter of a over-the-range microwave?""","To clean the grease filter of an over-the-range microwave: 1. Remove the grease filter by sliding it to the side, pulling it downward, then pushing it to the other side until it drops out <PIC>. 2. Wash it in the dishwasher or soak it in hot water with a mild detergent; rinse well and shake dry. Do not use ammonia or abrasive cleaners — the aluminum filter may darken <PIC>. 3. To reinstall, slide the filter into the side slot, then push up and toward the oven center to lock it in place <PIC>. CAUTION: Never operate the oven hood without the filter in place. , [""Manual24_47"", ""Manual24_48"", ""Manual24_49""]"
372,"""How can you replace the charcoal filter of a over-the-range microwave? ""","To replace the charcoal filter of an over-the-range microwave: 1. Unplug the oven or turn off power at the main power supply. 2. Remove the two vent grill mounting screws (the two middle screws). <PIC> 3. Tip the grill forward, then lift it out. <PIC> 4. Remove the old charcoal filter. <PIC> 5. Slide a new charcoal filter into place — it should rest at the angle shown. <PIC> 6. Slide the bottom of the grill into place, push the top until it snaps into place, and replace the mounting screws. 7. Turn the power back on at the main power supply and set the clock. Note: The charcoal filter cannot be cleaned and should be replaced every 6 to 12 months if the unit is vented indoors. , [""Manual24_48"", ""Manual24_51"", ""Manual24_52"", ""Manual24_53""]"
373,"""How can you replace the oven light of a over-the-range microwave? ""","To replace the oven light of an over-the-range microwave: 1. Unplug the unit or turn off power at the main power supply. 2. Remove the vent cover mounting screws (2 middle screws). 3. Tip the cover forward, then lift out to remove. 4. Remove the bulb holder. 5. Lift up the bulb holder. 6. Replace the bulb with a 30 or 40 watt appliance bulb. 7. Replace the bulb holder. 8. Slide the bottom of the vent cover into place, push the top until it snaps in, and reinstall the mounting screws. 9. Turn the power back on at the main power supply. <PIC> <PIC> <PIC> <PIC> , [""Manual24_54"", ""Manual24_55"", ""Manual24_56"", ""Manual24_57""]"
374,"""How can you set the PCI Express 3.0 x16 slots of a motherboard?""","To set the PCI Express 3.0 x16 slots on this motherboard, you can configure their link speed via BIOS settings. Under 'PEG Port Configuration' or 'PCI Express Configuration', locate the option for 'PCIEx16_1 / PCIEx16_2 Link Speed' or 'PCIe Speed', and select the desired generation: [Auto], [Gen1], [Gen2], or [Gen3] <PIC>. For optimal graphics performance in single VGA card mode, use the PCIe 3.0 x16_1 slot (gray). Ensure the graphics card is fully seated and secured, then install appropriate drivers after booting into the OS. Refer to Chapter 2 of the manual for BIOS setup details. , [""Manual25_1""]"
375,"""How can you set the jumpers of a motherboard?""","The motherboard manual includes descriptions of jumpers, such as the Clear RTC RAM (CLRTC) jumper and the CPU Over Voltage (CPU_OV) jumper. For example, to clear RTC RAM, you short the two pins of the CLRTC header (as shown in the manual). For CPU overclocking, the CPU_OV jumper has three pins: placing the cap on pins 1–2 restores default voltage, while placing it on pins 2–3 increases CPU voltage. Detailed jumper configurations and illustrations are provided in the motherboard manual — refer to Chapter 1.6 'Jumpers' and associated diagrams <PIC>. For precise instructions matching your specific model, consult the official manual included with your product or download the latest version from the manufacturer's website. , [""Manual25_1""]"
376,"""How can you set the rear panel connectors of a motherboard?""","The rear panel connectors on a motherboard are pre-mounted and fixed during manufacturing—they are not user-configurable or 'set' via jumpers, BIOS, or software. As shown in the documentation, these include the PS/2 Mouse/Keyboard combo port, DisplayPort, and VGA port. They are designed to align with cutouts in the chassis rear I/O shield when the motherboard is correctly installed (edge with external ports facing the rear of the chassis). No user configuration or setting is required for these connectors. <PIC> , [""Manual25_6""]"
377,"""How can you set the onboard LED of a motherboard?""","The onboard LED on this motherboard includes several types: the Standby Power LED (SB_PWR), Model Name LEDs, and SupremeFX LED. The Standby Power LED is hardware-controlled and cannot be configured—it lights up automatically when the system is ON, in sleep mode, or in soft-off mode. For the Model Name LEDs and SupremeFX LED, you can adjust their behavior (e.g., disable, set to Still Mode, Breathing Mode, or Flowing Mode) via BIOS or the LED Control app in Ai Suite 3. In BIOS, navigate to Advanced > Onboard Devices Configuration, then select 'Model Name LED Lighting' or 'SupremeFX LED Lighting'. <PIC> , [""Manual25_6""]"
378,"""How can you update the BIOS file of a motherboard?""","You can update the BIOS file of a motherboard using one of the following supported methods: 1. **Via USB**: Insert a FAT32/16-formatted USB flash drive containing the latest BIOS file into a USB port; enter the BIOS setup, go to the Tool menu, select EZ Flash 3 Utility <PIC>, press <Tab> to switch to the Drive field, navigate to the USB device, then switch to Folder Info and select the BIOS file to begin the update. 2. **Via the Internet**: In EZ Flash 3, select 'by Internet', choose an Internet connection method using the arrow keys, and follow the onscreen instructions. 3. **Using BIOS Updater in FreeDOS**: Boot from the Support DVD or USB drive into FreeDOS; at the prompt, type 'd:' to access the USB drive (if applicable), then run 'bupdater /pc /g'; use <Tab> to navigate between Drives and Files panels, select the BIOS file, confirm with 'Yes', and restart after completion <PIC>. Always ensure the system is not powered off or reset during the update — doing so may cause boot failure <PIC>. , [""drill0_04"", ""drill0_05"", ""drill0_06""]"
379,"""How can you create RAID of a motherboard?""","To create RAID on the motherboard: 1. Ensure your HDDs are connected to Intel SATA 6.0 Gb/s connectors and have no existing RAID volumes. 2. Enter BIOS and set SATA Mode to [RAID] (not the default [AHCI]). 3. Press <F11> or click the EZ Tuning Wizard icon to launch it. 4. Click RAID, then click Yes to enable RAID. 5. Select your desired RAID type: Easy Backup (RAID1 or RAID10) or Super Speed (RAID0 or RAID5). Note: RAID10 requires four HDDs. 6. Click Next, then Yes to confirm and proceed with setup. 7. After completion, click Yes to exit and OK to reset the system. For full details, refer to the manual bundled in the motherboard Support DVD. <PIC> , [""Manual25_6""]"
380,"""How can you use SATA ODD & USB devices to install an operating system for a motherboard?""","To install an operating system (e.g., Windows 7) on a 100-series motherboard using SATA ODD and USB devices: 1. Prepare a Windows 7 installation source — either insert the OS 7 DVD into a USB ODD, or copy all files from the OS 7 DVD to a USB storage device (≥8 GB, formatted beforehand). 2. Connect the USB ODD or USB storage device to your 100-series platform. 3. Insert the motherboard's Support DVD into a SATA ODD on the same platform. 4. Power on the system and press F8 during POST to enter the boot menu <PIC>. 5. Select the USB device or SATA ODD as the boot device. 6. The USB 3.0 driver from the Support DVD will load automatically during startup — the 'Setup is starting...' screen confirms successful loading <PIC>. 7. Follow onscreen instructions to complete the OS installation. , [""boot_menu_f8"", ""setup_starting_screen""]"
381,"""How can you secure the motherboard to the chassis?""","To secure the motherboard to the chassis, place it in the correct orientation—ensuring the edge with external ports aligns with the rear of the chassis <PIC>. Then, insert nine screws into the screw holes indicated by circles on the chassis/motherboard. Do not over tighten the screws, as this may damage the motherboard. , [""Manual25_6""]"
382,"""How can you prepare the installation of Central Processing Unit (CPU) for a motherboard?""","To prepare the installation of the CPU for a motherboard: • Ensure the CPU is firmly clicked into place before installing it onto the CPU socket on the motherboard. • Use only the CPU Installation Tool for installing the CPU — do not damage or bend the tool. • Always firmly hold both sides of the CPU Installation Tool when installing, removing, or picking up the CPU. • Apply Thermal Interface Material to the CPU heatsink and CPU before installing the heatsink and fan assembly, if necessary. <PIC> , [""Manual25_11""]"
383,"""How do you know about system memory of a motherboard?""","To know about the system memory of this motherboard: 1. It has four 288-pin DDR4 DIMM sockets, supporting unbuffered non-ECC DDR4 modules (2 GB, 4 GB, 8 GB, or 16 GB per module) <PIC>. 2. DDR4 modules are physically distinct — do NOT install DDR, DDR2, or DDR3 modules into DDR4 slots. 3. Recommended DIMM voltage is below 1.65 V to protect the CPU. 4. For optimal stability and performance, use matched 2-DIMM or 4-DIMM kits; full DIMM support depends on CPU and memory characteristics. 5. Dual-channel mode is enabled when identical sizes are installed in Channel A and B; mismatched sizes result in partial dual-channel + single-channel operation. 6. Memory compatibility is validated via the motherboard’s Qualified Vendors List (QVL), supporting DDR4 speeds up to 3400 MHz (overclocked) <PIC>. 7. Note: On 32-bit OS, usable memory may be limited to ~3 GB or less even with ≥4 GB installed. , [""motherboard_memory_qvl_3400"", ""motherboard_ddr4_socket_diagram""]"
384,"""How do you know about Serial port connector (10-1 pin COM) of a motherboard?""","The 10-1 pin Serial Port (COM) connector on the motherboard is used to connect a serial port module cable. After connecting the cable to this header, the COM module must be installed into a slot opening at the rear of the system chassis. Note that the COM module is purchased separately. In BIOS, you can configure the serial port via 'Serial Port [On/Off]' and adjust its base I/O address and IRQ settings (e.g., IO=3F8h; IRQ=4) under 'Serial Port Configuration'. <PIC> , [""Manual25_6""]"
385,"""How do you know about TPM connector (14-1 pin TPM) for a motherboard?""","The TPM connector (14-1 pin TPM) is an internal motherboard header designed to support a Trusted Platform Module (TPM) system. It enables secure storage of cryptographic keys, digital certificates, passwords, and sensitive data. Additionally, a TPM system helps enhance network security, protect digital identities, and ensure platform integrity. <PIC> , [""Manual25_1""]"
386,"""How do you know about Thermal sensor connector (2-pin T_SENSOR) of a motherboard?""","The Thermal sensor connector (2-pin T_SENSOR) is a dedicated header on the motherboard designed for connecting a thermistor cable. It enables monitoring of temperature from critical components or external devices. The T_Sensor temperature is displayed in the BIOS Monitor menu (under 'T_Sensor Temperature') and can be selected as a temperature source for fan control (e.g., in Q-Fan Configuration for Extension or Chassis Fans). <PIC> , [""Manual25_1""]"
387,"""How can you set quick release for a multi-use pressure cooker and air fryer?""","To set Quick Release for your multi-use pressure cooker and air fryer: Press the quick release button down until it clicks and locks into the Vent position. A jet of steam will eject through the top of the steam release valve — this is normal. Wait until the float valve has fully descended (indicating all pressure is released) before opening the lid. <PIC> <PIC> <PIC> , [""multi-use_pressure_cooker_and_air_fryer_01"", ""multi-use_pressure_cooker_and_air_fryer_02"", ""Manual30_10""]"
388,"""How can you set pressure cooking lid for a multi-use pressure cooker and air fryer?""","To set the pressure cooking lid for your multi-use pressure cooker and air fryer: 01 Align the symbol on the pressure cooking lid with the symbol on the rim of the cooker base. 02 Lower the lid onto the track, then turn it clockwise until the symbols align fully <PIC>. Ensure the float valve is properly installed and the silicone cap is in place — these parts work together to seal pressurized steam <PIC>. Do NOT operate the appliance without the stainless-steel inner pot installed <PIC>. For safe and proper operation, always use only the authorized pressure cooking lid with this model’s cooker base <PIC>. , [""Manual30_25"", ""Manual30_18"", ""Manual30_20"", ""Manual30_2""]"
389,"""How can you set float valve for a multi-use pressure cooker and air fryer?""","To install the float valve on the Multi-use pressure cooker and air fryer pressure cooking lid: 1. Drop the narrow end of the float valve into the float valve hole on the top of the lid. 2. Place one finger on the flat top of the float valve, then turn the lid over. 3. Firmly attach the silicone cap to the bottom of the float valve. The float valve and silicone cap must be properly installed before use — do not operate the appliance without them. <PIC> <PIC> , [""Manual30_36"", ""Manual30_37""]"
390,"""What do you know about anti-block shield for a multi-use pressure cooker and air fryer?""","The anti-block shield is a safety-critical component located on the pressure cooking lid of the multi-use pressure cooker and air fryer. It prevents food particles from entering and clogging the steam release pipe, thereby assisting with proper pressure regulation. It is integral to product safety and must be installed before any pressure cooking operation — do not attempt to use the appliance without it. During maintenance, you should regularly check the anti-block shield (along with the steam release valve, steam release pipe, and float valve) for clogging. To install it, place the shield over the prongs on the lid and press down until it snaps securely into position. <PIC> , [""Manual30_19""]"
391,"""How can you set steam release valve for a multi-use pressure cooker and air fryer?""","To set the steam release valve on the multi-use pressure cooker and air fryer: 1. Ensure the steam release valve is installed before use. 2. Place the steam release valve onto the steam release pipe and press down firmly — it should sit loosely but remain securely in place when the lid is inverted <PIC>. 3. Never cover, block, or obstruct the steam release valve — doing so poses a safety hazard <PIC>. 4. During pressure release (e.g., Quick Release), steam ejects from the top of the steam release valve — keep hands and face clear <PIC>. , [""Manual30_33"", ""Manual30_15"", ""multi-use_pressure_cooker_and_air_fryer_01""]"
392,"""How can you set anti-block shield for a multi-use pressure cooker and air fryer?""","To set the anti-block shield on your multi-use pressure cooker and air fryer: Place the anti-block shield over the prongs on the pressure cooking lid and press down firmly until it snaps into position. <PIC> Do not operate the appliance without the anti-block shield installed, as it is essential for safety and proper pressure regulation. The shield prevents food particles from entering the steam release pipe and supports stable pressure control. <PIC> , [""Manual30_35"", ""Manual30_19""]"
393,"""How can you set silicone cap and float valve for a multi-use pressure cooker and air fryer?""","To set the silicone cap and float valve for your multi-use pressure cooker and air fryer: 1. Drop the narrow end of the float valve into the float valve hole on the top of the pressure cooking lid. 2. Place one finger on the flat top of the float valve, then turn the lid over. 3. Firmly attach the silicone cap to the bottom of the float valve. <PIC> <PIC> Ensure both parts are fully installed before use — do not operate the appliance without the float valve and silicone cap properly in place. , [""Manual30_36"", ""Manual30_37""]"
394,"""How can you Install the condensation collector for a multi-use pressure cooker and air fryer?""","To install the condensation collector for the multi-use pressure cooker and air fryer: Align the grooves on the condensation collector over the tabs on the back of the cooker base and slide the condensation collector into place. <PIC> It should be installed before cooking, and must be emptied and rinsed after each use. <PIC> , [""Manual30_38"", ""Manual30_39""]"
395,"""How can you install the sealing ring for a multi-use pressure cooker and air fryer?""","To install the sealing ring for your Multi-use pressure cooker and air fryer: Place the silicone sealing ring over the circular stainless-steel sealing ring rack and press it firmly into place <PIC>. Press down evenly to prevent puckering. When installed correctly, the sealing ring sits snugly behind the rack and should not fall out when the lid is turned over <PIC>. For easier installation, the sealing ring is easiest to handle when wet and soapy <PIC>. , [""Manual30_31"", ""Manual30_31"", ""Manual30_30""]"
396,"""How can you remove silicone sealing ring for a multi-use pressure cooker and air fryer?""","To remove the silicone sealing ring for the Multi-use pressure cooker and air fryer: Grip the edge of the silicone sealing ring and pull it out from behind the circular stainless-steel sealing ring rack. <PIC> , [""Manual30_30""]"
397,"""What do you know about sealing ring of a multi-use pressure cooker and air fryer?""","The sealing ring of the Multi-use pressure cooker and air fryer is a silicone component that creates an airtight seal between the lid and the inner pot during pressure cooking <PIC>. It must be installed before use, and only one sealing ring should be installed in the lid at a time <PIC>. Always inspect it for cuts, deformation, or stretching before cooking — a damaged or stretched ring must not be used, as it may cause steam leakage or food discharge, posing safety risks <PIC>. The sealing ring should be replaced every 12–18 months, or sooner if signs of wear appear. Only authorized replacement sealing rings are approved for use; non-authorized or accessory rings may compromise safety and performance. Note: Silicone is porous and may absorb strong aromas and flavors — keeping extra rings on hand helps prevent flavor transfer between dishes. , [""Manual30_16"", ""Manual30_30"", ""Manual30_18""]"
398,"""What do you know about steam release valve of a multi-use pressure cooker and air fryer?""","The steam release valve is a critical safety component of the multi-use pressure cooker and air fryer. It sits loosely on the steam release pipe and ejects steam from its top when pressure is released. It is integral to safe pressure cooking and must never be covered or blocked. The quick release button controls this valve — pressing it down (to the Vent position) allows rapid steam ejection, which is normal and expected during quick pressure release. Always check the steam release valve, steam release pipe, anti-block shield, and float valve for clogging before use to prevent injury or damage. <PIC> , [""Manual30_15""]"
399,"""What do you know about quick release button of a multi-use pressure cooker and air fryer?""","The quick release button on the multi-use pressure cooker and air fryer controls the steam release valve to safely and rapidly release pressure. Pressing it down until it clicks locks the valve into the Vent position, allowing a jet of steam to eject from the top of the steam release valve <PIC>. This method stops cooking quickly—ideal for delicate foods like vegetables or seafood. Note: Do not turn the quick release button more than 45°, and let it spring back to its original position after use <PIC>. Also, never cover or block the steam release valve, as it is integral to product safety <PIC>. , [""Manual30_14"", ""Manual30_15"", ""multi-use_pressure_cooker_and_air_fryer_01""]"
400,"""What can you know about natural release(NRorNPR) of a multi-use pressure cooker and air fryer?""","Natural Release (NR or NPR) is a pressure release method used after pressure cooking in the Multi-use pressure cooker and air fryer. With Natural Release, cooking stops gradually, and the appliance de-pressurizes naturally as the internal temperature drops over time. This method is typically recommended for foods that foam, froth, or are prone to splattering (e.g., beans and grains), as it helps prevent clogging and ensures safe, controlled pressure reduction. Always wait until the float valve has fully descended and is flush with the lid — indicating the unit is fully de-pressurized — before attempting to open the lid. <PIC> , [""Manual30_9""]"
401,"""What is the robot anatomy of the vacuum?""","The robot vacuum's anatomy includes key functional components such as the CLEAN button and indicator lights (see <PIC>), front caster wheel (see <PIC>), side brush (see <PIC>), extractors with square and hexagonal plastic pegs (see <PIC>), dust bin with sensor ports (see <PIC>), and bottom-view structural elements including drive wheels and sensors (see <PIC>). It also features Halo Mode and Virtual Wall Mode emitters (see <PIC>, <PIC>) for boundary control, and a Home Base docking system. For visual reference, refer to the labeled diagrams in the manual. , [""Manual32_2"", ""Manual32_3"", ""Manual32_14"", ""Manual32_21"", ""Manual32_15"", ""Manual32_16"", ""Manual32_5"", ""Manual32_6""]"
402,"""What are the two primary modes available on a vacuum cleaner that can be used to tailor its performance to meet different home cleaning needs?""","The two primary modes available on the vacuum cleaner are Halo Mode and Virtual Wall Mode. In Halo Mode (switch in the 'down' position), the device creates a protective 24-inch invisible zone around itself to prevent it from bumping into sensitive items or entering undesired areas like corners or under desks <PIC>. In Virtual Wall Mode (switch in the 'up' position), it projects an invisible, cone-shaped barrier up to 10 feet wide to block openings and restrict cleaning to designated zones <PIC>. , [""Manual32_5"", ""Manual32_6""]"
403,"""What is the proper procedure for emptying the vacuum cleaner's bin?""","The proper procedure for emptying the vacuum cleaner's bin is as follows: 1. Press the bin release button to remove the bin. <PIC> 2. Open the bin door to empty the bin. <PIC> , [""Manual32_7"", ""Manual32_8""]"
404,"""What is the correct procedure for cleaning the vacuum cleaner filter?""","The correct procedure for cleaning the vacuum cleaner filter is as follows: 3. Remove the filter by grasping the yellow tab. (See Figure 6) <PIC> 4. Shake off debris by tapping the filter against your trash container. (See Figure 7) <PIC> IMPORTANT! The filter door won't close unless a filter is reinserted. Insert the filter with the yellow tab facing up. Note: Do not attempt to clean the safety filter or inner filter — if either is dirty, both the safety and primary filters must be replaced. , [""Manual32_10"", ""Manual32_11""]"
405,"""What is the proper procedure for cleaning the full bin sensors on a vacuum cleaner?""","The proper procedure for cleaning the full bin sensors on the vacuum cleaner is as follows: 1. Remove and empty the bin. (See Figure 8) <PIC> 2. Wipe the sensors with a clean, dry cloth. (See Figure 9) <PIC> Additionally, for thorough maintenance, you may also wipe the inner and outer sensor ports on the bin with a clean, dry cloth. (See Figure 10) <PIC> , [""Manual32_10"", ""Manual32_11"", ""Manual32_14""]"
406,"""What is the correct procedure for cleaning the extractors (brushes or rollers) on a vacuum cleaner?""","The correct procedure for cleaning the extractors is as follows: 1. Pinch the yellow extractor frame release tabs, lift up the extractor frame, and remove any obstructions. <PIC> 2. Remove the extractors and the yellow extractor caps. Remove any hair or debris collected underneath the caps and around the metal axles. Reinstall the extractor caps. <PIC> 3. Remove hair and debris from the square and hexagonal plastic pegs on the other side of the extractors. <PIC> 4. Reinstall the extractors, matching the color and shape of the extractor pegs with the corresponding extractor icons on the cleaning head module. <PIC> , [""Manual32_17"", ""Manual32_18"", ""Manual32_21"", ""Manual32_22""]"
407,"""What is the proper procedure for cleaning the sensors and charging contacts on a vacuum cleaner?""","The proper procedure for cleaning the sensors and charging contacts on the vacuum cleaner is as follows: 1. Wipe the sensors with a clean, dry cloth. Do not spray cleaning solution directly onto the sensors or sensor openings. <PIC> 2. Wipe the charging contacts on the Room ba and the Home Base with a clean, dry cloth. <PIC> , [""Manual32_17"", ""Manual32_18""]"
408,"""What is the correct procedure for positioning the home base of a vacuum cleaner?""","To position the Home Base correctly for your vacuum cleaner, place it in an open, uncluttered area with the following clearances: at least 1.5 feet on each side of the vacuum, at least 4 feet in front of the vacuum, at least 4 feet away from stairs, and at least 8 feet from any virtual wall barriers. Ensure the Home Base is plugged in and located in an area with consistent Wi-Fi coverage to support app connectivity and navigation. <PIC> , [""Manual32_4""]"
409,"""What is the proper procedure for cleaning the front caster wheel of a vacuum cleaner?""","The proper procedure for cleaning the front caster wheel of the vacuum cleaner is as follows: 1. Pull firmly on the front wheel to remove it. <PIC> 2. Remove any debris from inside the wheel cavity. 3. Spin the wheel by hand. If rotation is restricted, remove the wheel from its housing and push firmly to remove the axle and clear any debris or hair wrapped around it. 4. Reinstall all parts when finished. Make sure the wheel clicks back into place. <PIC> <PIC> , [""Manual32_14"", ""Manual32_15"", ""Manual32_16""]"
410,"""What is the correct procedure for cleaning the side brush of a vacuum cleaner?""","To clean the side brush of the vacuum cleaner: 1. Use a coin or small screwdriver to remove the screw securing the side brush. (See Figure 12) <PIC> 2. Remove the brush, clean both the brush and the brush post thoroughly, then reinstall the brush. , [""Manual32_14""]"
411,"""What is the function of the dual-mode virtual wall barrier on a vacuum cleaner?""","The dual-mode virtual wall barrier has two functions: 1) In Halo Mode (switch 'down'), it creates an invisible protective zone (~24 inches radius) to prevent the vacuum from entering sensitive areas—such as near a dog bowl, vase, corner, or under a desk. 2) In Virtual Wall Mode (switch 'up'), it projects an invisible, cone-shaped barrier up to 10 feet wide to block openings like doorways or hallways. <PIC><PIC> , [""Manual32_5"", ""Manual32_6""]"
412,"""What are the troubleshooting steps if the vacuum indicates a problem?""","If the vacuum indicates a problem, it will emit a two-tone distress sound followed by a spoken message, and the troubleshooting indicator will blink. For some errors, rebooting may resolve the issue: press and hold the CLEAN button for 10 seconds until all indicators illuminate, then release — you’ll hear an audible tone confirming a successful reboot. For more detailed support and instructional videos, refer to the app or online resources."
413,"""What are the detailed instructions for T-rail mounting of a camera or equipment?""","To mount your camera or equipment on a T-rail (e.g., drop ceiling T-rail), follow these detailed instructions from the official guide: 1. Use the dashed lines on the included mount plate template to set the proper spacing of the T-rail clips. 2. Tighten the set screws on the T-rail clips using a 5/64"" (2 mm) hex key. 3. Attach the mount plate to the T-rail clips using the holes marked with a ""G"" on the plate <PIC>. 4. Attach the T-rail clips to the T-rail by rotating and snapping them into place — ensure the black foam pads are slightly compressed after installation <PIC>. The hardware supports most standard T-rails: 9/16"", 15/16"", or 1-1/2"" wide. Standard 6-32 × 4 mm T-rail screws are included. , [""Manual33_9"", ""Manual33_10""]"
414,"""What are the steps to power the camera?""","To power the camera, you can use one of the following methods: 1. **Battery power**: Ensure the battery (e.g., BP-511A) is fully charged and properly installed in the battery compartment <PIC>. 2. **AC power via AC Adapter Kit ACK-E2 (optional)**: Connect the DC coupler to the AC adapter, plug the power cord into the adapter and a household outlet, then connect the DC coupler to the camera <PIC>. 3. **Power over Ethernet (PoE)**: Route the Ethernet cable from an active port on an 802.3af-compliant PoE switch or injector to the camera — note maximum cable length is 100 m (300 ft) <PIC>. , [""Manual10_18"", ""Camera_12"", ""Security_Camera_02""]"
415,"""What is the proper way to use the brake lever and brake button?""","To properly use the brake lever and parking brake button: - To stop the machine during operation, squeeze the brake lever (as shown in <PIC>). - To apply the parking brake (e.g., before starting the engine or when parked), squeeze the brake lever and simultaneously push down the parking brake button, then release the brake lever to lock it in place (as shown in <PIC>). - To release the parking brake, simply squeeze the brake lever again (no button press required). ⚠️ Important safety notes: Always apply the parking brake before starting the engine. Never operate the machine with the parking brake engaged — this may overheat the brake disc and reduce braking ability. , [""Manual34_252"", ""Manual34_22""]"
416,"""What are the essential preparation checks to perform before using a snowmobile?""","Before using a snowmobile, essential preparation checks include: 1. Performing all pre-operation checks listed in the Owner's Manual (pages 8–1 to 8–3) <PIC>; 2. Ensuring the engine is fully warmed up before riding <PIC>; 3. Verifying the drive select lever is in the correct position (Forward, Reverse, or Low) — and confirming the vehicle is at a full stop with the throttle fully released before shifting <PIC>; 4. Setting the parking brake and following proper starting procedures (pages 7–1 to 7–2) <PIC>; 5. Wearing appropriate protective clothing, including an approved helmet, face shield or goggles, snowmobile suit, boots, and gloves <PIC>. Always read the Owner's Manual completely and review all warning and caution labels on the machine. , [""Manual34_116"", ""Manual34_116"", ""snowmobile_01"", ""Manual34_116"", ""Manual34_10""]"
417,"""What are the detailed steps to start the engine of a snowmobile?""","To start the engine of the snowmobile, follow these steps: 1. Sit on the seat and engage the parking brake. 2. Ensure the motion-control levers are in the NEUTRAL-LOCK position and the blade-control switch (PTO) is in the OFF position. 3. Refer to pages 7–1 to 7–2 of the manual for specific engine-starting instructions. 4. When starting, do not turn the main switch key for more than 5 seconds; if the engine does not start, release the key and wait 15 seconds before trying again. <PIC> , [""Manual34_116""]"
418,"""What is a V-BeltHolder?""","A V-Belt Holder is a designated component designed to securely store a spare V-belt for emergency use. As noted in the manual: 'Keep a spare V-belt for emergency use by putting it into the holder provided.' It is critical to install the spare V-belt in the holder correctly — the bolt must be tightened securely, and the fuel hose must not be pinched or displaced during installation. Additionally, the V-belt must be installed securely in the holder to prevent damage from contact with hot components such as the muffler. <PIC> , [""Manual34_25""]"
419,"""What are the steps to adjust the throttle cable on a snowmobile?""","To adjust the throttle cable on a snowmobile: 1. Loosen the adjuster lock nut. 2. Turn the adjuster in or out until proper throttle lever free play is achieved. 3. Tighten the locknut. CAUTION: Be sure the engine idle speed is adjusted first. <PIC> <PIC> <PIC> <PIC> , [""Manual34_138"", ""Manual34_139"", ""Manual34_140"", ""Manual34_141""]"
420,"""What is the proper way to use the steering system on a snowmobile?""","The proper way to use the steering system on a snowmobile involves coordinated handlebar input and body positioning: 1. As you approach a curve, slow down and begin turning the handlebars in the desired direction <PIC>. 2. Simultaneously, put your weight on the running board to the inside of the turn and lean your upper body into the turn <PIC>. 3. For sharper turns or higher speeds, lean more into the turn to maintain balance <PIC>. 4. If slipping sideways on a slope (side hill), steer in the direction of the slide if the path is clear; if tipping occurs, steer down the hill to regain balance <PIC>. 5. Always keep both hands on the handlebars and avoid abrupt throttle changes, excessive braking, or incorrect body movements — these can cause loss of control or tipping <PIC>. Practice these techniques at slow speeds in a large, flat, obstacle-free area before attempting more challenging terrain. , [""Manual34_116"", ""Manual34_116"", ""Manual34_116"", ""Manual34_129"", ""Manual34_116""]"
421,"""What are the correct steps to turn using a snowmobile?""","To turn safely on a snowmobile: 1. Slow down before entering the curve. 2. Turn the handlebars in the desired direction. 3. Shift your weight onto the inside running board and lean your upper body into the turn. 4. Increase lean angle for sharper turns or higher speeds. <PIC> Improper techniques — such as abrupt throttle changes, excessive braking, incorrect body positioning, or excessive speed for the turn — may cause tipping. If tipping begins, lean further into the turn and, if needed, gradually reduce throttle and/or steer slightly outward to regain balance. <PIC> , [""Manual34_116"", ""Manual34_116""]"
422,"""What are the proper techniques for riding uphill on a snowmobile?""","When riding uphill on a snowmobile, you should practice first on gentle slopes and attempt more difficult climbs only after developing your skill. As you approach a hill, accelerate before starting the climb, then reduce the throttle opening to prevent track slippage. <PIC> , [""Manual34_117""]"
423,"""What are the proper techniques for riding downhill on a snowmobile?""","When riding downhill on a snowmobile, keep speed to a minimum. Apply just enough throttle to keep the clutch engaged—this allows engine compression to assist in slowing the machine and prevents it from rolling freely down the hill. Also apply the brake frequently with light pressure. Before descending, stop the engine, set the parking brake, and carefully pivot the rear of the snowmobile to point it downhill—never stand on the downhill side of the machine. Once properly oriented, restart the engine, release the parking brake, and descend steadily. <PIC> , [""Manual34_117""]"
424,"""What are the correct techniques for crossing a slope on a snowmobile?""","The correct techniques for crossing a slope (side hill) on a snowmobile, as specified in the official guidance, include: 1. **Weight Positioning**: Lean your body to position your weight toward the uphill side to maintain balance. 2. **Recommended Riding Position**: Kneel with the knee of your downhill leg on the seat and the foot of your uphill leg on the running board — this facilitates dynamic weight shifting as needed <PIC>. 3. **Slip Response**: If the snowmobile begins to slip sideways, steer in the direction of the slide (if no obstacles are present); as balance is regained, gradually steer back toward your intended path <PIC>. 4. **Tip Recovery**: If tipping occurs, steer down the hill to regain balance. 5. **Emergency Dismount**: If you cannot maintain balance and tipping is imminent, dismount immediately on the uphill side <PIC>. Note: Side-hill riding is not recommended for beginners. Always ensure the engine is properly warmed up, and review 'SAFETY INFORMATION' and 'RIDING YOUR SNOWMOBILE' before operation. , [""Manual34_129"", ""Manual34_129"", ""Manual34_130""]"
425,"""What are the steps to inspect the spark plug on a snowmobile?""","To inspect the spark plug on a snowmobile, follow these steps based on the service documentation: 1. Park the machine on a level surface, disengage any control switches (e.g., PTO), and engage the parking brake. 2. Shut off the engine, remove the key, and wait for all moving parts to stop. 3. Clean the area around the base of the spark plug to prevent dirt and debris from entering the engine <PIC>. 4. Locate and remove the spark plug(s) as shown in Figure 52 <PIC>. 5. Inspect the coloration on the white porcelain insulator around the center electrode: a light to medium tan color indicates normal engine operation; black coating, oily film, worn electrodes, or cracks indicate the spark plug must be replaced <PIC>. Do not attempt to clean the spark plug — replacement is required if any of those conditions are present. 6. If replacing, ensure the air gap is set to 0.75–0.76 mm (0.030 inch) using a gapping tool or feeler gauge, and torque the new plug to 28 Nm (20 ft-lb) <PIC>. , [""Manual23_78"", ""Manual23_90"", ""Manual23_91"", ""Manual34_135""]"
426,"""What are the steps to clean a snowmobile?""","The provided reference materials do not contain specific step-by-step instructions for cleaning a snowmobile. However, one relevant maintenance-related instruction is found: 'Clean around the fuel-tank cap' — this is listed as a pre-operation safety step <PIC>. No other snowmobile cleaning procedures (e.g., washing the chassis, cleaning the track, cooling system, or exhaust) are described in the available documentation. For comprehensive cleaning guidance, please consult the official Owner's Manual for your specific snowmobile model. , [""Manual34_116""]"
427,"""What are the best methods for memorizing communication channels using a manual program?""","The best method for memorizing communication channels using a manual program is as follows: 1. Press the MENU button and navigate using the △/▽ buttons until the menu appears. 2. Press the ▶ button, then use △/▽ to select 'Manual'. 3. Press the ▶ button again, then use △/▽ to select 'Channel'. 4. Use the △/▽ or NUMBER buttons to select the desired channel number you wish to memorize or erase. 5. Press the MEMORY/ERASE button (or the ENTER (○) button, depending on model) to confirm 'Memory'. <PIC> <PIC> <PIC> , [""Manual35_8"", ""Manual35_9"", ""Manual35_7""]"
428,"""What are the common causes and conditions that can lead to poor reception in television or radio signals?""","Common causes and conditions that can lead to poor television or radio signal reception, as indicated in the reference materials, include: 1. **Weak signal strength** — especially when the receiver is located in a weak or fringe area of the broadcast signal <PIC>. 2. **Signal reflection (ghosting)** — caused when the signal splits and travels via both a direct path and a reflected path (e.g., off tall buildings or hills) <PIC>. 3. **Electrical interference** — from sources such as automobile ignition systems, neon lamps, electrical drills, and other appliances, which may cause picture flutter, drifting, black spots, or horizontal streaking <PIC>. 4. **Poor antenna condition or setup** — including severely weathered antennas or cables, incorrect antenna type (e.g., using indoor instead of outdoor), or suboptimal antenna orientation or location <PIC>. 5. **External strong random signals** — such as those from cars or airplanes interfering with the TV signal <PIC>. 6. **Improper power configuration** — e.g., sharing the same electrical circuit between the TV/receiver and interfering equipment; relocating the equipment or using a separate circuit may help . , [""Manual35_31"", ""Manual35_32"", ""Manual35_33"", ""Manual35_34"", ""Manual35_36""]"
429,"""What are the steps to enable and customize captions and on-screen text settings on a television?""","To enable and customize captions and on-screen text settings on this television, you can use either the CAPTION button or the MENU system: **Method 1: Using the CAPTION button** 1. Press the CAPTION button. 2. Press the CAPTION button repeatedly to cycle through options: OFF, Mode1, Mode2, Text1, or Text2. 3. Press the ENTER (○) button to confirm and exit <PIC>. **Method 2: Using the MENU button** 1. Press the MENU button, then use the ▲/▼ buttons to select the Special menu. 2. Press the ► button, then use ▲/▼ to select Caption. 3. Press the ► button again, then use ▲/▼ to choose OFF, Mode1, Mode2, Text1, or Text2 <PIC>. 4. Repeatedly press the MENU button to exit. Note: Not all broadcasts include closed caption signals. Mode1 typically displays standard captions; Mode2 may show alternate or demonstration text. Text services (e.g., news, weather) are broadcast separately and depend on station support. , [""Manual35_34"", ""Manual35_35""]"
430,"""What are the steps to properly connect and set up an outdoor antenna for optimal signal reception?""","For optimal signal reception when connecting an outdoor antenna: 1. Inspect the antenna and cable for weathering or damage before installation — severely weathered components can reduce signal quality. 2. Choose an appropriate antenna type and location (e.g., high, unobstructed area) — consult a service center for guidance on available outdoor antenna options. 3. Connect using one of the following methods: • For a 300 ohm flat wire: - Attach the wire to the screws on a 300 ohm to 75 ohm adapter. - Insert the adapter’s end into the TV’s 75 ohm antenna jack. • For a 75 ohm coaxial cable: - Connect it directly to the TV’s 75 ohm antenna jack. 4. After connection, perform an Auto Program (channel scan) to memorize available channels. Note: If interference occurs, try reorienting or relocating the antenna, increasing separation between devices, using a different power circuit, or consulting a qualified radio/TV technician. <PIC> , [""Manual35_36""]"
431,"""What are the steps to properly connect a DVD player to a television or audio system for optimal performance?""","To properly connect a DVD player to a television or audio system for optimal performance, follow these steps based on the reference documentation: 1. **Video Connection (Component)**: Connect the DVD player’s component video outputs (Y, PB, PR) to the TV’s corresponding COMPONENT input ports (supports 480i resolution) <PIC>. 2. **Audio Connection**: Connect the DVD player’s audio outputs (L/R) to the TV’s AUDIO IN (L/R) ports <PIC>. 3. **Input Selection**: Turn on both the DVD player and TV. Press the TV/VIDEO button on the remote control or front panel to select COMPONENT mode <PIC>. 4. **Note on Memory**: This TV remembers the last selected input mode—even after power-off—so the correct source will be recalled automatically on next use. For connection to an external audio system (e.g., AV receiver), refer to the LINE IN port (light blue), which is designated for connecting DVD players or other audio sources . , [""Manual35_40"", ""television0_03"", ""television0_02""]"
432,"""What are the key factors to check when troubleshooting technical issues or malfunctions?""","When troubleshooting technical issues or malfunctions, key factors to check include: 1. Power source integrity (e.g., battery type, installation, charge level, and compartment closure) <PIC>; 2. Warning indicators (e.g., 'Check Engine' or 'Low Oil Pressure' alerts on displays) <PIC>; 3. Physical conditions (e.g., proper connections, absence of dust/moisture, stable placement, and secure fasteners) <PIC>; 4. Symptom-specific causes referenced in the Troubleshooting chart (e.g., 'TROUBLE', 'POSSIBLE CAUSE', 'REMEDY', and corresponding page numbers) <PIC>; 5. Environmental and operational constraints (e.g., temperature extremes, altitude effects, or abnormal usage conditions). If the issue persists after checking these factors, contact a qualified service technician or authorized dealer. <PIC> , [""Manual10_235"", ""Manual09_95"", ""Manual25_1"", ""Manual35_45"", ""Manual34_242""]"
433,"""What safety precautions should be followed to ensure safe operation during this process?""","When using electrical appliances, basic safety precautions should always be followed, including the following: • Read all instructions before use. • Do not use outdoors. • Do not let cord hang over edge of table or counter, or touch hot surfaces. • The safety precautions are part of the appliance — read them carefully before first use and keep them for future reference. • Use the appliance only for its intended purpose. • This appliance is designed for indoor, non-extreme temperature conditions only. <PIC> , [""Manual23_39""]"
434,"""How do you adjust the intensity settings on an electric toothbrush to suit your oral care needs?""","To adjust the intensity settings on your electric toothbrush to suit your oral care needs: - Your toothbrush offers 3 intensity levels: High (three lights), Medium (two lights), and Low (one light). - To manually select a setting, press the intensity indicator lights on the handle to cycle through the options. This can be done before, during, or after brushing. - You can also customize the intensity setting via the companion app. - Additionally, Adaptive Intensity is enabled by default — it automatically lowers the intensity by one level if excess pressure is detected for an extended time, helping protect your gums. Note that intensity resets to your pre-selected setting at the start of each new brushing cycle."
435,"""What are the steps to activate and deactivate the various features on an electric toothbrush for customized usage?""","To activate or deactivate features on your electric toothbrush, follow these guidelines: - **Adaptive Intensity**, **Pressure Sensor Feedback**, **Scrubbing Feedback**, and **Brush head replacement reminder** can all be activated or deactivated (see 'Activating or deactivating features'). - **Note**: Adaptive Intensity is automatically deactivated when the Pressure Sensor is deactivated. - **From the app**: You can enable or disable Adaptive Intensity and Scrubbing Feedback. For instructions on connecting to the app, refer to 'App – Getting Started'. - **From the handle**: Step 1: Place the handle on the charging stand. Step 2: Press and hold the power button for: <PIC> - Pressure Sensor comes activated by default; Scrubbing Feedback comes deactivated by default; Brush head replacement reminder comes activated by default. - The SenseIQ icon on the handle illuminates when smart features are active — during brushing, and when enabling/disabling settings. <PIC> , [""drill0_04"", ""drill0_07""]"
436,"""What are the steps to charge an electric toothbrush when it is inside a travel case, and how do you ensure it charges properly?""","To charge your electric toothbrush inside the travel case, follow these steps: 1. Plug the USB cord into the travel case and into the USB wall adapter. <PIC> 2. Plug the wall adapter into an electrical outlet. 3. Place the toothbrush into the travel case. <PIC> a. To confirm charging has started successfully, the toothbrush will beep twice and the lights will illuminate in an upward motion. b. While charging, the battery indicator blinks in white. <PIC> 4. Leave the travel case plugged in until fully charged — the battery light will turn off (stop blinking) when charging is complete. Note: It may take up to 16 hours to fully charge. Also, ensure the travel case is placed on its side for better stability. <PIC> , [""drill0_04"", ""drill0_05"", ""drill0_06"", ""drill0_07""]"
