id,question,ret
1,"""请问你们家的商品支持7天无理由退换货吗？"",
""需要自己承担运费吗？""",您好，感谢您的咨询！我们支持7天无理由退换货服务（自签收次日起计算，商品需保持完好、未使用、配件齐全、包装完整且不影响二次销售）。退换货产生的寄回运费由您先行垫付，待我们收到并确认符合退换条件后，将把运费（按普通快递首重标准，上限15元）与退款一并原路返还。请您保留好快递单号及物流凭证，以便我们及时跟进处理。如需办理，可登录【我的订单】提交申请，或联系在线客服为您快速开通退换入口。祝您购物愉快！
2,"""我想咨询一下，你们的售后维修服务范围是什么？"",
""如果是人为损坏的，能维修吗？维修费用怎么算？""",您好，感谢您的咨询！我们的售后维修服务覆盖全国大部分地区，支持上门检测、寄修及授权服务中心维修等多种方式。对于人为损坏（如跌落、进水、自行拆机等）的情况，我们仍可提供有偿维修服务，具体费用需由工程师检测后出具报价单，费用包含检测费、配件费及人工服务费，明码标价，确认同意后再进行维修。请您保留好原始购机凭证（如订单截图、发票等），以便核实保修状态和享受优先服务。如您需要安排维修，可随时提供订单号，我们将为您快速登记并协调就近服务网点。
3,"""请问你们的商品能开发票吗？发票类型是什么？"",
""多久能收到呢？""",您好，感谢您的咨询！关于发票问题：我们支持为订单开具正规增值税普通发票（电子发票），如您需要，请在下单时于“订单备注”中注明开票信息（包括发票抬头、税号等），或在订单完成后联系客服为您补开。电子发票将在申请后1-3个工作日内发送至您预留的邮箱。关于收货时效：一般情况下，订单支付成功后24小时内发货，物流配送时效视地区而定，通常为2-5个工作日（偏远地区可能需5-7个工作日）。如有加急需求或物流异常，欢迎随时联系我们协助跟进。
4,"""我收到商品后，发现包装破损了，怎么办？"",
""影响商品退换货吗？""",您好，非常抱歉给您带来不便！包装破损属于物流环节问题，但请您先不要担心，这通常不影响商品本身的退换货权益。请您：1. 拍摄完整的外包装破损照片（含快递单号、破损部位）及商品未拆封/已拆封状态照片；2. 若商品本身存在损坏或缺失，请一并拍照留存；3. 及时联系我们的在线客服或拨打售后热线400-XXX-XXXX，我们将为您优先处理——核实后可安排补发、换货或退货退款，全程不收取任何费用。温馨提示：签收时如发现明显破损，建议当场拒收并联系快递员开具破损证明，后续处理会更高效。感谢您的理解与支持！
6,"""我想了解一下你们的退款政策，退款多久能到账？"",
""信用卡会原路返回吗？""",您好，感谢您的咨询！关于退款政策及到账时效，我们说明如下： 1. 退款政策：商品在签收后7天内，如保持完好、未使用、配件齐全且包装完整，支持无理由退货退款；若因商品质量问题或发错货，我们承担退货运费并优先处理。 2. 到账时效：审核通过后，退款将在1-5个工作日内原路退回（具体时效取决于银行或支付机构处理速度）。 3. 信用卡退款：是的，将严格按原支付路径退回至您的信用卡账户，不会转至其他账户或以现金形式返还。 请您在申请退款时确保订单状态已确认退货，我们会第一时间为您审核。如有需要，我可立即帮您提交退款申请或查询当前订单退款进度。
7,"""我收到的商品和图片不一样，颜色偏差很大，我要投诉！""",您好，非常抱歉给您带来了不愉快的购物体验！关于您反馈的商品实物与页面图片颜色存在明显偏差的问题，我们高度重视。请您先提供以下信息以便我们尽快为您核实处理：1. 订单号；2. 商品实拍照片（请包含整体外观、标签及包装）；3. 页面截图（含当时浏览的颜色描述及主图）。我们将在24小时内完成核查，如确认为我方责任，将为您安排免费退换货或协商补偿方案。退款/补发将在审核通过后1-3个工作日内完成。感谢您的理解与支持！
8,"""你们的商品存在虚假宣传，宣传的功能和实际不一样，我要投诉！""",您好，非常抱歉给您带来了不愉快的购物体验。关于您反馈的虚假宣传问题，我们高度重视，将立即为您核实处理。请您提供以下信息以便我们高效跟进：1. 订单号；2. 涉事商品名称及型号；3. 具体宣传内容（如页面截图、广告链接等）；4. 实际与宣传不符的具体功能或描述。我们将在24小时内完成初步核查，并在3个工作日内向您反馈处理结果。如确属我方责任，将依法依规为您办理退换货、补偿或全额退款。感谢您的监督与支持，我们将持续优化产品与服务。
9,"""我收到的商品少了一件，联系客服说会补发，但是过了一周还没补发！""",您好，非常抱歉给您带来了不便！关于您反馈的少件补发延迟问题，我们已为您加急核查：通常补发会在客服确认后3个工作日内完成发货，若您已过一周仍未收到，可能是物流信息未及时同步或补发环节出现疏漏。请您提供订单号及少发商品的具体名称/型号，我们将立即为您：1）核实补发物流单号；2）如尚未发出，今日内安排优先补发并提供快递单号；3）同步补偿5元心意券以表歉意。感谢您的理解与支持，有任何进展我们会第一时间主动联系您！
10,"""你们的售后维修服务太差了，我送修的商品，过了半个月还没修好！""",您好，非常抱歉给您带来了不愉快的维修体验！我们高度重视您的反馈。正常情况下，售后维修周期为7-10个工作日（不含物流往返时间），如遇配件缺货、技术检测复杂等特殊情况，我们会主动与您联系说明。请您提供订单号或维修单号，我们将立即为您加急核查进度，并同步最新处理结果。同时，您可随时通过【我的订单—售后服务】查看实时维修状态。再次为我们的服务延误向您诚挚致歉，感谢您的理解与支持！
11,"""你们的商品保质期有问题，我收到的商品还有1个月就过期了！""",您好，非常抱歉给您带来了不愉快的购物体验！关于商品临近保质期的问题，我们高度重视。请您提供订单号及商品实物照片（含外包装保质期信息），我们将第一时间为您核实处理。如确认属实，可为您安排补发全新批次商品或全额退款，处理时效为1-3个工作日。后续我们也会加强入库质检与效期管理，避免类似情况发生。感谢您的理解与支持！
12,"""你们的快递员态度特别差，送货时还辱骂我，我要投诉！""",您好，非常抱歉给您带来了不愉快的购物体验，我们高度重视您的反馈。针对快递员服务态度问题，我们已立即启动投诉处理流程：1. 请您提供订单号、快递单号及发生时间、地点等基本信息；2. 如有录音、视频或目击证人等证据，也欢迎一并提供，将有助于我们快速核实并严肃处理；3. 我们承诺在收到完整信息后24小时内与您联系，并于3个工作日内向您反馈调查结果及处理方案。再次为我们的服务疏失向您诚挚致歉，感谢您的监督与支持！
13,"""你们的商品存在质量问题，我使用了一次就坏了，联系客服没人管！""",您好，非常抱歉给您带来了不愉快的购物体验！关于您反馈的商品质量问题，我们高度重视，并会全力为您处理： 1. 请您提供订单号、商品照片（特别是故障部位）及简要使用情况说明，以便我们快速核实； 2. 我们承诺在收到完整凭证后24小时内响应，并根据《三包规定》为您提供退换货或维修服务； 3. 若确认为产品质量问题，我们将承担往返运费，并优先安排补发或退款； 4. 如您尚未联系上在线客服，可随时通过本渠道留言，我们将立即升级至售后专员一对一跟进。 感谢您的理解与支持，期待尽快为您妥善解决！
14,"""我收到的商品被拆封过，里面还有污渍，明显是二手商品，我要投诉！""",您好，非常抱歉给您带来了不愉快的购物体验！对于您反馈的商品存在拆封及污渍问题，我们高度重视。请您先保留商品及外包装，并拍摄清晰的照片（包括外包装、封口处、商品整体及污渍细节），以便我们及时核查。我们将在24小时内为您核实处理，并根据情况为您提供换货或退款服务。如确认为我方发货问题，相关退换货运费将由我们承担。感谢您的理解与支持，如有其他需求，请随时联系我们！
15,"""你们的商品宣传是正品，但是我收到后验证是假货，我要投诉！""",您好，非常抱歉给您带来了不愉快的购物体验！我们高度重视您反馈的正品验证问题。请您先保留好商品原包装、防伪标签、购买凭证（订单截图）及验真过程的相关证据（如防伪查询截图、第三方鉴定报告等）。我们将立即为您启动专项核查流程，一般在1-3个工作日内完成核实并主动联系您告知结果。如确认为非正品，我们将按《消费者权益保护法》为您提供全额退款+三倍赔偿，并承担退货运费。您也可随时通过【我的订单-申请售后】提交“假货投诉”，我们会优先加急处理。再次向您致歉，感谢您的监督与信任！
16,"""我收到商品后，发现商品有轻微划痕，不影响使用，能申请换货吗？""",您好，感谢您的反馈！对于商品存在轻微划痕的情况，我们非常重视。虽然不影响正常使用，但如您希望换货，我们可为您安排免费换新服务。请您提供清晰的划痕部位照片（建议在自然光下拍摄）作为凭证，并告知订单号，我们将第一时间为您审核处理。审核通过后，会安排快递上门取件（无需您承担运费），新商品将在1-3个工作日内发出。如您更倾向其他处理方式（如补偿优惠券等），我们也乐意为您协调。请随时联系我们，祝您生活愉快！
17,"""我想换货，但是原来的商品包装盒丢了，还能换吗？"",
""需要我额外支付包装费吗？""",您好，感谢您的咨询！关于换货问题：1. 包装盒丢失不影响换货，只要商品本身完好无损、配件齐全（如电源线、说明书、赠品等）、未人为损坏且在7天无理由换货期内，我们即可为您安排换货；2. 换货不收取任何包装费或服务费，新商品将使用全新包装发出；3. 请您提供订单号及需更换的商品信息，我们将为您生成换货物流单，并支持上门取件或您自行寄回（寄回时建议保留快递单号以便查询）。如有其他疑问，欢迎随时联系我们～
18,"""我想退货，但是已经超过7天无理由退换货期限了，还能退吗？""",您好，感谢您的反馈。虽然已超过7天无理由退换货期限，但如商品存在质量问题、发错货、少件、破损等非人为原因导致的问题，我们仍可为您安排售后处理。请您提供订单号及问题商品的照片（如外观异常、故障现象等），我们将优先核实并为您协调退换或维修服务。若因特殊原因（如疫情、物流延误等）影响使用，也可备注说明，我们会酌情协助。请您放心，我们的售后保障始终以客户体验为先。
19,"""请问你们的商品能提供纸质版说明书吗？"",
""电子版在哪里可以找到？""",您好，感谢您的咨询！关于说明书：1. 纸质版说明书：我们默认随商品一同配送纸质说明书，如您收到商品时未找到，可能是运输中遗漏或夹在包装内侧，请先检查外箱、泡沫垫层及配件袋；若确认缺失，我们可为您免费补寄，只需提供订单号和收货地址，2个工作日内安排发出。2. 电子版说明书：您可登录【我的订单】→ 找到对应商品 → 点击「查看详情」→ 下拉至「服务与支持」栏，即可下载PDF版说明书；也可关注我们的官方公众号，在菜单栏点击「售后服务」→「说明书查询」，输入商品型号（如DCB107）即可获取。如有其他需要，欢迎随时联系我们！
20,"""请问你们家的商品能寄到国外吗？"",
""运费怎么算？大概需要多久能到？""",您好，目前我们店铺的商品暂不支持直邮海外，仅限中国大陆地区（含港澳台）配送。如您有海外收货需求，建议通过国内代收转运服务进行中转。关于运费：订单满99元全国包邮（港澳台除外），未满则根据实际重量与目的地收取8-25元基础运费；配送时效方面，一般1-3个工作日发货，普通快递预计3-7个工作日送达，偏远地区或遇节假日可能略有延迟。如有其他疑问，欢迎随时联系我们，我们将竭诚为您服务！
21,"""我购买的商品，想开发票抬头为公司，需要注意什么？"",
""抬头写错了，能重新开具吗？""",您好，关于开发票的问题，为您说明如下： 1. 开具公司抬头发票时，请在下单时或订单确认页准确填写公司全称、纳税人识别号（必填）、地址电话、开户行及账号等信息；若下单时未填写，您也可在订单完成后的“我的订单—申请开票”中补充提交。 2. 如发票抬头填写错误，只要发票尚未开具或已开具但未交付（即未下载/未邮寄），我们可为您作废原申请并重新开具；若发票已开出且已交付（含电子发票已发送至邮箱/短信），则需您提供原发票作废说明（如加盖公章的《发票作废申请函》）后，我们方可为您重新开具正确发票。 3. 电子发票一般在申请后24小时内开具并发送至您预留邮箱；纸质专票开具及寄出需3-5个工作日（需确保收件地址和联系方式准确）。 如有需要，我可立即帮您进入开票页面操作，或协助提交更正申请。
22,"""我收到商品后，发现商品有瑕疵，但是已经使用过了，能售后吗？"",
""换货还是只能维修？""",您好，感谢您的反馈。即使商品已使用过，只要在售后有效期内（通常为签收后7-15天，具体以商品页面或订单详情页标注为准），且瑕疵属于产品质量问题（如制造缺陷、非人为损坏等），我们仍可为您安排售后处理。关于换货或维修：优先为您安排换货；若同款商品缺货，则提供维修服务或协商退款/补差方案。请您提供订单号及瑕疵部位的清晰照片（如外观划痕、功能异常视频等），我们将第一时间为您审核并开通售后入口。审核通过后，可选择上门取件或自行寄回（运费由我们承担）。如有其他疑问，欢迎随时联系我们。
23,"""我想取消订单，但是订单已经付款了，能全额退款吗？""",您好，订单已付款的情况下，只要商品尚未发货，我们可为您全额退款；若商品已发货，需待您拒收包裹或退货签收后，我们将在1-3个工作日内为您原路退回全部款项。请您提供订单号，我们将立即为您核实当前订单状态并协助处理。如需取消，请尽量在发货前操作，以确保及时退款。感谢您的理解与支持！
24,"""请问你们的商品有售后保障卡吗？"",
""卡丢了，还能享受售后服务吗？""",您好，感谢您的咨询！关于您的问题： 1. 我们所有正规渠道购买的商品均随箱附赠售后保障卡（含保修期限、服务范围等信息）； 2. 若保障卡不慎遗失，您仍可享受售后服务——我们支持通过订单号、电子发票、产品SN码（通常位于机身底部或电池仓内）等有效购机凭证进行身份核验； 3. 建议您尽快登录【我的订单】查看并下载电子发票，或联系客服协助查询原始购机记录。 如需进一步办理维修、退换或延保服务，欢迎随时告知，我们将为您快速对接售后专员。
25,"""请问你们家支持以旧换新服务吗？""",您好，感谢您的咨询！目前我们支持以旧换新服务，具体政策如下： 1. 适用范围：部分指定型号的家电、数码产品可参与（如空调、冰箱、洗衣机、手机、笔记本等）； 2. 旧机要求：需为功能基本正常、外观无严重损毁、能通电开机的整机（不含配件缺失严重或已拆解设备）； 3. 评估方式：下单时可在线提交旧机信息，系统初步估价；收货后由专业人员二次检测并确认最终抵扣金额； 4. 抵扣额度：根据旧机品牌、型号、成色、使用年限等因素综合评估，最高可抵数千元； 5. 操作流程：下单新机时勾选“以旧换新”→填写旧机信息→预约上门回收或自行寄回→新机发货与旧机回收同步进行。 温馨提示：活动可能因地区或品类有所调整，建议下单前在商品页查看“以旧换新”入口或联系在线客服获取实时资格校验。如需协助，我可立即为您查询当前符合条件的商品哦～
26,"""请问你们的智能客服能解答哪些问题？"",
""智能客服解答不了的问题，怎么办？""",您好，我们的智能客服可以为您解答常见问题，包括：订单查询、物流跟踪、退换货政策、发票开具、保修范围、安装与使用基础指导、售后网点查询等。若遇到智能客服无法解答的问题（如复杂故障判断、个性化服务需求、投诉建议等），您可随时点击【转人工客服】，我们将为您安排专属客服专员，在线为您进一步处理；人工服务时间为每日8:00-22:00，平均响应时间通常在30秒内。如有紧急情况，您也可拨打400-XXX-XXXX服务热线，我们将优先为您接入。感谢您的理解与支持！
33,"""家支持7天无理由退货吗？"",
""需要满足什么条件？""",您好，支持7天无理由退货服务。需同时满足以下条件：1. 商品保持完好，未使用、未拆封（不影响二次销售），配件、赠品、包装及发票齐全；2. 退货申请需在签收后7个自然日内发起（以物流签收时间为准）；3. 非定制类、非鲜活易腐、非数字化商品等特殊品类适用本政策。请您通过订单页面点击【申请售后】→选择【7天无理由退货】，按提示提交申请，我们将尽快为您审核并提供退货物流单号。如有疑问，欢迎随时联系我们～
34,"""我购买的商品，收到后发现少发了一件，怎么办？"",
""什么时候能补寄？需要我承担运费吗？""",您好，非常抱歉给您带来不便！关于商品少发的问题，我们会立即为您核实处理： 1. 请您提供订单号及少发商品的名称、数量，并拍摄外包装完好照片及开箱视频（重点展示商品实际收到件数），以便我们快速核查物流与发货记录； 2. 经核实属实后，我们将免费为您补寄缺失商品，不收取任何运费； 3. 补寄一般在您提交凭证后24小时内完成发货，预计2-5个工作日送达（偏远地区稍有延迟）。 请您放心，我们会全程跟进直至您签收补发商品。如需协助上传凭证或查询进度，可随时联系我哦！
35,"""想换成其他款式，能换货吗？""",您好，支持换货服务！请您在订单签收后7天内联系客服申请换货，商品需保持完好无损、配件齐全、包装完整且未经使用。请提供订单号及希望更换的款式信息，我们将为您核实库存并安排换货。换货寄回运费由您先行垫付，商品寄出后我们将在24小时内为您报销（凭有效快递单据）。如需协助，我可立即为您提交换货申请，请随时告诉我～
36,"""请问商品的生产日期是什么时候？""",您好，暂未查询到相关产品信息，已为您转接人工客服。
37,"""请问你们的商品能提供上门安装服务吗？""",您好，感谢您的咨询！我们部分大家电商品（如空调、冰箱、洗衣机等）支持上门安装服务，具体需以商品页面标注或订单确认页信息为准。安装服务通常由品牌官方售后或授权服务商提供，一般在您下单时可勾选“预约安装”选项，并需提前1-2天与客服或物流方确认安装时间。请您保留好商品包装及配件，安装前请确保现场具备通电、通水等基础条件。如您已下单，可提供订单号，我将为您实时查询安装服务开通情况并协助预约。
38,"""请问你们的商品能提供试用装吗？""",您好，感谢您的关注！目前我们大部分商品暂不提供试用装服务，但部分新品或特定活动期间可能会推出小样或体验装，建议您关注店铺首页、会员中心或官方公众号的最新活动通知。如您对某款商品有试用需求，也可联系在线客服，我们将尽力为您推荐适合的替代方案（如支持7天无理由退换货的商品）。如有其他疑问，欢迎随时咨询～
39,"""我购买的商品，使用一段时间后出现质量问题，还能售后吗？""",您好，感谢您的反馈！商品在使用过程中出现质量问题，我们非常重视。根据国家“三包”规定及我司售后政策： 1. 保修期：多数家电类产品享整机1年、主要部件3年保修（具体以商品页面或保修卡为准）； 2. 售后条件：请您保留好原始购机凭证（如订单截图、电子发票）、产品包装及故障现象视频/照片； 3. 处理流程：您可随时通过【我的订单→申请售后】提交服务申请，我们将安排专业工程师免费检测与维修；若属批次性质量问题，还可支持换新或退换； 4. 响应时效：售后申请提交后，客服将在24小时内联系您确认详情，维修服务一般3-7个工作日内完成（视配件供应及上门安排而定）。 如您已准备好相关信息，我可立即为您优先登记加急处理。请随时告知订单号或商品名称，谢谢您的信任与支持！
40,"""我想给商品更换成更大的尺寸，能换吗？"",
""尺寸差价怎么处理？""",您好，关于您提出的更换更大尺寸商品及差价处理的问题： 1. 是否可换：根据现有信息，部分产品（如健身追踪器、VR头显、相纸等）支持更换不同尺寸的配件（如表带、耳塞、相纸），但需确认是否属于同一产品线的兼容配件。若您所购商品本身不支持尺寸变更（如主机、机身类），则无法直接更换为更大尺寸型号；仅配件类（如表带、耳塞、相纸）可按说明更换。 2. 尺寸差价处理：参考知识中未提及具体差价结算规则。通常情况下，如您在官网购买且符合换货条件（如30天内、未使用、包装完好），换货时若新商品价格更高，需补足差价；若更低，一般不予退还差价。具体以订单页面或客服确认为准。 建议您提供具体商品名称或订单号，以便我们为您精准查询适用政策。
41,"""快递丢失了，怎么办？""，
""这种情况你们会怎么赔偿？多久能解决？""",您好，非常抱歉给您带来不便！关于快递丢失问题，我们会第一时间为您处理： 1. 请您提供订单号及快递单号（如有），我们将立即联系物流方核实包裹状态； 2. 若确认丢件，我们将为您补发商品或按订单实付金额全额退款（含运费），无需您承担额外费用； 3. 处理时效：一般在您反馈后24小时内受理，3个工作日内完成补发或退款到账。 为加快处理，请您也留意是否为他人代收、放至快递柜或物业代收等情况。如有其他疑问，欢迎随时联系我们！
42,"""我购买的商品，想申请退款，但是已经使用过了，能退吗？""",您好，感谢您的反馈。关于已使用商品的退款申请，根据我们的售后政策：若商品存在质量问题或与描述严重不符，即使已使用，我们仍支持退换货；但因个人原因（如不喜欢、尺寸不合适等）且商品已使用、影响二次销售的，通常无法办理全额退款，可协商部分补偿或换货处理。请您提供订单号及商品现状照片（如问题部位），我们将为您优先核实并给出具体方案。审核通过后，退款将在3-5个工作日内原路返回。如有其他疑问，欢迎随时联系我们。
43,"""我购买的商品，快递送达时，我不在家，怎么办？""",您好，关于快递送达时您不在家的情况，您可以放心：快递员通常会先尝试电话联系您；如未接通，会将包裹暂存至附近快递驿站、菜鸟柜、物业或指定代收点，并发送取件码短信通知您。您可凭短信或订单号在24-72小时内及时领取。若超期未取，包裹可能被退回，建议您尽快处理。如需更改配送时间或地址，也可联系快递公司（如中通/顺丰/京东物流等）或通过订单页面申请“预约派送”。如有其他问题，欢迎随时联系我们为您协助！
44,"""请问你们的优惠券能用于所有商品吗？""",您好，关于优惠券使用范围的问题，参考知识中未提及优惠券相关政策。优惠券的适用商品范围、使用条件及有效期等信息，通常会在发放页面或订单结算页明确说明。建议您在下单前查看优惠券详情页，或联系在线客服获取最新活动规则。感谢您的理解与支持！
45,"""请问你们的商品能提供终身维修服务吗？""",您好，感谢您的信任与关注。目前我们为所有正规渠道购买的商品提供国家三包政策范围内的保修服务（通常整机保修1年，主要部件保修3年，具体以产品说明书或购买凭证为准），但暂不提供“终身维修”服务。如您商品在保修期内出现质量问题，可凭有效购机凭证联系我们的售后服务中心安排检测与维修；若已过保修期，我们也支持有偿维修服务，工程师将为您评估故障并提供合理报价。建议您保留好原始发票及包装，以便后续服务使用。如有需要，我可立即为您查询就近授权服务网点或协助提交维修申请。
46,"""我上个月购买的家电，使用不到一个月就出现故障，联系售后寄回维修，现在已经维修15天了，还没收到，而且我发现商品是翻新机，并非全新，要求退货退款并赔偿，请问该怎么处理？""",您好，非常抱歉给您带来了不便。针对您反馈的情况，我们高度重视并为您说明如下处理方案： 1. 【维修时效】根据国家《三包规定》，维修周期一般不超过30日；如超期未修好，您有权要求退货或换货。您已维修15天，我们可立即为您加急跟进维修进度，并同步物流信息。 2. 【翻新机质疑】请您提供商品外包装、机身序列号（SN码）、购买订单截图及能体现非全新状态的清晰照片（如标签磨损、封条异常等），我们将联合质检部门48小时内核实真伪。 3. 【退货退款与赔偿】若经核实确为翻新机，我们将无条件为您办理全额退货退款（含运费补偿），并依据《消费者权益保护法》第55条，按商品价款三倍进行赔偿（不足500元按500元赔付）。 请您尽快通过【我的订单→联系客服】上传凭证，或直接回复本消息发送相关图片，我们将专人对接、优先处理。感谢您的信任与监督！
47,"""我在你们平台批量购买了100件商品用于企业采购，收到货后发现有20件存在质量问题，15件少发，而且发票开错了抬头，需要重新开具，同时想申请质量问题商品的换货和少发商品的补寄，请问流程是什么？"",",您好，非常抱歉给您带来了不便！针对您反馈的企业批量采购问题，我们已为您梳理清晰处理流程： 1. 【质量问题换货】：请您提供20件问题商品的清晰照片（含外包装、问题部位及订单号），我们将优先审核，审核通过后安排免费上门取件，并在3个工作日内寄出同款合格商品； 2. 【少发商品补寄】：15件少发商品我们将在核实订单物流签收凭证后，于1个工作日内为您补发，支持加急配送； 3. 【发票重开】：请提供正确的开票信息（单位全称、税号、地址电话、开户行及账号），我们将在收到信息后24小时内为您开具合规专用发票，并通过邮箱/快递方式重新送达。 为提升处理效率，建议您登录订单页面提交售后申请（路径：我的订单→选择对应订单→申请售后），或直接联系企业采购专属客服专线：400-XXX-XXXX（工作日8:30-18:00）。感谢您的理解与支持！
48,"""我购买的食品类商品，收到后发现生产日期临近过期，而且包装破损，部分商品受潮无法食用，我要求退货退款并赔偿，同时担心食用了受潮商品影响健康，请问能提供相关保障吗？""",您好，非常抱歉您收到的商品出现生产日期临近过期、包装破损及受潮等问题，这确实严重影响了商品品质与您的消费体验。我们高度重视您的健康与权益，现为您说明处理方案： 1. 【退货退款】请您保留商品原包装、破损实物及订单截图，并拍摄清晰的包装破损、生产日期标签、受潮状态等照片作为凭证；我们将在您提交凭证后2小时内审核，审核通过即为您极速办理全额退款（含运费），款项原路退回，一般1-3个工作日内到账。 2. 【额外补偿】针对此次严重品控问题，我们将主动为您补偿50元无门槛优惠券（可叠加使用，有效期30天），以表歉意。 3. 【健康保障】如您已食用受潮商品并出现身体不适，请立即就医，并保留就诊记录、缴费单据及剩余商品（密封保存），我们将专人对接，协助申请健康关怀赔付（最高赔付500元）。 4. 【后续跟进】客服专员将在2小时内电话联系您，全程一对一协助处理。感谢您的理解与反馈，我们将同步升级该批次商品的仓储与质检流程，杜绝类似问题再次发生。
49,"""我购买的商品包装破损，商品出现损坏，而且快递员拒绝承认是运输问题，同时我已经签收商品，请问还能申请售后吗？""",您好，非常理解您的困扰。即使已签收，只要商品存在包装破损及实物损坏情况，您仍可正常申请售后。请您尽快在订单页面提交售后申请，并上传清晰的包装破损照片、商品损坏部位特写以及签收时的外包装整体照片（如有）。我们会在1个工作日内审核，并根据实际情况为您安排补发或退款。如快递员拒绝承认运输责任，我司将协同物流方调取运输轨迹及揽派记录进行核查。为保障您的权益，建议您今后签收前务必开箱验货，发现问题当场拒收并拍照留证。如有其他疑问，欢迎随时联系我们。
50,"""我购买的大家电需要上门安装，但是安装人员上门后说需要额外收取配件费，而且安装服务原本应该是免费的，同时安装人员操作不规范，导致家电出现轻微损坏，请问该怎么处理？""",您好，非常抱歉给您带来了不愉快的安装体验。针对您反馈的问题，我们高度重视并为您说明如下处理方案： 1. 【配件费争议】：大家电标准安装服务（含基础配件及人工）本应免费，如安装人员额外收取配件费用，需提供正规收费凭证及配件清单；若无事先书面告知及您同意，该费用我司不予认可，将全额退还。 2. 【安装不规范致损】：请您及时拍照/录像留存损坏部位及现场情况，并保留安装单据（含安装人员工号、时间、签字等信息）。我们将在24小时内安排专人回访，核实后启动售后评估，根据损坏程度提供维修、换新或补偿方案。 3. 【后续处理】：请您提供订单号、安装时间、安装人员姓名/工号（如有）及损坏照片，我们将优先升级为VIP客诉通道，3个工作日内给出明确处理结果。 感谢您的理解与支持，我们将严肃核查该安装服务商，并加强服务培训与监督。
51,"""我购买的商品在质保期内出现质量问题，寄回维修后，维修人员说需要更换配件，而且要收取配件费，但是质保期内应该免费维修，同时维修时间已经超过承诺的7天，请问该怎么处理？"",",您好，关于您反馈的问题，我们非常重视： 1. 质保期内维修应免费——根据参考知识【文档1】及【文档3】明确说明：'在保修期内，授权服务提供方将免费维修您的产品（因材料或工艺缺陷所致），若无法修复则予以更换'；【文档3】进一步指出'授权经销商将根据厂商判断，免费维修或更换因原厂材料或工艺缺陷而判定为故障的零部件'。因此，因产品质量问题导致的配件更换，不应向您收取配件费。 2. 维修超期问题——虽然参考知识中未统一规定具体维修时限（如7天承诺），但【文档2】提到'未经预先批准及获取RMA编号，不接受退货'，说明正规维修流程需经授权与登记；若实际维修周期显著超出合理时效（如承诺7天却长期未完成），属于服务履约瑕疵，您有权要求加快进度或升级处理。 3. 建议您立即联系官方售后客服，提供RMA编号、维修单号及沟通记录，要求：①书面说明收费依据（如非原厂缺陷导致的损坏，需举证）；②核查维修延期原因并限期完成；③若属保修责任范围，坚持免费维修并退还已收配件费用。同时，请保留所有凭证（购买发票、维修单、缴费记录、沟通截图等），以便必要时向消费者协会或平台介入申诉。 感谢您的理解与支持，我们将全力协助您维护合法权益。
52,"""我购买的大型设备需要上门检修，但是检修人员上门后说设备故障无法现场修复，需要拉回仓库维修，而且维修时间不确定，同时我担心设备拉回过程中出现损坏，请问该怎么处理？""",您好，关于您反映的大型设备需拉回仓库维修、维修周期不确定及运输损坏风险的问题，根据我司全球保修政策（参考文档4）： 1. 维修方式：若现场无法修复，技术人员有权根据故障情况决定采取返厂维修或更换服务，该决策基于专业判断且符合保修条款； 2. 维修时效：因涉及备件调度、检测排期等环节，具体维修周期需以服务中心出具的《维修受理单》为准，建议您向上门 technician 索取书面受理凭证及预计完成时间； 3. 运输保障：根据保修条款III，运输途中损坏不属于保修责任范围，但属于承运方责任（参考文档4第三条末句）。请您务必在设备交接时： • 要求检修人员当面检查设备外观并填写《装机/返厂交接单》，双方签字确认现状； • 对设备关键部位（如屏幕、外壳、接口）进行拍照或视频留证； • 保留物流单据及全程运输信息，以便后续向承运方发起索赔。 如您尚未签署交接单或对流程有疑义，可立即联系官方客服热线，我们将为您加急协调服务进度并提供运输保险协助。
53,"""我想试用商品，但是试用期间商品出现故障，而且不是人为操作导致的，同时我想延长试用期限，请问可以吗？另外故障商品能更换吗？""","您好，关于您的试用期相关问题： 1. 试用期延长：当前保修政策及参考知识中未提及‘试用期’或‘试用期限延长’的相关条款，本产品不提供法定或约定的试用期服务；若您是通过第三方平台（如电商平台）参与试用活动，延长申请需以该平台规则为准，建议您联系对应平台客服确认。 2. 故障商品更换：若商品在保修期内出现非人为原因的故障，且经我方技术人员判定确属制造缺陷，我们将根据库存情况，自行选择为您维修或更换为全新/翻新产品（功能相近、价值相等或更高）<PIC>。更换前提为已提交有效RMA申请并提供购买凭证<PIC>。 3. 特别说明：试用期间发生的故障，如无正式购买凭证或未完成官网注册/售后登记，可能影响保修权益主张。建议您尽快通过售后支持网站提交故障描述与申请，并保留好原始包装、配件及购机证明。 如您尚未购买，仅处于平台试用阶段，请注意：本全球保修服务仅覆盖‘原始消费者’的已购商品（参考文档4第II条）<PIC>，试用样品不自动纳入保修范围。 , [""drill0_05"", ""drill0_06"", ""drill0_04""]"
54,"""我购买的商品，收到后发现是临期商品（还有15天过期），但下单时页面未标注临期，而且商品包装上也没有临期提示，我要求退货退款并赔偿，请问可以吗？""",您好，非常抱歉给您带来了不愉快的购物体验。关于您反馈的临期商品问题，我们高度重视： 1. 根据《消费者权益保护法》及平台售后服务规范，若商品实际剩余保质期不足30天（特殊品类除外），且下单页面未显著标注“临期”字样、商品包装亦无明确提示，属于信息披露不充分，您有权申请退货退款； 2. 退款将原路退回至您的支付账户，一般1-3个工作日内到账； 3. 关于赔偿，平台支持合理补偿，您可提供订单截图、商品实物照片（含生产日期/保质期标签）及开箱视频（如有），我们将结合实际情况为您申请5-20元无门槛优惠券作为关怀补偿； 4. 请您通过【我的订单→找到该笔订单→点击“申请售后”→选择“退货退款”并备注“临期未提示”】提交申请，客服将在2小时内优先审核处理。 如您操作中遇到问题，也可将订单号和凭证发送至在线客服，我们将全程协助。再次向您致歉，感谢您的理解与监督！
55,"""我购买的商品，收到后发现商品的颜色和详情页描述的不一致，详情页是深红色，实际收到的是浅红色，而且商品有轻微的异味，想申请换货""",您好，非常抱歉给您带来了不愉快的购物体验！关于您反馈的商品颜色与详情页不符（深红色 vs 浅红色）及存在轻微异味的问题，我们高度重视，支持为您办理换货服务。 ✅ 换货说明如下： 1. 请您保留商品原包装、吊牌及配件，并拍摄清晰的实物图（含整体外观、色差对比图、标签信息及异味相关描述），以便我们快速核实； 2. 换货范围：我们将为您更换同款全新、符合页面描述的深红色商品； 3. 物流安排：审核通过后，我们将免费为您提供上门取件服务（或您也可自行寄回，运费由我们承担）； 4. 处理时效：收到退回商品并确认无误后，我们将在1-2个工作日内为您发出新商品，预计3-5个工作日送达（具体以物流为准）。 请您点击【我的订单】→ 找到该笔订单 → 点击【申请售后】→ 选择“换货”并上传凭证，我们将优先加急处理。如操作中遇到问题，也可将订单号和凭证发送给我们，我将立即为您登记跟进。 再次为我们的疏失向您致歉，感谢您的理解与支持！
57,"""我购买的商品，快递寄到后，我拆开包装发现商品损坏，但是快递员已经离开，没有当场验货，请问还能申请售后吗？""",您好，非常抱歉您收到的商品出现损坏情况。即使快递员已离开、未当场验货，您仍可正常申请售后处理。请您尽快拍摄以下凭证：1. 商品破损部位的清晰照片或视频；2. 外包装整体及破损处的照片（含快递单号）；3. 商品标签/型号信息。提交售后申请后，我们的客服将在24小时内审核并为您安排补发或退款。如订单为平台自营商品，通常3个工作日内完成处理；若为第三方商家，我们也会第一时间协助沟通并跟进进度。建议您保留所有原包装及配件，以便后续查验。如有需要，我可立即为您发起售后工单，请随时告知。
58,"""我购买的商品，使用时发现商品的功能和详情页描述的不一致，详情页说支持无线充电，实际不支持，而且商品的续航时间也比描述的短很多，要求退货退款并赔偿，请问可以吗？"",",您好，非常抱歉给您带来了不便！关于您反馈的商品功能与详情页描述不符（如无线充电功能缺失、续航时间缩水）的问题，属于严重的信息不一致情形，我们高度重视。根据《消费者权益保护法》及平台售后服务政策，您有权申请退货退款，且因商家描述失实导致的退换货，运费由我方承担。赔偿事宜需结合具体订单情况及实际损失评估，我们将优先为您办理全额退款（含商品金额及合理运费），并在核实后视情况协商适当补偿。请您提供：1. 订单号；2. 商品实物照片（含不支持无线充电的实测画面）；3. 续航测试对比说明（如使用环境、测试方法等）。我们将在收到凭证后24小时内为您加急审核并同步处理进度。感谢您的理解与支持！
64,"""使用吹风机时，人员需要佩戴哪些防护装备？""",使用吹风机时，操作人员需佩戴以下防护装备：1. 合格的听力防护装备；2. 合格的眼部防护装备；3. 在多尘环境中操作时需佩戴面罩；4. 防滑鞋底的工作靴或工作鞋；5. 作业现场应配备急救箱。
65,"""操作吹风机时，人员需要注意哪些安全要点？""","操作吹风机时，人员需注意以下安全要点： 1. 严禁将吹风机喷口对准人或动物，高速气流可能夹带颗粒物造成严重眼部或身体伤害 <PIC>； 2. 禁止无关人员及动物进入距操作人员10米范围内作业区域 <PIC>； 3. 操作时双脚必须稳固站立于地面，严禁站在梯子或支架上操作 <PIC>； 4. 必须佩戴合格的听力防护装备、眼部防护装备；多尘环境下还需佩戴面罩，穿防滑鞋底的工作靴 <PIC>； 5. 避免穿着宽松衣物、围巾、项链，长发须束起，以防被旋转部件卷入 <PIC>； 6. 加油、安装/拆卸配件、清洁维护前，必须先关闭发动机并确保停机开关处于停机位置 <PIC>； 7. 严禁在通风不良空间操作，避免吸入废气；严禁在室内、易燃材料附近或存在易燃气体环境中启动设备 <PIC>； 8. 消音器（尤其配备催化转化器型号）在运行中、停机后及怠速状态下均异常滚烫，切勿触碰，注意火灾风险 <PIC>； 9. 检修盖未关闭、损坏或无法闭合时，严禁启动吹风机（安装吸尘管时除外） <PIC>； 10. 饮酒、服药后或疲劳状态下禁止操作；未成年人严禁操作 。 , [""Blower_02"", ""Manual04_0"", ""Manual04_1"", ""Manual04_2"", ""Manual04_3"", ""Manual04_4"", ""Blower_01"", ""Manual04_30"", ""Manual04_31""]"
66,"""使用吹风机时，如何调节化油器？""","吹风机配备二冲程发动机，其化油器出厂时已精密预设，仅在因气候、海拔、汽油或二冲程机油类型差异导致运行异常时才需调节。化油器设有三处调节装置：<PIC> H=高速油针（调节全油门工况空燃比）<PIC> L=低速油针（调节怠速及低负荷工况空燃比） T=怠速调节螺钉（调节发动机怠速转速） 调节前须确保：吹风管与喷口已安装到位；H、L油针先逆时针旋至限位终点；发动机经怠速与半油门交替运转1–2分钟充分预热。具体操作请严格参照说明书第18页‘化油器调节’章节，且注意：严禁拆除H、L油针限位装置，否则将不符合环保法规要求。 , [""Manual04_35"", ""Manual04_36""]"
67,"""吹风机冷机时，该如何启动？""","吹风机冷机启动步骤如下： 1. 将停机开关调至启动位置； 2. 将阻风门控制器调至阻风门位置（A），该位置同时为自动启动油门位置； 3. 反复按压泵油膜片直至燃油充满膜片（无需完全充满）； 4. 左手将设备机身按压在地面，右手握紧启动手柄，缓慢拉动启动绳至感受到阻力（启动钩啮合），然后快速用力拉动； 5. 发动机点火后立即按下阻风门控制器，重复操作直至发动机稳定启动； 6. 发动机启动后迅速全开油门，启动油门自动解除。 注意！切勿完全拉出启动绳，切勿在启动绳完全拉出时松手，以免损坏设备。<PIC><PIC><PIC> , [""Manual04_18"", ""Manual04_19"", ""Manual04_20""]"
68,"""吹风机热机时，该如何启动？""","热机启动吹风机时，无需使用阻风门，请将阻风门控制器推回原位（工作位置）；然后按第13页说明操作：左手按压机身固定于地面，右手握紧启动手柄，缓慢拉动启动绳至有阻力感后快速用力拉动。发动机点火后立即按下阻风门控制器，重复操作直至启动成功。注意：热机状态下切勿启用阻风门功能。<PIC><PIC> , [""Manual04_18"", ""Manual04_19""]"
69,"""该如何关闭吹风机？""","请通过吹风机上的停机开关（部件编号3）切断点火电源，即可关闭吹风机。停机开关位于手柄区域，操作时请确保设备处于稳定状态，并遵守安全规范：关闭前确认未在吸尘作业中，且检修盖已关闭完好。<PIC> , [""Blower_02""]"
70,"""空调的重要组成部件有哪些？""","根据产品说明书，空调的重要组成部件包括：室内机 <PIC>、3M 多重防护滤网 <PIC>（部分机型配备）。其他常见但未在参考知识中明确列出的部件（如室外机、压缩机、冷凝器、蒸发器、遥控器等）未被当前资料覆盖。 , [""Manual01_0"", ""Manual01_27""]"
71,"""如何找到空调遥控器的按键？""","空调遥控器的按键通常位于遥控器正面，主要功能键包括：开/关键、模式键（用于切换制冷/制热等模式）、温度上升/下降键、风速键、出风方向调节键等。部分附加功能按键可能隐藏在遥控器盖板下方，需打开盖板后方可使用。<PIC> , [""Manual01_6""]"
72,"""如何给空调遥控器安装电池？""","给空调遥控器安装电池的步骤如下： 1. 取下电池盖。 <PIC> 2. 装入新电池，确保电池正、负极安装正确（适用电池型号为7号）。 <PIC> 3. 重新装上电池盖。 温馨提示：请勿将不同型号电池混用，也勿将新电池与旧电池混用；切勿对电池充电或拆解电池，以防发生危险。 , [""drill0_04"", ""drill0_05""]"
73,"""如何安装空调遥控器支架？""",安装空调遥控器支架的步骤如下： 1. 选择一个安全、便于取用且无阳光直射的位置，以保护遥控器； 2. 使用螺丝刀将两颗螺丝拧紧，固定支架 ； 3. 将遥控器滑入支架中 。
74,"""如何用空调快速调节室内温度？""","要快速调节室内温度，可使用空调的“极速制冷/制热模式”： 1 按下开/关键开启电源； 2 按下极速键。<PIC> - 极速制冷模式下，空调将以18摄氏度的温度强风出风30分钟； - 极速制热模式下，空调将以30摄氏度的温度强风出风30分钟。 , [""drill0_04""]"
75,"""如何使用空调的自清洁运行功能？""","使用空调的自清洁运行功能方法如下： 1. 在制冷或除湿运行状态下，按下遥控器或面板上的“自清洁键”，显示屏上将显示自清洁标识 <PIC>； 2. 关闭电源后，风扇将继续运行约30分钟，对室内机内部进行清洁。 , [""Manual01_17""]"
76,"""如何使用空调的等离子净化功能？""","使用空调的等离子净化功能方法如下： 1. 无需开启空调制冷或制热，直接按下遥控器或面板上的“等离子键”即可启动该功能； 2. 启动后，显示屏将显示等离子标识，同时等离子灯和制冷灯会同时亮起； 3. 注意：部分机型不支持此功能，具体请以您所购机型为准。 <PIC> , [""Manual01_17""]"
77,"""单冷型空调如何开启自动运行模式？""",单冷型空调开启自动运行模式的操作步骤如下： 1 按下开 / 关键开启电源。 2 反复按下模式键，选择自动运行模式。 3 若当前温度高于或低于所需温度，按下上升 / 下降键选择所需的运行代码。
78,"""如何使用空调的自动转换运行功能？""","使用空调的自动转换运行功能步骤如下： 1. 按下开/关键开启电源。 2. 反复按下模式键，选择自动转换运行模式，显示屏上会显示对应标识。<PIC> 3. 按下上升/下降键设置所需温度，温度调节范围为18摄氏度（64华氏度）-30摄氏度（86华氏度）。 4. 反复按下风速键选择风扇转速。 , [""Manual01_11""]"
79,"""如何开启空调的节能制冷模式？""","开启空调节能制冷模式的操作步骤如下： 1 按下开 / 关键开启电源。 2 反复按下模式键，选择制冷模式。 3 按下节能键，显示屏上会显示节能标识。<PIC> , [""drill0_04""]"
80,"""无遥控器时如何操作空调？""","无遥控器时，可通过室内机的开/关键操作空调： 1. 打开前盖板，轻轻掀起盖板两侧即可。<PIC> 2. 按下开/关键启动空调，此时风扇转速默认设为高速。 - 冷暖型机型将根据室内温度自动切换运行模式。 - 单冷型机型温度默认设为22摄氏度（71.6华氏度）。 , [""Manual01_6""]"
81,"""如何让空调实现自动重启？""","空调的自动重启功能为出厂默认开启，无需手动设置。当发生停电后恢复供电时，空调将自动重启并恢复至断电前的运行设置（如模式、温度、风速等）。如您发现该功能未生效，可确认是否曾手动关闭：按住开/关键6秒钟，听到两声蜂鸣、蓝色指示灯闪烁4次，即可重新开启自动重启功能。<PIC> , [""drill0_05""]"
82,"""不同型号空调的清洁频率是多少？""","根据参考知识，空调的空气滤网建议每两周清洁一次，必要时可增加清洁频率。该清洁频率适用于所涉型号空调的通用指导；不同型号间滤网结构或位置可能略有差异（<PIC>），但基础清洁周期保持一致。其他部件如等离子滤网、室外机热交换器盘管等也需定期清洁，但参考知识中未明确给出其具体清洁频率。 , [""Manual01_27""]"
83,"""如何清洁空调的空气滤网？""","清洁空调空气滤网的步骤如下： 1 关闭电源并拔下电源线。 2 打开前盖板，轻轻掀起盖板两侧即可。<PIC> 3 握住空气滤网的把手，轻轻向上提起，将其从机身中取出。<PIC> 4 用吸尘器清理滤网，或用温水冲洗；若污垢较难清理，可在温水中加入洗涤剂清洗。 5 将滤网置于阴凉处晾干。 注意事项： ・切勿使用40摄氏度以上的热水，以免滤网变形或变色； ・切勿使用挥发性物质（如酒精、丙酮等），以免损坏产品表面； ・清洁后务必确保滤网完全干燥并牢固安装； ・建议每两周清洁一次，灰尘较多环境可适当增加频率。 , [""Manual03_18"", ""Manual03_19""]"
84,"""如何清洁空调的3M多重防护滤网？""","清洁 3M 多重防护滤网的步骤如下： 1 关闭电源并拔下电源线。 2 打开前盖板，取出空气滤网（详见“清洁空气滤网”）。 3 抽出 3M 多重防护滤网。<PIC> 4 用吸尘器清理滤网污垢，切勿用水清洗 3M 多重防护滤网，以免造成滤网损坏。 * 功能会根据机型有所调整。 , [""Manual01_27""]"
85,"""如何清洁空调的等离子滤网？""","清洁等离子滤网的步骤如下： 1 关闭电源并拔下电源线。 2 打开前盖板，取出空气滤网（详见“清洁空气滤网”）。 3 在 10 秒内取下等离子滤网。<PIC> 4 用吸尘器清理滤网污垢，若污垢较难清理，可用温水冲洗。 5 将滤网置于阴凉处晾干。 注意：清洁时请勿使用 40 摄氏度以上的热水，以免造成滤网变形或变色；切勿使用挥发性物质，以免损坏产品表面。 , [""Manual03_18""]"
86,"""如何快速组装蒸汽清洁机？""",快速组装蒸汽清洁机步骤如下（无需专用工具）： 1. 将主机身固定扣（部件15）从主机身（部件7）背部取下。 2. 将手柄杆（部件4）插入主机身（部件7），直至听到咔嗒声到位 。 3. 安装拖布：按下拖布释放扣（部件17）拉开挡板，装入拖布（部件16） 。 4. 加水：按下水箱解锁扣（部件10），取下水箱（部件9）加水（建议使用蒸馏水或去离子水） 。 5. 将电源线（部件19）完全展开，插入120V接地插座。 完成以上步骤后，等待就绪指示灯亮起，即可开始使用。
87,"""蒸汽清洁机有哪些实用的产品功能？如何快速上手使用？""",蒸汽清洁机的实用产品功能包括： • 水箱（部件9）配备水过滤器，可过滤自来水中的矿物质及杂质，防止水垢损坏机器；建议使用蒸馏水或去离子水，严禁添加任何化学药剂（如除垢剂、芳香剂、酒精、洗涤剂等）； • 就绪指示灯位于手持蒸汽器手柄处，亮起表示水已转化为蒸汽、机器就绪可用； • 旋转拖头（部件18）可灵活转向，便于清洁橱柜下方等狭小空间； • 吸水纤维拖布（部件16）可吸附蒸汽松动的污垢，支持重复使用及机洗； • 多功能配件系统：喷射喷嘴（部件26）适用于地板及边缘；角形喷嘴（部件23）适用于窗台、马桶内侧等难触区域；延长管（部件21）扩展清洁距离；圆刷（部件22）专清瓷砖缝隙、灶台；布艺清洁头/玻璃清洁组件（部件20）可熨烫除皱、布艺除味、玻璃清洁；弧形喷嘴（部件24）适用于硬质表面清洁；清洁布（部件27）配合使用； • 支持硬质地面清洁（如瓷砖、Vinyl、复合地板、大理石、封边木地板等），但不可用于未封边木地板、软塑料、木质家具或结冰玻璃。 快速上手使用步骤如下： 1. 组装：将手柄杆（部件4）插入主机身（部件7），听到咔嗒声即到位； 2. 加水：使用配套量杯加水至水箱（部件9），或按下水箱解锁扣（部件10）取下水箱加水； 3. 安装拖布：按下拖布释放扣（部件17），拉开挡板，装入拖布（部件16）； 4. 接电：顺时针旋转快速收线扣展开电源线，插入120V接地插座； 5. 等待就绪：通电后加热，就绪指示灯亮起即可开始使用；首次使用可能有数秒延迟（因水需经滤器流入加热器）； 6. 清洁操作：缓慢移动，按住开关（部件2/11）出蒸汽；如需消毒，将蒸汽头静置目标区域15–20秒； 7. 配件扩展：安装配件前请拔掉电源并等待冷却，所有配件均需装于手持蒸汽器（部件13）上。
88,"""如何使用蒸汽清洁机清洁硬质地面？""",使用蒸汽清洁机清洁硬质地面（如瓷砖、Vinyl地板、复合地板、大理石、石材及封边木地板）时，请按以下步骤操作： 1. 清洁前请先扫地或吸尘，清除地面大颗粒灰尘和杂物； 2. 确保水箱已加水（建议使用蒸馏水或去离子水），并插电预热，待就绪指示灯亮起； 3. 推荐使用弧形喷嘴（部件 24） 或喷射喷嘴（部件 26），二者均适用于硬质表面清洁； 4. 缓慢移动清洁机，同时按下蒸汽开关（部件 2 或 11）持续出蒸汽； 5. 如需对特定区域消毒，请将蒸汽头静置该处至少15秒，但不超过20秒； 6. 避免在同一位置长时间喷射蒸汽，以防损伤地板（尤其打蜡地板可能降低光泽度）； 7. 首次使用时，机器可能需数秒延迟出蒸汽（因水需通过过滤器流入加热器），属正常现象。 ⚠️ 注意：不可用于未封边木地板、软塑料及木质家具；清洁前请在不显眼处测试，或查阅地板厂家保养说明。
89,"""组装人体工学椅涉及哪些部件？""",组装人体工学椅涉及以下部件：C1 与 C2（需用螺丝组装）、脚轮、底座盖、气杆、底盘、脚踏、橡胶圈、座椅、椅背、连接件、扶手、头枕、腰枕。其中，连接件用于连接椅背与底盘，扶手需对准螺丝孔安装，头枕与腰枕为最后安装的舒适性配件。
90,"""椅子的扶手使用一段时间后为什么会松动？""",椅子的扶手使用一段时间后松动，主要是因为扶手与椅背或底盘连接处的固定螺丝在日常使用中受力反复震动，导致逐渐松脱。根据产品说明，这是常见现象，只需重新拧紧相关螺丝即可恢复稳固。
91,"""这款椅子有哪些功能？""","这款人体工学椅具备以下功能： 1. **高度调节功能**：向上拉起“升降”拉杆即可调节座椅高度，到达所需高度后松开拉杆；调节时请将身体微微抬离座椅。<PIC> 2. **椅背后仰功能**：向上拉起“后仰”拉杆，椅背可随人体动作独立倾斜；向下按下拉杆即可锁定角度；复位时请靠在椅背上，防止快速回弹。<PIC> 3. **按摩功能**：腰枕支持USB供电按摩，插入USB即可启用。<PIC> 4. **可调配件**：配备可安装/调节的头枕、腰枕、扶手、脚踏及橡胶圈，提升支撑性与舒适度。<PIC> 5. **脚轮与气杆结构**：含静音脚轮与气压棒，实现平稳升降与灵活移动。<PIC> , [""Manual02_0"", ""Manual02_1"", ""Manual02_2"", ""Manual02_3"", ""Manual02_4""]"
92,"""洗碗机的部件有哪些？""","洗碗机的主要部件包括：1. 台式（视型号而定）；2. 上层喷淋臂；3. 下层碗篮；4. 下层喷淋臂；5. 过滤器；6. 控制面板；7. 机门；8. 洗涤剂盒；9. 下层喷淋臂槽；10. 餐具篮；11. 专用盐箱盖；12. 上层篮导轨；13. 带支架的上层碗篮；14. 风扇烘干系统（视型号而定）<PIC>。此外，还包含软水系统、亮碟剂盒、进水管滤网等关键功能组件。 , [""dishwasher0_01""]"
93,"""首次使用时，如何将洗碗机连接到排水口？""","首次使用时，将排水管直接连接到排水孔或水槽排水口。连接点距地面高度应在50厘米至100厘米之间。<PIC> 排水管须平直连接，不得弯折；长度不得超过4米；并需牢固固定，防止工作时脱落。排水管必须接入污水系统，不可接入地表水系统。 , [""drain0_01""]"
94,"""使用前如何为洗碗机添加专用盐？""","使用前为洗碗机添加专用盐的步骤如下： 1. 先取出下层碗篮以便操作。 2. 逆时针旋转盐箱盖打开（A、B）。<PIC> 3. 首次使用前，需先向软水系统注入 1 升水（C）。<PIC> 4. 使用盐斗向盐箱加注洗碗机专用软化盐（D），建议使用颗粒或粉末状软化盐，切勿使用食盐等含不溶物的盐。<PIC> 5. 为加速溶解，可用勺子轻轻搅拌。 6. 盐箱约可装入 2 公斤软化盐，加满后盖上盖子并拧紧。 7. 若加盐后不立即启动洗涤程序，请空载运行最短程序，以溶解并冲散机器内可能散落的盐粒。 , [""drill0_04"", ""drill0_05"", ""drill0_06""]"
95,"""如何为洗碗机添加洗涤剂？""","为洗碗机添加洗涤剂的步骤如下： 1. 在即将运行洗涤程序前，向右推动卡扣打开洗涤剂盒盖（A）。<PIC> 2. 根据餐具装载量和脏污程度，将粉末或块状洗涤剂加入洗涤剂盒内，加至15cm³或25cm³刻度线（1）；若餐具残渣已干涸，可同时加满5cm³小格（5）。<PIC> 3. 洗涤剂盒装满容量为40cm³，请勿超量添加，以免影响溶解效果或在玻璃器皿上留下划痕。 4. 添加完毕后，轻轻按下关闭盒盖，听到“咔嗒”声表示已关紧。 ⚠️ 注意：请仅使用洗碗机专用洗涤剂；切勿加入溶剂，有爆炸危险；添加前确保洗涤剂盒干燥；避免过早加入，以防受潮结块。 , [""drill0_04"", ""drill0_05""]"
96,"""如何为洗碗机添加洗涤块？""","为洗碗机添加洗涤块，请按以下步骤操作： 1. 在即将启动洗涤程序前，向右推动卡扣打开洗涤剂盒盖（A）<PIC>； 2. 将洗涤块放入洗涤剂盒内（请勿超过40cm³容量）； 3. 轻轻按下关闭洗涤剂盒盖，听到咔嗒声表示已关紧 <PIC>。 ⚠️ 注意： - 洗涤块包装上会注明合适放置位置（通常为洗涤剂盒，少数型号可放碗篮中，请以包装说明为准）； - 带预洗的高温程序中使用块状洗涤剂时，务必确保盒盖紧闭； - 无预洗的短程序建议使用粉末洗涤剂，因块状洗涤剂溶解效果受温度和时间影响较大； - 若启用‘洗涤块功能’，需按下‘半载 / 洗涤块键（5）’直至洗涤块指示灯亮起。 , [""drill0_01"", ""drill0_02""]"
97,"""如何在洗碗机中添加和使用亮碟剂以获得更好的洗涤效果？""","在洗碗机中正确添加和使用亮碟剂，可显著提升烘干效果，防止餐具留下水渍或水垢。具体操作步骤如下： 1. 查看亮碟剂指示灯（10）：<PIC> 若指示灯熄灭，表示亮碟剂不足，需及时添加；若指示灯常亮，则盒内充足。 2. 按下卡扣打开亮碟剂盒盖（B）：<PIC> 3. 向盒内加注亮碟剂至 MAX 刻度线，注意勿溢出；如有溢出，请立即擦净，否则可能产生泡沫、降低洗涤效果。 4. 轻轻按下关闭盒盖，确保盖紧。 5. 手动调节亮碟剂剂量旋钮至 1–6 档位（默认为 4）：<PIC>：若洗涤后餐具有水渍，可适当调高剂量；若手擦后留有蓝色痕迹，则需调低剂量。 ⚠️ 注意：仅可使用洗碗机专用亮碟剂；切勿使用手洗洗涤剂或其他非专用产品。如已启用‘洗涤块功能’，则盐量和亮碟剂指示灯将自动关闭，此时亮碟剂由多效洗涤块提供，无需单独添加。 , [""dishwasher0_03"", ""dishwasher0_04"", ""dishwasher0_05""]"
98,"""哪些物品不适合在洗碗机中清洗？""",以下物品不适合在洗碗机中清洗： ・沾有烟灰、蜡烛残渣、抛光剂、染料、化学品等的餐具； ・铁制器具（易生锈，且可能污染其他物品）； ・带有木质或骨质手柄、黏合部件、不耐热部件的银质餐具、刀具； ・铜制和镀锡容器； ・带装饰图案的玻璃器皿和光泽瓷器（易褪色、失去光泽或导致装饰脱落）； ・铝制和银质器具（可能褪色或失去光泽）； ・某些精致玻璃和水晶（可能逐渐失去光泽）； ・特氟龙厨具（烘干后易残留水滴，属材质特性，非故障）； ・已生锈的厨具（锈迹会转移并导致其他不锈钢件生锈）； ・表面质量已变差（如划痕、腐蚀、涂层脱落）的厨具（污渍易渗入，影响清洁效果且不卫生）。 温馨提示：购买新餐具时，请务必确认其是否标注‘适用于洗碗机’。
99,"""如何根据洗碗机型号安装餐具篮？""","根据您提供的洗碗机型号，餐具篮的安装与调节主要涉及以下两个关键结构（视具体型号而定）： 1. **可折叠下层篮架丝**：机器下层碗篮配有2根可折叠架丝，用于灵活放置锅、碗等大件物品。您可单独或同时按下卡扣（A）将其向下折叠，以创造更大装载空间。<PIC> 2. **上层篮高度调节**： - **空载调节**：需先拨开导轨末端限位器（A），取出上层篮（B），调整滚轮位置后放回并关闭限位器（C）。<PIC> - **负载调节**：无需取出碗篮即可操作—— • 升高：抓住上层篮一侧架丝向上提起（A），另一侧同法操作； • 降低：按下碗篮调节机构上的卡扣（B）降低，另一侧同步操作，并确保两侧处于同一水平高度。<PIC> , [""洗碗机_042"", ""洗碗机_05"", ""洗碗机_06""]"
100,"""使用洗碗机前如何安装可折叠下层篮架？""","安装可折叠下层篮架的操作如下：机器下层碗篮配有两根可折叠架丝（视型号而定），用于灵活放置锅、碗等大件物品。您可单独或同时折叠每根架丝以创造更大空间。安装/展开时，无需额外组装；使用前只需确保架丝处于竖直展开状态。如需折叠，按下卡扣（A）即可放下架丝。<PIC> , [""drill0_04""]"
101,"""如何调节洗碗机满载时上下碗篮的高度？""","满载时调节上层碗篮高度的方法如下（视型号而定）： 升高碗篮： 1. 抓住上层篮一侧架丝（左或右）向上提起（A）； 2. 另一侧重复相同操作。 降低碗篮： 1. 按下碗篮调节机构上的卡扣降低碗篮（B）； 2. 另一侧重复相同操作； 3. 确保碗篮高度调节机构两侧处于同一水平（高或低）。 注意：该调节功能专为满载状态设计，无需取出碗篮即可操作。下层碗篮无满载高度调节功能，但配有可折叠架丝（2根），可通过按下卡扣（A）单独或同时折叠以腾出大件物品空间。<PIC> , [""wash0_04""]"
102,"""如何清洁洗碗机的进水管滤网？""","清洁洗碗机进水管滤网的步骤如下： 1. 关闭水龙头并拆下水管。 2. 取出滤网后在自来水下清洁。 3. 将清洁后的滤网装回水管原位。 4. 将水管装回水龙头。 <PIC> , [""Manual03_18""]"
103,"""如何清洁洗碗机的上层喷淋臂？""","清洁上层喷淋臂的步骤如下：1. 检查上层喷淋臂（2）上的孔是否堵塞；2. 若堵塞，向左旋转螺母拆下上层喷淋臂（C、D）；3. 拆下后用清水冲洗喷淋臂各出水孔，确保无食物残渣（如柠檬籽等）堵塞；4. 安装时请确保螺母拧紧。为保证机器高效运行，建议至少每周清洁一次上层喷淋臂。<PIC> , [""drill0_07""]"
104,"""如何拆除空气净化器滤网的塑料包装？""","拆除空气净化器滤网塑料包装的步骤如下： 1. 请务必先拔下设备电源插头，确保设备断电； 2. 双手握住设备上盖并向上拉起 <PIC>； 3. 握住背部滤网盖把手并向前拉出 <PIC>； 4. 拆除滤网上的塑料包装（注意：未拆除会导致异响、滤网无法正常工作，甚至引发火灾或设备损坏）； 5. 将滤网上下推入设备，确保贴合紧密； 6. 装回滤网盖，并滑动至顶部卡槽固定； 7. 双手握住设备上盖滑回原位，确保标识朝前； 8. 滤网安装完成后，长按控制面板上的睡眠 + 自动键 5 秒以上进行初始化，红色滤网指示灯将熄灭。 ⚠️ 注意：滤网塑料包装拆除后无法退货；请将塑料包装远离儿童，以防窒息。 , [""Manual03_0"", ""Manual03_1""]"
105,"""如何安装空气净化器的脚轮？""","空气净化器脚轮安装步骤如下： 1. 打开包装盒，找到附带的小盒，内含4个脚轮和8颗螺丝。 2. 使用螺丝刀拆下空气净化器底部的四个原装底座。<PIC> 3. 每个脚轮使用两颗螺丝固定在底部，替换原底座位置。<PIC> 4. 请妥善保留拆下的底座和螺丝，以备后续需要恢复原装状态时使用。 注意：若滤盒内未发现脚轮小盒，请及时联系客服。 , [""Manual03_1"", ""Manual03_2""]"
106,"""空气净化器通常有哪些模式？如何设置？这些模式有什么特点？""","根据产品说明，该空气净化器通常提供以下运行模式： 1. **常规运行模式**：按下启动键开机，默认恢复上次选择的运行模式；按控制面板上下键可在1档（F1）至18档（F18）间手动调节风速。<PIC> 2. **自动运行模式**：按下自动键切换启用；设备通过VOC传感器实时检测空气质量，自动调节风速以优化净化效果；智能运行期间无法手动调节风速。<PIC> 3. **涡轮风扇运行模式**：在常规运行模式下，同时长按控制面板上下键3秒即可启动，用于快速净化空气；再次按下控制面板下键（调至F18）可停止涡轮运行。<PIC> 4. **睡眠运行模式**：按下睡眠键启用；显示屏除月亮图标外全部熄灭，减少光干扰；默认风速为1档（F1），仍可手动调节；再次按睡眠键可退出该模式，恢复之前模式。<PIC> 注意：各模式切换均需在设备开机状态下操作；滤网安装完成并初始化后，模式功能方可正常启用。 , [""Manual03_1"", ""Manual03_2"", ""Manual03_3"", ""Manual03_4""]"
107,"""空气净化器的室内空气质量指示灯是什么？""","室内空气质量（IAQ）指示灯是环绕显示屏外缘的灯光，用于实时显示当前室内空气质量状态。设备通过内置传感器检测细颗粒物浓度，并以四种不同颜色直观反映空气洁净程度。具体颜色对应空气质量等级可参考说明书图示 <PIC><PIC><PIC><PIC>。 , [""Manual03_14"", ""Manual03_15"", ""Manual03_16"", ""Manual03_17""]"
108,"""如何清洁空气净化器的设备内外？""","清洁空气净化器设备内外的步骤如下： 1. 清洁前请务必拔下电源插头。 2. 用温水或温和清洁剂浸湿的布擦拭净化器外壳，再用软布擦干 <PIC>。 3. 打开背部滤网盖并取出滤网；用吸尘器和湿毛巾清洁滤网仓内部 <PIC>。 4. 每月清洁设备及预过滤网1-2次；灰尘较多地区建议增加清洁频率 <PIC>。 5. 灰尘传感器清洁：双手握住设备上盖向上拉起；握住背部滤网盖把手向前拉出；拆下设备右侧灰尘传感器盖；用蘸少量水的棉签擦拭灰尘传感器镜头和进风口，再用干净干棉签彻底擦干；装回灰尘传感器盖、滤网盖及上盖（标识朝前） <PIC><PIC><PIC>。 注意：切勿用水清洗滤网；禁止使用丙酮、酒精等强腐蚀性化学试剂擦拭传感器部件；请勿通电清洁。 , [""Manual03_18"", ""Manual03_19"", ""Manual03_20"", ""Manual03_21"", ""Manual03_22"", ""Manual03_23""]"
109,"""如何清洁空气净化器的滤网？""","清洁空气净化器滤网前，请务必拔下电源插头。根据参考知识：1. 打开背部滤网盖并取出滤网；2. 用吸尘器和湿毛巾清洁滤网仓内部；3. 禁止用水清洗滤网（<PIC>），若滤网过脏请直接更换；4. 可用吸尘器或软刷清洁预过滤网；5. 建议每月清洁1-2次，灰尘较多地区可适当增加频率。 , [""Manual03_18""]"
110,"""如何更换空气净化器的滤网？""","更换空气净化器滤网的步骤如下： 1. 请先关闭设备并拔下电源插头，确保安全操作。<PIC> 2. 握住背部滤网盖把手并向前拉出。<PIC> 3. 拆除滤网上的塑料包装（未拆除会导致异响、滤网无法工作，甚至引发火灾或设备损坏）。<PIC> 4. 将新滤网上下推入设备，确保滤网贴合紧密。<PIC> 5. 装回滤网盖：先将盖子插入设备底部固定卡槽，再向前滑动使其卡入顶部卡槽。<PIC> 6. 双手握住设备上盖并滑回原位，确保标识朝前。<PIC> 7. 滤网安装完成后，长按控制面板上的睡眠键 + 自动键 5 秒以上进行初始化，重置后红色滤网指示灯将熄灭。<PIC> ⚠️ 注意： - 请勿在设备运行或通电状态下更换滤网； - 建议每 6–12 个月更换一次滤网，具体周期视使用环境而定； - 切勿用水清洗滤网； - 仅可使用厂家推荐的原装滤网。 , [""Manual03_0"", ""Manual03_1"", ""Manual03_2"", ""Manual03_3"", ""Manual03_4"", ""Manual03_5"", ""Manual03_6""]"
111,"""如何清洁空气净化器的灰尘传感器？""","清洁灰尘传感器的步骤如下：1. 双手握住设备上盖并向上拉起。<PIC> 2. 握住背部滤网盖把手并向前拉出。<PIC> 3. 拆下设备右侧灰尘传感器盖。<PIC> 4. 用蘸少量水的棉签擦拭灰尘传感器镜头和进风口，再用干净干棉签彻底擦干。<PIC> 5. 装回灰尘传感器盖，装回滤网盖，将设备上盖标识朝前装回。<PIC> 注意：请勿使用丙酮、酒精等强腐蚀性化学试剂擦拭传感器部件，以免损坏镜头。 , [""Manual03_18"", ""Manual03_19"", ""Manual03_20"", ""Manual03_21"", ""Manual03_22""]"
112,"""空气净化器需要长期存放时该怎么做？""","空气净化器长期存放时，请按以下步骤操作：1. 在晴天运行设备1小时，然后拔下电源插头，晾干设备内部；2. 遮盖设备并存放在干燥、无阳光直射的地方。<PIC> , [""Manual03_18""]"
113,"""如何了解这款健身单车的技术规格？""","您好，关于这款健身单车的技术规格，您可查阅随附的《用户手册》第23页‘技术规格’章节（如参考文档2所示），但需注意该文档实际对应水泵产品，当前提供的健身单车相关文档中未明确列出完整技术参数表。建议您：1. 查看产品包装盒或机身铭牌，通常印有型号、最大承重（参考知识中注明为136千克）、额定电压/功率等基础规格；2. 翻阅手册首页及‘部件说明’‘控制功能’等章节（关联图片：<PIC><PIC>），其中包含结构尺寸、调节范围、安全限位等隐含技术信息；3. 如需详细参数（如飞轮重量、阻力级别数、电机功率、连接协议等），请提供具体型号，我们将为您精准调取对应技术文档。 , [""Manual14_15"", ""Manual14_20""]"
114,"""启动健身单车前，我需要做什么？""","启动健身单车前，请按以下步骤准备： 1. 【安全检查】每次使用前，请检查机器是否有松动、破裂、损坏或磨损的零件（如座椅、脚踏板、曲柄、螺栓等），如发现异常请勿使用 <PIC>； 2. 【水平稳固】调节后稳定器两侧的水平调节脚，确保单车放置在坚固、水平的地面上，运行时稳固不晃动 <PIC>； 3. 【身体准备】穿着橡胶底运动鞋及适合运动的衣物；运动前请咨询医生，尤其如有心肺疾病史； 4. 【姿势调节】 • 调节座椅高度：脚掌中心对准脚踏板中心，踩踏至最低点时膝盖微弯；调节前请先下车，松开旋钮、调至合适高度、确保锁销完全卡入并拧紧旋钮，切勿超过座管上的「STOP」限位标记 <PIC>； • 调节脚踏绑带：将脚掌中心置于脚踏板上，绑带固定于鞋面，脚尖与膝盖朝前，确保踩踏效率与安全 <PIC>； 5. 【开机准备】接通电源后，踩踏或按任意键可唤醒控制台进入待机模式；首次使用需完成初始设置（日期、时间、计量单位） <PIC>。 , [""Manual14_15"", ""Manual14_13"", ""Manual14_20"", ""Manual14_21"", ""Manual14_22""]"
115,"""我听说买的这款健身单车配有控制台和显示功能，能为我介绍一下吗？""","您好，这款健身单车的控制台集成了显示与操作功能，可为您提供全面的运动数据反馈和便捷的阻力调节体验。具体如下：<PIC> 控制台配有带触控按键的液晶显示屏，上部显示区用于显示当前激活设置（如‘开启’/‘关闭’），下部显示区可循环或手动切换查看多项运动数据。<PIC> 运动中，您可通过左（◀）/右（▶）按钮切换显示通道，例如：a) 时间/距离/卡路里（总计）；b) 速度/转速/心率（平均）；c) 时间/等级/卡路里（平均）。<PIC> 控制台支持自定义下部显示内容：按增加（♠）或减少（▼）按钮可隐藏/显示特定数据项，按左（◀）或右（▶）按钮切换激活项，设置完成后按确认键保存。<PIC> 常用按键包括：阻力增加（♠）/减小（▼）按钮、快速启动按钮、程序按钮、暂停/结束按钮、目标追踪按钮、风扇按钮（三速调节）及阻力等级快捷按钮；成就指示灯会在查看运动结果时点亮，直观反馈达成情况。<PIC> 此外，控制台可存储2个用户档案，自动记录并统计运动数据（如总时间、总卡路里、平均心率等），支持通过目标追踪按钮一键查看历史成就与7日趋势，还可计算BMI（需确保身高体重信息已准确编辑）。 , [""Manual14_16"", ""Manual14_17"", ""Manual14_22"", ""Manual14_25"", ""Manual14_26""]"
116,"""在健身单车上运动前，我需要调整什么来保证运动的舒适度？""","在健身单车上运动前，为保证运动舒适度，您需要进行以下调整： 1. **座椅调节**：将脚踏板转到前位，脚掌中心对准脚踏板中心，膝盖应保持微弯；如腿部过直或脚无法踩到脚踏板，需调低座椅；如膝盖弯曲过度，则需调高座椅。调节前请先下车，松开座管上的调节旋钮，调至合适高度后确保锁销完全卡入并拧紧旋钮。注意：勿将座管调节到高于管上的限位标记（STOP）<PIC>。 2. **脚踏绑带调节**：将脚掌中心放在脚踏板上，转动脚踏板至可触及位置，再将绑带固定在鞋面上，以提供稳固支撑 <PIC>。 3. **单车水平调节**：检查并旋转后稳定器两侧的水平调节脚旋钮，确保单车放置在坚固、水平的地面上，运行时稳固不晃动 <PIC>。 , [""Manual14_20"", ""Manual14_21"", ""Manual14_13""]"
117,"""使用健身单车的轻松骑行类别时，我能体验到哪些预设运动程序？""",在轻松骑行类别下，您可体验的预设运动程序为：起伏山丘。
118,"""使用健身单车的山地类别时，我能体验到哪些预设运动程序？""","在健身单车的‘山地’类别下，您可体验的预设运动程序为：派克峰 <PIC>。 , [""Manual14_24""]"
119,"""挑战健身单车的最高难度类别时，我能体验到哪些预设运动程序？""","在挑战健身单车的‘挑战’难度类别下，您可体验的预设运动程序为：上坡冲刺 <PIC>。该程序属于‘挑战’类别，会自动控制阻力和运动强度，模拟高强度上坡骑行训练。 , [""exercise_bikes_02""]"
120,"""如果我想编辑健身单车的用户档案，需要遵循哪些步骤？""","编辑健身单车用户档案需按以下步骤操作： 1. 在开机模式界面，按增加（♠）或减少（▼）按钮选择一个用户档案； 2. 按确认按钮选择该用户档案； 3. 控制台显示编辑提示和当前用户档案名称，按确认键开始编辑；如需退出，可按暂停/结束按钮返回开机模式； 4. 编辑姓名（最多10个字符）：当前激活段闪烁，使用增加/减少按钮浏览字母与空格，按左（◀）或右（▶）按钮切换输入段，按确认接受； 5. 依次编辑年龄、体重、身高、性别：使用增加/减少按钮调节数值，每项设置完成后按确认键； 6. 设置首选运动数据显示方式：控制台显示扫描提示，“关闭”为手动切换数据通道，“开启”为每6秒自动切换，默认为“关闭”，按确认键确认设置。<PIC> , [""Manual14_22""]"
121,"""我想在使用健身单车时设置心率目标，能否根据我的年龄为我推荐合适的目标心率？""","您好，健身单车支持心率控制（HRC）运动程序，可基于您的年龄等用户档案信息自动计算目标心率区间。根据参考知识，控制台会使用您档案中设置的年龄，结合最大心率估算（通常为220减去年龄），并按不同训练目标划分区间：50–60%、60–70%、70–80%、80–90%最大心率。其中，燃脂最有效的心率区间通常为最大心率的50–70%，建议保持该区间20分钟以上；80–90%属高强度区间，运动前请务必咨询医生。<PIC> 此外，体能测试程序会依据您档案中的年龄和体重，自动计算“测试区间”（最大心率的75%），用于评估体能水平。请注意：显示屏心率为近似值，仅供参考；实际使用时需双手稳固接触把手上的接触式心率（CHR）传感器以确保信号准确。<PIC> , [""Manual14_25"", ""Manual14_19""]"
122,"""我听说这款健身单车有体能测试程序，这是什么功能？""","体能测试程序是一种用于评估您体能水平提升的专属功能。它通过对比功率输出（瓦特）与心率数据来反映您的心肺耐力变化：当体能提升后，在相同心率下您能输出更高的功率。<PIC> 测试开始前，需先选择体能水平——初级（BEG）或高级（ADV），控制台将基于您用户档案中的年龄和体重自动计算体能得分。测试过程中，运动强度会逐步提升，直至心率达到“测试区间”（即您最大心率的75%），随后保持该强度3分钟以进入稳定状态；结束后，系统结合实时心率、功率、年龄及体重，生成本次体能得分。<PIC> 需注意：该功能要求控制台能正常读取接触式心率（CHR）传感器或心率监测仪（HRM）信号，且得分仅用于与您自身历史记录对比，不与其他用户横向比较。 , [""Manual14_25"", ""Manual14_25""]"
123,"""如果要给电钻充电，需要遵循哪些步骤？""","给电钻充电需遵循以下步骤： 1. 插入电池组前，先将充电器插入合适的插座； 2. 如图1所示，将电池组（K）插入充电器，确保电池组完全就位。此时红色（充电）指示灯持续闪烁，表示充电过程已开始 <PIC>； 3. 红色指示灯常亮表示充电完成，电池组已充满电，此时可使用或留在充电器中 <PIC>。 注意事项： • 请在环境温度65°F–75°F（18°C–24°C）下充电，避免在低于40°F（4.5°C）或高于105°F（40.5°C）环境中充电，以防电池严重损坏； • 充电时充电器和电池组发热属正常现象，但请勿将其置于高温环境（如金属棚屋、无隔热拖车）中； • 切勿强行插入电池组，仅使用原厂指定兼容的充电器； • 充电前请确认充电器通风槽未被遮挡，且表面干燥清洁； • 若红色指示灯异常（如不亮、快闪或熄灭后无反应），请检查插座供电、是否连接灯控开关，并将充电器移至适宜温度环境重试 <PIC>。 , [""Manual11_2"", ""drill0_04"", ""drill0_05""]"
124,"""我的DCB101型号电钻指示灯闪烁时，这些闪烁标识代表什么含义？""","DCB101型号电钻配套充电器的指示灯闪烁含义如下： • 红色指示灯**快速闪烁**：表示检测到异常，可能为电池组/充电器故障，或电源故障（如连接发电机等便携式电源时电压超限）。请重新插入电池组；若仍快速闪烁，建议更换另一块电池组测试——若新电池正常，则原电池故障；若均异常，请送修充电器。 • 红色指示灯**长闪后短闪**：表示进入**过热/过冷延迟模式**，即电池温度超出安全范围（过热或过冷），充电自动暂停，待温度恢复后将自动重启充电。 • 红色指示灯**持续闪烁**：表示电池组正在**充电中** <PIC>。 • 红色指示灯**常亮**：表示电池组**已充满电** <PIC>。 • 指示灯**不亮**：可能为电池组故障、充电器故障，或电池组未正确安装 <PIC>。 , [""drill0_04"", ""drill0_05"", ""drill0_06""]"
126,"""使用电钻时，如何安装单套无键夹头？""","安装单套无键夹头（F）请严格按以下步骤操作：<PIC> 1. 关闭工具并断开工具电源（如取下电池组）。 2. 一只手握住夹头黑色套筒，另一只手固定工具主体，逆时针旋转套筒至开口足够大，以便装入钻头或其他附件。 3. 将附件插入夹头约3/4英寸（19毫米），然后一只手顺时针旋转夹头套筒紧固，另一只手稳固握住工具。您的工具配有自动主轴锁定机构，支持单手操作，但为确保最大紧固度，务必双手配合：一手握套筒、一手握工具。 警告：切勿通过启动工具并握住夹头前部来拧紧附件——此举可能损坏夹头并导致人身伤害；更换附件前，必须锁定扳机开关并断开电源。 , [""drill0_03""]"
127,"""如果要安装和拆卸电钻的电池组，需要遵循什么步骤？""","安装和拆卸电钻电池组需严格遵循以下步骤： 1. 安装前，请确保工具已关闭，且电池组未处于过热或过冷状态； 2. 将电池组（K）对准工具手柄内导轨，沿导轨平稳滑入，直至电池组牢固就位、无松动 <PIC>； 3. 拆卸时，先关闭工具并取下电池组（警告：调整或拆卸附件前必须取下电池组，以防意外启动）； 4. 按下释放按钮（J），将电池组从工具手柄中平稳拔出 <PIC>。 注：操作全程请勿强行按压或敲击电池组，避免损坏端子或外壳。 , [""drill0_14"", ""drill0_14""]"
128,"""使用电钻的腰带挂钩和批头夹时，需要特别注意什么？""","使用电钻的腰带挂钩和批头夹时，需特别注意以下事项： 1. 安全前提：调整、安装或拆卸腰带挂钩或批头夹前，务必关闭工具并取下电池组，防止意外启动造成人身伤害 <PIC>； 2. 安装规范：仅使用随附的安装螺钉（H），确保螺钉紧固到位；切勿使用其他螺钉或改装部件 <PIC>； 3. 使用限制：腰带挂钩仅用于将工具悬挂在工作腰带上，严禁悬挂其他物体或用于高处悬挂，否则可能导致严重人身伤害 <PIC>； 4. 位置适配：腰带挂钩（G）与批头夹（I）可安装在工具任意一侧，适配左手或右手用户；移动位置时，须先取下固定螺钉（H），重新安装后务必拧紧 <PIC>； 5. 维护检查：定期确认固定腰带挂钩的螺钉是否松动，如有松动应立即拧紧，确保使用安全 <PIC>。 , [""Manual11_7"", ""drill0_02"", ""drill0_14"", ""Manual11_8"", ""drill0_18""]"
129,"""购买电钻后，应配备哪些附件？""",根据产品安全与使用规范，您的电钻仅应配备制造商推荐并经过测试的附件，以降低人身伤害风险。参考知识明确指出：'由于制造商提供的附件以外的其他附件未通过本产品测试，使用此类附件可能存在危险。为降低受伤风险，本工具仅应使用制造商推荐的附件。' 具体推荐附件包括： 1. 锋利的钻头（如用于砖石等砌体的额定冲击硬质合金钻头）； 2. 紧固件类附件（如批头），可像钻头一样装入单套无键夹头使用； 3. 腰带挂钩（G）与批头夹（I）——二者为另售配件，需使用随附螺钉（H）安装； 4. 电池组（K）及配套充电器（须为制造商指定型号）。 请勿使用未经认证的第三方附件，以免影响工具性能或引发安全事故。
130,"""电钻的三年有限保修包含哪些内容？""",电钻的三年有限保修具体内容如下： • 保修范围：覆盖产品因材料与工艺缺陷导致的故障； • 保修期限：自购买之日起3年； • 服务方式：由授权服务中心免费维修或更换故障零部件； • 特别说明：保修不涵盖因擅自改装、异常负荷、疏忽使用、未按规定保养、意外事故、正常磨损等导致的损坏； • 电池组特别条款：部分指定型号电池组（如DC9071、DC9091、DC9096、DC9280、DC9360、DC9180、DCB120、DCB127、DCB201、DCB203、DCB207）享有2年免费服务，其他电池组享3年免费服务；若电池组被擅自改装，整机保修即告失效； • 维修要求：必须由专业授权服务中心或合格维修人员执行，且须使用原厂相同替换零件，以确保安全与保修有效性。
131,"""购买健身追踪器后，包装盒里应该有什么？""","您的健身追踪器包装盒内应包含： 1. 配有小号表带的手表（颜色和材质仅供参考）<PIC> 2. 额外一条大号底部表带<PIC> , [""fitness_trackers_01"", ""fitness_trackers_02""]"
132,"""我刚发现健身追踪器电量低，该如何正确为其充电？""","当健身追踪器电量低时，请按以下步骤为其正确充电： 1. 将充电线插入电脑的USB端口、UL认证的USB墙充充电器或其他低功耗充电设备； 2. 将充电线另一端靠近手表背面的充电接口，直至磁吸吸附，并确保金属触点与手表接口对齐。 <PIC> 为健身追踪器充电12分钟即可续航24小时；完全充满电大约需要1–2小时。充电时，轻点屏幕两次或按下按钮即可点亮屏幕查看状态。 <PIC> , [""Manual16_22"", ""Manual16_23""]"
133,"""为了让健身追踪器性能更佳，日常佩戴和运动时该将其佩戴在什么位置？""","为了让健身追踪器性能更佳： · **日常佩戴位置**：不运动时，应佩戴在腕骨上方一指宽的位置； · **运动时佩戴位置**：为优化心率监测，需将手表戴在手腕正面，确保设备背面与皮肤紧密接触；可将表带向上移动以增强贴合度，但避免过紧，佩戴时应留有空隙，可在手腕上轻微移动 <PIC> ； · **佩戴手腕选择**：为提高数据准确性，需在健身追踪器应用中指定佩戴于惯用手或非惯用手（默认为非惯用手），若戴在惯用手上，请进入应用设置调整：今日页面 → 左上角图标 → 健身追踪器卡片 → 手腕 → 惯用手。 , [""Manual16_9""]"
134,"""我的健身追踪器表带太紧了，该如何扣紧表带？""","您好，关于表带扣紧方法，请按以下步骤操作： 1. 将健身追踪器戴在手腕上； 2. 将底部表带穿入顶部表带的第一个环扣； <PIC> 3. 收紧表带至舒适贴合（注意：佩戴时应留有空隙，可在手腕上轻微移动，不可过紧），再将表扣钉按入表带上的其中一个孔； <PIC> 4. 将表带的松散端穿入第二个环扣，使其平整贴在手腕上。 如使用小号表带的最后两个孔仍感不适，建议更换为包装盒内附赠的大号表带，以获得更稳固、舒适的佩戴效果。 , [""Manual16_9"", ""Manual16_10""]"
135,"""我想取下健身追踪器，该如何正确拆卸表带？""","拆卸健身追踪器表带的正确步骤如下： 1. 将健身追踪器翻面，找到表带卡扣； 2. 松开卡扣，将扁平按钮向表带方向滑动； 3. 轻轻将表带从手表上拔下松开； 4. 另一侧重复上述操作。<PIC><PIC><PIC> , [""Manual16_9"", ""Manual16_10"", ""Manual16_11""]"
136,"""我听说可以操作健身追踪器的界面，具体该遵循哪些步骤？""","操作健身追踪器界面主要通过以下方式： 1. 轻点彩色AMOLED触摸屏进行选择或确认； 2. 左右滑动切换不同卡片（如从时钟界面滑动至今日活动卡片）； 3. 上下滑动浏览内容或设置列表； 4. 按下机身上的物理按钮（用于暂停/继续运动、返回等操作）。 例如： - 查看今日活动数据：从时钟界面左右滑动找到今日活动卡片，点击可进入详细页面 <PIC>； - 调整设置：在主界面向上滑动查看完整设置列表，点击对应项（如勿扰模式、快捷方式等）进行配置 <PIC>； - 追踪运动：打开运动应用，滑动选择运动类型，点击播放图标开始 <PIC>。 注意：屏幕默认会自动熄灭以省电，您可在设置中开启“常亮显示”（详见第23页）。 , [""Manual16_33"", ""Manual16_14"", ""Manual16_15""]"
137,"""健身追踪器能对手机的通知实现哪些功能？""","健身追踪器对手机通知支持以下功能： 1. 显示通知类型：可显示手机的来电、短信、日历事件及已安装应用（如WhatsApp等）的通知； 2. 交互操作：与iPhone或安卓手机配对后，可直接在手表上接听（点击绿色电话图标）或拒接（点击红色电话图标）来电； 3. 消息回复（仅限安卓）：支持通过语音转文字或预设快捷回复方式，直接在手表上回复短信及部分应用通知； 4. 通知查看与管理：收到通知时手表会震动；未及时查看时，可在时钟界面向上滑动或双击按钮→点击通知图标查看；最多存储30条通知，支持单条清除或一键“全部清除”； 5. 通知设置：可在健身追踪器应用中开启/关闭特定应用通知；来电、短信和日历通知默认自动开启； 6. 兼容性说明：iPhone用户可同步日历应用中的全部日历通知；安卓用户仅显示设置时选定的日历应用通知； 7. 通知前提条件：需保持手表与手机距离在30英尺（约9米）内，且手机蓝牙开启、通知权限已授予、健身追踪器应用在后台运行。<PIC><PIC> , [""Manual16_30"", ""Manual16_29""]"
138,"""能告诉我健身追踪器是如何追踪皮肤温度变化的吗？""","健身追踪器通过内置传感器每晚自动记录您的皮肤温度，并与您经过3晚佩戴后建立的个人基准值进行对比，从而显示夜间皮肤温度变化趋势。您可在手机上的健身追踪器应用“今日”页面点击温度卡片查看，图表中会呈现昨晚温度与基准的差异（例如：昨晚比基准低-0.2°F），以及您手动记录的核心温度读数。<PIC><PIC> , [""Manual16_35"", ""Manual16_36""]"
139,"""通过运动应用，健身追踪器是如何追踪并分析我的运动情况的？""","健身追踪器通过运动应用追踪并分析您的运动情况，主要分为自动追踪和手动追踪两种方式： 1. **自动追踪运动**：可自动识别并记录持续至少15分钟的高强度活动（如步行、跑步、骑行）。您可在手机健身追踪器应用中查看活动基本数据；开启对应检测后（如在运动应用中点击步行/跑步/骑行选项 → 向上滑动开启检测），手表识别到该运动时会自动启动运动应用。即使关闭自动检测，基本数据仍会记录在应用中。 2. **手动追踪运动**： - 在健身追踪器上打开运动应用，滑动选择运动类型（最近使用项显示在顶部）； - 如运动支持GPS，可等待“GPS已连接”提示（<PIC>）后再开始，或直接开始运动，GPS将在信号可用时自动连接； - 点击播放图标开始，期间可滑动查看实时数据（如心率、卡路里、耗时等）； - 运动结束后向上滑动点击“结束”，显示手腕上的运动摘要； - 在手机健身追踪器应用中点击运动卡片，可查看完整数据，包括GPS运动强度地图（如已启用GPS）及心率区间分析（<PIC>）。 此外，运动数据会结合心率储备算法，个性化计算心率区间，并在进入目标区间时提醒您，助力达成训练效果。 , [""Manual16_33"", ""Manual16_34""]"
140,"""健身追踪器是如何测量我的心率的？""","健身追踪器通过背面的光学心率传感器（PPG技术）持续监测你的心率。传感器向皮肤发射绿光，利用血液流动对光的吸收变化来检测脉搏信号。为确保测量准确，请将设备佩戴在腕骨上方一指宽处，运动时可稍向上调整表带以增强贴合，并确保设备背面与皮肤紧密接触 <PIC>。如出现心率信号丢失（显示虚线），可尝试微调手表位置、收紧表带或保持手臂静止片刻重新获取信号 <PIC>。 , [""Manual16_48"", ""Manual16_49""]"
141,"""我该如何仅使用健身追踪器完成消费支付？""","您可按以下步骤仅使用健身追踪器完成消费支付： 1. 确保已在健身追踪器应用中成功添加并设置了至少一张支持非接触式支付的信用卡或借记卡（需为合作银行发行），且已设置4位手表PIN码； 2. 在支持非接触式支付的商店，查看支付终端是否带有相应标识 <PIC>； 3. 双击手表按钮快速打开钱包或支付应用（或通过主界面进入支付卡片）； 4. 如提示，输入4位手表PIN码；默认卡将自动显示； 5. 若使用默认卡，直接将佩戴在手腕上的健身追踪器靠近支付终端即可；若需切换其他卡，请先在屏幕上左右滑动选择对应卡片，再靠近终端； 6. 支付成功时，手表会震动并显示确认信息。 注意：澳大利亚用户单笔超100澳元需按终端提示输入银行卡PIN码（非手表PIN码）；所有地区均须确保设备佩戴于手腕上，且NFC功能已启用。 , [""Manual16_33""]"
142,"""使用健身追踪器时，我可能会遇到哪些问题以及该如何解决？""","使用健身追踪器时，您可能遇到的常见问题及解决方法如下： 1. **心率信号丢失**：手表显示虚线，表示未检测到心率。请确保佩戴贴合皮肤，可轻微上下移动手表或调整表带松紧；保持手臂静止伸直片刻，通常可恢复检测。<PIC> 2. **GPS信号丢失**：高楼、密林、厚云层等环境易干扰GPS。开始运动前请耐心等待GPS图标由旋转变为静止（表示已连接）；若运动中GPS图标变红，手表会自动重连。<PIC><PIC> 3. **屏幕无法点亮/操作无响应**：检查是否因省电进入熄屏状态——轻点屏幕或按下按钮即可唤醒；如仍无响应，建议充电（充电12分钟可续航24小时）<PIC>，并确认设备未处于故障状态。 4. **自动运动识别未触发**：仅支持持续15分钟以上的高强度活动；步行/跑步/骑行检测需在运动应用中手动开启相应选项<PIC>。 5. **睡眠数据不准确或未记录**：请确保整晚佩戴且佩戴位置稳定；同步手表后，在时钟界面左右滑动查看睡眠卡片，或在手机App中查看完整分析。 6. **非接触式支付失败**：请确认终端支持非接触支付（查看终端标志），并将手腕贴近读取器；澳大利亚用户超100澳元需输入银行卡PIN码（非手表PIN码）；务必佩戴在手腕上才能启用支付功能。 如以上方法未能解决问题，可参考《故障排除》章节或联系客服获取进一步支持。 , [""Manual16_48"", ""Manual16_49"", ""Manual16_50"", ""Manual16_33"", ""Manual16_34""]"
144,"""我想给健身追踪器设置锁屏，该如何实现？""","您可以通过健身追踪器应用设置设备锁（即锁屏保护），具体步骤如下：在健身追踪器应用的今日页面，点击左上角图标 > 健身追踪器卡片 > 设备锁，开启后需设置4位PIN码。注意：若您已设置非接触式支付，设备锁将自动开启且必须设置PIN码；如未使用非接触式支付，设备锁为可选设置。<PIC> , [""Manual16_22""]"
145,"""使用冰箱冰柜时需要注意什么？只需告诉我手册中的前五条。""","根据手册内容，使用冰箱冰柜时需注意的前五条如下： 1. 若电源线或电源插头损坏、插座插孔松动，请勿使用。<PIC> 2. 请勿将手伸入冰箱冰柜底部。底部铁板可能造成受伤。<PIC> 3. 搬运冰箱冰柜时，请握住前底部及后顶部把手。否则可能手滑导致受伤或产品损坏。<PIC> 4. 开关冰箱冰柜门可能伤及周围人员，请注意。同时打开两扇门可能导致手指或手部被门缝挤压。<PIC> 5. 请勿将任何活物放入冰箱冰柜。<PIC> , [""Manual17_33"", ""Manual17_34"", ""Manual17_35"", ""Manual17_36"", ""Manual17_37""]"
146,"""给冰箱连接电源时，需要做到哪些注意事项？只需告诉我手册中的前五条。""","根据手册，连接电源时需注意的前五条如下： 1. 应使用专用插座。一个插座同时使用多个设备可能引发火灾。<PIC> 2. 若本机连接漏电保护器，保护器可能跳闸，导致食物变质。<PIC> 3. 请勿让电源插头朝上或被挤压在冰箱冰柜背面。若电源线被挤压在冰箱后方，可能损坏线缆引发火灾；插头朝上可能因线缆自重松脱，导致电气故障、火灾或冰箱停机。<PIC> 4. 安装过程中拔下插头后推入冰箱时，防止电源线被挤压或弯折。线缆被挤压或弯折可能引发火灾或触电。<PIC> 5. 请勿让重物挤压或弯折电源线。可能损坏电源线，引发火灾或触电。<PIC> , [""Manual17_0"", ""Manual17_1"", ""Manual17_2"", ""Manual17_3"", ""Manual17_4""]"
153,"""考虑到燃油高度易燃且有毒，使用发电机时我需要注意什么？""","使用发电机时，鉴于燃油高度易燃且有毒，您需特别注意以下安全事项： 1. 加油前务必关闭发动机； 2. 加油时严禁吸烟或靠近明火； 3. 切勿将燃油洒在发动机或消音器上 <PIC>； 4. 如不慎吞入燃油、吸入燃油蒸汽或燃油入眼，请立即就医； 5. 如燃油溅到皮肤或衣物上，请立即用肥皂水清洗并更换衣物； 6. 操作或运输发电机时，请务必保持机身直立，防止燃油从化油器或油箱泄漏 <PIC>； 7. 运输时请拧紧油箱盖通气旋钮 <PIC>； 8. 加油切勿超过燃油滤清器顶部（或燃油滤网上沿），避免受热膨胀溢出，一旦溢出须立即擦拭干净； 9. 加油后务必拧紧油箱盖。 , [""generator_20"", ""generator_21"", ""generator_03""]"
154,"""发电机工作后，发动机和消音器可能会发烫，这种情况下我该如何保证自身安全？""","发电机工作后，发动机及消音器温度极高，请务必注意以下安全措施：<PIC> 1. 运行时请将发电机放置在行人或儿童不易触碰的地方；<PIC> 2. 切勿用身体或衣物触碰仍发烫的发动机或消音器，检修前须等待其完全冷却；<PIC> 3. 运行中请勿在排气口附近放置任何易燃物品，并与建筑物或其他设备保持至少1米（3英尺）距离；<PIC> 4. 严禁在防尘罩覆盖下运行发电机；<PIC> 5. 务必仅通过提手搬运，且始终保持机身直立。 , [""generator_04"", ""Manual18_8"", ""Manual18_9"", ""Manual18_10"", ""Manual18_11""]"
155,"""日常使用中，如何防止发电机触电事故的发生？""","日常使用中，为防止发电机触电事故，请严格遵守以下安全要求： 1. 切勿在雨雪中运行发电机； 2. 切勿湿手触碰发电机，否则会触电； 3. 务必对发电机进行接地，且须使用足够载流量的接地导线 <PIC>； 4. 发电机接入建筑物电气系统前，必须由持证电工安装隔离（转换）开关，防止反送电导致维修人员触电 <PIC>。 , [""Manual18_12"", ""Manual18_13""]"
156,"""需要通过发电机的燃油开关旋钮供油时，我该遵循哪些步骤？""","通过燃油开关旋钮供油时，请按以下步骤操作： 1. 确保油箱有油，并将油箱盖通气旋钮逆时针旋转1圈，打开油箱通气口 <PIC>； 2. 将燃油开关旋钮置于“开启”位置 <PIC>； 3. 若燃油开关旋钮无法转动，可取下盖板①，使用内部可见的燃油开关拨杆手动供油 <PIC>。 注意：操作前请确认发动机已关闭，且远离明火与吸烟环境。 , [""generator_10"", ""Manual18_19"", ""Manual18_20""]"
157,"""使用发电机时，燃油的使用前检查十分重要，该如何操作？""","使用发电机前，燃油相关检查操作如下：1. 确认油箱内燃油充足 <PIC>；2. 仅使用推荐燃油：无铅汽油，泵法辛烷值（(R+M)/2）86及以上或研究法辛烷值91及以上 <PIC>；3. 加油前务必关闭发动机 <PIC>；4. 加油时严禁吸烟或靠近明火，避免燃油洒在发动机或消音器上 <PIC>；5. 加油后请拧紧油箱盖通气旋钮 <PIC>。 , [""generator_12"", ""generator_13"", ""generator_20"", ""generator_21"", ""generator_03""]"
158,"""启动发电机发动机的前两个步骤是什么？""","启动发电机发动机的前两个步骤是： 1. 按住油箱盖防止转动，将通气旋钮逆时针旋转1圈，打开油箱通气口。<PIC> 2. 将燃油开关旋钮置于“开启”位置。<PIC> , [""Manual18_24"", ""Manual18_24""]"
159,"""我需要给发电机连接交流电，该过程中如何保证自身安全？""","为确保连接发电机交流电过程中的自身安全，请严格遵守以下安全要点： 1. 切勿在雨雪中运行发电机； 2. 切勿湿手触碰发电机，以防触电； 3. 务必对发电机进行可靠接地，并使用足够载流量的接地导线 <PIC>； 4. 连接前确认所有电气设备（含线路、插头）状态良好，且已关闭； 5. 插入交流插座前，确保总负载在发电机额定输出范围内，插座负载电流不超其额定值； 6. 启动发动机后，插入交流插座，确认交流指示灯亮起 ； 7. 将经济控制开关置于“Ⅰ”（开启）位置，再打开用电设备电源。 如需进一步操作指导，请参阅手册第5页“安全信息”及接地相关说明。 , [""Manual18_12""]"
160,"""我注意到发电机上有两种不同的开关，请为我介绍一下。""","您好，发电机上提到的两种开关，根据参考知识可确认如下： 1. **经济控制开关**：位于操作面板上，标识为“Ⅰ”（开启）和“Ⅱ”（关闭）位置。使用时需将其置于“Ⅰ”位置以启用经济运行模式，再打开电气设备电源；充电时则务必关闭该开关。<PIC> 2. **发动机开关（点火开关）**：用于控制点火系统，标识为“ON”（接通点火电路，可启动发动机）和“OFF”（切断点火电路，使发动机停机）。<PIC> , [""generator_08"", ""Manual31_7""]"
161,"""我该在哪里查找并记录发电机的标识信息？""","发电机的标识信息（包括产品识别码、序列号及机型标识）标注在机器本体的指定位置，具体请参考用户手册中图示位置 <PIC>。建议您在使用前查阅手册第一页的“识别码记录”说明，并将这些编号（前三位为机型标识，其余为生产编号）及时记录并妥善保管，以便后续订购配件或保修服务时使用。 , [""Manual18_1""]"
162,"""使用发电机的直流保护器时，我需要注意什么？""","使用发电机的直流保护器时，请注意以下几点： 1. 当负载超过发电机额定输出时，直流保护器将自动断开（<PIC>）； 2. 若直流保护器断开，请立即将负载降至发电机额定输出范围内； 3. 若复位后再次断开，请咨询发电机经销商； 4. 复位操作为按下直流保护器即可（<PIC>），其标识为“复位” — “断开”。 , [""generator_08"", ""generator_09""]"
163,"""使用发电机前，对发动机机油进行使用前检查十分重要，正确的步骤是什么？""","使用发电机前，对发动机机油进行使用前检查的正确步骤是：确认发动机机油液位是否处于机油加注口上限位置，必要时添加机油。注意：发电机出厂时未加注发动机机油，必须加注后方可启动；推荐使用API标准SE级或SF级发动机机油。<PIC><PIC><PIC> , [""generator_17"", ""generator_18"", ""generator_19""]"
164,"""根据手册说明，启动发电机发动机的最后三个步骤是什么？""","根据手册说明，启动发电机发动机的最后三个步骤是： 5. 缓慢拉动反冲启动器至啮合位置，然后快速拉动。<PIC> 6. 发动机启动后，进行暖机，直至阻风门旋钮推回原位发动机也不会熄火。 7. 将阻风门旋钮推回原位。<PIC> , [""Manual18_24"", ""Manual18_24""]"
165,"""发电机的电池电量不足了，该如何正确充电？""","发电机电池电量不足时，请按以下步骤正确充电： 1. 充电前务必关闭经济控制开关； 2. 确保电池接线正确：红线夹接电池正极(+)，黑线夹接电池负极(-)，切勿接反 <PIC>； 3. 确保通气软管连接正确、无损坏或堵塞； 4. 将充电线在提手上缠绕2至3圈，插入直流插座 <PIC>； 5. 充电过程中严禁吸烟，严禁在电池处连接或断开线路（火花可能点燃易爆气体）； 6. 电池电解液有毒且具腐蚀性，请佩戴护目镜，避免接触皮肤、眼睛或衣物； 7. 电池充满电时，电解液比重应在1.26至1.28之间，建议每小时检查一次比重； 8. 请在通风良好处充电，远离火花、明火及热源。 , [""Manual18_38"", ""Manual18_39""]"
166,"""我需要让发电机的发动机停机，告诉我该如何操作。""","请按以下步骤操作使发电机发动机停机： 1. 关闭所有外接电气设备； 2. 将经济控制开关置于○（关闭）位置 <PIC>； 3. 将发动机开关置于“5”（停止）位置 <PIC>； 4. 将燃油开关旋钮置于“关闭”位置 <PIC>； 5. 顺时针拧紧油箱盖通气旋钮至手指拧紧状态 <PIC>。 , [""Manual18_42"", ""Manual18_43"", ""Manual31_7"", ""Manual18_42""]"
167,"""根据手册的建议，使用发电机时该如何检查火花塞？""","根据手册建议，使用发电机时检查火花塞的步骤如下： 1. 取下盖板①。 2. 检查是否变色并清除积碳。<PIC> 3. 检查火花塞型号及间隙。<PIC> ⊛ 间隙<PIC> 4. 安装火花塞。 5. 安装盖板。 , [""Manual31_21"", ""pump_28"", ""pump_29""]"
168,"""为了正确更换发电机的发动机机油，我需要遵循的前六个步骤是什么？""","根据参考知识，发电机发动机机油更换的前六个步骤如下： 1. 将发电机放置在水平面上，预热发动机数分钟后停机，并将燃油开关旋钮置于“关闭”位置，顺时针拧紧油箱盖通气旋钮。 2. 取下盖板①。<PIC> 3. 从发电机底部拆下放油接头①，打开机油加注口盖。<PIC> 4. 将放油接头①安装到机油加注口。<PIC> 5. 在发动机下方放置接油盘，倾斜发电机将机油完全排空。<PIC> 6. 添加发动机机油至上限位置。<PIC> , [""generator_17"", ""generator_18"", ""generator_19"", ""pump_22"", ""pump_23""]"
169,"""我在操作发电机空气滤清器时出现了失误，请告诉我正确的步骤。""",您好，发电机空气滤清器的正确操作步骤如下： 1. 取下盖板①。 2. 松开固定空气滤清器盖⊛的卡箍○。 3. 取下空气滤清器盖及滤芯④。 4. 用溶剂清洗滤芯并晾干。 5. 给滤芯上油并挤出多余机油，滤芯应湿润但不滴油。 推荐机油：泡沫空气滤清器专用油或SAE 20号发动机油 注意：请勿拧绞滤芯，以免撕裂。 6. 将滤芯装入空气滤清器。 注：确保滤芯密封面与空气滤清器贴合，无漏气。 # 注意：发动机严禁无滤芯运行，否则会导致活塞及气缸过度磨损。 # 警告：使用溶剂时严禁吸烟或靠近明火。 7. 将空气滤清器盖装回原位并安装卡箍。 8. 安装盖板。
170,"""如果发电机的发动机无法启动，我该怎么办？""","如果发电机的发动机无法启动，请按以下步骤逐一排查： 1. 检查发动机机油——发电机出厂时未加注机油，必须加注至机油加注口上限位置，否则无法启动 <PIC>；若机油警告灯闪烁数秒，也表明机油不足，需添加后重新启动 <PIC>。 2. 确认燃油系统正常： • 油箱是否有油？如无，请添加燃油； • 油箱盖通气旋钮是否逆时针旋转1圈打开通气口 <PIC>； • 燃油开关旋钮是否置于“开启”位置 <PIC>； • 燃油管路或化油器是否堵塞？如有，需清洁。 3. 检查发动机开关是否置于“7”（开启）位置 <PIC>； 4. 冷机启动时，请将阻风门旋钮完全拉出 <PIC>；热机启动则推回原位； 5. 启动前请勿连接任何电气设备，并确保经济控制开关置于○（关闭）位置 <PIC>。 如以上均正常仍无法启动，可能存在火花塞积碳、点火系统故障或压缩压力不足等问题，建议联系授权经销商进一步检测。 , [""generator_17"", ""generator_18"", ""generator_19"", ""generator_05"", ""Manual18_23"", ""Manual18_23"", ""Manual18_23""]"
171,"""我需要将发电机的燃油排空，该如何正确操作？""","排空发电机燃油的正确操作如下： 1. 打开油箱盖，使用市售手动虹吸管将油箱内燃油排入合格汽油容器，然后装回油箱盖。<PIC> 2. 将燃油开关旋钮置于“关闭”位置，启动发动机直至自行停机，以燃烧完化油器内剩余燃油。<PIC> 3. 取下盖板，松开化油器浮子室放油螺丝，排空化油器内燃油。<PIC> ⚠️ 注意：燃油高度易燃且有毒，请在通风良好处操作，远离明火与吸烟区域；如燃油溅到皮肤或衣物，请立即用肥皂水清洗并更换衣物；操作时请保持发电机直立，防止泄漏。<PIC> , [""generator_20"", ""generator_21"", ""generator_03"", ""generator_20""]"
172,"""使用该发电机为对电压敏感的精密设备供电前，我需要做什么？""",使用该发电机为对电压敏感的精密设备供电前，请务必咨询精密设备供应商，确认其对电源电压稳定性、波形畸变率及瞬态响应等要求是否与本便携式发电机匹配。部分精密设备（如医疗设备、个人电脑、检测峰值电压和有效值电压的逆变器）可能需要比便携式发电机更稳定的电压供应。同时，请确保总负载在发电机额定输出范围内，并完成使用前检查。
173,"""在划船或钓鱼的场景中，拖曳速度、半滑航速度和滑航速度分别指什么，它们在技巧和应用上有何不同？""","在摩托艇操作中，拖曳速度、半滑航速度和滑航速度是三种关键操控速度，定义与应用如下： • 拖曳速度：最低操控速度，几乎不加油门；艇体沉入水中，无尾流 <PIC>。适用于靠岸、停靠码头、接近物体或拖曳作业等需精细低速控制的场景，此时可不加油门转向（如满舵360°转向）<PIC>。 • 半滑航速度：中等速度，艇首略微抬离水面但仍部分浸水行驶，产生尾流 <PIC>。适用于大椭圆转向、绕圈及8字行驶等基础操控训练，转向需配合油门以维持响应性；松开油门后转向能力迅速下降 <PIC><PIC>。 • 滑航速度：较快速度，艇体更平稳地在水面滑行，产生明显尾流 <PIC>。适用于高速转向、穿越尾流/浪涌及急弯操作；但车把转向过度易引发侧滑，导致喷嘴进水量减少、推力下降、转向变缓并伴随减速 <PIC><PIC>。此时转向更依赖油门与车把协同，且停车距离显著延长 <PIC>。 , [""Manual40_1"", ""Manual40_19"", ""Manual40_2"", ""Manual40_20"", ""Manual40_21"", ""Manual40_3"", ""Manual40_26"", ""Manual40_27"", ""Manual40_25""]"
174,"""如何在深水中登上并平衡摩托艇，确保操作的安全性和稳定性？""","在深水中登上并平衡摩托艇的安全操作步骤如下： 1. 选择水深至少齐胸（约60厘米）的开阔、平静水域，确保无交通及障碍物； 2. 先在近岸熟练练习，再进入深水；练习时发动机必须处于熄火状态； 3. 游至艇尾，双手置于登艇平台，单手抓住扶手； 4. 拉身体至平台呈跪姿，再移至座位跨坐； 5. 立即将熄火绳系于手腕，并将卡扣安装至熄火开关； 6. 双手紧握车把，双脚放入脚坑底板； 7. 反复练习登艇与静止平衡，直至全程保持稳定； 8. 注意：驾驶者体重越大，平衡难度越高；总载重（含人员与货物）不得超过220千克。 提示：本艇配备可放下式登艇台阶①，登艇后台阶自动复位 <PIC>。 , [""Manual40_13""]"
175,"""在滑航速度下驾驶摩托艇转弯时，有哪些技巧能在急转弯时保证稳定性和操控性？""","在滑航速度下驾驶摩托艇急转弯时，保证稳定性和操控性的关键技巧包括： 1. 转向时必须同时加大油门——因转向依赖喷射推力，松开油门会导致艇体迅速失去响应，甚至侧滑；<PIC> 2. 避免车把转向过度——滑航速度下转向角度有限，过度转向易引发侧滑，此时进入喷射口的水量减少、推力下降，导致减速与转向变缓；将车把回正至较小角度可恢复稳定转向；<PIC> 3. 从平缓转向、低速开始训练，逐步提升速度并减小转弯半径，切勿急于求成；<PIC> 4. 始终紧握车把，双脚置于脚坑底板，保持正确操作姿势以增强平衡控制；<PIC> 5. 在开阔、平静、无交通及障碍物的大水域练习，确保安全前提下熟悉艇体在滑航状态下的动态响应。 , [""Manual40_26"", ""Manual40_27"", ""Manual40_28"", ""Manual40_20""]"
176,"""驾驶摩托艇时，有哪些技巧能在完成大椭圆转弯、绕圈和8字行驶动作的同时，保持操控性和稳定性？""","根据官方操作指南，完成大椭圆转弯、绕圈和8字行驶动作并保持操控性与稳定性的核心技巧如下： 1. **始终配合油门与车把操作**：转向依赖喷射推力，必须在转动车把①的同时保持加油门，松开油门会导致转向响应迅速下降甚至失效 <PIC>； 2. **分阶段训练提升控制能力**： • 训练1（半滑航速度）：先以平稳半滑航速度练习左右大椭圆转向，再完成完整椭圆； • 训练2（绕圈）：从大圈开始，保持速度不变，逐步缩小圈径，左右交替练习； • 训练3（8字）：结合前两项，先做大8字路线，再反复缩小尺寸； 3. **滑航速度下注意转向极限**：高速时转向角度受限，车把过度转向易引发侧滑——此时喷射口进水量减少，推力下降，艇体自动减速并转向趋缓；及时回正车把角度可恢复稳定转向 <PIC>； 4. **环境与姿态保障稳定性**： • 仅在开阔、平静、无交通及障碍物的大水域练习； • 始终紧握车把，双脚置于脚坑底板，保持正确坐姿； • 总重量（含乘客与货物）不得超过220千克，超重将显著增加平衡难度 <PIC>。 以上要点均源自标准训练体系，建议严格按由低速到高速、由大半径到小半径的顺序循序渐进练习。 , [""Manual40_20"", ""Manual40_26"", ""Manual40_31""]"
177,"""在驾驶摩托艇进行中低速转弯时，如何控制油门并保持行驶的稳定性和操控性？""","在中低速（如半滑航速度）转弯时，需始终配合加油门操作——因为摩托艇转向依赖喷射推力，而推力由油门控制；松开油门会导致转向响应迅速下降，甚至完全失效 <PIC>。具体操作要点如下：1. 保持稳定油门输出，避免突然收放；2. 转动车把的同时适度增加油门，以维持喷嘴推力与艇体稳定性；3. 根据《训练1：半滑航速度前进与大椭圆转向》，建议从平稳右转/左转开始练习，逐步提升操控信心 <PIC>。特别注意：拖曳速度下虽可转向，但属最低操控临界状态；中低速转弯务必确保油门持续供给，否则艇体将失去响应 <PIC>。 , [""Manual40_20"", ""Manual40_21"", ""Manual40_25""]"
178,"""如何驾驶摩托艇以拖曳速度直行和转弯，保证操作的平顺性和操控性？""","根据《用户/操作手册》训练内容，以拖曳速度直行与转弯的操作要点如下： 1. 拖曳速度为最低操控速度，几乎不加油门，艇体沉入水中、无尾流； 2. 直行时：登艇后观察周围环境，启动发动机，保持松油门状态直线行驶； 3. 转弯时：需配合轻微油门（因转向需要油门），做长约15–21米的大8字路线，不加油门仅适用于基础练习，但实际转向响应依赖油门输入 <PIC>； 4. 平顺性与操控性保障：双手紧握车把、双脚置于脚坑底板，保持身体稳定；转向动作应柔和连贯，避免猛转车把；练习中逐步熟悉车把与油门的协同关系，尤其注意松开油门后艇体将迅速丧失转向响应 <PIC>。 相关训练图示见：大8字路线操作 <PIC>。 , [""Manual40_19"", ""Manual40_25"", ""Manual40_19""]"
179,"""摩托艇全加速行驶时，如何安全平稳地将其停稳？""","摩托艇未配备独立制动系统，全加速行驶时安全平稳停稳的方法如下： 1. 松开油门手柄，依靠水阻自然减速；此时艇体将滑行约90米（300英尺）后完全停止，具体距离受总重量、水面状况、风向等因素影响。 2. 若需缩短停车距离，可握紧RiDE手柄减速，停车距离比不使用时缩短约30% <PIC>。 3. 若判断无法在障碍物前及时停下，应立即加油门并转向避让，切勿在无动力状态下尝试急转——因转向需要油门，松开油门后艇体将迅速丧失转向响应能力 <PIC>。 4. 严禁直接停止发动机来制动；正确做法是先松油门减速至怠速，再按下红色发动机停止开关 <PIC>。 , [""Manual40_25"", ""Manual40_20"", ""Manual40_7""]"
180,"""驾驶摩托艇时，如何避免发生碰撞事故，保障自身和水上其他人员的安全？""","为避免摩托艇碰撞事故、保障自身及他人水上安全，请严格遵循以下基于操作规范的安全要点： 1. 驾驶前务必完成《用户/操作手册》规定的驾驶前检查，重点确认转向操控与油门手柄功能正常 <PIC>； 2. 始终保持观察周围人员、物体及其他船只，练习操控装置使用以实现“不低头、不犹豫”操作，确保全程专注瞭望 <PIC>； 3. 转向必须配合油门——松开油门后转向响应迅速下降，甚至完全失效，因此转向时须持续加油门 <PIC>； 4. 在开阔、平静、无交通及障碍物的大水域进行训练与行驶，严禁在狭窄、拥挤、有浮标或游泳区等高风险水域高速行驶； 5. 遇到其他船只尾流或浪涌时，应提前减速，并以约45°角“斜切”穿越，避免正对或小角度切入，以防艇体失控侧滑或剧烈颠簸 <PIC>； 6. 注意停车距离：全速松油门后，摩托艇因水阻完全停止距离约90米（受载重、风向、水面状况影响），不确定能否及时停下时，应优先加油门转向避让 <PIC>； 7. 严格遵守最大载重限制（总重≤220千克），超载将显著增加平衡与操控难度，提升碰撞风险 ； 8. 恶劣天气、恶劣水域禁止驾驶，且驾驶中勿将下巴或胸部贴近车把，以防急刹或颠簸时撞击受伤。 以上要点均源自官方训练规范，建议结合手册图示反复练习，循序渐进提升技能与判断力。 , [""Manual40_19"", ""Manual40_20"", ""Manual40_27"", ""Manual40_24"", ""Manual40_31""]"
181,"""水泵发动机安全停机的正确步骤是什么？""","水泵发动机安全停机的正确步骤如下： 1. 将油门手柄完全向左推（降低发动机转速至怠速）<PIC>； 2. 将发动机开关置于“OFF”位置，切断点火电路，使发动机停机<PIC>； 3. 将燃油开关手柄置于“OFF”位置，防止燃油泄漏或意外启动<PIC>。 , [""Manual31_6"", ""Manual31_7"", ""generator_06""]"
182,"""水泵的核心部件有哪些？""","根据提供的资料，水泵的核心部件主要包括：油箱、油箱盖、燃油开关、空气滤清器盖、火花塞、消音器、阻风门手柄、发动机开关、机油加注口盖、放油螺塞、反冲启动器、机油警告灯、油门手柄、注水螺塞、放水螺塞。其中，化油器也被明确指出是发动机的关键部件 <PIC>。此外，为保障正常运行，还需注意进水软管末端的滤网、接头处的垫片以及机械密封（启动前必须注水以防损坏）等关键结构。 , [""pump_16""]"
183,"""清洗油箱滤网的详细步骤是什么？""","清洗油箱滤网的详细步骤如下： 1. 拆下油箱盖及滤网。<PIC> 2. 用溶剂清洗滤网，若滤网损坏请更换。 3. 擦干滤网后装回原位。 , [""pump_18""]"
184,"""水泵安全排放燃油的正确步骤是什么？""",水泵安全排放燃油的正确步骤如下： 1. 停止发动机； 2. 将燃油开关手柄置于“OFF”位置； 3. 打开油箱盖，使用市售手动虹吸管将油箱内燃油排入合格汽油容器，然后装回油箱盖； 4. 排空化油器浮子室：取下盖板，松开化油器放油螺塞，排尽浮子室内燃油； 5. （可选保养步骤）向油箱内倒入一杯SAE 10W30或20W40发动机机油，晃动油箱使内壁均匀附着，再排出多余机油。 ⚠️注意：燃油高度易燃且有毒，操作时严禁吸烟或靠近明火，溢出燃油须立即擦拭干净。
185,"""水泵无法抽水的潜在原因有哪些，该如何有效诊断并解决这些问题？""","水泵无法抽水的潜在原因及诊断解决方法如下： 1. 注水螺塞或放水螺塞松动 → 拧紧； 2. 软管接头或卡箍松动 → 拧紧（注意：软管安装不牢固会导致进气，从而无法抽水）<PIC>； 3. O形圈或垫片损坏 → 更换（检查时可参考漏水检查步骤，重新拧紧螺栓、螺塞、卡箍及软管接头，必要时更换O形圈及/或垫片）<PIC>； 4. 机械密封损坏 → 咨询经销商； 5. 未按要求注水 → 启动前务必向泵体内注满水，水位需达到上限 <PIC><PIC>； 6. 进水软管末端未安装滤网或滤网规格不符 → 务必安装滤网：YP20G配50毫米吸水口、YP30G配80毫米吸水口，滤网孔径均≤8毫米 ； 7. 水泵放置位置不当（如离水源过远、吸程过高）→ 务必将水泵放置在稳固平面，并尽量靠近水源 。 , [""Manual31_24"", ""pump_08"", ""Manual31_10"", ""Manual31_11""]"
186,"""如何为温控器设置日期和时间，以实现精准的日程和温度控制？""","为温控器设置日期和时间，是实现精准日程与温度控制的前提。请按以下步骤操作（依据参考文档2和文档4）： # 设置日期（参考文档2第19步） 1. 按+或-调整年份，按选择键确认； 2. 按+或-调整月份，按选择键确认； 3. 按+或-调整日期，按选择键保存并退出 <PIC>。 # 选择时钟格式（参考文档2第20步） 4. 按+或-设置为12小时制（北美标准）或24小时制，按选择键确认 <PIC>。 # 设置时间（参考文档2第21步 & 文档4补充） 5. 按+或-调整小时，按选择键； 6. 按+或-调整分钟，按选择键 <PIC>； 7. 再次按选择键保存并退出。 ⚠️ 注意：若通过菜单键进入设置（参考文档4），可先按菜单键显示PROG，再按+或-选择“日期”或“时间”，然后按选择键进入对应设置界面，后续步骤同上。 完成日期和时间设置后，程序日程（起床/离家/回家/睡眠）才能按真实时间准确触发，从而实现智能温控。如需进一步配置日程，请参阅“程序日程”设置说明。 , [""Manual29_21"", ""Manual29_22"", ""Manual29_23""]"
187,"""如何调整温控器的系统和风扇运行设置，以优化供暖和制冷效果？""","要优化供暖和制冷效果，您可通过以下两方面调整温控器设置： 1. **系统模式设置**：按【模式键】循环切换系统模式，选择最适合当前需求的模式： - 【自动】：温控器根据室温自动切换供暖或制冷； - 【供暖】：仅启用供暖系统（适用于寒冷时段）； - 【制冷】：仅启用制冷系统（适用于炎热时段）； - 【应急供暖】（仅热泵机型）：启用辅助加热，不启动压缩机； - 【关闭】：关闭供暖/制冷系统（风扇仍可独立运行）。 2. **风扇运行设置**：按【风扇键】循环切换风扇模式： - 【自动】：仅在供暖或制冷运行时启动风扇，节能且匹配系统节奏； - 【开启】：风扇持续运行，提升室内空气均匀性，适合对温度一致性要求高的场景； - 【循环】：风扇随机运行约33%的时间，平衡能耗与空气流通。 此外，建议配合【程序日程】设置不同时间段（起床、离家、回家、睡眠）的温度，进一步提升能效与舒适度。如需精细调控，还可进入【高级菜单】（同时按住菜单键和+键约5秒）调整系统设置编号（如200、205、218等），确保与您的实际供暖/制冷设备类型匹配。<PIC><PIC><PIC> , [""drill0_04"", ""drill0_05"", ""drill0_06""]"
188,"""如何调整温控器的程序日程，以实现高效的能源利用和温度控制？""",您可通过以下步骤调整可编程温控器的程序日程，以实现高效能源利用和精准温度控制： 1. 按温控器上的菜单键 ，显示PROG后按选择键； 2. 按+或-选择要编辑的日期或日期组（如工作日/周末），按选择键； 3. 按+或-选择日程时段（起床、离家、回家、睡眠），按选择键； 4. 按选择键开启该时段，再按+或-调整开始时间 ； 5. 温度闪烁时，按+或-分别设置“供暖”与“制冷”设定温度 ； 6. 对其余时段重复步骤3–5； 7. 编辑完成后按主页键保存并返回主界面。 建议采用预设日程逻辑：起床时段设为舒适温度，离家/睡眠时段设为节能温度（如冬季供暖调低2–3℃，夏季制冷调高2–3℃），可显著降低能耗。如需临时调整，直接按+或-修改当前温度，系统将保持至下一预定时段开始；如需永久覆盖，闪烁时按保持（模式）键切换为永久保持 。
189,"""如何在不影响已编程日程的情况下，临时更改温控器的温度设置？""","您可以在不影响已编程日程的情况下，临时更改温控器温度设置： 1. 按+或-键直接调整至所需温度； 2. 调整完成后无需其他操作，新设定温度将自动保持，直至下一个预定时间段开始。 该操作即为“程序日程临时覆盖”，原日程计划完全保留，不会被修改。<PIC> , [""drill0_04""]"
190,"""当设备或系统出现警报界面时，应采取哪些操作？""","当设备或系统出现警报界面时，应采取以下操作： 1. 主界面会显示警报图标，您可在菜单中查看警报以了解具体的错误/警报代码；查看后主界面将保留警报符号，直至手动清除 <PIC>。 2. 暂态警报将在警报菜单界面取消7天后再次显示 。 3. 对照警报代码表（见说明书相关章节）确认问题类型与原因 。 4. 根据警报代码提示进行对应排查或操作；若为暂态警报（如温度异常、过热等），可参考相应说明处理（例如：高温提示时请关闭系统并静置冷却，确保通风口未被遮挡）。 5. 如需清除警报，请在警报菜单中执行“取消警报”操作 。 , [""drill0_06""]"
191,"""针对热泵应如何修改接线，以确保连接正确且功能正常？""","针对热泵系统的接线，请严格遵循以下步骤以确保连接正确且功能正常： 1. 保持R滑动开关在向上位置（仅接入1根R线）； 2. 将每根标记电线与温控器上相同字母的端子匹配连接（如Y、O/B、C、R等），插入对应端子内孔，按下端子旁按钮辅助插入； 3. 若旧温控器有单独的O和B电线：将B电线连接至C端子；若C端子已被占用，请立即停止操作并联系专业安装人员协助； 4. 若旧温控器有V和VR电线，或同时存在Y1、W1、W2电线，请立即停止操作并联系专业安装人员协助； 5. 接线前务必关闭电源，并拍摄旧接线照片作为参考； 6. 完成接线后，请确认与第13页“热泵系统接线”图示一致 <PIC>。 , [""Manual11_0""]"
192,"""如何安全更换温控器的电池，确保更换后设备功能正常？""","更换温控器电池的安全操作及功能保障说明如下： 1. **安全前提**：更换电池前无需断电（因温控器为低压电池供电设备，非市电直连），但若同时涉及底座或线路操作，请参照【参考文档 5】先关闭电源以确保安全。 2. **电池规格与安装**：使用两节全新AA碱性电池（<PIC>），按温控器背面图示方向装入，确保正负极正确（<PIC>）。 3. **更换时效要求**：若在两分钟内完成更换，时间与日期无需重新设置；所有程序设定、系统配置均永久存储于内存中，不依赖电池供电，因此设备功能将完全正常（）。 4. **维护建议**： • 电池低电量图标出现时请立即更换（该图标会在耗尽前约两个月提示）； • 即使无低电量提示，也建议每年更换一次，或离家超一个月前更换； • 仅推荐使用碱性电池，不建议使用充电电池或碳性电池。 注：本温控器不含汞元件，无需特殊回收处理；如旧设备含汞密封管，请勿丢弃，联系当地废物管理部门（）。 , [""Manual11_1"", ""drill0_06""]"
193,"""当标签与端子不匹配时，应如何正确为温控器重新接线，确保连接无误？""","当标签与端子不匹配时，请按以下步骤重新接线，确保连接无误： 1. 若为常规系统：请参照【常规系统接线】图示（见下方注释）连接电线； 2. 若必须同时连接R和Rc电线：将R滑动开关拨至向下位置（2根电线）； 3. 若旧温控器同时有R和RH电线：将R滑动开关拨至向下位置，再将R线连接至Rc端子，RH线连接至R端子； 4. 若旧温控器仅有1根C或C1电线：将其连接至C端子；若旧温控器有2根C或C1电线：分别用电工胶带包裹且不连接； 5. 若为热泵系统：优先将每根标记电线与新温控器上相同字母端子匹配；若标签仍不匹配，请参阅第13页对应接线图 <PIC>； 6. 特别注意：若旧温控器有V和VR、O和B、或Y1/W1/W2等组合电线，请立即停止操作并联系专业安装人员协助。 提示：接线前务必关闭电源，并拍摄旧接线照片作为参考 <PIC>。 , [""drill0_04"", ""drill0_05""]"
194,"""遇到温控器故障时，可采用哪些故障排除解决方案？""","根据参考知识，遇到温控器故障时，可采用以下故障排除解决方案： 1. **屏幕空白**：若使用电池供电，请确保已正确安装全新AA碱性电池；检查系统设置选项220，确保设置为1或2。 2. **无法将系统设置切换至制冷模式**：检查系统设置选项220是否设置正确（见第6页及第9页）。 3. **需要供暖时风扇不启动**：检查系统设置选项205，确保设置与您的供暖设备匹配（见第8页）。 4. **制冷模式下供暖系统运行**：检查系统设置选项200或218，确保设置与您的供暖和制冷设备匹配（见第9页）。 5. **供暖或制冷系统无响应**： - 按系统键将系统设置为供暖，并确保温度设定高于室内温度；或设置制冷模式并确保设定温度低于室内温度； - 检查断路器并在必要时复位； - 确保供暖和制冷系统的电源开关已打开； - 确保炉门紧闭； - 等待5分钟让系统响应。 6. **供暖/制冷指示灯闪烁（如热泵问题）**：可能是压缩机保护功能已启动，需等待5分钟让系统安全重启，避免损坏压缩机；同时再次确认系统设置选项200或218是否匹配设备类型（见第9页）。 7. **警报图标显示**：主界面出现警报图标时，可进入菜单查看警报代码，对照【警报代码】表确定具体问题；暂态警报将在清除后7天内再次显示，需按提示操作取消警报 <PIC>。 , [""drill0_04""]"
195,"""设备或系统中构成处理器单元的关键组件或部件有哪些？""","根据提供的参考知识，该VR头显设备的处理器单元为独立外置模块，其关键组件或部件包括： ● 状态指示灯（正面，白色表示已开机，红色表示待机模式）<PIC> ● AUX端口（正面） ● HDMI输出端口（正面） ● HDMI电视端口（背面） ● HDMI PS4端口（背面） ● USB端口（背面） ● DC IN 12V接口（背面） ● 通风口（背面）<PIC> 此外，参考文档提及‘处理器单元外壳’为构成处理器单元的物理结构部件。注意：参考知识中未列出芯片级内部组件（如CPU、GPU、内存等），仅明确描述了可识别的外部接口与结构部件。 , [""Manual38_1"", ""Manual38_2""]"
196,"""耳机有哪些类型，以及如何更换耳塞？""","根据现有资料，该产品配套的为立体声耳机，出厂时已安装M号耳塞，支持更换为S号或L号耳塞以获得更贴合的佩戴效果。更换方法：旋转耳塞后将其拔下即可；重新安装时请确保牢固，防止使用中意外脱落。<PIC> 注：资料中未提及耳机其他类型（如入耳式、头戴式、骨传导等）的分类信息，也未提供除VR头显配套立体声耳机外的其他耳机型号说明。 , [""Manual38_4""]"
197,"""为保持遮光罩的清晰度和功能性，正确的清洁步骤是什么？""","为保持遮光罩的清晰度和功能性，请按以下步骤清洁：1. 将遮光罩从VR头显上取下；2. 用水清洗；3. 用软布完全擦干后再装回头显；4. 安装时，将遮光罩上的凸点与头显上的13个孔对齐。<PIC> , [""Manual38_5""]"
198,"""为确保安全且最佳的使用效果，游玩区域的推荐尺寸是多少？""","根据PS VR的使用说明，游玩区域的宽度和深度需确保摄像头能完整捕捉您的活动范围。请在游玩区域内使用PS VR，并确保活动空间大于游玩区域，清除所有障碍物（如墙壁、家具、楼梯等）。具体尺寸未在参考文档中明确给出，但强调需按PS VR设置界面指示调整摄像头位置及角度，使您处于游玩区域中央；若超出区域，头显屏幕将出现警告。<PIC> , [""Manual38_0""]"
199,"""使用和操作VR头显时应采取哪些安全预防措施，以确保用户安全和设备使用寿命？""","使用和操作VR头显时，请严格遵守以下安全预防措施，以保障人身安全及延长设备使用寿命： ● **使用前准备与环境检查**：佩戴前请确保游玩区域宽敞、无障碍物（如墙壁、楼梯、家具等），并清理大于游玩区域的活动空间；请勿在震动、不稳定的环境中使用；避免宠物或他人闯入活动区域。 ● **佩戴与操作规范**：正确佩戴头显，调节旋钮勿过紧，镜罩勿过度推入或拉出；尽可能保持坐姿，若需站立，请严格遵循应用程序指示；佩戴时避免头部、四肢或身体剧烈/过度动作；使用前及过程中定期检查线缆是否缠绕在身体或四肢上。 ● **健康与生理状态注意**：若您感到疲劳、头晕、恶心、醉酒、服药后、平衡感或运动感受损，或患有严重疾病，请勿使用；出现晕动症、视力模糊、眼睛/肌肉抽搐、意识障碍、癫痫发作等症状时，**请立即停止使用并摘下头显**，就医确认后方可继续使用；使用后若不适未缓解，请勿从事需良好视力、平衡或协调能力的活动。 ● **设备物理安全**：待头显前/后侧追踪灯（<PIC>）完全熄灭后再取下头显或拔下连接线；请勿摔落、投掷、重压或强烈撞击设备；勿将物品放置于头显或处理器单元上；请将设备置于幼儿及宠物接触不到的地方，防止误吞零件、拉扯线缆或缠绕风险。 ● **电气与环境安全**：雷雨天气请勿触碰电源线、适配器或处理器单元；勿让液体、灰尘、烟雾、蒸汽进入接口或通风口；勿将设备暴露于高粉尘、高湿或高温环境；开机状态下，避免身体长时间接触处理器单元、电源适配器或通风口排出的空气（可能造成低温烫伤*）。 ● **听觉与卫生防护**：请将音量调至安全水平，避免高音量导致永久性听力损伤；若佩戴后皮肤不适（如红肿、瘙痒），请立即停用，症状持续须就医；遮光罩可取下用水清洗并用软布擦干后装回（<PIC>）。 ● **清洁与维护**：外壳污渍仅可用柔软干布擦拭；接口脏污可能导致信号异常或声音中断，请保持AUX、HDMI等接口清洁；请勿使用腐蚀性清洁剂或湿布直接擦拭电子部件。 *低温烫伤：指皮肤长时间接触40℃及以上温度物体所致的烫伤。 以上措施均依据产品安全规范制定，请务必逐条遵守。 , [""vr_01"", ""vr_02""]"
200,"""功能键盘的保修政策通常包含哪些内容，又不包含哪些内容？""",功能键盘的保修政策通常包含以下内容： 1. 保修期限：依据全球保修政策，具体期限以购买凭证和产品类别为准；更换产品的保修期为剩余保修期或三十天，以较长者为准。 2. 保障对象：仅覆盖原始消费者购买的产品，且需提供有效购买凭证（如商店收据或发票）。 3. 保修服务形式：在保修期内出现经合理判定的制造缺陷故障时，厂商将根据库存情况，自行决定提供维修或更换服务；更换产品可为全新或翻新，功能相近且价值相等或更高。 4. 经销商服务支持：在北美、欧洲、澳新及其它地区，均支持退回经销商/零售商进行更换（时限分别为60天、2年、2年、1年内），并明确RMA编号要求及运费承担规则（质量问题确认后可报销合理运费）。 5. 法定权利保障：本保修赋予您特定法定权利，您可能还享有因所在国家/地区消费者保护法而产生的额外权利（如英国30天内可退款、6个月内无法维修可全额退款等）。 以下内容通常不包含在保修范围内： • 未经许可对产品或序列号/保修标签进行改装； • 非制造缺陷导致的损坏（如意外、滥用、误用、疏忽、火灾、进水、雷击、自然灾害等）； • 安装不当、未经授权的更改或改装、或由非授权人员进行维修； • 运输途中损坏（须向承运方索赔）； • 正常磨损； • 日常保养费用、耗材（如键帽、轴体等）、非保修维修费用； • 间接或继发性损害（如数据丢失、业务损失、服务中断等）； • 默示担保（如适销性、特定用途适用性）超出保修期限的部分； • 未遵循说明书操作导致的故障。
201,"""功能键盘的保修政策中，损害赔偿的除外责任或免责声明通常是什么？""",您好，关于功能键盘的保修政策中损害赔偿的除外责任，通常包括以下情形：1. 因人为损坏（如摔落、挤压、液体泼溅、私自拆解或改装）导致的故障；2. 非正常使用环境（如高温、高湿、强磁场、腐蚀性气体等）造成的损伤；3. 不可抗力因素（如地震、雷击、火灾、水灾等）引发的问题；4. 正常磨损、老化或耗材类部件（如键帽表面磨损、导电膜自然衰减）不属于保修范围。为保障您的权益，请在申请售后时提供原始购机凭证（电子发票或订单截图）及清晰的故障视频/照片。如您已遇到具体问题，可随时提交售后申请，我们将为您优先审核并告知处理进度。
202,"""如何设置功能键盘？""",设置功能键盘需通过CAM软件进行自定义配置，具体步骤如下： 1. 下载并安装CAM软件（请前往官网获取最新版）； 2. 使用USB-C线将键盘连接至电脑（USB 2.0或更高速接口）； 3. 在CAM软件中设置灯光、宏命令、按键重映射等功能，并将配置保存至四个板载配置文件（1–4）中； 4. 保存后，无需运行CAM软件，即可通过硬件快捷键切换使用：按FN+F1/F2/F3/F4切换对应配置文件。 注：配置文件1–4默认自带四种RGB灯光模式，也可在CAM中逐键自定义并保存。
203,"""如何拆卸和重新安装功能键盘的轴体？""","拆卸轴体：使用附赠的拔轴器，从顶部夹住轴体，将工具两端沿轴体前后方向放置；轴体由两个卡扣固定在定位板上，按下卡扣即可拆卸。注意请勿刮擦上盖面板，无需从轴体下方撬动，仅需夹住轴体外壳底部两侧即可。<PIC> 重新安装轴体：安装前请确保所有针脚笔直，无弯曲或折向轴底外壳；目视检查轴体上的两个金属针脚与键盘上的轴座插孔对应；垂直向下用力将轴体插入键盘插槽；正确插入后，轴体外壳两侧应紧贴键盘上盖面板。<PIC> , [""Manual02_0"", ""Manual02_1""]"
204,"""如何将功能键盘搭配CAM软件使用？""",将功能键盘搭配CAM软件使用的步骤如下： A. 下载并安装CAM软件：请前往官网下载最新版CAM软件； B. 设置CAM配置文件并存储至键盘：本功能键盘自带四个板载配置文件（1–4），您可通过CAM软件设置灯光、宏命令、按键重映射等，并将配置信息保存至键盘内部，保存后无需运行CAM软件即可使用； C. 配置文件切换控制：按下FN键+F1、F2、F3或F4中任意一键，即可切换至对应编号的已存储配置文件； E. 自定义RGB灯光：在CAM软件的“键盘/灯光设置”界面中逐键设置灯光效果，并保存至指定配置文件； F. 自定义宏命令：在CAM软件的“键盘/宏命令设置”界面中创建宏，并保存至配置文件； G. 按键重映射：在CAM软件的“键盘/按键重映射设置”界面中重新定义按键功能，并保存至配置文件。
205,"""如何在硬件模式下使用功能键盘？""","在硬件模式下使用功能键盘，主要通过FN键组合切换已存储的板载配置文件（1-4）： - 按下 **FN + F1** 切换至配置文件1（含默认灯光模式或已保存的自定义灯光/宏/按键映射）； - 按下 **FN + F2** 切换至配置文件2； - 按下 **FN + F3** 切换至配置文件3； - 按下 **FN + F4** 切换至配置文件4。 所有配置文件均支持独立的RGB灯光、宏命令及按键重映射设置，且一旦通过CAM软件保存至键盘板载存储，即可脱离软件、在纯硬件模式下直接调用。无需运行CAM软件，插上即用。<PIC><PIC> , [""Manual14_26"", ""Manual14_22""]"
206,"""如何安装儿童电动摩托车的挡泥板？""",安装挡泥板步骤如下： 1. 将挡泥板侧转，然后向上滑入左侧把手管；注意！请勿让“凸点”卡入1号孔。 2. 调整挡泥板位置，使“凸点”准确卡入2号孔。
207,"""如何安装儿童电动摩托车的前轮？""","安装儿童电动摩托车前轮的步骤如下： # 3. 安装前轮。 <PIC> · 按照步骤1所示，将前轴穿过两侧把手管及前轮，两侧把手管内外均需安装垫片。 · 使用两个螺母将前轴及车轮固定在把手管上，使用随产品提供的扳手拧紧螺母直至螺纹尽头。 间隙注意： 前轮及前轴组装完成后，请检查车轮与把手管之间的间隙。若间隙过大、车轮定位不稳，建议在车轮与把手管之间加装额外垫片（不随产品提供）。加装垫片并重新安装前轴后，检查间隙是否最小化，同时确保车轮可自由转动。若车轮卡死，则减少一片垫片。 , [""Manual14_3""]"
208,"""如何为蓝牙激光鼠标安装电池？""",为蓝牙激光鼠标安装电池，请按以下步骤操作： 1. 按下按钮，电池仓盖弹出。 2. 按照鼠标内部标注的正负极（+ 和 -）装入两节 AA 型号电池。 3. 装回电池仓盖。
209,"""如何为蓝牙激光鼠标安装WIDCOMM蓝牙驱动程序？""","请按照以下步骤安装 WIDCOMM 蓝牙驱动程序： 1. 将 USB 蓝牙接收器插入电脑的 USB 接口。 2. 将附带的安装光盘放入光驱；驱动程序将自动加载。若未自动加载，请双击光驱中 bin 文件夹内的 Setup.exe。 3. 在欢迎界面点击“下一步”继续。<PIC> 4. 阅读许可协议，勾选“我接受许可协议中的条款”，点击“下一步”继续。<PIC> 5. 程序将安装至默认文件夹；如需更改路径，可点击“更改”选择其他位置，然后点击“下一步”。<PIC> 6. 点击“安装”开始安装，过程可能需要一些时间。<PIC> 7. 安装完成后出现完成界面，点击“完成”退出。<PIC> 8. 拔下接收器后重新插入，鼠标将自动配对；系统可能提示重启电脑以使驱动生效，请根据提示操作。<PIC> , [""drill0_04"", ""drill0_05"", ""drill0_06"", ""drill0_07"", ""drill0_08"", ""drill0_09""]"
210,"""如何为蓝牙激光鼠标卸载WIDCOMM蓝牙驱动程序？""",请按照以下步骤从电脑中卸载 WIDCOMM 蓝牙驱动程序： 1. 拔下 USB 蓝牙接收器。 2. 点击 开始 > 设置 > 控制面板 > 添加或删除程序。 3. 在程序列表中选择 WIDCOMM 蓝牙软件，点击 “删除”。 4. 系统开始卸载程序，此过程可能需要一些时间。 5. 程序卸载完成后，系统将提示重启电脑。点击 “是” 立即重启，或 “否” 稍后重启。
211,"""如何在Windows系统中为蓝牙激光鼠标设置快速配对？""",蓝牙鼠标出厂默认已设置为预配对模式。如需在Windows系统中进行快速配对，请按以下步骤操作： 1. 将USB蓝牙接收器插入电脑的USB接口； 2. 按下鼠标底部的配对按钮 ； 3. 按下USB蓝牙接收器底部的按钮，直至LED指示灯每秒闪烁一次（表示接收器已开始搜索待配对设备）； 4. 移动鼠标，确认连接成功。 注意：本款鼠标不含接收器销售；若此前安装过WIDCOMM蓝牙驱动程序，建议先按说明书卸载后再尝试快速配对。
212,"""如何通过WIDCOMM蓝牙驱动程序为蓝牙激光鼠标设置配对？""",根据《蓝牙激光鼠标使用说明书》，通过 WIDCOMM 蓝牙驱动程序为鼠标配对的步骤如下： 1. 确保已按第3.1节完成 WIDCOMM 蓝牙驱动程序安装（需先插入 USB 蓝牙接收器，运行 Setup.exe 并完成向导）； 2. 双击系统托盘中的蓝牙图标，启动蓝牙初始配置向导，按提示完成初始配置； 3. 配置完成后，将进入 HID 界面并自动开始搜索蓝牙设备 ； 4. 按下鼠标底部的配对按钮，并按下 USB 蓝牙接收器底部按钮，直至其 LED 指示灯每秒闪烁一次（表示进入设备搜索状态）； 5. 在 HID 界面中点击检测到的鼠标设备，按屏幕提示启用连接； 6. 鼠标连接成功后，将出现确认信息，点击确认所连接设备为本款鼠标 。 注意：本款鼠标不含接收器销售；LED 指示灯绿色闪烁表示正在配对 。
213,"""如何查看蓝牙激光鼠标的电量状态？""",您可以通过以下两种方式查看蓝牙激光鼠标的电量状态： 1. 观察鼠标顶部（或底部）LED指示灯： • 琥珀色常亮：电量低，需立即更换电池； • 红色亮起：电量耗尽/严重不足（参考文档2明确指出“LED指示灯亮起红色时，表示电量低”）； • 绿色闪烁：鼠标正在配对（非电量状态，仅作区分）。 2. 通过电脑系统查看：安装WIDCOMM蓝牙驱动程序后，进入「控制面板 > 鼠标 > 蓝牙」界面，可查看更详细的鼠标电量信息。
214,"""如何首次为蓝牙激光鼠标使用该驱动程序？""",首次使用蓝牙驱动程序的步骤如下： 1. 双击系统托盘中的蓝牙图标，蓝牙初始配置向导将启动，请按照屏幕上的说明完成配置； 2. 配置完成后，将出现人机接口设备（HID）界面，并开始搜索蓝牙设备； 3. 点击您要连接的 HID 设备（即您的蓝牙激光鼠标），然后按照屏幕上的说明启用所选设备。
215,"""如何将蓝牙激光鼠标与其他人机接口设备相连接？""","要将蓝牙激光鼠标与其他人体接口设备（HID）连接，请按以下步骤操作： 1. 确保 USB 蓝牙接收器已插入电脑； 2. 将目标蓝牙设备（如打印机、调制解调器、掌上电脑等）设置为可被搜索状态； 3. 按下 USB 蓝牙接收器按钮，直至出现人机接口设备（HID）界面 <PIC>； 4. 从下拉菜单中选择要搜索的设备类型 <PIC>； 5. 在检测到的设备列表中点击目标设备，驱动程序将引导您完成启用与连接 <PIC>。 , [""drill0_04"", ""drill0_05"", ""drill0_06""]"
216,"""如何拆卸烤箱门？""","拆卸烤箱门步骤如下：1. 完全打开烤箱门；2. 抬起卡扣并向前推至极限位置（图1）<PIC>；3. 将烤箱门关至最大角度（A），向上抬起（B）并转动（C）直至脱开（D）（图2）<PIC>。操作前请务必确保烤箱已完全冷却，并断开电源，以保障安全。 , [""oven_01"", ""oven_02""]"
217,"""如何安装烤箱门？""","安装烤箱门的步骤如下：1. 将铰链装入对应位置。2. 完全打开烤箱门。3. 放下两个卡扣。4. 关闭烤箱门。<PIC> , [""oven_01""]"
218,"""如何移动烤箱的顶部加热元件（仅限部分型号）？""","移动顶部加热元件（仅限部分型号）的步骤如下： 1. 取下侧边配件支架格栅（图3）<PIC>； 2. 轻轻拉出加热元件（图4）<PIC>，并向下放下（图5）<PIC>； 3. 复位时，抬起加热元件并轻轻向自身方向拉动，确保其支撑在侧支架上。 ⚠️ 注意：操作前请务必断开烤箱电源，并确认烤箱已充分冷却，以防烫伤。 , [""oven_03"", ""oven_04"", ""oven_05""]"
219,"""如何更换烤箱的后部灯（如有）？""","更换烤箱后部灯（如有）的步骤如下： 1. 断开烤箱电源； 2. 拧下灯罩（图6）<PIC>，更换灯泡（请使用25‑40W/230V E‑14、耐温300℃白炽灯），再拧回灯罩（图7）<PIC>； 3. 重新接通烤箱电源。 重要提示： - 灯罩复位前，请勿使用烤箱； - 灯泡可从售后服务中心购买。 , [""oven_06"", ""oven_07""]"
220,"""如何使用烤箱的接油盘？""","接油盘（图1）放置在烤架下方，用于收集油脂和食物碎屑；也可作为烤盘直接烹饪肉类、鸡肉、鱼类等，并可搭配蔬菜使用。为避免油脂飞溅及冒烟，建议向接油盘中倒入少量水。特别提示：烤肉时，推荐在烤架正下方放置加有半升水的接油盘，以更好收集肉汁，烹饪过程中请按需补充水分。<PIC> , [""oven_03""]"
221,"""如何清洁烤箱外部？""",清洁烤箱外部时，请注意以下几点： 1. 请在烤箱完全冷却后进行清洁，并提前断开电源； 2. 请勿使用蒸汽清洁设备； 3. 请勿使用腐蚀性或研磨性清洁剂，若不慎接触，请立即用湿布擦拭； 4. 日常清洁：用湿布擦拭表面； 5. 污渍较重时：可在水中加入几滴洗洁精，擦拭后再用干布擦干。
222,"""如何使用烤箱的烤架？""","烤架（图3）用于烧烤食物，或作为锅具、蛋糕模及其他烹饪容器的支架，可放置在烤箱内任意可用层位；烤架可凸面朝上或朝下安装。<PIC> 烤架烤盘套装（图6）包含烤架（6a）和搪瓷容器（6b），需放置在烤架（3）上，并配合烧烤功能使用。<PIC> 建议在烤肉烤架正下方放置加有半升水的接油盘，以收集肉汁并防止油脂飞溅及冒烟。<PIC> , [""oven_03"", ""oven_13"", ""oven_14""]"
223,"""烤箱的催化侧面板有什么作用？""","催化侧面板带有特殊微孔搪瓷涂层，可吸附烹饪过程中飞溅的油脂。当烹饪油脂较多的食物后，建议执行自动清洁程序（即空载开启热风循环功能，设定200℃运行约一小时），以激活其自清洁性能。<PIC> , [""oven_04""]"
224,"""如何使用烤箱的烤盘？""","烤盘（图2）用于烘焙饼干、蛋糕及披萨。使用时请将烤盘放置在随附烤架上，并根据烹饪需求选择合适层位。为获得最佳效果，建议优先选用深色金属烤盘；若烘烤披萨，可轻微刷油以保证饼底酥脆。烹饪水分含量高的食物时，请先预热烤箱。使用后请及时清洗，避免食物残留堆积。<PIC> , [""oven_03""]"
225,"""如何使用烤箱的烤架烤盘套装？""","烤架烤盘套装（图6）包含烤架（6a）和搪瓷容器（6b），使用方法如下： 1. 将套装整体放置在烤箱内的烤架（3）上； 2. 仅可配合烧烤功能使用； 3. 建议在烤架正下方放置加有半升水的接油盘，以收集肉汁、防止油脂飞溅及冒烟 <PIC>。 详细操作请参考手册“推荐使用与技巧”章节。 , [""oven_06""]"
226,"""如何使用烤箱的油脂过滤器？""","油脂过滤器仅用于油脂较多的烹饪，需挂在烤箱腔体后壁、风扇对面位置 <PIC>。可配合热风循环功能使用，且支持洗碗机清洗。 , [""oven_07""]"
227,"""如何使用烤箱的滑动搁架？""","滑动搁架（图8）可在烹饪过程中将烤架与接油盘半拉出，便于查看或翻动食物。该搁架适用于所有配件，且支持洗碗机清洗。<PIC> , [""Manual28_8""]"
228,"""如何为混合即时相机安装肩带？""",您好，关于混合即时相机安装肩带的问题，参考知识中未提供具体安装步骤。但根据【参考文档 2】第②条明确提示：'请勿使用手机或其他类似电子产品的挂绳。此类挂绳通常强度不足，无法牢固固定相机。为安全起见，仅使用相机专用挂绳，并严格按照说明使用。' 因此，请务必使用随相机附赠的原装肩带（或官方认证配件），并参照相机机身两侧的挂绳孔（通常位于左、右肩带安装孔位）进行安装。若随机资料中含肩带安装图示，可查看对应说明书页；如仍无法确认，建议联系官方客服获取《肩带安装指南》PDF或视频教程。
229,"""如何为混合即时相机装入电池？""","为混合即时相机装入电池的步骤如下： 1. 滑动电池盖将其打开。<PIC> 2. 按照电池上的箭头指示装入电池，确保电池上的黄线与相机上的标记对齐。<PIC> 3. 取出电池时，将电池锁扣推向一侧，然后将电池滑出相机。<PIC> 4. 装入后关闭电池盖。<PIC> 注意：出厂时电池未充满电，使用前请务必充电；充电时请使用随附USB线连接符合直流5.0伏/1000毫安规格的交流电源适配器。<PIC><PIC><PIC><PIC> , [""Manual29_13"", ""Manual29_14"", ""Manual29_15"", ""Manual29_16"", ""Manual29_17"", ""Manual29_18"", ""Manual29_19"", ""Manual29_20""]"
230,"""如何为混合即时相机装入相纸盒？""","为混合即时相机装入instax SQUARE相纸盒，请按以下步骤操作：<PIC> 按住相仓锁按钮（1），然后将拨杆向右滑动（□），直至相仓略微打开。<PIC> 握住相纸盒两侧，将相纸盒底部对准相仓凹槽（□），然后平直插入（2）。<PIC> 关闭后盖，确保后盖锁咔哒到位。关闭后盖时，黑色相纸保护盖会自动弹出，请从相纸出口取出该保护盖。注意：装入前请勿将相纸盒从内袋中取出；切勿按压相纸盒背面的两个矩形孔；仅使用instax SQUARE拍立得相纸，instax mini或WIDE相纸不兼容。 , [""Manual29_26"", ""Manual29_27"", ""hybrid_instant_camera_01""]"
231,"""如何为混合即时相机取出用完的相纸盒？""","取出用完的相纸盒步骤如下： 1. 确认相纸已用完——拍摄画面右侧的所有点均显示为灰色（参考第52页）； 2. 按住相仓锁按钮（1），然后将拨杆向右滑动（<PIC>），直至相仓略微打开； 3. 握住相纸盒上的矩形孔，然后平直拉出相纸盒。 ⚠️ 注意：相纸用完前请勿打开后盖，否则剩余相纸会曝光变白，无法使用。 , [""Manual29_26""]"
232,"""如何设置混合即时相机的自动打印模式？""","设置混合即时相机的自动打印模式，只需将相机侧面的打印模式选择器切换到“AUTO”即可。<PIC> 切换后，拍摄完成并保存图像时将立即开始打印。 , [""Manual29_39""]"
233,"""如何设置混合即时相机的手动打印模式（初始设置）？""","设置混合即时相机的手动打印模式（初始设置）非常简单：将相机侧面的打印模式选择器切换到“MANUAL”位置即可。<PIC> 此为默认设置，切换后拍摄的图像将保存到相机内存中，不会立即打印，您可后续在回放模式下选择需要打印的照片进行手动打印。 , [""hybrid_instant_camera_01""]"
234,"""如何使用混合即时相机拍摄照片？""","使用混合即时相机拍摄照片的基本步骤如下： 1. 开机：顺时针转动镜头环（电源开关）开机。 2. 构图：手持相机，确认最终图像构图；拍摄时请双手持机，肘部抵住身体，避免遮挡闪光灯、镜头或相纸出口。 3. 对焦：半按快门按钮对焦——对焦成功时发出蜂鸣声，显示屏出现绿色对焦框；失败则显示红色对焦框。如主体不在画面中心，可先半按快门锁定对焦/曝光，再调整构图后完全按下快门。 4. 拍摄：完全按下快门按钮拍摄照片，图像将保存至相机内存。 • 若打印模式设为“AUTO”（自动打印模式），图像将立即打印 <PIC>； • 若设为“MANUAL”（手动打印模式），图像仅保存，可后续选择打印 <PIC>。 5. 注意事项： • 光线不足时可能触发闪光灯（可于菜单中关闭）； • 内存最多保存约50张图像，满时无法拍摄； • 避免对焦困难场景（如镜面、快速移动物体、深色吸光物体等）。 如需双重曝光，可连续按两次快门，在一张照片中叠加两个画面 <PIC>。 , [""Manual29_30"", ""Manual29_31"", ""Manual29_40""]"
241,"""If this is the first time to use airfryer, What should I do before first use?""","Before first use of the air fryer, please follow these steps: 1. Unplug the appliance and ensure it is cool. 2. Clean the heating element with a cleaning brush to remove any food residues <PIC>. 3. Clean the inside of the appliance with hot water and a non-abrasive sponge <PIC>. 4. Ensure all parts—including the pan, basket, and interior—are clean and completely dry before use. Do not use metal utensils or abrasive materials, as they may damage the non-stick coating. Refer to the manual for full care instructions. , [""air_fryer_10"", ""air_fryer_11""]"
242,"""How to find the approval label of emission control certificate of the boat?""","The approval label of the emission control certificate is attached to the electrical box and the exhaust side of the crankcase. <PIC> <PIC> , [""Manual20_4"", ""Manual20_5""]"
243,"""How do I use the battery conversion feature before sailing?""","The provided reference materials do not mention a 'battery conversion feature' for use before sailing. They describe standard battery installation, removal, storage, and charging procedures — but no feature by that name. If you are referring to battery installation or preparation prior to operation, please ensure: (1) the battery switch is OFF before handling; (2) the battery is securely installed in the battery compartment with leads properly connected (red to positive, black to negative and ground); and (3) the battery is fully charged and terminals are clean and protected. <PIC> For visual guidance on battery attachment, see the battery alignment and insertion diagram. <PIC> , [""Manual10_11"", ""Manual09_261""]"
244,"""How the ship steers?""","The watercraft steers by turning the handlebars in the direction you wish to travel <PIC>. This changes the angle of the jet thrust nozzle, redirecting the water flow and thus steering the craft. Steering requires throttle input—jet thrust strength, combined with handlebar position, determines turn sharpness: more throttle produces sharper turns, less throttle results in gradual turns, and releasing the throttle completely (except at trolling speed) causes rapid loss of steering control <PIC><PIC>. Always maintain throttle while steering, especially at higher speeds, to avoid sliding, spinning, or ejection <PIC>. , [""Manual20_50"", ""Manual20_75"", ""Manual20_76"", ""Manual09_245""]"
245,"""What should I do if face over temperature warning on the boat?""","If the 'Over Temperature' warning appears on the multifunction display and the buzzer sounds, immediately reduce engine speed, return to shore or maneuver to a safe location, and check the engine oil level (see page 80 for procedures). If the oil level is low, add sufficient engine oil to reach the proper level. If the oil level is correct, have a Boat Dealer inspect the engine. Also, check for water discharge at the cooling water pilot outlets on the starboard side of the hull while the engines are running — no water flow indicates possible cooling system failure <PIC>. Follow any on-screen instructions displayed with the warning <PIC>. If both engines are overheating and towing is not possible, operate both engines just slightly above idle while returning to shore <PIC>. , [""Manual09_95"", ""Manual09_84"", ""Manual09_96""]"
246,"""If I want to listen to music on my phone, how do I turn on the sound system?""","To listen to music on your phone using the sound system, you'll need to use compatible Bluetooth earphones or speakers. First, ensure Bluetooth is turned ON on your phone and pair it with your audio device: turn Bluetooth OFF on your phone/device, then the earphones will enter pairing mode; or press and hold either the left or right earbud to drop the current connection and enter pairing mode. Once paired, open your music app and start playback. To control playback, press and hold the earbud to resume music or tap to play suggested songs. For ambient awareness or ANC mode, press the left earbud to cycle modes. For low latency mode (ideal for syncing audio), press and hold until the second beep, then release. <PIC> <PIC> , [""Manual12_11"", ""Manual12_12""]"
247,"""How do I use the storage compartments if I want to store wet items while on board?""","The storage compartments are not designed to be waterproof. If you need to store wet items on board, the lockable storage compartment is suitable as it features a drain plug <PIC> for draining water. To drain water from it: (1) Remove the drain plug located on the bottom of the compartment, (2) Once drained, securely reinstall the drain plug. Note that other compartments — such as the front, bow, anchor, stern, and fish box — are not sealed or waterproof, and should not be relied upon to contain wet items without additional protection. For best practice, place wet items in sealed containers or waterproof bags before storing them in any compartment. , [""Manual09_201""]"
248,"""How to open the battery compartment when manipulating the boat?""","To open the battery compartment on the CB-5L boat: Slide the lever as shown by the arrow and open the cover. <PIC> , [""Manual10_18""]"
249,"""How to install an anchor light while the boat is moving?""","Installing an anchor light while the boat is moving is not recommended and is not covered in the provided documentation. The reference materials do not describe any procedure for installing the anchor light during operation. In fact, safety warnings emphasize avoiding certain actions while underway — for example, 'Do not open the lockable storage compartment while the boat is moving' and 'Do not open the engine hood while the anchor light is installed' (which implies installation should occur when the boat is stationary and safe to access components). For proper and safe installation, please refer to the owner’s manual or consult an authorized dealer. <PIC> , [""Manual09_107""]"
250,"""How do I use the jet wash function to clean the boat after using it?""","To use the jet wash function (engine flush) to clean the boat after use: (3) Connect the garden hose to a water tap. (4) Ensure the area around the boat is clear, then start the engine. Immediately after starting, fully turn on the water supply so water flows continuously from the jet thrust nozzle and cooling water pilot outlet. ⚠️ Never turn on the water before starting the engine — this could cause water to backflow into the crankcase and severely damage the engine. Be sure to turn on the water immediately after engine start to prevent overheating. (5) Run the engine at fast idle for 3–5 minutes. (6) After flushing, turn off the water supply, then drain residual water from the exhaust system by alternately moving the remote control lever to half-throttle and back to idle for 10–15 seconds. (7) Stop the engine. (8) Remove the garden hose adapter. (9) Install and tighten the flush hose connector cap securely. <PIC> , [""Manual09_259""]"
251,"""How do I turn on or off the water supply button on my boat?""","There is no dedicated 'water supply button' on the boat. The water supply is manually controlled via the garden hose adapter connected to a water tap — you turn the water on or off at the tap itself. As stated in the manual: '(3) Connect the garden hose to a water tap. (4) ... fully turn the water supply on so that water flows out continually... (6) Turn off the water supply...' Importantly, never turn on the water before starting the engine, and never leave it on after the engine stops — doing so can cause severe engine damage. <PIC> , [""Manual09_259""]"
252,"""How to remove the bimini top of the boat?""","To remove the bimini top of the boat: (1) First, store the bimini top in the fully collapsed position — refer to the storage instructions for guidance. (2) Then, remove the main pole mounting pins that secure the bimini top to the main pole mounting brackets. <PIC> , [""Manual09_193""]"
253,"""How do I install a bimini top on my boat if I want to use the canopy?""","To install the bimini top for use with the canopy: Reverse the removal steps — first ensure the bimini top is fully assembled and oriented correctly, then insert and securely fasten the main pole mounting pins into the main pole mounting brackets <PIC>. Confirm all pins are fully seated and locked to ensure stability and safety during use. For visual guidance, refer to the installation diagram <PIC>. , [""Manual09_194"", ""Manual09_193""]"
254,"""How to store the bimini top in the upright position of the boat?""","To store the bimini top in the upright position: (1) Remove the lock pins, and then push the center poles down. <PIC> (2) Pull the bimini top toward the bow. <PIC> (3) Install the storage cover. <PIC> , [""Manual09_189"", ""Manual09_190"", ""Manual09_191""]"
255,"""When I am sailing, how do I check the engine oil level to ensure continued sailing?""","To check the engine oil level while sailing: (1) Moor the boat securely so it will not drift. (2) Stop the engine and ensure the boat is in a precisely level position. (3) Run the engine at idle speed for at least 6 minutes (or 11 minutes if ambient temperature is 20°C/68°F or lower). (4) Stop the engine, open the engine hood <PIC>, loosen and remove the oil tank filler cap, then wipe the dipstick clean <PIC>. (5) Reinsert the dipstick fully, remove it again, and verify the oil level is between the minimum and maximum marks <PIC>. If low, add oil slowly; if overfilled, consult a Boat Dealer. Always ensure the engine is cool before checking to allow oil to settle in the sump. , [""Manual09_196"", ""Manual09_197"", ""Manual09_196""]"
256,"""How can I use the bilge pump of the boat?""","To use the bilge pump on your boat: (1) Locate the bilge pump switch—when turned on, the pump will operate manually. (2) Note that the bilge pump also operates automatically when excessive water is detected in the bilge, even if the battery switches are off. (3) While operating, the bilge pump indicator light will illuminate <PIC>. (4) The pump will continue running until most of the bilge water is drained. (5) Ensure all drain plugs are tightened before operation to prevent flooding <PIC>. (6) For electrical safety, verify the bilge pump fuse (rated 3 A) is intact; replace only with a spare fuse of the correct amperage using the fuse puller <PIC>. <PIC> , [""Manual09_202"", ""Manual09_201"", ""Manual09_203"", ""Manual09_198""]"
257,"""How to perform anchor light switch check while sailing?""","To perform the anchor light switch check while sailing, locate the navigation and anchor lights toggle switch. Push the lower side of the switch to activate the anchor light alone (""ANC"" position) — this is used when anchored at night. Verify that the anchor light illuminates properly. Ensure the switch returns smoothly to the center (off) position when released. For night running, push the upper side (""NAV"") to turn on both bow and anchor lights. Refer to pages 67–68 of the manual for further details. <PIC> <PIC> , [""Manual09_100"", ""Manual09_101""]"
258,"""When I want to start the boat, how do I turn on the boat's engine to get the machine started?""","To start the boat's engine: (1) Ensure the engine shut-off cord is attached to your wrist and clipped to the shut-off switch. (2) Turn the main switch to the ""ON"" position, then to the ""START"" position. (3) Push the green start switch <PIC> or pull the recoil starter briskly (if equipped). (4) Release the start switch immediately after the engine starts. (5) If using a choke, set the starter lever to ""Half-open"" and warm up the engine until it runs smoothly. <PIC> <PIC> , [""Manual20_48"", ""Manual34_115"", ""Manual34_112""]"
259,"""How do I turn a boat while sailing?""","To turn a boat while sailing (or operating a personal watercraft), steer by turning the handlebars in the direction you wish to travel <PIC>. The steering system changes the angle of the jet thrust nozzle, altering the direction of the watercraft. Since jet thrust strength determines both speed and turning ability, you must maintain throttle input during turns—steering control is lost if the throttle is fully closed, except at trolling speed <PIC>. For better turning performance, you may also adjust the bow-down position using the grip control <PIC>. Always consider wind and current conditions when maneuvering, especially near docks <PIC>. , [""Manual20_50"", ""Manual20_74"", ""Manual09_247"", ""Manual09_248""]"
260,"""How to operate the boat cross wakes and swells?""","Do not cross wakes and swells by jumping them. As stated in the manual: 'Sharp turns or jumping wakes or waves can increase the risk of back/spinal injury (paralysis), facial injuries, and broken legs, ankles and other bones. Do not jump wakes or waves.' <PIC> For safer operation in choppy conditions, maintain controlled speed, keep the bow down to improve stability and wave tracking, and avoid abrupt maneuvers. Always operate at safe speeds appropriate for water conditions and visibility. <PIC> , [""Manual20_18"", ""Manual09_245""]"
261,"""How do I load the boat when the cruise is over?""","The reference materials do not provide specific instructions for loading the boat after a cruise. However, for safe post-cruise boarding (e.g., re-boarding from a dock or jetty), follow these steps from the manual: (1) Board the boat from the side—one person at a time—by stepping in (never jump). Avoid stepping on wet, slick gelcoat surfaces like the gunwales. (2) Sit in one of the provided seats and place both feet on the deck. (3) Return the ladder to its stowed position before seating. <PIC> , [""Manual09_247""]"
262,"""How to flush the cooling system of the boat?""","To flush the cooling system of the boat: (1) Connect the garden hose adapter to a garden hose. <PIC> (2) Loosen and remove the flush hose connector cap, then insert and twist the garden hose adapter into the flush hose connector until securely connected. <PIC> (3) Connect the garden hose to a water tap. (4) Ensure the area around the boat is clear, then start the engine. Immediately after starting, fully turn on the water supply so water flows continuously from the jet thrust nozzle and cooling water pilot outlet. ⚠️ Never turn on the water before starting the engine — this could cause water to backflow through the muffler into the crankcase, resulting in severe engine damage. (5) Run the engine at fast idle for 3 to 5 minutes. (6) If the engine stops during flushing, turn off the water immediately and restart the procedure from step 4. (7) After flushing, turn off the water supply, then drain residual water from the exhaust system by alternately pushing the remote control lever up to half-throttle and back to idle for 10–15 seconds. (8) Stop the engine, remove the garden hose adapter, and reinstall and tighten the flush hose connector cap securely. ⚠️ Never leave the water on when the engine is not running. , [""Manual09_257"", ""Manual09_258""]"
263,"""How to replace the fuse of the boat?""","To replace the fuse of the boat, follow these steps: (1) Turn off the main switch to prevent accidental short circuiting. (2) Open the engine hood. (3) Unfasten the band and remove the fuse box from the air filter case. (4) Remove the fuse box cover by pushing both sides inward and pulling toward the bow. (5) If replacing the accessory fuse or bilge pump fuse, remove the fuse holder. (6) Use the fuse puller to remove the blown fuse, and replace it with a spare fuse of the correct amperage (e.g., accessory fuse: 20 A; bilge pump fuse: 3 A). Never substitute with a fuse of improper rating — this can cause electrical damage or fire. (7) Reinstall the fuse box cover, fuse holder (if used), fuse box, band, and engine hood. <PIC> , [""Manual34_241""]"
264,"""How to check the engine oil level of the boat?""","To check the engine oil level of the boat: (1) With the engine stopped, place the boat in a precisely level position on land or launch the boat. (2) Start the engine and run it at idling speed for 6 minutes or more (add 5 more minutes if ambient temperature is 20°C/68°F or less). (3) Stop the engine. (4) Open the engine hood. (5) Loosen and remove the oil tank filler cap/dipstick, then wipe the dipstick clean. (6) Reinsert the dipstick fully without screwing in the cap, then remove it again to check the oil level — it must be between the minimum and maximum level marks <PIC>. (7) If the level is below the minimum mark, slowly add recommended 4-stroke engine oil; if above the maximum mark, consult a Boat Dealer. (8) Securely reinstall the filler cap and close the engine hood <PIC>. , [""Manual09_196"", ""Manual09_197""]"
265,"""How to use the energy saving mode of a coffee machine?""","To use the energy saving mode of your coffee machine: 1. The machine automatically enters energy saving (power off) mode after 9 minutes of inactivity. 2. To manually turn the machine off before automatic power off, press both the Espresso and Lungo buttons simultaneously. 3. To exit energy saving mode and turn the machine back on, press either the Espresso or Lungo button. 4. To adjust the auto power-off delay time: with the machine turned off, press and hold the Espresso button for 3 seconds — the Espresso button will blink to indicate the current setting. Press it once for 9 minutes, again for 30 minutes, or a third time to deactivate the energy saving mode. 5. To exit energy saving mode *and enter normal operation*, you can also press the Lungo button for 3 seconds <PIC>. , [""Manual07_3""]"
266,"""How to change the default setting of the energy saving mode?""","To change the default setting of the energy saving mode: 1. With the machine turned off, press and hold the Espresso button for 3 seconds. <PIC> 2. The Espresso button will blink to indicate the current setting. <PIC> 3. Press the Espresso button once to set auto power-off after 9 minutes, press again for 30 minutes, or press a third time to deactivate the energy saving mode. <PIC> , [""Manual07_3"", ""Manual07_4"", ""Manual07_5""]"
267,"""How to program the water valume of a coffee machine?""","To program the water volume of your coffee machine: 1. Turn the machine on and wait for it to reach ready mode (steady lights). 2. Fill the water tank with potable water and insert a capsule. 3. Place a cup under the coffee outlet. 4. Press and hold the Espresso or Lungo button. 5. Release the button once the desired volume is served. 6. The water volume level is now stored. <PIC> <PIC> <PIC> , [""Manual07_24"", ""Manual07_25"", ""Manual07_26""]"
268,"""How should I do if I want to empty the system before not in use, for frost protection or before maintenance?""","To empty the system before a period of non-use, for frost protection, or before maintenance: 1. Press both the Espresso and Lungo buttons to turn the machine off — this enters the emptying mode. 2. Remove the water tank and open the lever. 3. Press and hold both the Espresso and Lungo buttons for 3 seconds — both LEDs will blink alternatively. Note: The machine will be blocked for 10 minutes after emptying mode. <PIC> <PIC> <PIC> , [""Manual07_24"", ""Manual07_25"", ""Manual07_26""]"
269,"""How should I do if I want to reset to factory settings of the coffee machine?""","To reset your coffee machine to factory settings: 1. Ensure the machine is turned off, then press and hold the Lungo button for 5 seconds. 2. The LEDs will blink fast 3 times to confirm the reset has been completed. 3. The LEDs will then continue to blink normally as the machine heats up; steady lights indicate it is ready. <PIC> <PIC> <PIC> , [""Manual07_33"", ""Manual07_34"", ""Manual07_35""]"
270,"""How should I clean my coffee maker after I use it so that it can last longer?""","To clean your coffee maker after each use and help it last longer: 1. Always unplug the machine before cleaning. 2. Never immerse the appliance or any part of it in water. 3. Do not use strong cleaning agents, solvent cleaners, sharp objects, brushes, or abrasive materials. 4. Clean the coffee outlet regularly with a soft damp cloth <PIC>. 5. The maintenance unit can be removed in separate pieces for easy cleaning <PIC>. 6. For long-term care, perform descaling regularly using the recommended descaling kit — this helps ensure optimal performance and longevity (see user manual for frequency based on water hardness). , [""Manual07_47"", ""Manual07_48""]"
271,"""How to open the swim platform of the boat\uff1f""","To open the swim platform hatch, follow these steps: (1) Ensure the engines are off and the boat is secure. (2) Locate the rear platform hatch—typically at the stern. (3) Open the rear platform hatch as described in the manual (see page 63). This may involve releasing latches or interlocks; note that the hatch has safety interlocks that shut off the engines if opened during operation. <PIC> For visual guidance, refer to the diagram showing the rear platform hatch opening procedure. <PIC> , [""Manual09_260"", ""Manual09_246""]"
272,"""How to open the livewell and add water on the boat?""","To open the livewell and add water on the boat, locate the livewell access port cap. Insert the cap so that the 'SET' mark aligns with the slot, then while pushing the handle, turn the cap clockwise until the 'SET' mark aligns with the edge of the access port <PIC>. Ensure the cap is perpendicular to the centerline of the boat and pull the handle forcefully to confirm it is locked securely <PIC>. Once opened, water can be added manually or via the onboard aerator system: use the aerator switch — push the 'MNL' side to circulate water continuously in the livewell <PIC>. , [""Manual09_107"", ""Manual09_107"", ""Manual09_107""]"
273,"""What is the maintenance setting screen of the boat controller?""","The maintenance setting screen displays the number of hours that the engines have been running since the last maintenance. After maintenance is performed, you can reset the operation hours by tapping the “Reset” button, then confirming with “YES” when prompted. To return to the screen without resetting, tap “NO”. <PIC> <PIC> <PIC> <PIC> , [""Manual09_76"", ""Manual09_77"", ""Manual09_78"", ""Manual09_79""]"
274,"""In the boat's steering position, what does the factory reset screen show?""","The factory reset screen in the boat's steering position displays a confirmation interface with a 'Reset' button. When the 'Reset' button is tapped, a confirmation message appears prompting the user to confirm the action; tapping the 'YES' button proceeds with resetting all settings to factory defaults. <PIC> <PIC> , [""Manual09_80"", ""Manual09_81""]"
275,"""What is the trip screen shown?""","The trip screen displays the hours of engine operation, fuel consumption, and other related information. It includes a menu (showing 4 items at a time), a scrollbar for navigation, and a 'Reset' button. To reset a specific item, touch and hold it for several seconds; to reset all items, tap the 'Reset' button. Note that some items (e.g., total engine hours) cannot be reset. <PIC> <PIC> , [""Manual09_69"", ""Manual09_70""]"
276,"""When I am ready to sail, if everything is ready, how do I make the boat move forward?""","To make the boat move forward when everything is ready: 1. Sit in the seat with both feet on the footwell floor. 2. Grip the handlebars firmly with both hands. 3. Start the engine. 4. Look in all directions to ensure the area is clear. 5. Gently apply throttle — forward motion begins as jet thrust is engaged. Note: Steering requires throttle input; you will lose steering control if the throttle is fully released to idle <PIC>. For safe operation, always maintain adequate stopping distance and avoid sudden maneuvers <PIC>. , [""Manual20_50"", ""Manual09_245""]"
277,"""How do I check the boat's steering system when I'm driving it?""","When driving the boat, you cannot perform a full pre-operation steering system check (which requires the boat to be on land and two people). However, while underway, you can monitor steering responsiveness and behavior: ensure the steering wheel/handlebars move smoothly without excessive free play; confirm the boat responds promptly and predictably to turns; and verify that throttle is applied during turns—steering control is lost if the throttle is completely pulled back to idle. Also, observe that the jet thrust nozzles change direction in sync with steering input (e.g., nozzle points right when turning right). If you notice delayed response, looseness, or asymmetry, stop operation and inspect ashore or consult a dealer. <PIC> , [""Manual09_205""]"
278,"""How should fire extinguishers be stored on board and where should they be placed?""","Fire extinguishers must always be kept in the fire extinguisher container and carried on board. The fire extinguisher container is located in the battery compartment <PIC>. To access it, remove the seat and turn the container cap counterclockwise <PIC>. Always ensure the container cap is tightened securely after inserting the extinguisher. Note: A fire extinguisher is not standard equipment — if you do not have one, contact a Yamaha dealer or fire extinguisher dealer to obtain a USCG-approved B-1 classification unit with 2 lb or more capacity. , [""jetski_04"", ""jetski_05""]"
279,"""How to care the throttle-cable of the boat?""","To care for the throttle cable of the boat, grease the throttle-cable inner wires at the pulley wheel of the APS. <PIC> , [""Manual09_263""]"
280,"""How do I charge the camera battery when I'm not using it?""","To charge the camera battery when not in use: 1. Remove the battery from the camera to prevent excessive discharge and preserve service life. 2. Use only a compatible battery pack (BP-511A, BP-514, BP-511, or BP-512) and ensure it is properly attached to the correct charger. 3. Charge using a standard outlet — do not use power converters or incompatible chargers. 4. After the red lamp lights, continue charging for one additional hour to attain a full charge <PIC>. 5. For long-term storage, keep the battery at approximately 40–60% charge, store it in a cool, dry place, and recharge it every few months if unused for extended periods. , [""Manual10_15""]"
281,"""How to install the camera battery when another one is power off?""","To install the camera battery when another one is powered off: 1. Ensure the camera is turned off by setting the power switch to <OFF>. 2. Open the battery compartment cover by sliding the lever as shown <PIC>. 3. Insert a fully charged BP-511A (or compatible) battery pack properly into the compartment, aligning the markings. 4. Close the battery compartment cover tightly <PIC>. Note: Do not open the battery compartment during sensor cleaning or while the camera is writing images to the CF card, as this may cause damage or data loss. , [""Manual10_16"", ""Manual10_235""]"
282,"""How do I connect the camera using a household power socket?""","To connect the camera using a household power socket, you need the optional AC Adapter Kit ACK-E2. First, insert the DC Coupler into the camera’s battery compartment (open the cover and DC coupler cord notch cover, then insert until locked and route the cord through the notch). Next, connect the DC Coupler’s plug to the AC adapter’s socket, connect the power cord to the AC adapter, and insert the plug into a household power outlet (AC 100–240 V). Finally, place the cord in the groove to secure it. <PIC> <PIC> , [""Manual10_18"", ""Manual10_19""]"
283,"""How do you mount the lens of a camera when preparing for photography?""","To mount the lens of a camera: 1. Remove the rear lens cap and the camera body cap by turning them as shown by the arrow. 2. Align the lens with the appropriate mount index — use the white EF-S lens mount index for EF-S lenses <PIC>, or the red EF lens mount index for non-EF-S lenses <PIC>. 3. Gently turn the lens clockwise (as indicated by the arrow) until it clicks securely into place. 4. Set the lens focus mode switch to <AF> for autofocus operation <PIC>. 5. Finally, remove the front lens cap. , [""Manual10_21"", ""Manual10_22"", ""Manual10_23""]"
284,"""How do you install the card into a camera before photography?""","To install the CF card into the camera before photography: 1. Open the CF card cover by sliding it as shown by the arrow <PIC>. 2. Insert the CF card with the label side facing you and the end with the small holes first, ensuring correct orientation to avoid damage <PIC>. 3. Close the cover and slide it in the direction shown by the arrow until it snaps shut <PIC>. Make sure the CF card is properly installed — the camera will not shoot if no card is detected (CF Card Reminder feature) <PIC>. , [""Manual10_24"", ""Manual10_26"", ""Manual10_27"", ""Manual10_157""]"
285,"""Have you ever wondered how to remove the camera shutter button? Understanding this process can enhance your photography experience and allow for quick repairs!""","The shutter button is not designed to be removed by the user. It is an integrated control component intended for operation—not disassembly. Pressing it halfway activates autofocus and auto-exposure; pressing it fully captures the image. For maintenance or repair involving internal components (e.g., shutter mechanism), please contact an authorized service center. Attempting to remove or disassemble the shutter button may damage the camera and void the warranty. <PIC> , [""Manual10_30""]"
286,"""How do I replace the camera's date/time battery?""","To replace the date/time (backup) battery: 1. Turn the power switch to <OFF>. 2. Open the battery compartment cover. 3. Remove the battery holder. 4. Replace the CR2016 lithium battery in the holder, ensuring correct +/− orientation.<PIC><PIC><PIC><PIC> 5. Reinstall the battery holder and close the cover. Note: The date/time setting will be reset after replacement—you must reconfigure it manually via the menu. , [""Manual10_46"", ""Manual10_47"", ""Manual10_48"", ""Manual10_49""]"
287,"""How to set an off-center subject mode of a camera?""","To focus on an off-center subject, use Focus Lock in One-Shot AF mode: First, aim the center AF point at the subject and press the shutter button halfway to achieve focus. Then, while keeping the shutter button pressed halfway, recompose the frame so the subject is off-center. Finally, press the shutter button fully to take the picture. <PIC> , [""Manual10_106""]"
288,"""Before taking photos, we need to know How to use the eyepiece cover of the camera?""","To use the eyepiece cover: During self-timer or remote switch operation — when your eye does not cover the viewfinder eyepiece — stray light may enter and affect exposure. In such cases, attach the eyepiece cover by sliding it down into the eyepiece groove <PIC>. The eyepiece cover is also attached to the camera strap (p.89) <PIC>. , [""Manual10_155"", ""Manual10_9""]"
289,"""How do I select the AF Mode when before taking a picture?""","To select the AF mode before taking a picture: 1. Set the Mode Dial to a Creative Zone mode (P, Tv, Av, M, or A-DEP). 2. Press the <AF-WB> button. 3. While looking at the LCD panel, turn the <Main Dial> to select the desired AF mode: ONESHOT (for still subjects), AIFOCUS (automatically switches from One-Shot to AI Servo if the subject starts moving), or AISERVO (for continuously moving subjects) <PIC><PIC>. Note: AF mode selection is not available in Basic Zone modes — it is set automatically there. , [""Camera_30"", ""Camera_31""]"
290,"""How to set the camera model to \""P\"" model?""","To set the camera to ""P"" (Program AE) mode: 1. Locate the Mode Dial on your camera. 2. Rotate the Mode Dial to align with the <P> position. <PIC> 3. Focus on your subject by looking through the viewfinder, positioning an AF point over the subject, and pressing the shutter button halfway. <PIC> 4. Confirm the automatically set shutter speed and aperture are displayed in the viewfinder and on the LCD panel — they should not blink for correct exposure. <PIC> , [""Manual10_115"", ""Manual10_116"", ""Manual10_117""]"
291,"""After or during shooting, how can I view the camera image on TV for better clarity?""","To view captured images on a TV for better clarity: 1. Turn off both the camera and TV before connecting. 2. Open the camera's terminal cover and connect the provided video cable from the camera's VIDEO OUT terminal to the TV's VIDEO IN terminal—insert the plug fully. 3. Turn on the TV and switch its input source to 'Video IN'. 4. Press the <PLAY> button on the camera to start playback; the image will appear on the TV screen (the camera's LCD monitor will not display anything). 5. Ensure the camera's [Video system] setting matches your TV's format (NTSC or PAL) — if mismatched, the image may not display properly or may be cut off at the edges. <PIC> <PIC> , [""Camera_55"", ""Manual10_182""]"
292,"""How can I delete a single image from my camera if I don't like the photo?""","To delete a single image from your camera: 1. Display the image you want to erase (in single-image or image info display mode). ● Press the button. 2. Select the image to be erased — turn the dial to highlight it. 3. Display the erase menu — press the button; the Erase menu will appear at the bottom of the screen. 4. Turn the dial to select [Erase], then press . The access lamp will blink and the image will be erased. <PIC> <PIC> <PIC> , [""Camera_57"", ""Manual10_184"", ""Manual10_185""]"
293,"""How can I erase all images from my camera if I don't like these.""","To erase all images from your camera: 1. Display an image on the screen. Press the <PIC> button. 2. Display the erase menu by pressing the <PIC> button again—the Erase menu will appear at the bottom of the screen. 3. Turn the dial to select [All], then press <PIC>. A confirmation dialog will appear. 4. Turn the dial to select [OK], then press <PIC>. All unprotected images will be erased. Note: Protected images will not be erased—only formatting the CF card will remove them (which erases everything, including protected images). , [""Manual10_184"", ""Manual10_185"", ""Manual10_186"", ""Camera_59""]"
294,"""How do I print photos using the camera's CP direct method after taking them?""","To print photos using the camera's CP Direct method after taking them: 1. Ensure the camera is powered on and the images are saved on the CF card. 2. Connect the camera to a CP Direct–compatible printer using the dedicated interface cable (do not use other cables). 3. On the camera menu, set [Communication] to [PTP] <PIC>. 4. Select the image(s) to print — ensure the $<\!\!\nabla\!\!\circ\!\!\!\!\slash>$ icon appears on the LCD monitor’s upper left <PIC>. 5. Turn the $<\!\!\in\!\!\supset\,>$ dial to select the image, then press $<\widehat{\sf{S E I}}>$ to display the print setting screen. 6. Set printing options such as [Style], [Paper settings], and [Print Type] (e.g., [Index] for multiple thumbnails per sheet) <PIC>. 7. Turn the $<\!\!\in\!\!\supset\,>$ dial to select [OK], then press $<\widehat{\sf{S E I}}>$ to start printing. Note: RAW images are not supported for direct printing, and the camera battery must be fully charged <PIC>. , [""Manual10_188"", ""Manual10_212"", ""Manual10_194"", ""Manual10_190""]"
295,"""How do you set up the camera to fine tune the model when using it?""","To fine-tune the camera model setup, refer to the physical and software adjustments described in the Camera Installation Guide: (1) Aim the lens by viewing through the camera on the Dashboard to fine-tune the picture; (2) The camera sensor and lens unit can be physically tilted up to 65°, rotated up to 350°, and panned up to 350°; (3) Image rotation is limited to 180° in software only — no other software-based geometric adjustments are supported; (4) Zoom and focus are adjustable remotely (via Dashboard), not physically on the camera; (5) After installation, remove the protective plastic sticker and verify LED function, then use the Dashboard to adjust focus and configure other settings. <PIC> <PIC> <PIC> , [""Manual33_6"", ""Manual33_7"", ""Manual33_8""]"
296,"""After the earphones is in my hand, what are the components I should have?""","When the earphones are in your hand, you should have the following components: 1. Left and right truly wireless earbuds (each with a multifunction button and Status LED indicators); 2. A charging case with Battery Level LED Indicators and a power button on the right side; 3. USB-C charging cable (for powering the case via the port at the back of the case) <PIC>; 4. Standard USB cable (to connect the USB-C cable to a USB power source) <PIC>. The earbuds also feature Active Noise Canceling and support voice control when enabled via the companion app. , [""Manual12_0"", ""Manual12_1""]"
297,"""If the case battery of earphones is low, how can I charge is?""","To charge the earphones' charging case: 1. Insert the USB-C cable into the charging port located at the back of the charging case. 2. Connect the other end of the cable to a suitable USB power source (e.g., USB wall adapter or computer USB port). 3. The Battery Level LED Indicators on the case will light up to show the current charge level. You can also check the case battery level at any time by pressing the button on the right-hand side of the case. <PIC> <PIC> , [""Manual12_0"", ""Manual12_1""]"
298,"""When bluetooth are pairing and connecting, what scenarios I might encounter?""","During Bluetooth pairing and connecting, you may encounter the following scenarios based on the reference documentation: 1. **Automatic reconnection**: If the earbuds have been previously paired to a nearby device, they will automatically reconnect to it when powered on and within range <PIC>. 2. **Manual pairing mode**: When removed from the case, earbuds enter pairing mode — ensure Bluetooth is ON on your phone and select ‘earphones’ from the available devices list <PIC>. 3. **Multipoint connection setup**: To pair with a second device (e.g., smartphone + computer), you must first turn Bluetooth OFF on the already-paired device to force disconnection and make earbuds discoverable for the new pairing <PIC>. 4. **Manual entry into pairing mode**: Press and hold either earbud to drop the current connection and initiate pairing mode <PIC>. 5. **LED status indication**: The earbuds’ status LEDs visually reflect pairing progress and connection state (e.g., flashing vs. solid light) — refer to the LED indicators guide <PIC>. , [""Manual12_6"", ""Manual12_7"", ""Manual12_11"", ""Manual12_12"", ""Manual12_0""]"
299,"""What are the two main controling functions of earphones?""","The two main controlling functions of the earphones are: (1) Controlling Music (e.g., play, pause, skip, volume adjustment, and music app activation), and (2) Controlling Calls (e.g., accept, reject, and end calls). These functions can be performed via touch controls, voice commands (e.g., 'Hey assistant' followed by commands), or the companion app <PIC>. , [""Manual12_13""]"
300,"""Besides the two main controling functions, what other functions of the earphones can I operate?""","Besides the two main controlling functions (music and calls), you can also operate the following functions on your earphones: 1. Activate phone Voice Assistant or music app via button press-and-hold to first beep; 2. Toggle Ambient Awareness and ANC Modes by pressing the left earbud; 3. Enable/Disable Low Latency Mode (for improved lipsync and gaming) via press-and-hold to second beep; 4. Use voice commands (e.g., 'Play', 'Pause', 'Volume Up', 'Ambient ON', 'Noise Canceling OFF', 'Spotify', 'Accept', 'Reject') after enabling 'Hey assistant' in the earphones App; 5. Connect to two devices simultaneously using Multipoint Bluetooth Connection; 6. Perform factory reset (6-sec hold) or hardware reset (10-sec hold) when needed <PIC>. For full customization—including button actions, firmware updates, and advanced features—use the earphones App. , [""Manual12_8""]"
301,"""If my earphones won't work, how can I reset them?""","If your earphones won't work, you can perform a reset as follows: First, ensure the earbuds are disconnected from Bluetooth and removed from the charging case. To perform a factory reset (which erases all settings), press and hold either earbud for 6 seconds <PIC>. To perform a hardware reset (which restarts the earphones), press and hold for 10 seconds, then press again to power on <PIC>. , [""Manual12_11"", ""Manual12_12""]"
302,"""What are the maintenance and care policies of the earphones?""","The maintenance and care policies for the earphones are as follows: - Clean your earphones regularly using only a soft cloth or paper towel; never use harsh chemicals, detergents, alcohol, ammonia, benzene, or abrasive cleaners. - Ensure earphones are completely dry before charging. - Store them in a cool, dry place when not in use. - Avoid exposing earphones to high temperatures (above 100°F), extreme cold, direct sunlight, water, or excessive physical force (e.g., dropping, crushing, or yanking cables). - Do not attempt self-repair — contact a qualified service center if service is needed. - Recycle or dispose of earphones responsibly per local municipal regulations."
303,"""From three different observing views, what buttons and interfaces should this eReader have?""","From three different observing views, the eReader's buttons and interfaces are as follows: • FRONT VIEW: Includes [1] Home/ESC button (for canceling operations or returning to previous interface), [2] Prev/Next Page buttons, [3] Navigation/Menu button (4-way directional + confirm), [4] Zoom in/out button (for JPEG zoom and eBook font size adjustment), [5] Rotate button (for screen orientation switching), [6] 3.5 mm Earphone Jack, [14] Speaker (0.5W), and [15] 7” TFT LCD Display Screen <PIC>. • BOTTOM VIEW: Features USB charging mode indicator (charging battery icon), brightness control (5 levels), color setting (5 selectable text colors), bookmark management ('Del mark' via 'M' button), zoom (Small/Medium/Large font sizes), rotate function (in eBook mode), browser modes ('Auto Mode' and 'Manual Mode'), and flip time settings (10–30 sec intervals) <PIC>. Also includes general operation guidance for Power ON/OFF <PIC>. • MAIN MENU INTERFACE (software view): Displays functional icons including 'Browser History', 'eBook', 'Music', 'Video', 'Photo', 'Record', 'Explorer', and 'Settings' — accessible from the home screen <PIC>. , [""Manual13_1"", ""Manual13_6"", ""Manual13_3"", ""Manual13_3""]"
304,"""What do the functions of Main Menu and Browser History of the eReader can do?""","The 'Main Menu' serves as the central interface of the eReader, displaying all available functions including 'Browser History', 'eBook', 'Music', 'Video', 'Photo', 'Record', 'Explorer', and 'Settings'. From here, users can select any desired function to enter its respective mode. <PIC> The 'Browser History' displays a list of recently browsed files (e.g., eBooks). Using the navigation keys, users can select a book and press the 'M' button to resume reading from the last page accessed. Note: If recently read files are deleted from the Micro SD card, their entries remain in the Browser History list—but they cannot be opened. <PIC> , [""Manual13_3"", ""Manual13_4""]"
305,"""When in eBook mode of this eReader, what will happen after pressing \""M\"" botton?""","When in eBook mode, pressing the ""M"" button opens a menu with multiple options including: ""Page Jump"", ""Save Mark"", ""Load Mark"", ""Del Mark"", ""Browser Mode"", ""Flip Time"", ""Brightness"", and ""Set color"". <PIC> , [""eReader_08""]"
306,"""If I want to listen to music using this eReader, what should I do?""","To listen to music on your eReader, follow these steps: 1. Transfer audio files (MP3, WMA, WAC, AAC, or ECT format) to the device by connecting it to your computer via USB cable and dragging the files into the device storage. 2. From the main menu, open the audio files list, select your desired audio file, and press 'M' to enter Music Mode. 3. Use the [Play/Pause] button (button [9] on the front) to start or pause playback. 4. Adjust volume using the Volume +/− buttons ([11] and [12]) or the navigation keys. You can also use the left/right keys to skip tracks or hold them to fast-forward/rewind. <PIC> For visual guidance, refer to the Music Mode operation diagram. <PIC> , [""Manual13_7"", ""Manual13_8""]"
307,"""Can this eReader record voice? If so, how do I operate this feature?""","Yes, this eReader supports voice recording. To operate the feature: 1. Select 'Record' in the main menu, then press the 'M' button to enter voice record mode. 2. Press the 'Play/Pause' button to start recording. 3. Press 'Play/Pause' again to pause, or press the 'HOME' button to stop recording. 4. After recording, you’ll be prompted to save — press 'M' to select 'YES' or 'NO'. <PIC> <PIC> , [""Manual13_11"", ""Manual13_12""]"
308,"""I can't find the way to play video using this eReader, can you tell me how to do that?""","To play video on your eReader, follow these steps: 1. Go to the 'Video' menu and press the 'M' key to enter Video mode. 2. Your eReader supports AVI, RMVB, MPEG2, MOV, and MP4 video formats. 3. Once in Video mode, select the desired video file to begin playback. <PIC> For additional controls during playback (e.g., subtitle language, time play, full screen, brightness), press the 'M' button again while playing a video. <PIC> , [""Manual13_9"", ""Manual13_10""]"
309,"""Can this eReader become a photo viewer? If so, how do I operate this feature?""","Yes, this eReader can function as a photo viewer. It supports JPG, GIF, and PNG image formats. To view photos: insert a micro SD card (up to 16GB) containing your images, power on the device, and navigate to the photo viewer mode. Once viewing a photo: press the 'Play/Pause' key to rotate it counter-clockwise <PIC>, and use the dedicated 'Zoom in/out' keys to adjust magnification. Note that larger files may take longer to load or rotate. , [""Manual13_10""]"
310,"""When using this eReader, what kinds of trobles might I encounter and how to solve them?""","When using this eReader, you may encounter the following common issues and their solutions: 1. **Cannot power on**: - Charge the device until the power indicator bar is full <PIC>. - If still unresponsive, the device may be defective — contact the manufacturer for assistance. 2. **Cannot charge**: - Check if the AC adaptor is defective (contact manufacturer for replacement). - Try charging via AC adaptor instead of computer, as USB charging from a computer is slower. - Ensure the USB cable is not defective (contact manufacturer for replacement if needed). 3. **No sound or noise with earphones**: - Adjust volume to ensure it’s not set to 0. - Try a different pair of earphones. - Use high-bitrate music files — low-quality files may cause distortion. 4. **Cannot download files**: - Check for a defective USB cable. - Ensure the eReader’s memory is not full. - For Windows 98 users: install a USB 2.0 driver (downloadable from the manufacturer’s website). 5. **Cannot play music files**: - This eReader supports most popular audio formats (MP3, WMA, WAV), so verify file compatibility and integrity. 6. **Physical or environmental issues**: - Avoid exposure to moisture, extreme temperatures (outside 32–120°F / 0–50°C), dust, or impact. - Do not drop, bend, crush, or apply pressure to the screen or body. - Clean only with a soft, dry cloth — no harsh chemicals. - Store in the provided leather case when not in use. 7. **Firmware or software issues**: - Visit the manufacturer’s website for firmware updates and the latest user manual. ⚠️ Important: Do NOT attempt self-repair, disassembly, or battery replacement — contact the manufacturer for all such cases. , [""Manual13_3""]"
311,"""When connecting the fax, hwo can I properly finish the procedure?""","To properly finish the fax connection procedure, please refer to the Quick Setup Guide for correct installation steps. The documentation emphasizes that installation must be performed correctly according to the Quick Setup Guide and warns against using unauthorized cables or extension cords. For safety and proper operation, ensure the power plug is fully inserted into a grounded AC outlet, and verify the local power supply rating matches the product’s requirements. If you encounter issues during setup, contact brand of the fax Customer Service or an Authorized Service Center for assistance. <PIC> , [""Manual10_188""]"
312,"""What should I pay attention to in order to ensure my safety when using this fax?""","To ensure your safety when using this fax, please pay attention to the following key points: 1. Read the Product Safety Guide before operation or maintenance, and follow all warnings and instructions marked on the product <PIC>. 2. Choose a safe location: place it near a telephone wall jack and a standard AC power outlet; avoid unstable surfaces, busy areas, or locations where cords may be stepped on or strained <PIC>. 3. Prevent electrical hazards: do not use damaged or frayed power cords; do not pull on the cord’s middle; avoid extension cords or unauthorized cables <PIC>. 4. Keep liquids and metal objects away — if liquid is spilled into the product or on the power plug, unplug immediately and contact Authorized Service Personnel <PIC>. 5. Never attempt self-service — opening covers may expose you to dangerous voltage and void warranty; refer all servicing to a brand of the fax Authorized Service Center <PIC>. 6. Do not use during thunderstorms, and unplug immediately if the product becomes unusually hot, emits smoke or strong odors, or has been dropped or exposed to water . , [""fax_01"", ""Manual15_2"", ""Manual15_6"", ""Manual15_4"", ""Manual15_4""]"
313,"""In order to keep your fingers safe, what should you pay attention to about the fax?""","To keep your fingers safe when using the fax, be careful not to put your fingers in the areas shown in the illustrations <PIC>, especially when changing the tray size — avoid pinching your fingers in the gaps or slots in the bottom of the tray <PIC>. These areas pose a risk of injury. Always follow all safety warnings and instructions marked on the product and in the manual. , [""Manual15_7"", ""Manual15_8""]"
314,"""I'm about to move this fax. Is there anything I should pay attention to?""","When moving your fax machine, please pay attention to the following safety precautions: 1. Unplug the device from the AC power outlet before moving it. 2. Avoid placing it on an unstable surface—ensure the new location has a stable, level surface and is near both a telephone wall jack (for fax models) and a grounded AC power outlet. 3. Keep the power cord untangled and undamaged; do not stretch, strain, or pull on the cord, and never use extension cords. 4. Do not place the fax where the cord could be stepped on or tripped over. 5. If the unit was dropped or shows casing damage, contact an Authorized Service Personnel before reuse. 6. Keep plastic packaging materials away from children to prevent suffocation risk. For full guidance, refer to the Product Safety Guide <PIC>. , [""fax_01""]"
315,"""Are caution or warning labels inside the fax important? If not, can I remove them?""","Yes, caution or warning labels inside the fax are important for safety and proper operation. According to the safety instructions, you must NOT remove or damage any of the caution or warning labels inside the product. Removing them may compromise safety awareness, void your warranty, or increase risk of injury or equipment damage. <PIC> , [""Manual15_14""]"
316,"""If I'm in Canada, is there any statement of the fax vailable in my country?""","Yes, the Statement of Limited Product Warranty is available and applicable in Canada. As stated in the warranty documentation: 'The limited warranty [...] applies only to the appliance sold to you, the first using purchaser, provided that the Product was purchased [...] Within the United States or Canada, and has at all times remained within the country of original purchase.' This confirms that the warranty — including its terms and coverage — is valid for products purchased and used in Canada."
317,"""When using the grill, how to connect regulator to the LP Tank?""","To connect the regulator to the LP tank: 5. Hold the regulator and insert the nipple into the LP tank valve. Hand-tighten the coupling nut, holding the regulator in a straight line with the LP tank valve to avoid cross-threading. The nipple must be centered into the LP tank valve. <PIC> 6. Turn the coupling nut clockwise and tighten to a full stop. The regulator will seal on the back-check feature in the LP tank valve, resulting in some resistance. An additional one-half to three-quarters turn is required to complete the connection. Tighten by hand only—do not use tools. <PIC> NOTE: If you cannot complete the connection, disconnect the regulator and repeat steps 5 and 6. If you are still unable to complete the connection, do not use this regulator! <PIC> , [""drill0_04"", ""drill0_05"", ""drill0_06""]"
318,"""To engure my safety when using the grill, how to do leak testing on valves, hose and regulatol?""","To ensure your safety, perform a leak test on valves, hose, and regulator as follows: 1. Turn all grill control knobs to OFF. 2. Use a clean paintbrush and a 50/50 mild soap and water solution — brush the soapy solution onto all connections (valve, hose, and regulator) and areas indicated by arrows in the manual <PIC>. 3. If 'growing' bubbles appear, there is a leak — immediately close the LP tank valve and retighten connections. 4. If leaks persist, do not attempt repair; contact Sears for replacement parts or your LP gas supplier/fire department. 5. Never use an open flame or household cleaning agents for leak testing. Always conduct the test outdoors in a well-ventilated area, away from ignition sources and while not smoking. 6. After testing, always close the LP tank valve by turning the OPD hand wheel clockwise to a full stop <PIC>. , [""Manual19_6"", ""Manual19_74""]"
319,"""What should I pay attention to on ablout indirect cooking using the grill?""","The provided reference materials do not contain specific guidance or safety instructions regarding indirect cooking on the grill. For best practices on indirect cooking — such as burner configuration, heat zone setup, lid usage, and temperature management — please consult the official Use and Care Guide included with your grill or visit the manufacturer’s support website. If you need further assistance, contact customer service at 1-800-241-7548."
320,"""What are the first three steps in assembly process of the grill according to the manual?""","The first three steps in the assembly process of the grill, as stated in the manual, are: 1. Tip the grill forward, then lift it out. 2. Remove the old filter. 3. Slide a new charcoal filter into place—the filter should rest at the angle shown <PIC>. , [""Manual24_51""]"
321,"""Can you share me some safety tips using the grill?""","Certainly! Here are key safety tips for using your gas grill, based on the official guidelines: · Use the grill **outdoors only**, in a **well-ventilated area** — **NEVER** in enclosed spaces like garages, porches, covered patios, or under overhead structures. <PIC> · Maintain **at least 3 ft. clearance from walls or surfaces**, and **10 ft. clearance from flammable objects or ignition sources** (e.g., water heater pilot lights, electrical appliances). <PIC> · **Never use charcoal or ceramic briquets** in a gas grill unless specifically supplied with your model. · Before opening the LP tank valve, **check that the coupling nut is tight**. Always **turn off all control knobs and the LP tank valve** when the grill is not in use. · **Do not leave the grill unattended** during preheating or high-heat cleaning cycles — grease fires can occur if the grill isn’t regularly cleaned. · If a grease fire occurs: **turn off all knobs and the LP tank valve immediately** — **do NOT use water**, and **do NOT attempt to smother it by closing the lid**, as grills are designed to be well ventilated. · **Keep children away** from the grill, and **keep the grill area clear of combustible materials**. · **Never move the grill while operating or still hot** — use long-handled utensils and oven mitts to prevent burns. · Always **perform a leak test** before first use or after reconnecting the LP tank. If bubbles appear at connections, close the valve immediately and retighten — do not use if leaks persist. For full details, refer to your Use and Care Guide. , [""Manual19_6"", ""Manual19_0""]"
322,"""What are identification numbers of my jetski? I don't understand that.""","Your jetski has three key identification numbers you should record for service, parts ordering, or theft recovery: A. Frame Number: A nine-digit number stamped on the frame (see <PIC>). B. Engine Number (Primary I.D.): Stamped on the engine (see <PIC>). C. Key Number: Located on the ignition key (see <PIC>). Also note: The Hull Identification Number (HIN) and Primary Identification (PRI-ID) number are required for official documentation and parts ordering — these are typically listed in your Owner’s Manual or on compliance labels. For exact locations, refer to Figures A and B in your manual. , [""Manual34_0"", ""Manual34_1"", ""Manual34_2""]"
323,"""I've heard that my jetski has cruising limitations. Please introduce them.""","Your jetski has several important cruising limitations for safety: - Never operate in water less than 60 cm (2 ft) deep to avoid submerged objects and potential injury. - Avoid rough water, bad weather, or poor visibility — always check forecasts before riding. - Do not operate after sunset or before dawn; the watercraft lacks required lighting for night use. - Scan constantly for people, objects, and other watercraft; maintain safe speeds and distances. - Avoid sharp turns, jumping wakes/waves, or aggressive maneuvers that increase risk of ejection, loss of control, or collision. - Do not follow directly behind other vessels or spray others with water. - Ride within your personal skill limits and ensure someone is nearby — especially if riding beyond swimming distance from shore. - This watercraft is legally classified as a powerboat and must comply with local and international Rules of the Road <PIC>. , [""Manual20_16""]"
324,"""I've heard that my jetski has cruising limitations. Please introduce them.""","Your jetski has several important cruising limitations for safety: - Never operate in water less than 60 cm (2 ft) deep to avoid hitting submerged objects <PIC>. - Do not jump wakes or waves, and avoid sharp turns — these maneuvers increase the risk of spinal injury, facial injuries, and broken bones <PIC>. - Do not operate after sunset or before dawn; the watercraft lacks required lighting for night operation, increasing collision risk <PIC>. - Avoid rough water, bad weather, or poor visibility — always check forecasts and prevailing conditions before riding <PIC>. - Maintain constant awareness: scan for people, objects, and other watercraft; operate defensively at safe speeds; keep a safe distance; never follow closely or spray others <PIC>. - Ride within your personal limits and avoid aggressive maneuvers to prevent loss of control, ejection, or collision <PIC>. - This watercraft is legally considered a powerboat — you must comply with local, state, and international Rules of the Road . , [""Manual20_16"", ""Manual20_18"", ""Manual20_17"", ""Manual20_17"", ""Manual20_17"", ""Manual20_26""]"
325,"""What are the operation requirements if I want to use my jetski?""","To safely operate your jetski, the following requirements must be met: 1. All operators must read the Owner’s/Operator’s Manual, Riding Practice Guide, Riding Instruction card, and all warning/caution labels, and watch the Basic Orientation Video <PIC>. 2. The minimum recommended operator age is 16 years old; minors must be supervised by an adult, and you must comply with your state’s boating safety course and licensing requirements. 3. All riders must wear a U.S. Coast Guard–approved personal flotation device (PFD) suitable for personal watercraft use <PIC>. 4. Protective clothing — such as a wetsuit bottom or thick, tightly woven, snug-fitting apparel (e.g., denim) — is required to prevent injury from forced water entry; spandex or similar fabrics are not acceptable <PIC>. 5. Your jetski is legally classified as a powerboat and must be operated in accordance with the International Rules of the Road and local waterway regulations . 6. Recommended onboard equipment includes a sound-signaling device (e.g., whistle), visual distress signals, a watch, and a towline. , [""Manual20_12"", ""Manual20_19"", ""Manual20_26""]"
326,"""What kinds of watercraft characteristics does my jetski have?""","Your jetski is a personal watercraft propelled by jet thrust, which directs water to turn and maneuver the craft. Releasing the throttle completely produces only minimum thrust; steering ability decreases rapidly at speeds above trolling without throttle input. It is designed for one operator and one passenger, with a maximum load capacity of 160 kg (353 lb), including cargo, operator, and passenger. Operation requires adherence to boating rules of the road, as it is legally classified as a powerboat. For safe operation, all riders must wear a USCG-approved personal flotation device (PFD) and protective clothing—such as a wetsuit bottom or snug-fitting, sturdy apparel—to guard against injury from jet thrust forces <PIC>. Additional key components include the intake grate, jet intake, cooling water pilot outlet, and adjustable sponsons for enhanced handling <PIC>. <PIC> , [""Manual20_24"", ""Manual20_30"", ""Manual20_19""]"
327,"""When encountering vessels driving my jetski, what rules should I obey?""","When encountering other vessels while operating your jetski, you must follow the 'Rules of the Road'—as jetskis are legally considered powerboats. Key rules include: 1. **Meeting head-on**: Neither vessel has right-of-way; both must alter course to pass port-to-port (keep the other vessel on your left side) <PIC>. 2. **Crossing situations**: The vessel approaching from your right has right-of-way; you are the give-way vessel <PIC>. 3. **Overtaking**: You are the give-way vessel when passing another vessel—maintain safe distance and clear the vessel before resuming course <PIC>. 4. **Narrow channels/bends**: Keep to the right when safe and practical <PIC>. 5. **General prudential rule**: If collision appears unavoidable, both vessels must take action to avoid it—even if normally one would be the stand-on vessel . Always maintain a safe distance, use a sound-signaling device (e.g., whistle), and check behind you before turning . , [""Manual20_26"", ""Manual20_27"", ""Manual20_29"", ""Manual20_22""]"
328,"""I'd like to remove and install the seat of my jetski, what steps should I follow?""","To remove the seat: Pull the seat latch <PIC> up, and then pull the seat off. To install the seat: Insert the projection on the front of the seat into the stay on the deck, and then push the rear of the seat down to lock it in place securely. NOTE: Make sure that the seat is properly secured before operating the watercraft. , [""Manual20_34""]"
329,"""In daily usage, how to open and close the hood of the jetski?""","To open the hood of the jetski: Push the hood latch <PIC> down, and then lift the hood up. To close the hood: Push the hood down until it latches securely in place. NOTE: Always ensure the hood is fully secured before operating the watercraft. , [""Manual20_36""]"
330,"""I've noticed that there are two different kinds of filler caps on the jetski. How to remove them?""","There are two main types of filler caps on the jetski: the fuel tank filler cap and the oil tank filler cap. To remove the **fuel tank filler cap**, turn it counterclockwise <PIC>. To remove the **oil tank filler cap**, also turn it counterclockwise <PIC>. Always ensure both caps are securely reinstalled before operating the watercraft. , [""Manual20_40"", ""Manual20_41""]"
331,"""If I need to manipulate the two kinds of engine switches on the jetski, what should I do?""","The reference materials do not specify procedures for manipulating 'two kinds of engine switches' on the jetski. However, safety-critical switches mentioned include: (1) the main engine switch (key-operated — remove key before maintenance per Doc 2 & Doc 7), and (2) the engine shut-off switch (clip-actuated — remove clip to disable engine per Doc 1 & Doc 7). Always shut off the engine, remove both keys, and disconnect the shut-off clip before performing any inspection or maintenance. For precise switch operation, consult your jetski dealer or the official Owner’s/Operator’s Manual. <PIC> , [""Manual09_207""]"
332,"""There are two kinds of levers on the jetski, how to manipulate them?""","There are two main types of levers on the jetski referenced in the documentation: (1) Motion-Control Levers and (2) Throttle Lever. • Motion-Control Levers: Use them to drive forward, reverse, and turn either direction <PIC>. When stopping or exiting the machine, move both levers outward from center to the NEUTRAL-LOCK position <PIC>. • Throttle Lever: Squeeze it to increase engine speed; release it to decrease speed or return to idle <PIC>. Note: The choke lever is also present for cold starts, but it is not used during normal operation . , [""Manual20_47"", ""Manual09_207"", ""Manual20_46""]"
333,"""What information should I obtain about Quick Shift Trim System (QSTS) selector when using my jetski""","When using the Quick Shift Trim System (QSTS) selector on your jetski, you should obtain the following key information: 1. **Location**: The QSTS selector is located at the left handlebar grip <PIC>. 2. **Function**: It adjusts the trim angle by changing the vertical position of the jet thrust nozzle. 3. **Positions**: There are 5 trim positions — two bow-down (● and ⊖), neutral (↰), and two bow-up (© and ⊙). 4. **Safe Operation**: Always reduce engine speed to 3,000 r/min or less before adjusting; never turn the selector at full throttle to avoid damage <PIC>. 5. **Procedure**: Squeeze the shift lock lever, turn the selector to the desired position, then release the lever to lock it in place. 6. **Recommendation**: The neutral (“N”) position provides good performance for most conditions; use bow-down or bow-up positions only to enhance specific performance needs. , [""Manual20_33"", ""Manual20_52""]"
334,"""What do fuel meter and hour meter on my jetski do?""","The fuel meter shows the amount of fuel remaining in the tank using eight segments; its indication may vary slightly depending on operating conditions. <PIC> The hour meter records the total hours the engine has operated since the watercraft was new, helping you follow the recommended maintenance schedule. Importantly, the elapsed time is retained even if the battery is disconnected. <PIC> , [""Manual20_58"", ""Manual20_59""]"
344,"""Inspecting fuel filter and fuel tank of my jetski is important. How to do that?""","Inspecting the fuel filter and fuel tank of your jet ski is important for safety and performance. According to the manual: • **Fuel filter location**: It is located near the engine on the left front of the engine <PIC>, and is a one-piece, disposable unit <PIC>. • **Fuel filter replacement interval**: Replace after the initial 10 hours or first month of operation, then every 200 hours or 24 months thereafter — or immediately if water is found in the filter. Do not attempt to clean or reinstall a dirty or damaged filter. • **WARNING**: Do not replace the fuel filter yourself. An incorrectly installed filter can leak gasoline, posing fire or explosion hazards. Have a Yamaha dealer perform this service. • **Fuel tank inspection**: Check the fuel tank <PIC> for leakage or water contamination. If water is found in the fuel system or if the tank requires cleaning, have a Yamaha dealer service the watercraft. • **General fuel safety**: Always handle fuel outdoors, never while the engine is running or hot, and ensure the fuel cap is securely closed after refueling. Wipe up any spills immediately. <PIC> , [""Manual20_34"", ""Manual20_81"", ""Manual20_82"", ""snowmobile_03""]"
345,"""How to adjust the adjustable sponson of my jetski if needed?""","To adjust the adjustable sponsons on your jetski: 1. Remove the bolts <PIC> on both sponsons. 2. Remove both sponsons, and then install them in the desired position. 3. Be sure to install both sponsons to the same level. 4. Tighten the bolts on both sponsons to the correct torque: 18 N·m (1.8 kgf·m, 13 ft·lb) <PIC>. For detailed illustrations and position explanations, refer to pages 2-19 and 4-23 of your Owner’s/Operator’s Manual. , [""Manual20_82"", ""Manual20_84""]"
346,"""The intake and impeller of my jetski are dirty. How to clean them?""","To clean the jet intake and impeller of your jetski, follow these safety-critical steps: (1) Turn off the engine, remove the main switch key, and disconnect the clip from the engine shut-off switch. Wait for all movement to stop. (2) Beach the watercraft safely. (3) Turn the watercraft onto its port (left) side — place a clean cloth or carpet underneath to prevent scratches, and support the bow to avoid handlebar damage. <PIC> (4) Open the rear platform hatch. (5) Ensure the retaining cord is securely attached to the access port cap and strap eye. <PIC> (6) While holding the handle and pushing down, turn the access port cap counterclockwise until the 'SET' mark aligns with the slot, then lift the cap. (7) Carefully remove weeds or debris from around the drive shaft, impeller, pump housing, and jet thrust nozzle. Note: The impeller has sharp edges — exercise caution when reaching into the jet pump area. If debris is difficult to remove, consult your Yamaha dealer. <PIC> , [""Manual20_84"", ""Manual20_85"", ""Manual20_86""]"
347,"""How to start my jetski in different situations?""","To start your jetski in different situations, follow these official procedures: # Starting from a dock: 1. Board the watercraft from the side. 2. Attach the engine shut-off cord to your left wrist, then install the clip onto the engine shut-off switch. 3. Push the watercraft away from the dock, grip the handlebars with both hands, place both feet on the footwell floor, and press the green start switch (①) to start the engine <PIC>. Then start off. # Boarding alone (e.g., from water): 1. Swim to the rear, place both hands on the boarding platform, pull up, and grasp the handgrip with one hand. 2. Kneel on the platform, then move to the seat and sit astride. 3. Attach the engine shut-off cord to your left wrist and install the clip. 4. Grip the handlebars firmly, place both feet in the footwell, press the green start switch (①) to start the engine <PIC>, and look in all directions before proceeding. # Boarding with a passenger: 1. Board first and attach the shut-off cord as above. 2. Have the passenger board from the rear and sit securely, with feet on the footwell floor and holding on to you. 3. Only then start the engine using the green start switch (①) <PIC>, check all directions, and accelerate gradually to planing speed. ⚠️ Important: Always verify cooling water flow via the cooling water pilot outlet before starting. Never apply throttle until all occupants are properly seated and secured. Total weight (operator + passenger + cargo) must not exceed 160 kg (353 lb). , [""Manual20_48"", ""Manual20_71"", ""Manual20_72""]"
348,"""What are basic steps to board my jetski with a passenger in deep water?""","Basic steps to board your jetski with a passenger in deep water are as follows: 1. Ensure the water is at least 60 cm (2 ft) deep — do not start the engine in shallower water. <PIC> 2. Climb on board first (as when boarding alone): swim to the rear, place hands on the boarding platform, pull up to kneeling position, then move to the seat and sit astride. Attach the engine shut-off cord to your left wrist and install the clip on the engine shut-off switch. <PIC> 3. Have the passenger move to the rear of the watercraft and pull themselves up onto the platform, kneel, then crawl onto the seat behind you. <PIC> 4. Both operator and passenger must balance the watercraft during boarding. The passenger should place feet on the floor of the footwell and hold securely onto the operator. <PIC> 5. Start the engine at idle, check all directions for obstructions or swimmers, then accelerate gradually to planing speed. <PIC> WARNING: Never apply throttle until the passenger is fully seated and holding on. Do not exceed the maximum load limit of 160 kg (353 lb), including cargo, operator, and passenger. , [""Manual20_88"", ""Manual20_71"", ""Manual20_72"", ""Manual20_73"", ""Manual09_247""]"
349,"""If it is difficult to balance the jetski at a stand still, what should I do?""","If it is difficult to balance the watercraft at a standstill, the passenger must steady the watercraft while the operator is boarding. The operator pulls himself up onto the platform into a seating position, then balances the watercraft. <PIC> , [""Manual20_30""]"
350,"""What is the max load of the jetski?""","The maximum load of the jetski is 160 kg (353 lb), which includes the total weight of the operator, passenger, and any cargo. This watercraft is designed to carry the operator and one passenger only. Never exceed this limit or allow more than 2 persons on board."
351,"""What is the overview of the base station of a landline?""","The base station of a landline cordless phone (e.g., XL490/XL495 models) serves as the central hub that connects the handset(s) to the telephone line and power supply. Its key functions include: • Providing line connection via the line cord to the wall telephone socket; • Supplying power to the system via the included power adapter; • Enabling handset registration and pairing — press and hold a dedicated button to enter registration mode; • Supporting features like 'find handsets' (paging) — press a button to locate registered handsets; • Maintaining DECT™ GAP compliance for interoperability with other GAP-certified devices. <PIC> <PIC> , [""Manual22_18"", ""Manual22_19""]"
352,"""How can you connect the base station of a landline?""","To connect the base station of a landline: 1. Connect one end of the line cord to the telephone socket at the bottom of the base station, and the other end to the telephone socket on the wall. 2. Connect the power adapter: plug one end into the DC input jack at the bottom of the base station and the other end into a wall power socket. <PIC> <PIC> , [""Manual22_23"", ""Manual22_22""]"
353,"""How can you install the handset of a landline?""","To install the handset of a landline: 1. Ensure the base station is properly connected to the telephone socket on the wall and to a power socket (see reference). 2. The batteries are pre-installed in the handset — simply pull off the battery tape from the battery door before charging. 3. Place the handset on the base station to charge; you will hear a docking sound when correctly positioned <PIC>. 4. For multi-handset models, if the handset is not yet registered, place it on the base station to auto-register — registration completes in less than two minutes <PIC>. , [""Manual22_23"", ""Manual22_20""]"
354,"""How can you check the battery level of a landline?""","To check the battery level of a landline handset: When the handset is on standby, the battery icon displays the current battery level <PIC>. If the batteries are almost empty, you will hear warning tones during a call, and the call will disconnect after the warning <PIC>. The handset turns off if the batteries are completely drained. , [""Manual12_0"", ""Manual12_1""]"
355,"""What can you do if your landline is in searching status?""","If your landline handset is in searching status, you can try the following steps: • Make sure that the base station has power supply. • Register the handset to the base station. • Move the handset closer to the base station. <PIC> , [""Manual22_58""]"
356,"""How can you know about the current status with different LED indicator behavior on a landline?""","You can check the current status of your landline phone by referring to the LED indicator behavior on either the handset or base station. For the handset, navigate to [Menu] > [Phone setup] > [LED status] > [Events status] / [Charge status], then press [OK] to confirm — the corresponding status table will show what each LED behavior means <PIC>. Similarly, the base station has its own LED behavior table indicating current status <PIC>. You can also check the LED indicator for charging status directly via [Menu] > [Phone setup] > [Charge status] <PIC>. , [""Manual22_10"", ""Manual22_11"", ""Manual22_58""]"
357,"""How can you know about the current status with different LED indicator behavior on the base station of a landline?""","The current status of the base station can be determined by its LED indicator behavior. According to the reference documentation, a table (not included in text) shows the meaning of different LED behaviors on the base station. However, the provided knowledge does not list the specific LED patterns or their definitions — only confirms that such a reference table exists and is associated with the base station's LED status. For full interpretation, please refer to the LED status table in your product’s user manual. <PIC> , [""Manual22_58""]"
358,"""How can you lower the roll bar of a lawn mower?""","To lower the roll bar of the lawn mower: 1. Remove the hairpin cotters and remove the 2 pins (Figure 9). 2. Lower the roll bar to the down position (Figure 8). Note: There are 2 down positions; refer to Figure 8. <PIC> , [""Manual23_40""]"
359,"""How can you adjust the rear-shock assemblies for a lawn mower with suspension system only?""","For lawn mowers with a suspension system only, you can adjust the rear-shock assemblies to customize ride comfort. The assemblies are mounted in slots with detent positions for reference (e.g., softest to firmest), but they may be positioned anywhere within the slot—not strictly limited to detents. Ensure the left and right rear-shock assemblies are adjusted to the same position for balanced performance. Refer to Figure 14 for adjustment location <PIC>, and Figure 13 for soft/firm ride positioning and detent layout <PIC>. Note: Always follow the CAUTION to match both sides precisely. , [""Manual34_180"", ""Manual34_181""]"
360,"""How can you adjust the height of cut for a lawn mower with an electric deck lift?""","To adjust the height of cut for a lawn mower with an electric deck lift: 1. Push up on the deck-lift switch (Figure 31) <PIC> to raise the deck. 2. Select a hole in the height-of-cut bracket corresponding to your desired cutting height, and insert the height-of-cut pin (Figure 32) <PIC>. , [""Manual23_55"", ""Manual23_56""]"
361,"""How can you load a lawn mower?""","The term 'load a lawn mower' is not explicitly defined in the provided documentation. However, based on standard operational context and the referenced safety and setup procedures, 'loading' may refer to preparing the mower for operation — such as engaging the mower deck, setting the cutting height, or attaching accessories like a grass-catcher assembly. Important safety prerequisites include: ensuring the blade-control switch (PTO) is disengaged before any setup <PIC>, confirming the grass deflector is properly installed and in the down position <PIC>, engaging the parking brake <PIC>, and filling the fuel tank to the bottom of the filler neck . Note: Never operate without a complete grass-catcher assembly, grass deflector, or discharge cover — doing so exposes users to blade contact and thrown debris. For specific loading or attachment instructions (e.g., grass-catcher installation), consult the relevant section of your operator’s manual. , [""Manual23_53"", ""Manual23_53"", ""Manual23_41""]"
362,"""How can you unload a lawn mower?""","The term 'unload a lawn mower' is not defined or addressed in the provided documentation. The manuals cover safe operation, blade disengagement (PTO), transport positioning, maintenance, and shutdown procedures — but do not describe any process labeled 'unloading'. If you mean preparing the mower for transport or storage, refer to steps for stopping the machine safely: 1. Disengage the blade-control switch (PTO), 2. Turn the key switch to OFF and remove the key, 3. Park on a level surface, engage the parking brake, and wait for all moving parts to stop <PIC>. For transport positioning, push the deck-lift pedal fully forward to lock the mower deck in the TRANSPORT position <PIC>. , [""Manual23_73"", ""Manual23_53""]"
363,"""How can you change the engine oil of a lawn mower?""","To change the engine oil of a lawn mower: 1. Start the engine and let it run for 5 minutes to warm the oil for better drainage <PIC>. 2. Park the machine so that the drain side is slightly lower than the opposite side to ensure complete drainage <PIC>. 3. Disengage the blade-control switch (PTO) and engage the parking brake <PIC>. 4. Shut off the engine, remove the key, and wait for all moving parts to stop <PIC>. 5. Drain the oil from the engine (Figure 49 / Figure 60) <PIC>. 6. Slowly pour approximately 80% of the specified oil into the filler tube, then gradually add more to reach the Full mark <PIC>. 7. Start the engine and drive to a flat area, then check the oil level again . Note: Dispose of used oil at a recycling center. Refer to your owner’s manual for oil type (e.g., 10W-40), capacity (e.g., 1.6–1.9 L), and service intervals (e.g., every 100 hours). , [""Manual23_75"", ""Manual23_86"", ""Manual23_87"", ""Manual23_73"", ""Manual23_76"", ""Manual23_77""]"
364,"""How can you remove the filters of a lawn mower?""","To remove the filters of a lawn mower (air cleaner filters), follow these steps: 1. Park the machine on a level surface, disengage the blade-control switch (PTO), and engage the parking brake. 2. Shut off the engine, remove the key, and wait for all moving parts to stop. 3. Release the latches on the air cleaner and pull the air-inlet cover off the air-cleaner body <PIC>. 4. Gently slide the primary filter out of the air-cleaner body <PIC>. Note: Avoid knocking the filter into the side of the body. 5. Remove the safety (inner) filter only to replace it — never attempt to clean it. If the safety filter is dirty, replace both the safety and primary filters. <PIC> , [""Manual23_83"", ""Manual23_73"", ""Manual23_82""]"
365,"""How can you replace the mower belt of a lawn mower?""","To replace the drive V-belt on your lawn mower (models BR250T/CS340E or ET410TR/VK540E), follow these steps: 1. Apply the parking brake before replacement. 2. Remove the drive V-belt guard. 3. Rotate the secondary sliding sheave clockwise and push it to separate it from the fixed sheave. 4. Pull the belt up over the secondary fixed sheave. 5. Remove the belt from both the secondary and primary sheaves. 6. Install the new belt over the primary sheave. 7. Again rotate and push the secondary sliding sheave to separate it, then install the belt between the secondary sliding and fixed sheaves. 8. Reinstall the drive V-belt guard. <PIC> , [""Manual34_148""]"
366,"""How can you set up control of a over-the-range microwave?""","The provided reference materials do not include instructions for setting up control of an over-the-range microwave — such as programming the clock, configuring vent hood settings, pairing with a remote or app, or connecting to home wiring/controls. These setup steps are typically covered in the specific model’s installation and operating manual, not in the general-use safety and cooking guidelines referenced here."
367,"""How can you set the light timer of a over-the-range microwave?""","Hello, the provided reference materials do not include instructions or information about setting the light timer on an over-the-range microwave. The documents cover topics such as bulb replacement, charcoal filter replacement, cookware guidelines, and cooking techniques—but none describe a light timer function or its setup. For accurate guidance, please consult your microwave’s specific user manual or contact customer support with your model number."
368,"""How can you set yout favorite recipe with a over-the-range microwave?""","The provided reference materials do not include instructions for setting or saving a favorite recipe on an over-the-range microwave — such as programmable memory buttons, 'My Recipe' functions, or touchscreen recipe storage features. These documents focus solely on general microwave cooking techniques (e.g., covering, shielding, spacing, standing time) and food-specific guidance (e.g., for poultry, fish, pasta), but contain no information about user-programmable recipe settings or interface navigation. Please consult your specific microwave’s Owner’s Manual or model-specific support resources for recipe-saving functionality."
369,"""How can you reheat food with a over-the-range microwave?""","To reheat food in an over-the-range microwave, follow these key guidelines from the manual: 1. Arrange food in a single layer (do not stack) for even heating; place thicker portions toward the outside of the dish. 2. Cover food with a microwave-safe lid, vented plastic wrap, or waxed paper to retain moisture and heat <PIC>. 3. Stir or rotate food halfway through reheating (if applicable) to distribute heat evenly. 4. Allow standing time after reheating—cover food and let it stand for 2–15 minutes, as internal temperature continues to rise and cooking finishes evenly. 5. Avoid metal utensils, foil trays, or large sheets of aluminum foil; small foil pieces may be used only to shield sensitive areas (e.g., poultry wingtips), keeping them at least 1 inch from oven walls <PIC>. 6. Use only microwave-safe containers and avoid tightly sealed containers—always provide a steam vent <PIC>. , [""Manual24_3"", ""Manual24_3"", ""Manual24_3""]"
370,"""How can you use auto defrost of a over-the-range microwave?""","The reference materials do not provide specific instructions for using the 'auto defrost' function on an over-the-range microwave. They include general defrosting guidance — such as ensuring food is completely defrosted before cooking, arranging thicker parts toward the outside of the dish, and using standing time after defrosting — but no step-by-step procedure for activating or operating an 'auto defrost' feature (e.g., weight entry, sensor-based operation, or button sequence). For accurate auto defrost usage, please consult your microwave’s specific owner’s manual or contact customer support."
371,"""How can you clean the grease filter of a over-the-range microwave?""","To clean the grease filter of an over-the-range microwave: 1. Remove the grease filter by sliding it to the side, pulling it downward, and pushing it to the other side until it drops out <PIC>. 2. Wash the filter in the dishwasher or soak it in hot water with a mild detergent. Rinse thoroughly and shake dry. Do not use ammonia or abrasive cleaners — the aluminum filter may darken <PIC>. 3. To reinstall, slide the filter into the side slot, then push up and toward the oven center to lock it in place <PIC>. CAUTION: Never operate the microwave hood without the grease filter installed. , [""Manual24_47"", ""Manual24_48"", ""Manual24_49""]"
372,"""How can you replace the charcoal filter of a over-the-range microwave? ""","To replace the charcoal filter of an over-the-range microwave: 1. Unplug the oven or turn off power at the main power supply. 2. Remove the two vent grill mounting screws (the two middle screws). <PIC> 3. Tip the grill forward, then lift it out. <PIC> 4. Remove the old charcoal filter. <PIC> 5. Slide a new charcoal filter into place — it should rest at the angle shown. <PIC> 6. Slide the bottom of the grill into place, then push the top until it snaps into place. Replace the mounting screws. Turn the power back on at the main power supply and set the clock. Note: The charcoal filter cannot be cleaned and should be replaced every 6 to 12 months if the unit is vented indoors. , [""Manual24_48"", ""Manual24_51"", ""Manual24_52"", ""Manual24_53""]"
373,"""How can you replace the oven light of a over-the-range microwave? ""","To replace the oven light of an over-the-range microwave: 1. Unplug the unit or turn off power at the main power supply. 2. Remove the vent cover mounting screws (the two middle screws). 3. Tip the cover forward, then lift out to remove. 4. Remove the bulb holder. 5. Lift up the bulb holder. 6. Replace the bulb with a 30 or 40 watt appliance bulb. 7. Replace the bulb holder. 8. Slide the bottom of the vent cover into place, push the top until it snaps in, and reinstall the mounting screws. 9. Turn the power back on at the main power supply. <PIC> <PIC> <PIC> <PIC> , [""Manual24_54"", ""Manual24_55"", ""Manual24_56"", ""Manual24_57""]"
374,"""How can you set the PCI Express 3.0 x16 slots of a motherboard?""","To set the PCI Express 3.0 x16 slots on this motherboard, you can configure their link speed via BIOS: enter BIOS Setup → navigate to the PCIe configuration section (e.g., 'PEG Port Configuration' or 'PCIEx16_1/PCIEx16_2 Link Speed') → select the desired speed mode: [Auto], [Gen1], [Gen2], or [Gen3]. Note that in single VGA card mode, it is recommended to use the PCIe 3.0×16_1 slot (gray) for optimal performance. Physical installation requires aligning the GPU connector with the slot and seating it firmly, then securing it with a screw. After hardware installation, ensure appropriate BIOS settings are applied and correct drivers are installed. <PIC> , [""Manual25_1""]"
375,"""How can you set the jumpers of a motherboard?""","The motherboard has several jumpers for specific configuration purposes. For example, the CLRTC jumper (2-pin) is used to clear the Real Time Clock (RTC) RAM in CMOS, which resets date, time, and system setup parameters including passwords. Another example is the CPU_OV jumper (3-pin), which allows adjustment of CPU voltage for overclocking: place the jumper on pins 2–3 for higher voltage, or on pins 1–2 to restore default voltage. Detailed jumper locations and settings are documented in the motherboard manual — refer to Chapter 1.6 'Jumpers' and associated diagrams <PIC>. For full guidance, consult the official user manual included with your product or available online. , [""Manual25_1""]"
376,"""How can you set the rear panel connectors of a motherboard?""","The rear panel connectors on a motherboard are pre-mounted and fixed during manufacturing — they are not user-configurable or set by the end user. As shown in the documentation, the rear panel includes standard ports such as: 1. PS/2 Mouse/Keyboard combo port; 2. DisplayPort; and 3. VGA port <PIC>. These connectors are designed to align with the I/O shield when the motherboard is correctly installed in the chassis (with the port edge facing the rear) <PIC>. No jumper settings, BIOS configuration, or physical adjustment is required for these rear panel connectors. , [""Manual25_6"", ""Manual25_1""]"
377,"""How can you set the onboard LED of a motherboard?""","The onboard LEDs on this motherboard—including the Standby Power LED (SB_PWR), Model Name LEDs, and SupremeFX LED—cannot be manually set or controlled via physical switches or jumpers. Their behavior is predefined: the SB_PWR LED automatically indicates system power status (ON, sleep, or soft-off), while the Model Name and SupremeFX LEDs can be configured (enabled/disabled or set to Still/Breathing/Flowing mode) exclusively through BIOS or the LED Control app in Ai Suite 3. To adjust them: enter BIOS → Advanced → Onboard Devices Configuration → select 'Model Name LED Lighting' or 'SupremeFX LED Lighting' → choose desired mode (e.g., [Disabled], [Still Mode], [Breathing Mode], or [Flowing Mode]). Note that the Standby Power LED has no user-configurable setting—it operates automatically."
378,"""How can you update the BIOS file of a motherboard?""","You can update the BIOS file of a motherboard using one of the following supported methods: 1. **Via USB (using EZ Flash 3 or BIOS Updater)**: a) Prepare a FAT32/16-formatted USB flash drive containing the latest BIOS file (e.g., renamed to Z17PG.CAP for CrashFree BIOS 3). b) Boot into BIOS Setup (Advanced Mode), go to the Tool menu, and select EZ Flash 3 Utility <PIC>. c) Press <Tab> to switch to the Drive field, select the USB device, then navigate to the BIOS file in the Folder Info field and press <Enter> to begin the update. 2. **Via the Internet (using EZ Flash 3)**: a) In EZ Flash 3, select 'by Internet'. b) Choose an Internet connection method using Left/Right arrow keys, then follow onscreen instructions. 3. **In FreeDOS environment (using BIOS Updater)**: a) Boot from Support DVD or USB with BIOS Updater and BIOS file; press <F8> to select boot device <PIC>, then press <Enter> within 5 seconds to enter FreeDOS. b) Type `d:` to switch to USB drive (if applicable), then type `bupdater /pc /g` <PIC>. c) Use <Tab> to navigate between Drives and Files panels, select the BIOS file, confirm with 'Yes', and restart after completion. ⚠️ Important: Do NOT power off or reset during update — it may cause boot failure. Always back up original BIOS first, and ensure compatibility with your hardware configuration. , [""drill0_04"", ""drill0_05"", ""drill0_06""]"
379,"""How can you create RAID of a motherboard?""","To create RAID on the motherboard: 1. Ensure your HDDs are connected to Intel SATA 6.0Gb/s connectors and have no existing RAID volumes. 2. Enter BIOS and set SATA Mode to [RAID] (not [AHCI]) under SATA Configuration. 3. Press <F11> or click the EZ Tuning Wizard icon to launch it. 4. Click RAID, then click Yes to enable RAID. 5. Select your desired RAID type — Easy Backup (RAID1 or RAID10) or Super Speed (RAID0 or RAID5) — depending on the number and configuration of your drives. 6. Confirm with Yes to proceed, then Yes again to exit and reset the system. For detailed guidance, refer to the manual bundled in the motherboard Support DVD. <PIC> , [""Manual25_6""]"
380,"""How can you use SATA ODD & USB devices to install an operating system for a motherboard?""","To install an operating system (specifically Windows 7) on a 100 Series motherboard using SATA ODD and USB devices: 1. Prepare a Windows 7 installation source — either insert the Windows 7 DVD into a USB-connected optical disc drive (USB ODD), or copy all files from the Windows 7 DVD to a USB storage device (≥8 GB, recommended to format first). 2. Connect the USB ODD or USB storage device to your 100 Series platform. 3. Insert the motherboard's Support DVD into a SATA-connected optical disc drive (SATA ODD) on the same platform. 4. Power on the system and press F8 during POST to enter the boot menu <PIC>. 5. Select the USB ODD or USB storage device as the boot device. 6. The USB 3.0 drivers from the Support DVD will load automatically during startup; the 'Setup is starting...' screen appears if loading succeeds <PIC>. 7. Follow onscreen instructions to complete the OS installation. , [""drill0_04"", ""drill0_05""]"
381,"""How can you secure the motherboard to the chassis?""","To secure the motherboard to the chassis, place it in the correct orientation—ensuring the edge with external ports faces the rear of the chassis <PIC>. Then, insert nine screws into the screw holes indicated by circles on the chassis/motherboard layout. Do not over tighten the screws, as this may damage the motherboard. <PIC> , [""Manual25_6"", ""Manual25_6""]"
382,"""How can you prepare the installation of Central Processing Unit (CPU) for a motherboard?""","To prepare the installation of the CPU for the motherboard: • Ensure the CPU is firmly clicked into place before installing it onto the CPU socket on the motherboard. • Use only the CPU Installation Tool for CPU installation—do not damage or bend it, and always hold both sides firmly when handling it. • Apply Thermal Interface Material (TIM) to both the CPU and the CPU heatsink before installing the heatsink and fan assembly <PIC>. Note: This motherboard features a surface-mount LGA1151 socket designed for 6th Generation processors. , [""Manual25_11""]"
383,"""How do you know about system memory of a motherboard?""","To know about the system memory of this motherboard: 1. It has four 288-pin DDR4 DIMM sockets, supporting unbuffered non-ECC DDR4 modules (2 GB, 4 GB, 8 GB, or 16 GB per module) <PIC>. 2. DDR4 modules are physically distinct — do NOT install DDR, DDR2, or DDR3 modules into DDR4 slots. 3. For stability and CPU protection, DIMM voltage below 1.65 V is recommended. 4. Dual-channel operation is supported; if different memory sizes are installed in Channel A and B, the system uses the smaller channel’s capacity for dual-channel mode, with excess memory operating in single-channel mode. 5. Qualified memory speeds include DDR4 2400–3400 MHz (O.C.), as listed in the motherboard’s QVL <PIC>. Always consult the vendor or QVL for compatible memory modules. , [""motherboard_memory_qvl_01"", ""motherboard_ddr4_socket_diagram""]"
384,"""How do you know about Serial port connector (10-1 pin COM) of a motherboard?""","The serial port connector (10-1 pin COM) on the motherboard is a dedicated internal header for connecting a serial (COM) port module. It is used to add a physical RS-232 serial interface to the system. The COM module must be purchased separately and installed by connecting its cable to this 10-1 pin header, then mounting the module in an available I/O slot opening at the rear of the chassis. In BIOS, the serial port can be enabled or disabled via the 'Serial Port [On/Off]' setting, and its base I/O address and IRQ (e.g., IO=3F8h; IRQ=4) can be configured under 'Serial Port Configuration' when enabled. <PIC> , [""Manual25_1""]"
385,"""How do you know about TPM connector (14-1 pin TPM) for a motherboard?""","The TPM connector (14-1 pin TPM) is an internal motherboard header designed to support a Trusted Platform Module (TPM) system. It securely stores cryptographic keys, digital certificates, passwords, and sensitive data. Additionally, a TPM enhances network security, protects digital identities, and ensures platform integrity. <PIC> , [""Manual25_1""]"
386,"""How do you know about Thermal sensor connector (2-pin T_SENSOR) of a motherboard?""","The Thermal sensor connector (2-pin T_SENSOR) is a dedicated header on the motherboard designed for connecting a thermistor cable. It enables monitoring of temperature from critical components or external devices. In the BIOS Monitor menu, 'T_Sensor Temperature' is listed as a selectable temperature source (e.g., under Q-Fan Control or Depop settings), and its reading appears alongside CPU, Motherboard, VRM, and PCH temperatures. The T_SENSOR input can be assigned as a thermal source to control fan behavior (e.g., for EXT_FAN or CHA_FAN) via BIOS configuration. <PIC> , [""Manual25_1""]"
387,"""How can you set quick release for a multi-use pressure cooker and air fryer?""","To set Quick Release for the multi-use pressure cooker and air fryer: Press the quick release button down until it clicks and locks into the Vent position. A jet of steam will eject through the top of the steam release valve — this is normal. Wait until the float valve has fully descended (indicating all pressure is released) before opening the lid. <PIC> <PIC> <PIC> , [""multi-use_pressure_cooker_and_air_fryer_01"", ""multi-use_pressure_cooker_and_air_fryer_02"", ""Manual30_10""]"
388,"""How can you set pressure cooking lid for a multi-use pressure cooker and air fryer?""","To set the pressure cooking lid for your multi-use pressure cooker and air fryer: 01 Align the symbol on the pressure cooking lid with the symbol on the rim of the cooker base, then lower the lid onto the track. 02 Turn the lid clockwise until the symbols align fully. Ensure the float valve is properly installed and seated — it must be flush with the lid when depressurized <PIC>. Also confirm the stainless-steel inner pot is in place before closing the lid <PIC>. Do not use ceramic-coated or damaged inner pots. For visual guidance, refer to the lid alignment and installation steps <PIC>. , [""Manual30_18"", ""Manual30_20"", ""Manual30_25""]"
389,"""How can you set float valve for a multi-use pressure cooker and air fryer?""","To install the float valve on the Multi-use pressure cooker and air fryer pressure cooking lid: 1. Drop the narrow end of the float valve into the float valve hole on the top of the lid. 2. Place one finger on the flat top of the float valve, then turn the lid over. 3. Firmly attach the silicone cap to the bottom of the float valve. The float valve and silicone cap must be properly installed before use — do not operate the appliance without them. <PIC> <PIC> , [""Manual30_36"", ""Manual30_37""]"
390,"""What do you know about anti-block shield for a multi-use pressure cooker and air fryer?""","The anti-block shield is a safety-critical component of the multi-use pressure cooker and air fryer. It prevents food particles from entering and clogging the steam release pipe, thereby assisting with proper pressure regulation. It is integral to product safety and must be installed before any pressure cooking operation — do not use the appliance without it. During maintenance, always check the anti-block shield (along with the steam release valve, steam release pipe, and float valve) for clogging before and after each use. To install it, place the shield over the designated prongs on the pressure cooking lid and press down until it snaps securely into position. <PIC> , [""Manual30_19""]"
391,"""How can you set steam release valve for a multi-use pressure cooker and air fryer?""","To set the steam release valve on the multi-use pressure cooker and air fryer: 1. Ensure the steam release valve is clean and unobstructed. 2. Place the steam release valve onto the steam release pipe and press down firmly — it should sit loosely but remain securely in place when the lid is inverted. <PIC> Do not cover or block the steam release valve at any time, as this poses a safety hazard. <PIC> The valve is essential for safe pressure cooking and must be installed before use. <PIC> , [""Manual30_33"", ""Manual30_15"", ""Manual30_32""]"
392,"""How can you set anti-block shield for a multi-use pressure cooker and air fryer?""","To install the anti-block shield on your multi-use pressure cooker and air fryer: Place the anti-block shield over the prongs on the pressure cooking lid and press down firmly until it snaps into position. <PIC> Do not operate the appliance without the anti-block shield installed, as it is essential for safety and proper pressure regulation. <PIC> , [""Manual30_35"", ""Manual30_19""]"
393,"""How can you set silicone cap and float valve for a multi-use pressure cooker and air fryer?""","To install the silicone cap and float valve for your multi-use pressure cooker and air fryer: 1. Drop the narrow end of the float valve into the float valve hole on the top of the pressure cooking lid. 2. Place one finger on the flat top of the float valve, then turn the lid over. 3. Firmly attach the silicone cap to the bottom of the float valve. <PIC> <PIC> Ensure both parts are fully seated and secured before use — do not operate the appliance without the float valve and silicone cap properly installed. , [""Manual30_36"", ""Manual30_37""]"
394,"""How can you Install the condensation collector for a multi-use pressure cooker and air fryer?""","To install the condensation collector for your multi-use pressure cooker and air fryer: Align the grooves on the condensation collector over the tabs on the back of the cooker base and slide the condensation collector into place. <PIC> It should be installed before cooking, and emptied and rinsed after each use. <PIC> , [""Manual30_38"", ""Manual30_39""]"
395,"""How can you install the sealing ring for a multi-use pressure cooker and air fryer?""","To install the sealing ring for the Multi-use pressure cooker and air fryer: Place the silicone sealing ring over the circular stainless-steel sealing ring rack and press it firmly into place. Press down evenly to prevent puckering. When installed correctly, the sealing ring sits snugly behind the rack and should not fall out when the lid is turned over. <PIC> , [""Manual30_31""]"
396,"""How can you remove silicone sealing ring for a multi-use pressure cooker and air fryer?""","To remove the silicone sealing ring for the Multi-use pressure cooker and air fryer: Grip the edge of the silicone sealing ring and pull it out from behind the circular stainless-steel sealing ring rack. <PIC> , [""Manual30_30""]"
397,"""What do you know about sealing ring of a multi-use pressure cooker and air fryer?""","The sealing ring of the Multi-use pressure cooker and air fryer is a silicone component that creates an airtight seal between the lid and the inner pot during pressure cooking <PIC>. It must be installed before use, and only one sealing ring should be installed in the lid at a time <PIC>. The sealing ring is removable: grip its edge and pull it out from behind the circular stainless-steel sealing ring rack <PIC>. Only authorized sealing rings should be used — never use a stretched, damaged, or unauthorized ring. Inspect it regularly for cuts, deformation, or improper installation. Due to natural stretching over time, replace it every 12–18 months (or sooner if compromised). Because silicone is porous, it may absorb strong aromas and flavors — keeping extra sealing rings on hand helps prevent flavor transfer between dishes. , [""Manual30_16"", ""Manual30_16"", ""Manual30_30""]"
398,"""What do you know about steam release valve of a multi-use pressure cooker and air fryer?""","The steam release valve is a critical safety component of the multi-use pressure cooker and air fryer. It sits loosely on the steam release pipe and ejects steam from its top when pressure is released. It is integral to safe pressure cooking and must never be covered or blocked. The quick release button controls this valve — pressing it down (to the Vent position) allows rapid steam ejection, which is normal and expected during quick pressure release. Always check the steam release valve, steam release pipe, anti-block shield, and float valve for clogging before use to prevent injury or damage. <PIC> , [""Manual30_15""]"
399,"""What do you know about quick release button of a multi-use pressure cooker and air fryer?""","The quick release button on the multi-use pressure cooker and air fryer controls the steam release valve to safely and rapidly release pressure. Pressing it down until it clicks and locks into the Vent position allows a jet of steam to eject through the top of the steam release valve — this is normal and expected. It stops cooking quickly, helping prevent overcooking, especially for delicate foods like vegetables and seafood. Do not turn the button more than 45°, and let it spring back to its original position. Never cover or block the steam release valve. Once pressure is fully released, the float valve will drop flush with the lid <PIC>. <PIC> <PIC> , [""Manual30_14"", ""Manual30_15"", ""multi-use_pressure_cooker_and_air_fryer_01""]"
400,"""What can you know about natural release(NRorNPR) of a multi-use pressure cooker and air fryer?""","Natural Release (NR or NPR) is a pressure release method used after pressure cooking in the Multi-use pressure cooker and air fryer. During Natural Release, cooking stops gradually, and the appliance de-pressurizes on its own as the internal temperature drops over time. This method is typically recommended for recipes with delicate or foamy ingredients (e.g., beans and grains) to prevent splattering or overflow. Always ensure the float valve has fully descended and is flush with the lid — indicating the unit is fully de-pressurized — before attempting to open the lid. <PIC> , [""Manual30_9""]"
401,"""What is the robot anatomy of the vacuum?""","The robot vacuum's anatomy includes key functional components such as the CLEAN button and indicator lights (see <PIC>), front caster wheel (see <PIC>), side brush (see <PIC>), extractors with square and hexagonal plastic pegs (see <PIC>), dust bin with sensor ports (see <PIC>), and bottom-view structural elements (see <PIC>). It also features Halo Mode and Virtual Wall Mode emitters (see <PIC>, <PIC>) for boundary control, and a Home Base docking system. For visual reference, refer to the labeled diagrams in the manual. , [""Manual32_2"", ""Manual32_15"", ""Manual32_16"", ""Manual32_21"", ""Manual32_14"", ""Manual32_3"", ""Manual32_5"", ""Manual32_6""]"
402,"""What are the two primary modes available on a vacuum cleaner that can be used to tailor its performance to meet different home cleaning needs?""","The two primary modes available on the vacuum cleaner are Halo Mode and Virtual Wall Mode. In Halo Mode (switch in the 'down' position), the device creates a protective 24-inch-radius zone that the vacuum will not enter—ideal for protecting items like pet bowls or avoiding corners. In Virtual Wall Mode (switch in the 'up' position), it projects an invisible, cone-shaped barrier up to 10 feet wide to block doorways or restrict access to undesired areas. <PIC> <PIC> , [""Manual32_5"", ""Manual32_6""]"
403,"""What is the proper procedure for emptying the vacuum cleaner's bin?""","The proper procedure for emptying the vacuum cleaner's bin is as follows: 1. Press the bin release button to remove the bin. <PIC> 2. Open the bin door to empty the bin. <PIC> , [""Manual32_7"", ""Manual32_8""]"
404,"""What is the correct procedure for cleaning the vacuum cleaner filter?""","The correct procedure for cleaning the vacuum cleaner filter is as follows: 3. Remove the filter by grasping the yellow tab. <PIC> 4. Shake off debris by tapping the filter against your trash container. <PIC> IMPORTANT: The filter door won't close unless the filter is reinserted — insert it with the yellow tab facing up. <PIC> , [""Manual32_10"", ""Manual32_11"", ""Manual32_12""]"
405,"""What is the proper procedure for cleaning the full bin sensors on a vacuum cleaner?""","The proper procedure for cleaning the full bin sensors is as follows: 1. Remove and empty the bin. <PIC> 2. Wipe the sensors with a clean, dry cloth. <PIC> Additionally, for thorough cleaning, wipe the inner and outer sensor ports on the bin with a clean, dry cloth. <PIC> , [""Manual32_12"", ""Manual32_13"", ""Manual32_14""]"
406,"""What is the correct procedure for cleaning the extractors (brushes or rollers) on a vacuum cleaner?""","To clean the extractors on your vacuum cleaner, follow these steps: 1. Pinch the yellow extractor frame release tabs, lift up the extractor frame, and remove any obstructions. <PIC> 2. Remove the extractors and the yellow extractor caps. Clear away hair or debris collected underneath the caps and around the metal axles. Reinstall the extractor caps. <PIC> 3. Remove hair and debris from the square and hexagonal plastic pegs on the other side of the extractors. <PIC> 4. Reinstall the extractors, matching the color and shape of the extractor pegs with the corresponding icons on the cleaning head module. <PIC> , [""Manual32_17"", ""Manual32_18"", ""Manual32_21"", ""Manual32_19""]"
407,"""What is the proper procedure for cleaning the sensors and charging contacts on a vacuum cleaner?""","To clean the sensors and charging contacts on your vacuum cleaner: 1. Wipe the sensors with a clean, dry cloth — do not spray cleaning solution directly onto the sensors or sensor openings. <PIC> 2. Wipe the charging contacts on the Room BA and the Home Base with a clean, dry cloth. <PIC> , [""Manual32_17"", ""Manual32_18""]"
408,"""What is the correct procedure for positioning the home base of a vacuum cleaner?""","To position the Home Base correctly for your vacuum cleaner, place it in an open, uncluttered area with the following clearances: at least 1.5 feet on each side of the Home Base, at least 4 feet in front of it, and at least 4 feet away from stairs. Also, keep it at least 8 feet away from virtual wall barriers. Ensure the Home Base is plugged in and located in an area with consistent Wi-Fi coverage to allow seamless communication with the vacuum via the app. <PIC> , [""Manual32_4""]"
409,"""What is the proper procedure for cleaning the front caster wheel of a vacuum cleaner?""","The proper procedure for cleaning the front caster wheel of the vacuum cleaner is as follows: 1. Pull firmly on the front wheel to remove it. <PIC> 2. Remove any debris from inside the wheel cavity. 3. Spin the wheel by hand. If rotation is restricted, remove the wheel from its housing and push firmly to remove the axle and clear any debris or hair wrapped around it. <PIC> 4. Reinstall all parts when finished—make sure the wheel clicks back into place. <PIC> , [""Manual32_14"", ""Manual32_15"", ""Manual32_16""]"
410,"""What is the correct procedure for cleaning the side brush of a vacuum cleaner?""","To clean the side brush of the vacuum cleaner: 1. Use a coin or small screwdriver to remove the screw securing the side brush. (See Figure 12) <PIC> 2. Remove the brush, clean both the brush and the brush post, then reinstall the brush. , [""Manual32_14""]"
411,"""What is the function of the dual-mode virtual wall barrier on a vacuum cleaner?""","The dual-mode virtual wall barrier has two functions: 1) In Halo Mode (switch 'down'), it creates an invisible protective zone approximately 24 inches in radius around the device to prevent the vacuum from bumping into sensitive items (e.g., a dog bowl or vase) or entering undesired areas (e.g., a corner or under a desk) <PIC>. 2) In Virtual Wall Mode (switch 'up'), it emits an invisible, cone-shaped barrier up to 10 feet wide to block openings such as doorways or hallways — a boundary only the vacuum can detect <PIC>. Note: The barrier widens with distance from the device <PIC>. , [""Manual32_5"", ""Manual32_6"", ""Manual32_5""]"
412,"""What are the troubleshooting steps if the vacuum indicates a problem?""","If the vacuum indicates a problem, it will emit a two-tone distress sound followed by a spoken message, and the troubleshooting indicator will blink. For some errors, rebooting the vacuum may resolve the issue: press and hold the CLEAN button for 10 seconds until all indicators illuminate, then release — you’ll hear an audible tone confirming a successful reboot. For more detailed support and instructional videos, refer to the app or online resources. <PIC> , [""Manual32_4""]"
413,"""What are the detailed instructions for T-rail mounting of a camera or equipment?""","To mount your camera or equipment on a drop ceiling T-rail, follow these detailed T-rail mounting instructions: 1. Use the dashed lines on the mount plate template to set the proper spacing of the T-rail clips. 2. Tighten the set screws on the T-rail clips using a 5/64"" (2 mm) hex key. 3. Attach the mount plate to the T-rail clips using the holes marked with a ""G"" on the mount plate <PIC>. 4. Attach the T-rail clips to the T-rail by rotating and snapping them into place as shown <PIC>. The black foam pads should be slightly compressed after installation. Note: The included hardware supports most 9/16"", 15/16"", or 1 1/2"" T-rails. Standard 6-32 × 4 mm T-rail screws are provided. , [""Manual33_9"", ""Manual33_10""]"
414,"""What are the steps to power the camera?""","To power on the camera: 1. Ensure the battery is fully charged or connect a compatible power source (e.g., DC coupler or PoE if supported). 2. Locate the power switch on the camera and turn it to <ON> or </>. The camera will then operate. 3. If the camera turns off automatically due to idle time, press the shutter button halfway to power it on again. Note: The camera only operates when the power switch is set to <ON> or </>. <PIC> , [""Manual10_30""]"
415,"""What is the proper way to use the brake lever and brake button?""","To properly use the brake lever and parking brake button: - To stop the machine during operation, squeeze the brake lever (e.g., while crossing a slope or coming to a halt). - To engage the parking brake: squeeze the brake lever, then push down the parking brake button while releasing the brake lever — this locks the brake in place. - To release the parking brake: simply squeeze the brake lever again. ⚠️ Important safety notes: Always apply the parking brake before starting the engine. Never operate the machine with the parking brake engaged, as it may overheat the brake disc and reduce braking ability. <PIC> , [""Manual34_252""]"
416,"""What are the essential preparation checks to perform before using a snowmobile?""","Before using a snowmobile, essential preparation checks include: 1. Performing all pre-operation checks listed in the owner's manual (refer to pages 8–1 to 8–3) <PIC>; 2. Ensuring the drive select lever is in the correct position (Drive, Reverse, or Low) and confirming the vehicle is at a full stop with the throttle fully released before moving the lever <PIC>; 3. Verifying the parking brake is set and following the engine start procedure (pages 7–1 to 7–2) <PIC>; 4. Confirming proper protective clothing is worn — including an approved helmet, face shield or goggles, snowmobile suit, boots, and gloves <PIC>; 5. Ensuring the engine is not started indoors without adequate ventilation to avoid exhaust fume exposure <PIC>. Always read the entire Owner's Manual and the Snowmobile Safety Handbook before operation. , [""Manual34_116"", ""snowmobile_01"", ""Manual34_116"", ""Manual34_10"", ""Manual34_10""]"
417,"""What are the detailed steps to start the engine of a snowmobile?""","To start the engine of your snowmobile, follow these steps as outlined in the manual: 1. Ensure the snowmobile is on a flat, obstacle-free area and set the parking brake. 2. Refer to pages 7–1 to 7–2 of the owner's manual for model-specific starting instructions. 3. With the engine idling, release the parking brake. 4. Apply the throttle slowly and smoothly—the centrifugal clutch will engage and acceleration will begin. <PIC> , [""Manual34_116""]"
418,"""What is a V-BeltHolder?""","A V-Belt Holder is a designated component designed to securely store a spare V-belt for emergency use. As stated in the manual: 'Keep a spare V-belt for emergency use by putting it into the holder provided.' It is critical to install the spare V-belt in the holder correctly — the bolt securing the holder must be tightened, and the fuel hose must not be pinched or displaced during installation. Additionally, the V-belt must be installed securely in the holder to prevent it from coming loose and contacting the hot muffler, which could cause damage. <PIC> , [""Manual34_25""]"
419,"""What are the steps to adjust the throttle cable on a snowmobile?""","To adjust the throttle cable on a snowmobile: 1. Loosen the adjuster lock nut. 2. Turn the adjuster in or out until proper throttle lever free play is achieved. 3. Tighten the locknut. CAUTION: Be sure the engine idle speed is adjusted first. <PIC> <PIC> , [""Manual34_138"", ""Manual34_139""]"
420,"""What is the proper way to use the steering system on a snowmobile?""","The proper way to use the steering system on a snowmobile involves turning the handlebars in the direction you wish to travel <PIC>. As you approach a curve, slow down and begin turning the handlebars gradually while shifting your weight onto the inside running board and leaning your upper body into the turn <PIC>. This 'body English' technique is key for effective turning on most snow surfaces. Always keep both hands on the handlebars, avoid abrupt throttle changes or excessive braking during turns, and practice these maneuvers at slow speeds in a safe, open area before attempting higher speeds or tighter curves <PIC>. Note: Steering effectiveness depends on traction—on ice, hard-packed snow, or slopes, steering response is reduced, so ride slowly and cautiously <PIC><PIC>. For slope crossing, if slipping occurs, steer in the direction of the slide; if tipping begins, steer downhill to regain balance . , [""Manual20_50"", ""Manual34_116"", ""Manual34_116"", ""Manual34_130"", ""Manual34_129""]"
421,"""What are the correct steps to turn using a snowmobile?""","The correct steps to turn using a snowmobile are as follows: 1. As you approach a curve, slow down and begin turning the handlebars in the desired direction. 2. Shift your weight onto the running board to the inside of the turn and lean your upper body into the turn. 3. Lean more as the turn becomes sharper or as speed increases. 4. Practice this technique at slow speed in a large, flat, obstacle-free area before attempting higher speeds or tighter curves. <PIC> Improper turning techniques — such as abrupt throttle changes, excessive braking, incorrect body movement, or excessive speed for the turn — may cause the snowmobile to tip. <PIC> , [""Manual34_116"", ""Manual34_116""]"
422,"""What are the proper techniques for riding uphill on a snowmobile?""","Proper techniques for riding uphill on a snowmobile include: 1. Practice first on gentle slopes and progress to steeper climbs only after developing skill. 2. Accelerate before starting the climb, then reduce throttle opening to prevent track slippage. 3. Keep your weight forward — lean forward while seated, and on steeper inclines, stand on the running boards and lean forward over the handlebars. 4. Slow down as you approach the crest to react to obstacles, drops, or other traffic. 5. If unable to continue, avoid spinning the track. <PIC> , [""Manual34_117""]"
423,"""What are the proper techniques for riding downhill on a snowmobile?""","When riding downhill on a snowmobile, keep speed to a minimum. Apply just enough throttle to keep the clutch engaged—this allows engine compression to assist in slowing the machine and prevents it from rolling freely down the hill. Also apply the brake frequently with light pressure. Before descending, stop the engine, set the parking brake, and carefully pivot the rear of the snowmobile to point it downhill—never stand on the downhill side during repositioning. Once pointed downhill, restart the engine, release the parking brake, and descend steadily <PIC>. Side hills and steep slopes are not recommended for beginners. , [""Manual34_117""]"
424,"""What are the correct techniques for crossing a slope on a snowmobile?""","The correct techniques for crossing a slope (side hill) on a snowmobile, as specified in the official manual, include: 1. **Weight Positioning**: Lean your body to position your weight toward the uphill side to maintain balance. 2. **Recommended Riding Position**: Kneel with the knee of your downhill leg on the seat and the foot of your uphill leg on the running board — this facilitates dynamic weight shifting as needed. 3. **Slip Response**: If the snowmobile begins to slip sideways, steer *in the direction of the slide* (if no obstacles are present); once balance is regained, gradually steer back toward your intended path. 4. **Tip Recovery**: If tipping occurs, steer *down the hill* to help regain balance. 5. **Emergency Dismount**: If you cannot maintain balance and tipping is imminent, dismount immediately on the *uphill side*. ⚠️ Important: Side-hill riding is not recommended for beginners. Always ensure the engine is properly warmed up, and review 'SAFETY INFORMATION' and 'RIDING YOUR SNOWMOBILE' before operation. <PIC> , [""Manual34_129""]"
425,"""What are the steps to inspect the spark plug on a snowmobile?""","To inspect the spark plug on a snowmobile, follow these steps based on the service documentation: 1. Park the machine on a level surface, disengage the PTO (if applicable), and engage the parking brake. 2. Shut off the engine, remove the key, and wait for all moving parts to stop. 3. Allow the machine to cool down. 4. Clean the area around the base of the spark plug to prevent dirt and debris from entering the engine <PIC>. 5. Locate and remove the spark plug(s) as shown in Figure 52 <PIC>. 6. Inspect the coloration on the white porcelain insulator around the center electrode — a medium to light tan color indicates normal operation; black coating, oily film, worn electrodes, or cracks indicate the need for replacement <PIC>. 7. Check the air gap between the center and side electrodes (recommended: 0.75–0.76 mm / 0.030 inch) using a gapping tool or feeler gauge <PIC>. Do not clean used spark plugs — replace them if defective. Service interval: every 100 hours for general inspection (varies by engine model). , [""Manual23_78"", ""Manual23_78"", ""Manual23_90"", ""Manual23_91""]"
426,"""What are the steps to clean a snowmobile?""","The provided reference materials do not include specific, step-by-step instructions for cleaning a snowmobile. However, one document mentions cleaning related to transport: after transporting in areas where road salt is used, you should clean the machine to remove corrosive salts. Additionally, cleaning procedures are described for certain components of a *different* product (e.g., front caster wheel, side brush, sensor ports), but those steps explicitly pertain to a non-snowmobile device (e.g., 'bin', 'travel case', 'toothbrush') and are not applicable to snowmobile maintenance. For authoritative snowmobile cleaning guidance, please consult your owner’s manual or an authorized dealer."
427,"""What are the best methods for memorizing communication channels using a manual program?""","The best methods for memorizing communication channels using a manual program are as follows: 1. Using the MEMORY/ERASE button on the remote control: - Press the ▲/▼ or NUMBER buttons to select the channel number you want to memorize or erase. - Press the MEMORY/ERASE button to confirm Memory or Erase. An on-screen display appears <PIC>. 2. Using the MENU system: - Press the MENU button, then use ▲/▼ to navigate until the menu is displayed <PIC>. - Press ▶, then use ▲/▼ to select ""Manual"" <PIC>. - Press ▶ again, then use ▲/▼ to select ""Channel"" <PIC>. - Use ▲/▼ to select the desired channel number to memorize or erase <PIC>. - Press ▶ and use ▲/▼ to select ""Memory"" <PIC>. - Press ENTER (○) to confirm and memorize <PIC>. - Press MENU repeatedly to exit . , [""Manual35_7"", ""Manual35_8"", ""Manual35_9"", ""Manual35_8"", ""Manual35_9"", ""Manual35_20"", ""Manual35_20""]"
428,"""What are the common causes and conditions that can lead to poor reception in television or radio signals?""","Common causes and conditions that can lead to poor television or radio signal reception include: 1. Weak signal strength — especially in fringe areas, which may result in 'snow' (small dots on screen) <PIC>; 2. Signal reflection causing 'ghosts' — when the signal splits and travels via direct and reflected paths (e.g., off tall buildings or hills); adjusting antenna direction or position may help <PIC>; 3. External interference from sources such as automobile ignition systems, neon lamps, electrical drills, or other appliances, which may cause picture flutter, drift, black spots, or horizontal streaking <PIC>; 4. Poor antenna condition — severely weathered antennas or cables degrade signal quality <PIC>; 5. Improper antenna connection or mismatched impedance (e.g., using 300-ohm flat wire without proper 300-to-75-ohm adapter, or incorrect coaxial cable setup) <PIC>. , [""Manual35_31"", ""Manual35_32"", ""Manual35_33"", ""Manual35_36"", ""Manual35_34""]"
429,"""What are the steps to enable and customize captions and on-screen text settings on a television?""","To enable and customize captions and on-screen text settings on this television, follow these steps: 1. Press the CAPTION button on the remote control. 2. Press the CAPTION button repeatedly to cycle through the available options: OFF, Mode 1, Mode 2, Text 1, or Text 2. 3. Press the ENTER (●) button to confirm your selection and exit. Note: - Mode 1 typically displays standard captions; Mode 2 may show alternate caption streams or program information. - Text services (e.g., news, weather) are broadcast separately and depend on station availability — not all stations offer text even if they support captions. - Caption display requires a properly received broadcast signal; poor reception may cause blank or intermittent text boxes <PIC>. - Real-time captioning is used for live programming, while prerecorded programs use pre-authored captions <PIC>. , [""Manual35_34"", ""Manual35_30""]"
430,"""What are the steps to properly connect and set up an outdoor antenna for optimal signal reception?""","To properly connect and set up an outdoor antenna for optimal signal reception: 1. Use an outdoor antenna (recommended for best reception); inspect it and the cable for weathering or damage before installation. 2. For a 300 ohm flat wire: connect it to the screws on a 300 ohm to 75 ohm adapter, then push the adapter into the TV’s 75 ohm antenna jack <PIC>. 3. For a 75 ohm coaxial cable: connect it directly to the TV’s 75 ohm antenna jack <PIC>. 4. To improve reception, reorient or relocate the antenna — especially if experiencing ghosts (caused by signal reflection) or snow (indicative of weak signal in fringe areas) <PIC><PIC>. , [""Manual35_36"", ""Manual35_36"", ""Manual35_32"", ""Manual35_33""]"
431,"""What are the steps to properly connect a DVD player to a television or audio system for optimal performance?""","To properly connect a DVD player to a television or audio system for optimal performance, follow these steps based on the provided documentation: 1. **For component video + stereo audio connection (recommended for higher quality):** - Connect the DVD player’s component video outputs (Y, PB, PR) to the TV’s corresponding COMPONENT input jacks. - Connect the DVD player’s audio outputs (L/R) to the TV’s AUDIO IN (L/R) ports. - Turn on both devices, then press the TV/VIDEO button on the remote or front panel to select COMPONENT mode. - Note: The TV remembers the last selected input mode, even after power-off. 2. **For standard A/V (RCA) connection:** - Connect the DVD player’s A/V output jacks (yellow for video, red/white for audio) to the TV’s IN 1 (A/V) jacks (side or back). - Press the TV/VIDEO button to select VIDEO1. - For models with multiple inputs, use IN 2 and select VIDEO2 if needed. 3. **For audio-only connection to an external audio system:** - Connect the DVD player’s audio output to the LINE IN port (light blue) of the audio system. Note: Always ensure both devices are powered on before switching inputs. Refer to your specific model’s manual for port labeling and compatibility — diagrams illustrating jack layouts are available in the reference materials <PIC>. , [""Manual35_40""]"
432,"""What are the key factors to check when troubleshooting technical issues or malfunctions?""","When troubleshooting technical issues or malfunctions, key factors to check include: 1. Power source integrity (e.g., correct battery type, proper installation, fully charged state, and secure battery compartment cover) <PIC>; 2. Physical connections and environmental conditions (e.g., avoid dust, humidity, temperature extremes, and ensure stable placement); 3. Warning indicators or error displays (e.g., 'Check Engine', 'Low Oil Pressure', or blinking '_ _' on speedometer) <PIC>; 4. Mechanical components (e.g., drive belt wear, clutch condition, valve operation, or spark/ignition functionality); 5. System-specific diagnostic aids (e.g., ECM-stored engine data or troubleshooting charts referencing 'TROUBLE', 'POSSIBLE CAUSE', 'REMEDY', and 'PAGE') <PIC>. Always refer first to the official Troubleshooting Guide in your product’s manual. , [""Manual10_235"", ""Manual09_95"", ""Manual35_45""]"
433,"""What safety precautions should be followed to ensure safe operation during this process?""","When using electrical appliances, basic safety precautions should always be followed, including the following: • Read all instructions. • Do not use outdoors. • Do not let cord hang over edge of table or counter, or touch hot surfaces. • The safety precautions are part of the appliance. Read them carefully before using your new appliance for the first time. Keep them in a place where you can find and refer to them later on. • The appliance is intended for its specified use only. • Do not use the appliance for any use other than the intended use. • This appliance has been designed for indoor, non-extreme temperature conditions use only. <PIC> , [""Manual12_13""]"
434,"""How do you adjust the intensity settings on an electric toothbrush to suit your oral care needs?""","To adjust the intensity settings on your electric toothbrush to suit your oral care needs: - Your toothbrush has 3 intensity levels: High (three lights), Medium (two lights), and Low (one light). - To manually select a setting, press the intensity indicator lights on the handle to cycle through the options — this can be done before, during, or after brushing. <PIC> - You can also customize the intensity via the app for more precise control. <PIC> - Additionally, Adaptive Intensity is enabled by default: if you apply excessive pressure while brushing, the toothbrush automatically lowers the intensity by one level to protect your gums. After each new brushing cycle, it returns to your pre-selected setting. , [""drill0_04"", ""drill0_05""]"
435,"""What are the steps to activate and deactivate the various features on an electric toothbrush for customized usage?""","To activate or deactivate features on your electric toothbrush, follow these guidelines based on available documentation: - **Adaptive Intensity**, **Pressure Sensor Feedback**, **Scrubbing Feedback**, and **Brush head replacement reminder** can all be activated or deactivated (see 'Activating or deactivating features'). - **Adaptive Intensity is pre-activated**, but will auto-deactivate if the Pressure Sensor is turned off. - **Pressure Sensor Feedback is pre-activated**; deactivation instructions are referenced under 'Activating or deactivating features'. - **Scrubbing Feedback is pre-deactivated**; activation is recommended via the app if scrubbing behavior is detected. - **Brush head replacement reminder is pre-activated**; it alerts you via amber blinking light and audible tones when replacement is needed. **Activation/deactivation methods:** - **Via the app**: Adaptive Intensity and Scrubbing Feedback can be toggled directly in the app (see 'App - Getting Started' for connection instructions). - **Via the handle**: Place the handle on the charging stand, then press and hold the power button for a specified duration <PIC>. Note: The SenseIQ icon illuminates on the handle during brushing and when enabling/disabling settings <PIC>. , [""drill0_04"", ""drill0_07""]"
436,"""What are the steps to charge an electric toothbrush when it is inside a travel case, and how do you ensure it charges properly?""","To charge your electric toothbrush inside the travel case, follow these steps: 1. Plug the USB cord into the travel case and into the USB wall adapter. <PIC> 2. Plug the wall adapter into an electrical outlet. 3. Place the toothbrush into the travel case. <PIC> a. To confirm charging has started successfully, the toothbrush will beep twice and the lights will illuminate in an upward motion. b. While charging, the battery indicator blinks in white. <PIC> 4. Leave the travel case plugged in until fully charged — the battery light will turn off (stop blinking) when charging is complete. Note: It may take up to 16 hours to fully charge. Also, ensure the travel case is placed on its side for better stability. <PIC> , [""drill0_04"", ""drill0_05"", ""drill0_06"", ""drill0_07""]"
