id,ret
1,是否支持7天无理由退换货需根据商品状态、订单时间和平台规则综合判断，申请时请保持商品包装及配件齐全。 若符合退换条件，运费政策将依据具体订单情况和平台规则确定。
2,1. 我们的售后维修服务范围主要覆盖产品在保修期内因材料或工艺缺陷导致的非人为故障，具体以各产品保修政策为准。 2. 人为损坏（如误用、疏忽、自行拆修、进水、摔损等）通常不在保修范围内，但一般仍可提供有偿维修服务。
3,我们支持开具电子发票，企业抬头需提供公司名称、税号和邮箱等信息。 发票通常在订单完成后1-3个工作日内开具并发送至您预留的邮箱。
4,1. 请先保留商品、破损包装的照片及开箱视频等凭证，并准备好订单号。 2. 联系客服提供上述信息，核实后可安排补发、换货或退款。
6,退款通常会原路退回至您的支付账户，信用卡支付将退回到原卡。 到账时间受银行或支付渠道处理时效影响，一般需3-7个工作日。
7,非常抱歉给您带来不好的体验，请提供您的订单号、商品实物照片及具体问题描述，我们会尽快核实并为您安排退换货或相应补偿。 如有需要，也会为您升级至人工客服处理投诉。
8,1. 非常抱歉给您带来不好的体验。 2. 请您提供订单号、商品实物照片及具体不符的功能描述，以便我们核实情况。
9,请您提供订单号，并上传商品及包装照片或开箱视频作为凭证，我们将尽快核实并跟进补发进度。
10,非常抱歉给您带来不便。 请您提供维修单号或订单号，我们将立即为您核实维修进度并协助催办。
11,非常抱歉给您带来不便，请您提供订单号及商品外包装或标签的清晰照片，我们将尽快核实并为您安排退换货处理。
12,非常抱歉给您带来不愉快的体验，请您提供订单号及相关情况说明，我们会尽快核实并跟进处理。
13,非常抱歉给您带来不好的体验！ 请您提供订单号、商品照片及具体问题描述，我们会尽快核实并为您安排退换货或退款处理，必要时将升级至人工客服跟进。
14,非常抱歉给您带来不好的体验，请您提供订单号、商品照片及问题描述，我们将尽快核实并为您安排退换货或退款处理。
15,非常抱歉给您带来不好的体验，请您提供订单号、商品照片及问题描述，我们会尽快核实并为您处理退换货或退款。 必要时将升级至人工客服跟进投诉。
16,若商品存在划痕，建议您先保留商品及包装，并提供清晰照片和订单号，客服核实后将根据实际情况为您处理换货申请。 具体是否支持换货以审核结果为准。
17,换货通常需要保留原包装和配件，若包装盒已丢失，是否支持换货需以订单审核结果为准。 一般情况下不会收取额外包装费，但具体处理仍需根据商品状态和平台规则确认。
18,超过7天无理由退换货期限后，是否能退货需根据商品状态、订单时间和平台规则综合判断。 如商品存在质量问题或与描述不符，请提供订单号和相关凭证，我们将协助您核实处理。
19,1. 目前我们主要提供电子版说明书，部分商品可能随箱附带纸质版，具体以实际收到为准。 2. 电子版说明书通常可在商品详情页、品牌官网支持页面或通过联系客服获取。
20,1. 是否能寄到国外需根据具体收货地址和商品类型确认，部分海外地区可能无法配送，请提供详细地址以便核实。 2. 运费取决于订单金额、促销活动及目的地，下单后通常24-48小时内发货。
21,开具公司抬头发票需提供公司名称、税号和邮箱等信息，通常支持电子发票。 若抬头写错，可联系售后申请重开，处理时效一般为1-3个工作日。
22,商品如有瑕疵，即使已使用，只要在质保期内且非人为损坏，仍可申请售后。 请提供订单号及瑕疵照片，客服将根据情况安排换货或维修。
23,若订单已付款但未发货，通常可申请全额退款；若已发货，则需根据商品状态和平台规则处理。 请保持商品包装及配件齐全，具体以订单审核结果为准。
24,商品通常附带售后保障卡，但即使卡片丢失，只要在保修期内并能提供有效购买凭证（如订单信息），仍可享受售后服务。
25,目前是否支持以旧换新服务，请以您下单时商品页面或活动页面的说明为准。 如有相关活动，通常会在商品详情页或促销信息中明确标注。
26,1. 智能客服可解答产品使用、安装、功能设置等技术问题（如空气净化器滤网安装、健身追踪器闹钟设置、空调自诊断等）。 2. 若问题涉及售后异常（如包装破损、少发错发、质量问题、宣传不符等），请提供订单号及相关凭证（照片、视频等），我们将协助核实并安排补发、换货、退款或升级人工处理。
33,是否支持7天无理由退货取决于商品状态、订单时间和平台规则。 需保持商品包装和配件齐全，具体以订单审核结果为准。
34,1. 请先保留商品外包装、少发商品的照片或开箱视频等凭证，并准备好您的订单号。 2. 联系客服提供上述信息，核实后将优先安排补发或相应售后处理。
35,是否能换货取决于商品状态、订单时间和平台规则。 请确保商品包装和配件齐全，并通过订单页面申请换货，具体处理以审核结果为准。
36,"商品的生产日期通常标注在机身的""Manufactured date label""（生产日期标签）上。 该标签一般位于电器盒和曲轴箱排气侧。 <PIC> , [""Manual20_4""]"
37,1. 是否提供上门安装服务取决于具体商品品类和地区。 部分大家电（如空调、洗碗机、烤箱等）支持预约上门安装。 2.
38,是否提供试用装取决于具体商品和当前活动规则，建议您查看商品页面或联系客服确认。
39,很抱歉给您带来不便，请提供订单号、商品照片及具体问题描述，我们将尽快核实并为您安排退换货、退款或补偿。 如有需要，也会升级至人工客服处理。
40,部分产品支持更换更大尺寸的配件，例如健身追踪器可更换大号表带（包装内附赠），VR头显可更换L号耳塞。 是否可换需根据具体商品类型确认。 关于尺寸差价：参考知识中未提及更换尺寸时的差价处理政策。 建议联系客服或查看购买平台的换货规则以了解是否需要补差价。
41,1. 快递丢失属于收货异常，请立即保留相关凭证（如包装照片、开箱视频等）并提供订单号。 2. 客服核实后，若属商家或物流责任，将安排补发、换货或退款，相关运费通常不由您承担。
42,已使用的商品是否能退款，需根据商品状态、订单时间和平台规则综合判断。 请保持商品包装和配件齐全，具体处理结果以订单审核为准。
43,1. 快递送达时您不在家，快递员通常会联系您协商再次派送或暂存至代收点（如快递柜、驿站等）。 2. 请及时查看物流信息和电话通知，按提示操作取件。
44,关于优惠券的使用范围，请查看您所持优惠券的具体条款说明，通常优惠券仅适用于指定商品或品类，并非所有商品均可使用。 如有疑问，建议联系客服确认具体适用范围。
45,我们无法提供终身维修服务，具体保修范围和维修政策取决于产品类型及质保期限。 若在质保期内且为非人为故障，可申请免费维修或检测。
46,1. 关于维修超时：请提供您的维修单号或订单号，我们将协助您升级催办并核实当前维修进度。 2. 关于翻新机问题：根据保修政策，更换产品可为全新或翻新，功能相近且价值相等或更高。
47,请您提供订单号、质量问题商品的照片、少发情况的凭证（如开箱视频或照片），以及正确的发票抬头信息。 我们将为您升级专人统一处理换货、补发及重新开票事宜。
48,请您保留商品包装、破损及生产日期照片和订单信息，联系客服核实后可安排退货退款。 若因商品问题影响健康，请及时就医并保留相关凭证，我们将协助处理后续保障事宜。
49,可以申请售后，请立即保留商品、破损包装的照片及开箱视频等凭证，并提供订单号，客服核实责任后会安排补发、换货或退款。
50,1. 安装是否免费及是否包含配件，应以您购买时商品页面或订单中的服务说明为准。 若安装人员收取额外配件费，请保留收费凭证。 2.
51,质保期内非人为质量问题应免费维修，若维修超时或被收取配件费，请提供订单号和维修单号，我们将核实情况并协助处理。
52,若设备在质保期内且属非人为故障，可免费返仓维修；建议您保留维修单号并联系客服升级跟进进度，同时要求做好设备运输防护。
53,为避免给出不准确的操作建议，请您补充具体产品型号或产品名称，我会再按对应说明书为您查询。
54,请保留商品包装及订单信息，并联系客服申请退货退款。 若核实确属未标注临期商品，将为您处理退换货事宜。
55,非常抱歉给您带来不便，请提供订单号、商品实物照片及问题描述，我们将尽快核实并为您安排换货处理。
57,可以申请售后。 请保留商品及包装的照片等凭证，并提供订单号，客服核实后会安排换货、补发或退款。
58,1. 关于无线充电功能与续航问题，请您提供订单号、商品实物照片（含包装和标签）、以及具体问题描述（如详情页宣传截图与实际不符的对比），以便我们核实是否属于宣传不符或质量问题。 2. 若经核实确实存在商品功能与详情页描述严重不符的情况，我们将依据平台规则协助您办理退货退款；若符合退换货条件（如在售后期内、商品未人为损坏、配件齐全等），可安排退货或换货。
64,使用吹风机时，操作人员需佩戴以下防护装备： 1. 合格的听力防护装备 2. 合格的眼部防护装备 3. 在多尘环境中操作时佩戴面罩 4. 防滑鞋底的工作靴或工作鞋 5. 配备急救箱
65,操作吹风机时，人员需注意以下安全要点： 1. **禁止将喷口对准人或动物**，高速气流夹带颗粒物可能造成严重伤害。 2. **必须佩戴个人防护装备**：合格的听力防护、眼部防护；多尘环境下面罩；防滑工作鞋；现场备有急救箱。 3. **严禁站在梯子或支架上操作**，必须双脚稳固站立地面。 4. **远离易燃物**：消音器和排气口在运行中、停机后甚至怠速时都异常滚烫，可能引发火灾。 5. **确保防护装置齐全有效**：如风扇罩、检修盖等缺失或损坏时禁止操作（安装吸尘管除外）。 6. **穿着规范**：勿穿宽松衣物、围巾、项链，长发需束起，防止卷入旋转部件。 7. **状态清醒**：饮酒、服药或疲劳时不得操作；未成年人禁止使用。 8. **作业环境通风良好**：避免吸入含一氧化碳的废气，严禁在室内或封闭空间使用。 9. **启动前检查设备**：确认空气滤清器、消音器、油门锁、停机开关等功能正常。 10. **加油或安装/拆卸配件前必须关闭发动机**。 11. **合理时段使用**：避免清晨或深夜扰民，建议周一至周六上午9:00至下午5:00操作。 12. **使用最低必要油门档位**，减少噪音与风险。
66,"吹风机的化油器调节步骤如下： 1. **基础设置**：H 和 L 油针均逆时针旋至限位终点，怠速推荐为 3000 转/分钟。 2. **低速油针（L）调节**： - 安装好吹风管与喷口； - 预热发动机 1–2 分钟； - 微调 L 螺钉使怠速达最大，再逆时针旋出最多 1/4 圈； - 必要时用 T 螺钉调整怠速。 3. **高速油针（H）调节**： - 预热后全油门运行； - 调节 H 螺钉至发动机转速最大； - 再逆时针旋出约 1/8 圈（受限位限制可略少）。 注意： - 顺时针旋入油针使混合气变稀（燃油减少），逆时针旋出则变浓（燃油增多）； - 调节 H 油针时，全油门持续不超过 10 秒，之后需怠速至少 10 秒； - 严禁拆除 H、L 油针限位装置，否则不符合环保要求。 化油器位置及调节螺钉见图：<PIC> , [""Manual04_35""]"
67,为避免给出不准确的操作建议，请您补充具体产品型号或产品名称，我会再按对应说明书为您查询。
68,为避免给出不准确的操作建议，请您补充具体产品型号或产品名称，我会再按对应说明书为您查询。
69,"要关闭吹风机，请将停机开关（3）置于""OFF""（停机）位置，即可切断点火电源并关闭发动机。"
70,"空调的重要组成部件包括室内机、空气滤网（如3M多重防护滤网、等离子滤网）、出风口、进风口、遥控器等。 具体结构可参考产品说明书中的部件介绍部分。 <PIC> , [""Manual01_0""]"
71,空调遥控器的按键通常位于遥控器正面，部分附加功能的按键可能位于遥控器盖板下方。 您可以打开盖板查看是否有隐藏按键。
72,给空调遥控器安装电池的步骤如下： 1. 取下电池盖。 2. 装入新电池（使用7号电池），确保电池正、负极安装正确。 3. 重新装上电池盖。 注意：切勿混用不同型号或新旧电池，也不要对电池充电或拆解。
73,"安装空调遥控器支架的步骤如下： 1. 选择一个无阳光直射、安全且便于取用的位置。 2. 使用螺丝刀将两颗螺丝拧紧，以固定支架。 <PIC> 3. 将遥控器滑入支架中。 <PIC> , [""Manual14_3"", ""Manual14_4""]"
74,要快速调节室内温度，请使用空调的极速制冷或极速制热模式： 1. 按下开/关键开启电源。 2. 按下极速键。 - 极速制冷模式下，空调将以18℃强风运行30分钟。 - 极速制热模式下，空调将以30℃强风运行30分钟。
75,"使用空调的自清洁运行功能，请按以下步骤操作： 1. 在制冷或除湿运行后，按下遥控器上的""自清洁""键，显示屏上会显示自清洁标识。 2. 若此时关闭空调电源，室内机风扇将继续运行约30分钟，对内部进行清洁干燥。 注意：部分机型可能不支持此功能，具体请参考您的产品说明书。 <PIC> , [""Manual01_17""]"
76,"使用空调的等离子净化功能方法如下： 1. 按下开/关键开启电源。 2. 按下遥控器或面板上的""等离子""键，显示屏上会显示等离子标识，表示功能已启动。 注意： - 无需开启制冷或制热，也可单独使用等离子净化功能（部分机型支持）。 - 功能运行时，等离子灯和制冷灯会同时亮起。 - 部分机型可能不支持此功能，请以实际产品为准。"
77,单冷型空调开启自动运行模式的步骤如下： 1. 按下开/关键开启电源。 2. 反复按下模式键，选择自动运行模式。 3. 若当前温度高于或低于所需温度，可按下上升/下降键选择所需的运行代码。
78,使用空调的自动转换运行功能，请按以下步骤操作： 1. 按下开 / 关键开启电源。 2. 反复按下模式键，选择自动转换运行模式，显示屏上会显示对应标识。 3. 按下上升 / 下降键设置所需温度（范围为 18°C–30°C）。 4. 反复按下风速键选择风扇转速。
79,开启空调节能制冷模式的步骤如下： 1. 按下开 / 关键开启电源。 2. 反复按下模式键，选择制冷模式。 3. 按下节能键，显示屏上会显示节能标识。
80,无遥控器时，可通过室内机的开/关键操作空调： 1. 打开前盖板，轻轻掀起盖板两侧即可。 2. 按下开/关键。 此时风扇转速默认设为高速。 冷暖型机型的运行模式会根据室内温度自动切换；单冷型机型的温度将默认设为22摄氏度（71. 6华氏度）。
81,空调的自动重启功能为工厂默认开启，停电后会自动恢复之前的运行设置。 如该功能被关闭，可通过以下步骤重新开启： 1. 打开前盖板，轻轻掀起盖板两侧即可。 2. 按住开 / 关键 6 秒钟，设备会发出两声蜂鸣，蓝色指示灯闪烁 4 次，表示自动重启功能已开启。 * 功能会根据机型有所调整。
82,所有型号的空调均建议每两周清洁一次空气滤网，必要时（如使用环境灰尘较多）可增加清洁频率。 不同机型的滤网位置和形状可能略有差异，但清洁周期一致。
83,清洁空调空气滤网的步骤如下： 1. 关闭电源并拔下电源线。 2. 打开前盖板，轻轻掀起盖板两侧即可。 3. 握住空气滤网的把手，轻轻向上提起，将其从机身中取出。 4. 用吸尘器清理滤网，或用温水（不超过40℃）冲洗；若污垢较重，可加入中性洗涤剂清洗。 5. 将滤网置于阴凉处晾干后，重新装回。 注意事项： - 切勿使用40℃以上热水、挥发性溶剂或强力清洁剂。 - 清洁后务必确保滤网完全干燥再安装。 - 建议每两周清洁一次，灰尘多的环境可增加频率。
84,"清洁空调的3M多重防护滤网步骤如下： 1. 关闭电源并拔下电源线。 2. 打开前盖板，取出空气滤网（详见""清洁空气滤网""）。 3. 抽出3M多重防护滤网。 4. 用吸尘器清理滤网污垢，切勿用水清洗3M多重防护滤网，以免造成滤网损坏。"
85,"清洁空调等离子滤网的步骤如下： 1. 关闭电源并拔下电源线。 2. 打开前盖板，取出空气滤网（详见""清洁空气滤网""）。 3. 在10秒内取下等离子滤网。 4. 用吸尘器清理滤网污垢；若污垢较难清理，可用温水（不超过40℃）冲洗。 5. 将滤网置于阴凉处晾干后装回。 注意：切勿使用热水、洗涤剂或挥发性物质清洁等离子滤网，以免损坏。"
86,"快速组装蒸汽清洁机步骤如下： 1. 将主机身固定扣（部件15）从主机身（部件7）背部取下。 2. 将手柄杆（部件4）插入主机身（部件7），直至听到咔嗒声到位。 <PIC> 3. 安装拖布：按下拖布释放扣（部件17）拉开挡板，装入拖布（部件16）。 4. 加水：可使用配套量杯加水，或按下水箱解锁扣（部件10）取下水箱加水。 5. 如需使用手持蒸汽器或配件，按说明安装相应部件。 注意：无需专用工具，所有操作请在断电状态下进行。 , [""Manual23_82""]"
87,蒸汽清洁机具备以下实用功能： - **水箱与过滤系统**：位于手持蒸汽器顶部，支持使用蒸馏水或去离子水；内置水过滤器可减少水垢，延长机器寿命。 - **就绪指示灯**：位于手柄处，水转化为蒸汽后亮起，提示可开始使用。 - **多种配件适配**：包括喷射喷嘴（地板/边缘）、角形喷嘴（窗台/马桶）、弧形喷嘴（硬质表面）、圆刷（缝隙清洁）、布艺清洁头（除皱除味）及玻璃清洁组件等。 - **旋转拖头与可机洗拖布**：拖头可灵活转向清洁狭小区域，拖布能吸附污垢且支持重复使用。 - **延长管设计**：便于清洁高处或远距离区域。 快速上手步骤： 1. **组装**：将手柄杆插入主机身至咔嗒声；安装拖布（按下释放扣装入）。 2. **加水**：使用量杯或取下水箱加水，建议用蒸馏水。 3. **通电预热**：展开电源线，插入120V插座，等待就绪指示灯亮起。 4. **开始清洁**：缓慢移动机器，同时按住蒸汽开关；消毒时在同一区域停留15–20秒。 5. **配件使用**：拔掉电源冷却后，将所需配件装到手持蒸汽器上。 注意：首次使用可能需数秒出蒸汽；切勿添加任何化学药剂；仅适用于瓷砖、复合地板等耐热硬质地面，不可用于未封边木地板或皮革等材质。
88,使用蒸汽清洁机清洁硬质地面的步骤如下： 1. **确认适用性**：本机适用于瓷砖、Vinyl地板、复合地板、大理石、石材及封边木地板。 不可用于未封边木地板。 2. **清洁前准备**：先扫地或吸尘，清除表面灰尘和碎屑。 3. **安装拖布**：按下拖布释放扣（部件17），装入吸水纤维拖布（部件16）。 4. **加水**：向水箱（部件9）加入自来水、蒸馏水或去离子水，切勿添加清洁剂、除垢剂、酒精等。 5. **开机预热**：插电后等待就绪指示灯亮起（首次使用可能需数秒出蒸汽）。 6. **开始清洁**：缓慢推动蒸汽拖把，同时按下蒸汽开关（部件2）释放蒸汽。 7. **消毒处理（如需要）**：将蒸汽拖把停留在目标区域至少15秒，但不超过20秒。 8. **注意事项**： - 切勿在同一位置长时间喷射蒸汽。 - 高温蒸汽会去除地板蜡，打蜡地板慎用。 - 使用前建议在不显眼处测试，或查阅地板厂家说明。 注：水箱无水时机器会异常，请及时断电加水。
89,"组装人体工学椅涉及以下部件和步骤： - 配件 C1 与 C2（用螺丝组装） - 脚轮 - 底座盖与气杆 - 底盘 - 脚踏与橡胶圈 - 座椅 - 椅背连接件 - 扶手 - 头枕与腰枕 具体组装顺序为：先将 C1 与 C2 组装，安装脚轮；用底座盖盖住底座中心并装上气杆；安装底盘；装脚踏并套上橡胶圈；将座椅放置在气杆上；在椅背上安装连接件，并将其固定到底盘后端；对准螺丝孔安装扶手；最后安装头枕与腰枕。 <PIC><PIC><PIC><PIC><PIC><PIC><PIC><PIC><PIC><PIC><PIC><PIC><PIC><PIC><PIC><PIC> , [""Manual02_0"", ""Manual02_1"", ""Manual02_2"", ""Manual02_3"", ""Manual02_4"", ""Manual02_5"", ""Manual02_6"", ""Manual02_7"", ""Manual02_8"", ""Manual02_9"", ""Manual02_10"", ""Manual02_11"", ""Manual02_12"", ""Manual02_13"", ""Manual02_14"", ""Manual02_15""]"
90,为避免给出不准确的操作建议，请您补充具体产品型号或产品名称，我会再按对应说明书为您查询。
91,为避免给出不准确的操作建议，请您补充具体产品型号或产品名称，我会再按对应说明书为您查询。
92,洗碗机的主要部件包括： 1. 台式（视型号而定） 2. 上层喷淋臂 3. 下层碗篮 4. 下层喷淋臂 5. 过滤器 6. 控制面板 7. 机门 8. 洗涤剂盒 9. 下层喷淋臂槽 10. 餐具篮 11. 专用盐箱盖 12. 上层篮导轨 13. 带支架的上层碗篮 14. 风扇烘干系统（视型号而定）
93,"首次使用洗碗机时，排水管可直接连接到排水孔或水槽排水口。 连接时需注意： 1. 排水口距地面高度应在50至100厘米之间； 2. 排水管应平直连接，不得弯折； 3. 牢固固定排水管，防止工作时脱落； 4. 排水管长度不应超过4米； 5. 排水管必须接入污水系统，不可连接至地表水。 安装前请移除排水孔上的盖子，然后将排水管插入排水方向并确保接头牢固。 <PIC> , [""Manual39_25""]"
94,首次使用洗碗机前，请按以下步骤添加专用盐： 1. 取出下层碗篮。 2. 逆时针旋转打开盐箱盖。 3. 首次加盐前，先向盐箱内注入1升水。 4. 使用盐斗将洗碗机专用软化盐加入盐箱（约可装2公斤），可适当搅拌加速溶解。 5. 加满后盖紧盐箱盖。 6. 若不立即运行洗涤程序，请空载运行最短程序，以溶解并冲散洒落的盐。 注意：仅使用洗碗机专用软化盐，勿用食盐或其他含杂质的盐。
95,"请在即将运行洗碗机前添加洗涤剂，步骤如下： 1. 向右推动卡扣打开洗涤剂盒盖（A）。 2. 根据餐具脏污程度和所选程序，将粉末或块状洗涤剂加入盒内。 盒内有刻度标记（15cm³、25cm³），最大容量为40cm³。 3. 若使用含预洗的高温程序并使用洗涤块，请确保盒盖紧闭。 4. 轻轻按下关闭洗涤剂盒盖，听到""咔嗒""声即表示关紧。 注意： - 仅使用洗碗机专用洗涤剂； - 添加前确保洗涤剂盒干燥； - 切勿提前很久加入洗涤剂； - 过量使用粉末洗涤剂可能导致残留或划痕。"
96,"为洗碗机添加洗涤块的步骤如下： 1. 在即将启动洗碗机前，向右推动卡扣打开洗涤剂盒盖。 2. 将一块洗涤块放入洗涤剂盒内。 注意不要提前很久加入，以免受潮失效。 3. 轻轻按下关闭洗涤剂盒盖，听到""咔嗒""声表示已关紧。 4. 若使用的是带预洗的高温程序，请确保盒盖紧闭；若使用无预洗的短程序，建议改用粉末洗涤剂，因洗涤块在低温短时条件下可能无法完全溶解。 5. 如需启用洗涤块功能（适用于2合1、3合1等多效洗涤块），请在选择程序后按下""半载 / 洗涤块键""，直至洗涤块指示灯亮起，再按启动键并关闭机门。 注意：请遵循洗涤块包装上的说明，确认其适合放入洗涤剂盒（而非碗篮）。"
97,要正确添加和使用亮碟剂以获得更好的洗涤效果，请按以下步骤操作： 1. **检查亮碟剂指示灯**：若指示灯熄灭，表示需要添加亮碟剂。 2. **打开亮碟剂盒盖**：按下卡扣（B）打开亮碟剂盒盖。 3. **加注亮碟剂**：将专用洗碗机亮碟剂注入盒内，直至 MAX 刻度线。 注意不要溢出，如有溢出请立即擦净，以免产生泡沫影响洗涤效果。 4. **关闭盒盖**：轻轻按下盒盖直至听到咔嗒声，确保关紧。 5. **调节剂量**：根据洗涤效果调整亮碟剂剂量旋钮（通常为1-6档）。 出厂默认为4档；若餐具残留水渍，可调高剂量；若出现蓝色痕迹，则调低剂量。 注意事项： - 仅使用洗碗机专用亮碟剂。 - 若使用多效洗涤块（如3合1、4合1等），可能已含亮碟成分，此时需根据产品说明决定是否额外添加亮碟剂。 - 使用洗涤块时，亮碟剂指示灯可能被自动关闭，如需恢复提醒功能，需手动开启亮碟剂指示灯设置。
98,"以下物品不适合在洗碗机中清洗： ・沾有烟灰、蜡烛残渣、抛光剂、染料或化学品的餐具； ・铁制器具（易生锈或污染其他物品）； ・带木质或骨质手柄、黏合部件、不耐热部件的银质餐具、刀具； ・铜和镀锡容器； ・装饰花纹瓷器、铝制和银质器具（可能褪色或失去光泽）； ・某些精致玻璃和水晶（可能逐渐失去光泽）； ・表面已损坏或劣质的厨具（如劣质不锈钢银器、已生锈器具）； ・特氟龙厨具虽可洗但烘干后易残留水滴，属正常现象。 建议购买餐具时确认是否标明""适用于洗碗机""。"
99,洗碗机餐具篮的安装与调节方式因型号而异，主要涉及以下操作： 1. **可折叠下层篮架丝**（视型号而定）：下层碗篮配有两根可折叠架丝，用于放置锅、碗等大件物品。 按下卡扣（A）即可放下架丝，单独或同时折叠以创造更大空间。 2. **空载上层篮高度调节**（视型号而定）： - 拨开上层篮导轨末端的限位器（A）； - 取出碗篮（B）； - 调整滚轮位置后放回导轨，并关闭限位器（C）。 3. **负载上层篮高度调节**（视型号而定）：无需取出碗篮即可调节高度。 - **升高**：抓住上层篮一侧架丝向上提起（A），另一侧重复操作； - **降低**：按下碗篮调节机构上的卡扣（B）降低，另一侧同样操作； - 调节后确保两侧高度一致（同高或同低）。 具体结构请参考您机型的用户手册，部分功能可能不适用于所有型号。
100,可折叠下层篮架丝（共2根）已预装在下层碗篮上，无需额外安装。 使用时，您可单独或同时按下卡扣（A）来折叠架丝，以腾出更大空间放置锅、碗等大件物品。
101,洗碗机满载时，仅上层碗篮支持高度调节，操作如下： **升高碗篮**： 1. 抓住上层篮一侧架丝（左或右）向上提起（A）； 2. 另一侧重复相同操作。 **降低碗篮**： 1. 按下碗篮调节机构上的卡扣降低碗篮（B）； 2. 另一侧重复相同操作； 3. 确保两侧调节机构处于同一水平（高或低）。 注意：下层碗篮在满载时不可调节高度，仅支持空载状态下取出调整。
102,清洁洗碗机进水管滤网的步骤如下： 1. 关闭水龙头并拆下进水管。 2. 取出滤网，在自来水下冲洗干净。 3. 将清洁后的滤网装回水管原位。 4. 将水管重新接回水龙头。 操作前请确保已关闭水源，避免漏水。
103,清洁上层喷淋臂的步骤如下： 1. 检查上层喷淋臂上的喷水孔是否被食物残渣（如柠檬籽）堵塞。 2. 若堵塞，向左旋转螺母即可拆下上层喷淋臂（参考图示 C、D）。 3. 在自来水下冲洗喷淋臂，用细针或软刷清除孔内堵塞物。 4. 安装时，将喷淋臂放回原位，并顺时针拧紧螺母，确保安装牢固。 建议至少每周清洁一次喷淋臂，以保证洗涤效果。
104,"拆除空气净化器滤网塑料包装的步骤如下： 1. 拔下设备插头，确保断电。 2. 双手握住设备上盖并向上拉起。 <PIC> 3. 握住背部滤网盖把手并向前拉出。 <PIC> 4. 拆除滤网上的塑料包装（注意：拆除后无法退货）。 5. 将滤网上下推入设备，确保贴合紧密。 6. 装回滤网盖：先将盖子插入设备底部固定卡槽，再向前滑动使其卡入顶部卡槽。 7. 双手握住设备上盖并滑回原位，确保标识朝前。 8. 长按控制面板上的""睡眠 + 自动""键 5 秒以上进行初始化，红色滤网指示灯将熄灭。 注意：未拆除塑料包装会导致异响、滤网失效，甚至可能引发火灾或损坏设备。 , [""Manual03_0"", ""Manual03_1""]"
105,安装空气净化器脚轮的步骤如下： 1. 从包装盒内找到一小盒，内含 4 个脚轮和 8 颗螺丝。 2. 用螺丝刀拆下空气净化器底部原有的四个底座。 3. 将每个脚轮用两颗螺丝固定在原底座位置。 4. 保留拆下的底座和螺丝，以备日后使用。 注意：若滤盒内无脚轮盒，请联系客服。
106,"该空气净化器主要有以下几种运行模式： 1. **常规运行模式**：开机后默认进入上次使用的模式，可通过控制面板上的上下键在 F1 至 F18 风速档位间手动调节。 2. **自动模式**：按下""自动""键启用，设备根据 VOC 传感器检测的空气质量自动调节风速。 此模式下无法手动调速。 3. **涡轮风扇模式**：在常规模式下，同时长按上下键 3 秒启动，用于快速净化空气；按""下键""可退出涡轮模式。 4. **睡眠模式**：按下""睡眠""键启用，显示屏除月亮图标外全部熄灭，默认风速为 F1，但仍可在 F1–F18 范围内调节风速；再次按睡眠键或关机后退出。 设置方式均通过控制面板按键操作，无需 App（普通款及加大款不支持 Wi-Fi）。"
107,"空气净化器的室内空气质量（IAQ）指示灯位于显示屏外缘，以灯光形式环绕显示。 它根据传感器检测到的细颗粒物浓度，通过四种不同颜色实时反映当前室内空气质量状态。 <PIC> , [""Manual03_14""]"
108,清洁空气净化器前请务必拔下电源插头。 建议每月清洁1-2次，灰尘多的环境可增加频率。 **清洁外壳**：用温水或温和清洁剂浸湿的软布擦拭外壳，再用干软布擦干。 **清洁内部与滤网仓**： 1. 打开背部滤网盖，取出滤网。 2. 用吸尘器和湿毛巾清洁滤网仓内部。 3. 预过滤网可用吸尘器或软刷清洁，但**切勿用水清洗滤网**；若滤网过脏，请直接更换。 **清洁灰尘传感器**： 1. 双手握住设备上盖向上拉起。 拆下设备右侧灰尘传感器盖。 用蘸少量水的棉签擦拭传感器镜头和进风口，再用干净干棉签彻底擦干。 4. 装回传感器盖、滤网盖及上盖（标识朝前）。 注意：请勿使用丙酮、酒精等强腐蚀性清洁剂擦拭传感器。
109,为避免给出不准确的操作建议，请您补充具体产品型号或产品名称，我会再按对应说明书为您查询。
110,"更换空气净化器滤网的步骤如下： 1. 确保设备已断电。 2. 握住背部滤网盖把手并向前拉出。 3. 取出旧滤网，拆除新滤网上的塑料包装（未拆除会导致异响、无法工作，甚至可能引发火灾或损坏设备）。 4. 将新滤网上下推入设备，确保贴合紧密。 5. 装回滤网盖：先将盖子插入设备底部固定卡槽，再向前滑动使其卡入顶部卡槽。 6. 双手握住设备上盖并滑回原位，确保标识朝前。 7. 更换完成后，长按控制面板上的""睡眠 + 自动""键 5 秒以上进行初始化，红色滤网指示灯将熄灭。 注意：建议每 6-12 个月更换一次滤网，具体周期视使用环境而定。 请勿用水清洗滤网，若滤网过脏应直接更换。"
111,清洁空气净化器的灰尘传感器步骤如下： 1. 双手握住设备上盖并向上拉起。 2. 握住背部滤网盖把手并向前拉出。 3. 拆下设备右侧灰尘传感器盖。 4. 用蘸少量水的棉签擦拭灰尘传感器镜头和进风口，再用干净干棉签彻底擦干。 5. 装回灰尘传感器盖、滤网盖，并将设备上盖标识朝前装回。 注意：请勿使用丙酮、酒精等强腐蚀性化学试剂擦拭传感器部件，以免损坏镜头。
112,空气净化器长期存放时，请按以下步骤操作： 1. 在晴天运行设备 1 小时，然后拔下电源插头，晾干设备内部。 2. 遮盖设备并存放在干燥、无阳光直射的地方。
113,这款健身单车的主要技术规格如下： - 最大使用者重量：136 千克（300 磅） - 设备总占地面积：5670 平方厘米 - 机器重量：26. 5 千克（58. 4 磅） - 电源要求：220V–240V 交流电，50Hz，工作电流 0. 4A - 认证标准：交流电源适配器符合 CE 认证 - 符合国际标准：EN ISO 20957（S 级） - 推荐使用空间：至少 2. 3 米 × 1. 8 米（90 英寸 × 70 英寸） - 安全使用区域：机器两侧至少预留 0. 6 米（24 英寸） 如需了解控制功能、程序设置或组装细节，可参考用户手册对应章节。
114,启动健身单车前，请完成以下准备： 1. **穿着合适**：穿橡胶底运动鞋和活动自如的运动衣物。 2. **检查设备**：确认所有螺栓、脚踏板、座椅等部件紧固无松动或损坏；确保座管未超过限位标记（STOP）。 3. **调节座椅**：下车后松开调节旋钮，调整座椅高度，使踩踏时膝盖微弯，然后锁紧旋钮。 4. **调平单车**：旋转后稳定器的水平调节脚，确保单车放置水平、稳固。 5. **固定双脚**：将脚掌中心对准脚踏板中心，并用绑带固定鞋面。 6. **健康确认**：如有胸痛、头晕等症状，请先咨询医生。 7. **接通电源**：插上电源，控制台将在踩踏或按键后自动开机。 首次使用前还需完成控制台初始设置（日期、时间、单位）。
115,"这款健身单车配备有功能丰富的控制台，带有触控按键的显示屏，可提供运动中的重要信息并控制阻力等级。 **主要功能包括：** - **数据显示**：上部和下部显示区可呈现时间、距离、卡路里、速度、转速、心率、阻力等级等运动数据，支持自定义下部显示内容。 - **操作按键**： - 阻力增加（♠）/减小（▼）按钮：调节阻力等级 - 快速启动、程序、暂停/结束、目标追踪、确认、左右导航等专用按钮 - 风扇按钮：控制三速风扇 - 阻力等级快捷按钮：快速切换阻力 - **用户档案**：支持存储2个用户档案，自动记录运动数据，并可设置姓名、年龄、体重、身高、性别及首选数据显示方式。 - **运动程序**：可选择不同程序，设定目标（时间、距离或卡路里），并实时查看目标完成进度。 - **结果与放松模式**：运动结束后自动进入3分钟放松阶段，显示详细运动结果，支持手动切换数据通道。 - **成就系统**：达成目标时，成就指示灯点亮，并显示祝贺信息。 控制台还支持设置日期、时间、单位（公里/英里）、声音开关等功能。 <PIC><PIC><PIC> , [""Manual14_16"", ""Manual14_17"", ""Manual14_18""]"
116,在健身单车上运动前，为保证舒适度，您需要进行以下调整： 1. **座椅高度调节**：下车后松开座管上的调节旋钮，将座椅调至合适高度。 脚踏板转到前位时，脚掌中心对准脚踏板中心，膝盖应保持微弯。 切勿将座管调高超过管上的限位标记（STOP）。 2. **脚踏绑带调节**：将脚掌中心放在脚踏板上，转动脚踏板至可触及位置，再将绑带固定在鞋面上，确保稳固。 3. **单车水平调节**：旋转后稳定器两侧的水平调节脚旋钮，确保单车放置平稳、不晃动。 4. **穿着建议**：穿橡胶底运动鞋和活动自如的运动衣物。 以上调整有助于提升运动效率、舒适度，并降低受伤风险。
117,"在""轻松骑行""类别中，您可以体验的预设运动程序是""起伏山丘""。"
118,"在健身单车的""山地""类别中，您可体验的预设运动程序为：派克峰。"
119,"在""挑战""类别下，您可体验的预设运动程序为""上坡冲刺""。"
120,"编辑健身单车用户档案的步骤如下： 1. 在开机模式界面，按增加（♠）或减少（▼）按钮选择一个用户档案。 2. 按确认按钮选择该用户档案。 3. 控制台显示编辑提示和当前用户档案名称，按确认键开始编辑。 4. 首先编辑姓名：当前激活字符段会闪烁，使用增加/减少按钮选择字母或空格（位于 A 和 Z 之间），按左（◀）或右（▶）按钮切换字符位置，编辑完成后按确认按钮保存。 5. 依次编辑年龄、体重、身高和性别：使用增加/减少按钮调整数值，每项完成后按确认键。 6. 设置运动数据显示方式：""开启""表示每6秒自动切换数据，""关闭""表示需手动按左右键查看；设置完成后按确认键。 7. 编辑完成后，控制台返回开机模式界面。 注：用户档案最多存储10个字符的姓名，且所有运动数据将记录到所选档案中。"
121,健身单车的心率目标设置基于最大心率的百分比区间（50–60%、60–70%、70–80%、80–90%），但设备不会根据您的年龄自动计算具体数值。 您需在用户档案中输入年龄，系统会据此估算最大心率，并用于心率控制（HRC）程序或体能测试中的目标区间计算。 建议在开始前咨询医生，尤其是选择80–90%高强度区间时。
122,"体能测试程序是一项用于评估您体能水平变化的功能。 它通过对比您的功率输出（瓦特）与心率之间的关系来判断体能是否提升——体能越好，在相同心率下能输出的功率越高。 使用该功能前，控制台必须能从接触式心率传感器（CHR）或心率监测仪（HRM）获取心率数据。 测试开始时，您需选择体能等级（初级BEG或高级ADV），系统会结合您用户档案中的年龄和体重计算体能得分。 测试过程中，阻力会自动逐渐增加，直到您的心率达到个人最大心率的75%左右（即""测试区间""）。 随后，设备会维持该强度3分钟，待心率稳定后，记录此时的心率与功率，最终生成一个仅用于与您自身历史成绩对比的""体能得分""。"
123,给电钻充电需遵循以下步骤： 1. 先将充电器插入合适的电源插座（标准120V家用电源）。 2. 将电池组对准充电器插槽，完全插入直至就位。 3. 红色指示灯持续闪烁表示正在充电；红色指示灯常亮表示充电完成。 注意事项： - 仅使用制造商指定的充电器和电池组。 - 充电环境温度应保持在18°C–24°C（65°F–75°F），避免低于4. 5°C或高于40. 5°C。 - 充电器和电池组充电时可能发热，属正常现象，但应放置在通风良好、远离热源和柔软表面的位置。 - 若充电异常，请检查插座是否通电，并将充电器与电池移至适宜温度环境；若问题持续，请送至服务中心。
124,"DCB101充电器的红色指示灯闪烁含义如下： - **快速闪烁**：表示检测到问题（如电池组或充电器故障）。 建议重新插入电池组，若仍异常，更换另一块电池测试。 若新电池正常，则原电池故障；若新电池也异常，请将充电器和电池送至授权服务中心。 - **长闪后短闪**：表示过热/过冷延迟。 充电器因电池温度过高或过低暂停充电，待温度恢复正常后会自动继续充电。 - **快速闪烁两次后暂停**：表示电源故障，可能因使用发电机等非标准电源导致电压超出允许范围。 充电中：红色指示灯持续闪烁；充满电：红色指示灯常亮。 <PIC> , [""drill0_06""]"
126,"安装单套无键夹头的步骤如下： 1. 关闭工具并断开电源（如取下电池组）。 2. 一只手握住夹头黑色套筒，另一只手固定工具，逆时针旋转套筒至足够大，以便装入钻头或其他附件。 3. 将附件插入夹头约3/4英寸（19毫米），然后一只手顺时针旋转夹头套筒紧固，另一只手握住工具。 工具配有自动主轴锁定机构，可单手操作，但建议双手操作以达到最大紧固度。 警告：切勿通过握住夹头前部并启动工具来拧紧附件，以免损坏夹头或造成人身伤害。 启动前务必确认附件已紧固。 <PIC> , [""drill0_03""]"
127,"安装和拆卸电钻电池组前，请务必先关闭工具并取下电池组，以防意外启动造成伤害。 **安装步骤**：将电池组（K）对准工具手柄内的导轨，沿导轨平稳滑入，直至电池组牢固就位、不会松脱。 **拆卸步骤**：按下电池释放按钮（J），然后将电池组从手柄中平稳拔出。 操作时请确保电池端子不接触金属物体，避免短路风险。 <PIC> , [""Manual11_7""]"
128,使用电钻的腰带挂钩和批头夹时，需特别注意以下几点： 1. **安装或调整前务必关闭工具并取下电池组**，以防意外启动造成伤害。 2. **仅使用随附的螺钉（H）安装腰带挂钩（G）或批头夹（I）**，并确保螺钉拧紧。 3. 腰带挂钩**只能挂在工作腰带上**，不得用于悬挂其他物体，也不得将工具悬挂在高处。 4. 腰带挂钩和批头夹可安装在工具任意一侧以适配左右手用户，移动位置时需先取下螺钉再重新安装到另一侧。 5. **切勿改装挂钩或批头夹**，否则可能导致损坏或人身伤害。
129,购买电钻后，建议配备以下附件： 1. **合适的钻头**：根据作业材料选择，例如砖石等砌体应使用额定冲击钻孔的硬质合金钻头。 2. **批头**：用于拧螺丝作业，可像钻头一样装入夹头。 3. **批头夹（另售）**：用于收纳常用批头，可安装在工具任意一侧。 4. **侧手柄（如型号配备）**：提升握持稳定性，尤其在高扭矩或冲击钻孔时。 5. **腰带挂钩（随附）**：便于携带，可安装在工具左侧或右侧。 6. **防护装备**：包括符合 ANSI Z87. 1 标准的安全眼镜、防尘口罩（钻孔产生粉尘时）、听力防护装备（冲击钻孔时）及手套（接触发热部件时）。 注意：仅使用制造商推荐的附件，避免使用未经测试的第三方配件，以确保安全和性能。
130,电钻的三年有限保修通常涵盖非人为损坏的性能故障，可免费维修或检测；具体范围需结合产品政策及故障类型判定。
131,健身追踪器包装盒内包含： - 配有小号表带的手表 - 额外的大号表带 注意：其他颜色和材质的表带需单独购买。
132,"为健身追踪器充电，请按以下步骤操作： 1. 将充电线插入电脑的USB端口、UL认证的USB墙充充电器或其他低功耗充电设备。 2. 将充电线的另一端靠近手表背面的充电接口，直至磁吸吸附。 确保充电线上的金属触点与手表背面的接口对齐。 充电12分钟即可续航24小时，完全充满电大约需要1-2小时。 充电时，轻点屏幕两次或按下按钮即可点亮屏幕查看充电状态。 <PIC> , [""Manual16_0""]"
133,日常佩戴时，将健身追踪器戴在腕骨上方一指宽的位置。 运动时，为优化心率监测，可将表带向上移动以获得更贴合的佩戴效果，并确保设备背面紧贴皮肤。 表带应舒适贴合，不过紧，允许在手腕上轻微移动。
134,如果表带太紧，建议按以下步骤调整： 1. 将健身追踪器戴在手腕上。 2. 松开表扣钉，选择表带上更靠外（远离手腕）的孔位重新扣入。 3. 确保表带贴合但不过紧，应能在手腕上轻微移动。 4. 若使用小号表带的最后两个孔仍觉过紧，建议更换为包装内附的大号表带以获得更舒适稳固的佩戴效果。 佩戴时应留有空隙，避免长时间过紧造成不适或皮肤刺激。
135,"请按以下步骤正确拆卸健身追踪器表带： 1. 将健身追踪器翻面，找到表带卡扣。 2. 松开卡扣，将扁平按钮向表带方向滑动。 3. 轻轻将表带从手表上拔下松开。 4. 另一侧重复相同操作。 <PIC> , [""Manual16_9""]"
136,"操作健身追踪器的界面可通过以下方式： - 轻点屏幕 - 左右或上下滑动 - 按下设备上的唯一按钮 屏幕在不使用时会自动熄灭以节省电量，如需保持常亮，请在设置中开启""常亮显示""功能。"
137,健身追踪器可以显示手机的来电、短信、日历和应用通知，让你随时掌握信息。 与手机保持在30英尺以内即可接收通知。 具体功能包括： - 显示来电并可直接在手表上接听（点击绿色电话图标）或拒接（点击红色电话图标）； - 显示短信内容； - 显示日历提醒（iPhone 同步所有日历通知，安卓则显示设置时选定的日历应用通知）； - 显示已授权的第三方应用通知（如 WhatsApp 等）。 收到通知时，手表会震动提醒。 未及时查看的通知可在时钟界面向上滑动，或双击按钮后点击通知图标进行查阅。 健身追踪器最多可存储30条通知，超出后新通知会自动替换最早的通知。
138,"健身追踪器通过内置传感器在你睡觉时每晚记录皮肤温度，并与你的个人基准进行比较，以显示变化趋势。 你需要连续佩戴设备睡觉至少3晚，才能建立个人皮肤温度基准。 查看数据的方法是：打开手机上的健身追踪器应用，在「今日」页面点击温度卡片，即可看到皮肤温度变化图表。 <PIC><PIC> , [""Manual16_35"", ""Manual16_36""]"
139,健身追踪器通过运动应用追踪和分析你的运动情况，具体方式如下： 1. **自动识别运动**：设备可自动识别并记录持续至少15分钟的高强度活动（如步行、跑步、骑行），并在手机应用中显示基本数据。 2. **手动启动特定运动**：你可在健身追踪器上打开运动应用，选择具体运动类型（如跑步、骑行等），点击开始后，设备会实时追踪心率、卡路里消耗、运动时长等数据。 若该运动支持GPS，设备会尝试连接GPS以记录运动轨迹和强度地图。 3. **实时数据与摘要**：运动过程中可滑动查看实时数据；运动结束后，设备会显示摘要，完整数据（包括GPS地图）可在手机健身追踪器应用中的运动卡片中查看。 4. **个性化设置**：你可为不同运动类型自定义目标和设置，并查看基于心率区间（如燃脂、心肺）的活动区域分钟数，其中高强度区间每分钟计为2倍。 所有数据会自动同步到手机应用，便于长期趋势分析和分享。
140,健身追踪器通过手表背面的光学心率传感器测量心率。 该传感器利用光照射皮肤，检测血流变化，从而计算出你的心率。 为确保准确测量，请将手表佩戴在手腕正面，紧贴皮肤，并在运动时适当收紧表带以保持稳定接触。
141,要使用健身追踪器完成消费支付，请按以下步骤操作： 1. 确保已在健身追踪器应用中添加至少一张支持的信用卡或借记卡，并完成设置。 2. 在支持非接触式支付的商店，打开手表上的钱包或支付应用（可双击侧边按钮快速访问）。 3. 如提示，输入4位手表PIN码，屏幕将显示默认卡。 4. 使用默认卡支付：将佩戴手表的手腕靠近支付终端；如需使用其他卡，先在手表上滑动选择对应卡片，再靠近终端。 5. 支付成功时，手表会震动并显示确认信息。 注意事项： - 必须将健身追踪器戴在手腕上才能使用非接触式支付。 - 若终端未识别设备，请确保表盘贴近读取器，并告知收银员你使用的是非接触式支付。 - 澳大利亚用户若使用本地银行发行的卡，可直接靠近终端支付；若金额超过100澳元，可能需输入银行卡PIN码（非手表PIN码）。
142,"使用健身追踪器时，你可能会遇到以下常见问题及解决方法： 1. **心率信号丢失**：手表显示虚线。 请确保设备佩戴正确——与皮肤紧密接触，可上下移动或调整表带松紧。 保持手臂静止伸直片刻，通常可恢复信号。 2. **GPS信号丢失**：屏幕顶部GPS图标变红或持续旋转。 请在开阔区域开始运动，并等待手表成功连接GPS（图标静止且震动提示）。 高楼、森林或恶劣天气可能影响信号。 3. **屏幕无响应**：轻点屏幕、滑动或按侧边按钮唤醒。 若长期未操作，屏幕会自动熄灭以省电；可在设置中开启""常亮显示""。 4. **睡眠或活动数据不准**：确保夜间佩戴设备，且日常佩戴在腕骨上方一指宽处。 运动时可稍向上移动并扣紧表带以提升心率监测准确性。 5. **自动运动未识别**：需在运动应用中手动开启步行、跑步或骑行的自动检测功能，且活动需持续至少15分钟。 如问题持续，请尝试重启设备或查看健身追踪器应用中的帮助文章。"
144,"要为健身追踪器设置锁屏，请在手机上的健身追踪器应用中开启设备锁功能。 具体步骤如下： 1. 打开健身追踪器应用，进入""今日""页面。 2. 点击左上角图标 > 健身追踪器卡片 > 设备锁。 3. 按照提示设置一个4位PIN码。 注意：如果你设置了非接触式支付，设备锁会自动开启，且必须设置PIN码。"
145,使用冰箱冰柜时需注意以下手册中的前五条安全事项： 1. 若电源线或电源插头损坏、插座插孔松动，请勿使用。 2. 请勿将手伸入冰箱冰柜底部，以免被底部铁板划伤。 3. 搬运时请握住前底部及后顶部把手，避免单独搬运导致受伤或产品损坏。 4. 开关冰箱冰柜门时请注意周围人员，同时打开两扇门可能导致手指被挤压。 5. 请勿将任何活物放入冰箱冰柜。
146,根据手册，连接冰箱电源时需注意以下前五条事项： 1. 应使用专用插座，避免一个插座同时连接多个设备，以防引发火灾。 2. 请勿让电源插头朝上或被挤压在冰箱背面，以免线缆损坏引发火灾或导致冰箱停机。 3. 安装过程中拔下插头后推入冰箱时，防止电源线被挤压或弯折，以免引发火灾或触电。 4. 请勿让重物挤压或弯折电源线，否则可能损坏线缆，引发火灾或触电。 5. 请勿延长或改装电源插头长度，以免引发火灾或触电。
153,使用发电机时，因燃油高度易燃且有毒，请务必注意以下事项： - 加油前必须关闭发动机； - 严禁在吸烟或明火附近加油； - 加油时避免燃油洒在发动机或消音器上； - 切勿加注燃油超过燃油滤清器顶部，防止受热膨胀溢出； - 如有燃油溢出，应立即擦拭干净； - 加油后务必拧紧油箱盖及通气旋钮； - 操作或运输发电机时保持机身直立，防止燃油泄漏； - 如不慎吞入燃油、吸入蒸汽、燃油入眼或接触皮肤，请立即就医或用肥皂水彻底清洗并更换衣物。
154,发电机工作后，发动机和消音器温度极高，请务必遵守以下安全措施： - 切勿在冷却前用身体或衣物触碰发动机或消音器； - 将发电机放置在行人或儿童不易触碰的地方； - 运行时避免在排气口附近放置任何易燃物品； - 发电机与建筑物或其他设备保持至少1米（3英尺）距离； - 请勿在防尘罩覆盖下运行发动机； - 搬运时仅通过提手操作。
155,为防止发电机触电事故，请遵守以下安全措施： 1. 切勿在雨雪中运行发电机。 2. 切勿湿手触碰发电机。 3. 务必对发电机进行接地，并使用足够载流量的接地导线。 4. 使用符合标准的延长线（如截面积1. 5mm²不超过60米，2. 5mm²不超过100米），并确保其为户外适用型。 5. 连接设备前，确认所有电气设备及线路状态良好，且设备处于关闭状态。 6. 若接入建筑物电路，必须由持证电工安装隔离（转换）开关，防止反送电造成触电风险。
156,"通过发电机的燃油开关旋钮供油时，请按以下步骤操作： 1. 按住油箱盖防止转动，将通气旋钮逆时针旋转1圈，打开油箱通气口。 <PIC> 2. 将燃油开关旋钮置于""开启""位置。 <PIC> 注意：若燃油开关旋钮无法转动，可取下盖板①，使用内部的燃油开关拨杆手动供油。 , [""Manual18_19"", ""Manual18_20""]"
157,"使用发电机前，对燃油的检查操作如下： 1. 确认油箱内燃油充足，推荐使用无铅汽油，辛烷值需满足泵法((R+M)/2)86及以上或研究法91及以上。 2. 检查油箱盖通气旋钮是否已逆时针旋转1圈打开（启动前必须打开）。 3. 将燃油开关旋钮置于""开启""位置。 4. 加油时务必关闭发动机，严禁吸烟或靠近明火，避免燃油洒在发动机或消音器上。 5. 操作或运输发电机时保持机身直立，防止燃油泄漏。"
158,"启动发电机发动机的前两个步骤是： 1. 按住油箱盖防止转动，将通气旋钮逆时针旋转1圈，打开油箱通气口。 2. 将燃油开关旋钮置于""开启""位置。"
159,"连接发电机交流电时，请务必遵守以下安全措施： 1. 确保所有电气设备已关闭，且线路和插头状态良好。 2. 务必对发电机进行接地，使用足够载流量的接地导线。 <PIC> 3. 切勿在雨雪中操作，也切勿湿手触碰发电机。 4. 确认总负载不超过发电机额定输出范围，插座电流也不得超过其额定值。 5. 启动发动机后，再插入交流插头，并确认交流指示灯亮起。 <PIC> 6. 将经济控制开关置于""Ⅰ""（开启）位置，再打开用电设备电源。 , [""Manual18_12"", ""Manual18_13""]"
160,"您提到的两种开关分别是： 1. **发动机开关**：用于控制发动机的启停，通常标有""7""（开启）和关闭位置。 2. **经济控制开关**：用于调节发电机运行模式，有""Ⅰ""（开启）和""○""（关闭）两个位置。 启动前应置于""○""（关闭），启动并暖机完成后可拨至""Ⅰ""（开启）以启用节能模式。 这两种开关在启动和使用过程中需按顺序操作，以确保安全和正常运行。"
161,"发电机的标识信息（包括序列号和机型编号）通常标注在机器的指定位置。 您可以在产品机身上的铭牌或标签处查找这些信息。 其中，编号的前三位为机型标识，其余数字为产品生产编号。 建议您将这些识别码记录并妥善保管，以便日后订购配件或办理保修时使用。 <PIC> , [""Manual18_1""]"
162,"使用发电机的直流保护器时，需注意以下几点： 1. 确保总负载不超过发电机的额定输出范围，否则直流保护器会自动断开。 2. 若直流保护器断开，请先将负载降至额定范围内，再按下保护器进行复位（""复位"" → ""断开""）。 3. 如果复位后再次断开，请联系发电机经销商检查。 4. 使用前务必确认所有电气设备状态良好，并在插入插头前关闭设备电源。 5. 充电时务必关闭经济控制开关，并确保电池接线和通气软管连接正确、无损坏或堵塞。"
163,"使用发电机前，对发动机机油的检查步骤如下： 1. 将发电机放置在水平面上。 2. 检查机油油位是否处于机油加注口的上限位置（参考<PIC>）。 3. 若油位不足，需添加符合API服务等级""SE""或""SF""的发动机机油（如SAE 10W-30）至上限。 注意：发电机出厂时未加注机油，必须加注后方可启动。 , [""generator_17""]"
164,根据手册说明，启动发电机发动机的最后三个步骤是： 5. 缓慢拉动反冲启动器至啮合位置，然后快速拉动。 6. 发动机启动后，进行暖机，直至阻风门旋钮推回原位发动机也不会熄火。 7. 将阻风门旋钮推回原位。
165,为发电机电池充电时，请按以下步骤操作： 1. **关闭经济控制开关**。 2. 将充电线在提手上缠绕2至3圈，插入直流插座。 3. 启动发动机。 4. 确保电池接线正确：红线夹接正极（+），黑线夹接负极（-），切勿接反。 5. 按下直流保护器以复位并开始充电。 **注意事项**： - 充电时严禁吸烟或产生火花，电池会产生易爆气体。 - 确保通气软管连接正确、无堵塞。 - 操作时佩戴护目镜，避免电解液接触皮肤或眼睛。 - 在通风良好的区域进行充电。 电池充满时，电解液比重应在1. 26至1. 28之间，可每小时检查一次。
166,"要让发电机的发动机停机，请按以下步骤操作： 1. 关闭所有外接电气设备，并将经济控制开关置于○（关闭）位置。 2. 将发动机开关置于""5""（停止）位置。 3. 将燃油开关旋钮置于""关闭""位置。 4. 顺时针拧紧油箱盖通气旋钮至手指拧紧状态。"
167,为避免给出不准确的操作建议，请您补充具体产品型号或产品名称，我会再按对应说明书为您查询。
168,"更换发电机发动机机油的前六个步骤如下： 1. 将机器放置在水平面上，暖机数分钟，然后停机，将燃油开关旋钮置于""关闭""位置，顺时针拧紧油箱盖通气旋钮。 2. 取下盖板①。 <PIC> 3. 从发电机底部拆下放油接头①，打开机油加注口盖。 <PIC> 4. 将放油接头①安装到机油加注口。 <PIC> 5. 在发动机下方放置接油盘，倾斜发电机将机油完全排空。 6. 添加发动机机油至上限位置。 , [""generator_17"", ""generator_18"", ""generator_19""]"
169,操作发电机空气滤清器的正确步骤如下： 1. 取下盖板①。 2. 松开固定空气滤清器盖⊛的卡箍○。 3. 取下空气滤清器盖及滤芯④。 4. 用溶剂清洗滤芯并晾干。 5. 给滤芯上油并挤出多余机油，滤芯应湿润但不滴油。 推荐机油：泡沫空气滤清器专用油或SAE 20号发动机油。 注意：请勿拧绞滤芯，以免撕裂。 6. 将滤芯装入空气滤清器，确保密封面贴合无漏气。 7. 装回空气滤清器盖并安装卡箍。 8. 安装盖板。 警告：发动机严禁无滤芯运行，否则会导致活塞及气缸过度磨损。 使用溶剂时严禁吸烟或靠近明火。
170,"如果发电机的发动机无法启动，请按以下步骤排查： 1. **检查机油**：发电机出厂时未加注机油，必须加注至上限位置，否则无法启动。 若机油不足，请添加符合API SE或SF级标准的机油。 2. **检查燃油系统**： - 确认油箱有燃油； - 将油箱盖通气旋钮逆时针旋转1圈打开通气口； - 将燃油开关旋钮置于""开启""位置； - 如长时间未使用，可能需清洁燃油管路或化油器。 3. **正确操作启动步骤**： - 将发动机开关置于""7""（开启）位置； - 冷机启动时，将阻风门旋钮完全拉出；热机启动则无需使用阻风门； - 缓慢拉动反冲启动器至啮合位置后快速拉动。 4. **检查电气系统**： - 确认发动机开关已开启； - 检查火花塞是否积碳或受潮，必要时清洁或更换。 5. 若以上步骤无效，可能存在压缩压力不足或其他机械故障，请联系经销商检修。"
171,"排空发电机燃油的正确操作步骤如下： 1. 将燃油开关旋钮置于""关闭""位置。 2. 打开油箱盖，使用市售手动虹吸管将油箱内燃油排入合格的汽油容器中，完成后装回油箱盖。 3. 松开化油器浮子室放油螺丝，排空化油器内的残余燃油。 4. 或者，也可在燃油开关关闭后启动发动机，使其运行至自行停机，以耗尽化油器内剩余燃油。 注意：燃油高度易燃且有毒，请在通风良好、远离火源的环境下操作，并避免皮肤接触或吸入蒸汽。"
172,在使用该发电机为对电压敏感的精密设备（如医疗设备、个人电脑等）供电前，您应先咨询该精密设备的供应商，确认其是否兼容便携式发电机的电压输出。 因为部分精密设备可能需要比便携式发电机更稳定的电压供应。
173,在划船或钓鱼场景中，三种速度定义及应用如下： - **拖曳速度**：最低操控速度，几乎不加油门，艇体完全沉入水中，无尾流。 适用于靠岸、停靠码头或接近物体等需精细操控的场合。 - **半滑航速度**：中等速度，艇首略微抬离水面但仍部分浸水，产生尾流。 适合练习转向、绕圈和8字路线等基础操控训练。 - **滑航速度**：较快速度，艇体大部分脱离水面，在水面平稳滑行，产生明显尾流。 适用于高速转向、穿越尾流或浪涌等进阶操作，但需注意急转弯可能导致侧滑，且停车距离显著增加。 技巧差异：拖曳速度下可满舵转向但推力最小；半滑航速度需持续加油门以维持转向响应；滑航速度转向更灵敏，但过度转向会因喷嘴进水量减少而降低推力，导致侧滑和平缓转向。
174,"在深水中登上并平衡摩托艇的操作步骤如下： 1. 确保在水深至少齐胸的开阔、平静水域进行，且不启动发动机。 2. 游至艇尾，双手放在登艇平台上，单手抓住扶手。 3. 拉身体至平台呈跪姿，再移至座位跨坐。 4. 将熄火绳系在手腕上，并将卡扣安装到熄火开关。 5. 双手紧握车把，双脚放入脚坑，保持稳定姿势。 6. 反复练习登艇与静止平衡，直至能全程保持良好平衡。 注意：驾驶者体重越大，平衡难度越高；总载重不得超过220千克（485磅）。 建议先在近岸练习熟练后再前往深水区。 <PIC><PIC><PIC> , [""Manual40_13"", ""Manual40_14"", ""Manual40_15""]"
175,在滑航速度下驾驶摩托艇急转弯时，为保证稳定性和操控性，应遵循以下技巧： 1. **转向时必须加大油门**：滑航速度下转向依赖喷射推力，若不加油门，转向能力会迅速下降甚至失效。 2. **避免车把转向过度**：过度转动车把会导致艇体侧滑，喷嘴进水量减少，转向推力降低，反而使转弯更平缓。 应使用适度的转向角度。 3. **循序渐进练习**：先从低速、平缓转弯开始（如画椭圆、8字路线），随技能提升再逐步提高速度并减小转弯半径。 4. **保持正确姿势**：双手紧握车把，双脚放在脚坑底板上，身体配合转向保持平衡。 5. **选择合适水域**：练习应在开阔、平静、无障碍物的大水域进行，确保安全。 记住：转向需要油门，松开油门会导致转向失效。
176,驾驶摩托艇完成大椭圆转弯、绕圈和8字行驶时，保持操控性与稳定性的关键技巧如下： 1. **始终配合油门转向**：转向依赖喷射推力，必须在转动车把的同时保持适当油门，否则艇体将失去转向响应。 2. **从低速开始训练**：先在半滑航速度下练习大椭圆转弯（右转→左转→完整椭圆），再逐步提升至滑航速度。 3. **绕圈技巧**：保持恒定速度右转或左转绕大圈，熟练后逐渐缩小圈径，注意避免车把过度转向导致侧滑。 4. **8字行驶**：结合椭圆与绕圈动作完成大8字路线，重复练习并逐步缩小尺寸。 5. **控制车把角度**：滑航速度下，车把转向过度会导致侧滑、喷嘴进水量减少、转向推力下降，应适度回正车把以恢复稳定转向。 6. **保持正确姿势**：双手紧握车把，双脚置于脚坑底板，身体重心稳定。 7. **选择合适水域**：所有训练应在开阔、平静、无障碍物的大水域进行，确保安全。 8. **注意总重量限制**：总载重（含乘客与货物）不得超过220千克（485磅），超重会影响平衡与操控。
177,"在驾驶摩托艇进行中低速（如半滑航速度）转弯时，必须保持适当加油门。 因为摩托艇依靠尾部喷射推力喷嘴改变方向，而推力强度直接影响转向效果。 若松开油门，发动机减速后艇体将不再响应车把操作，导致转向失效。 因此，转弯过程中应持续提供足够油门以维持转向能力和行驶稳定性。 此外，建议通过""训练1：半滑航速度前进与大椭圆转向""等练习熟悉油门与车把的配合。"
178,"驾驶摩托艇以拖曳速度直行和转弯时，应遵循以下操作方法以保证平顺性和操控性： 1. **启动前准备**：登艇前观察周围环境，确保无人员、障碍物或其他船只。 将熄火绳系在左手腕，并正确安装卡扣。 2. **拖曳速度定义**：拖曳速度为最低操控速度，几乎不加油门，艇体沉入水中，无尾流。 3. **直行操作**：启动发动机后，保持极低油门直线行驶。 4. **转向操作**： - 转向必须配合油门，完全松开油门会导致艇体失去转向响应。 - 进行大8字路线练习（长约15–21米），不额外加油门，仅靠车把控制方向。 - 若需满舵转向，可将车把转至最大角度，完成360°回转，分别练习顺时针与逆时针方向。 5. **注意事项**： - 始终双手紧握车把，双脚置于脚坑底板。 - 在开阔、平静、无障碍水域练习。 - 总载重不得超过220千克（含乘客与货物）。 记住：**转向需要油门**，即使在拖曳速度下也需维持最小推力以确保操控响应。 <PIC> , [""Manual40_19""]"
179,摩托艇没有独立制动系统，全加速行驶时需通过以下方式安全平稳停稳： 1. **松开油门手柄**：艇体会因水阻开始减速，但会滑行一段距离（约90米/300英尺，受重量、水面状况和风向影响）。 2. **必要时使用倒挡喷射（如配备RiDE系统）**：握紧RiDE手柄可缩短停车距离约30%。 3. **保持方向控制**：注意松开油门后转向能力迅速下降；若需避让障碍物，应重新加油门并转向。 4. **提前预判**：在开阔水域练习判断停车距离，避免在障碍物前无法及时停下。 切勿依赖发动机停止来制动——紧急情况下应优先转向避让。
180,为避免摩托艇碰撞事故并保障水上安全，请遵循以下操作规范： - 始终保持警觉，持续观察周围人员、障碍物及其他船只； - 以安全速度防御性驾驶，并与他人、物体和其他船只保持安全距离； - 切勿紧跟其他船只后方行驶，也不要靠近他人喷水或溅水； - 避免急转弯或其他使他人难以预判你航向的激烈操作； - 远离有水下障碍物或浅水区域（水深至少需60厘米）； - 牢记摩托艇没有刹车，转向必须配合油门——松开油门将导致失去转向能力； - 如遇障碍物无法及时停下，应加油门并转向避让； - 避开游泳区域，因游泳者难以被发现； - 在开阔、平静、无障碍的大水域练习高速操作； - 驾驶时双手紧握车把，双脚置于脚坑底板，确保乘客正确就座并抓牢； - 不超载（总重不得超过220千克），不酒驾，不在恶劣天气或水域驾驶。 始终在自身能力范围内操作，逐步提升技能，切勿冒险。
181,"水泵发动机安全停机的正确步骤如下： 1. 将油门手柄完全向左推。 <PIC> 2. 将发动机开关置于""OFF""位置。 3. 将燃油开关手柄置于""OFF""位置。 , [""Manual31_6""]"
182,"水泵的核心部件包括：油箱、油箱盖、燃油开关、空气滤清器盖、火花塞、消音器、阻风门手柄、发动机开关、机油加注口盖、放油螺塞、反冲启动器、机油警告灯、油门手柄、注水螺塞和放水螺塞。 <PIC> , [""pump_16""]"
183,为避免给出不准确的操作建议，请您补充具体产品型号或产品名称，我会再按对应说明书为您查询。
184,"水泵安全排放燃油的正确步骤如下： 1. 排空油箱、燃油开关及化油器浮子室（可松开化油器放油螺塞）。 2. 将燃油开关手柄置于""OFF""位置。 3. 启动发动机，使其运行至自行停机，以燃尽化油器内剩余燃油。 4. 如需长期存放，可向油箱内倒入一杯SAE 10W30或20W40发动机机油，晃动油箱使内壁均匀附着机油，然后排出多余机油。 注意：操作时严禁吸烟或靠近明火，燃油易燃且有毒，溢出应立即擦拭。"
185,水泵无法抽水的潜在原因及解决方法如下： 1. **注水或放水螺塞松动** → 拧紧。 2. **软管接头或卡箍松动** → 拧紧，确保安装牢固以防进气。 3. **O形圈或垫片损坏** → 更换。 4. **机械密封损坏** → 咨询经销商。 5. **未安装滤网** → 务必安装合适规格的滤网（YP20G用50mm吸水口，YP30G用80mm吸水口，滤网孔径≤8mm）。 6. **泵体未注满水** → 启动前必须向泵内注满水，否则会损坏机械密封。 7. **机油不足** → 若发动机自动停机且机油警告灯闪烁，需补充机油后再启动。 8. **放置位置不当** → 将水泵置于稳固平面并尽量靠近水源，吸程过高会影响出水量。 建议每次使用前进行操作前检查，确保各部件状态正常。
186,"请按以下步骤为温控器设置日期和时间： **设置日期：** 1. 按菜单键进入设备菜单，显示""PROG""。 2. 按+或-选择""日期""，然后按选择键。 3. 年份开始闪烁，按+或-调整年份，按选择键确认。 4. 按+或-调整月份，按选择键确认。 5. 按+或-调整日期，按选择键保存并退出。 **设置时间：** 1. 按+或-选择""时间""，然后按选择键。 按+或-选择12小时制或24小时制，按选择键确认。 按+或-调整小时，按选择键确认。 按+或-调整分钟，按选择键保存并退出。 正确设置日期和时间后，您才能精准配置每日的程序日程（起床、离家、回家、睡眠）以实现自动温度控制。"
187,"要优化供暖和制冷效果，请按以下步骤调整温控器的系统和风扇运行设置： 1. **系统模式设置**：按""模式""键循环切换系统模式，选择适合当前需求的模式： - **自动**：温控器根据设定温度自动选择供暖或制冷； - **供暖**：仅启用供暖； - **制冷**：仅启用制冷； - **应急供暖**（如适用）：仅启用辅助加热，不使用压缩机； - **关闭**：关闭供暖和制冷（风扇仍可运行，取决于风扇设置）。 2. **风扇模式设置**：按""风扇""键循环切换风扇模式： - **自动**：仅在系统运行时启动风扇； - **开启**：风扇持续运行； - **循环**：风扇随机运行约33%的时间，有助于空气流通并提升舒适度。 结合程序日程功能（每天可设起床、离家、回家、睡眠四个时段），合理设定各时段的目标温度，可进一步提升能效与舒适性。"
188,"要调整温控器的程序日程以实现高效能源利用，请按以下步骤操作： 1. 按菜单键，显示""PROG""后按选择键。 2. 显示""开启""，再按选择键。 3. 用+或-选择要编辑的日期或日期组（如工作日/周末），按选择键。 4. 用+或-选择要编辑的日程时段（起床、离家、回家、睡眠），按选择键。 5. 显示""开启""时，按选择键保持该时段开启；或按+再按选择键关闭该时段。 6. 时间开始闪烁，用+或-调整该时段的开始时间，按选择键确认。 7. 温度开始闪烁，先用+或-调整""供暖""设定温度，按选择键；再用+或-调整""制冷""设定温度，按选择键。 8. 对其余时段重复步骤4–7。 9. 完成后按主页键保存并返回主界面。 建议参考预设日程示例： - 起床：设定早晨舒适温度； - 离家：设为节能温度； - 回家：恢复舒适温度； - 睡眠：夜间设为节能温度。 此设置可有效降低能耗。"
189,"要临时更改温控器的温度设置而不影响已编程的日程，请按以下步骤操作： 1. 按""+""或""-""键调整至所需温度。 2. 调整后无需其他操作，新温度将保持到下一个预定时间段开始，之后自动恢复原日程。 如需提前取消临时设置并恢复当前日程温度，可再次按""+""或""-""，然后按""取消""键。"
190,为避免给出不准确的操作建议，请您补充具体产品型号或产品名称，我会再按对应说明书为您查询。
191,为避免给出不准确的操作建议，请您补充具体产品型号或产品名称，我会再按对应说明书为您查询。
192,更换温控器电池时，请遵循以下步骤以确保安全和功能正常： 1. 当电池低电量图标出现（通常在耗尽前约两个月显示），或每年定期更换一次电池，建议使用碱性AA电池。 2. 更换过程请在两分钟内完成，这样无需重新设置时间和日期；其他所有设置已永久存储，不受断电影响。 3. 打开温控器背面，按正确极性装入两节新AA碱性电池。 4. 装回温控器主体，确保卡入底座到位。 5. 若更换后屏幕无显示，请检查电池是否安装正确。 6. 如需重新设置时间或日期，可通过菜单键进入设置界面依次调整。 注意：更换电池无需断开系统电源，但若同时进行其他维修操作，请务必先关闭断路器电源。
193,"当标签与端子不匹配时，请按以下步骤为温控器重新接线： 1. **确认系统类型**：区分是常规系统还是热泵系统，接线方式不同。 2. **参考备用接线图**：根据系统类型，按照说明书中的""备用接线（常规系统）""或""备用接线（仅适用于热泵）""图示进行连接。 3. **处理R/Rc线**： - 若有两根R线（如R和Rc，或Rh和Rc），将R滑动开关拨至**向下位置**，Rc线接Rc端子，R或Rh线接R端子。 - 若仅有一根R线（R、Rh或Rc），将R滑动开关拨至**向上位置**，并将该线接入R端子。 4. **处理C线**：若旧温控器有1根C或C1线，接至C端子；若有2根，则分别用绝缘胶带包裹，**不要连接**。 5. **热泵特殊情况**： - 若旧温控器有单独的O和B线，将B线接至C端子（前提是C端子未被占用），否则请联系专业人员。 - 若存在Y1、W1、W2等复杂接线，请立即停止并联系专业安装人员。 6. **核对照片**：接线完成后，务必与拆卸旧温控器时拍摄的接线照片比对，确保一致。 7. **安全提示**：操作前务必关闭电源，并确认无120/240V高压电线，本温控器仅适用于低压系统。"
194,若温控器出现故障，可尝试以下排除方法： - **屏幕空白**：确认已正确安装全新AA碱性电池；检查系统设置选项220是否设为1或2。 - **无法切换至制冷模式**：检查系统设置选项200或218，确保与设备匹配。 - **需要供暖时风扇不启动**：检查系统设置选项205是否匹配您的供暖设备。 - **制冷模式下供暖系统运行**：检查系统设置选项200或218是否正确。 - **供暖或制冷系统无响应**： - 按系统键设为对应模式（供暖/制冷）； - 确保设定温度高于（供暖）或低于（制冷）室内温度； - 检查断路器并复位； - 确认系统电源开关已打开、炉门紧闭； - 等待5分钟让系统响应。 - **压缩机保护启动（指示灯闪烁）**：等待5分钟让系统自动重启。 如问题持续，请参考警报代码表或联系专业人员。
195,"VR头显的处理器单元包含以下关键部件： 正面： - 状态指示灯（白色表示已开机，红色表示待机模式） - AUX端口 - HDMI输出端口 背面： - HDMI电视端口 - HDMI PS4端口 - USB端口 - DC IN 12V接口 - 通风口 <PIC> , [""Manual38_1""]"
196,"该产品配备的是立体声耳机，出厂时已安装M号耳塞，用户可根据需要更换为S号或L号耳塞以获得更贴合的佩戴效果。 更换方法如下： 1. 旋转耳塞； 2. 将其拔下； 3. 安装新耳塞时请确保牢固，防止使用过程中脱落。 此外，耳塞可用中性洗涤剂手洗，洗净后用软布彻底擦干再装回耳机。 <PIC> , [""Manual38_4""]"
197,为避免给出不准确的操作建议，请您补充具体产品型号或产品名称，我会再按对应说明书为您查询。
198,对于PS VR，游玩区域的具体尺寸未在参考知识中明确给出，但建议您按照PS VR设置界面的指示调整摄像头位置及角度，确保活动空间大于游玩区域，并保持在游玩区域中央使用。 使用前请清理该区域内的所有障碍物，确保安全。
199,使用和操作VR头显时，应采取以下安全预防措施： ● 使用前仔细阅读说明书及配套硬件手册，遵守所有警告和安装说明。 ● 若感到疲劳、头晕、恶心、身体不适、醉酒、服药或平衡感受损，请勿使用；有严重疾病者请先咨询医生。 ● 佩戴VR头显会限制对真实环境的视野，使用前需清理大于游玩区域的空间，移除墙壁、楼梯、家具等障碍物，并防止他人或宠物进入该区域。 ● 尽量保持坐姿，避免剧烈动作；如需站立，请严格遵循应用程序指示。 ● 检查线缆是否缠绕身体，并在使用中定期确认。 ● 正确佩戴头显，勿将调节旋钮拧得过紧；可佩戴眼镜，但勿过度推拉镜罩。 ● 待追踪灯熄灭后再取下头显或拔线，以免设备故障。 ● 勿在雷雨天气触碰电源线、适配器或处理器单元。 ● 避免液体、细小颗粒、灰尘、烟雾或蒸汽进入设备内部。 ● 开机时避免长时间接触处理器单元、电源适配器或通风口排出的空气，以防低温烫伤（40℃以上长时间接触可致伤）。 ● 音量勿过高，以防永久性听力损伤；若出现耳鸣、耳部不适或听觉模糊，应立即停止使用并检查听力。 ● 若皮肤因佩戴设备出现不适且未消退，应停止使用并就医。 ● 幼儿不可接触设备，以防吞咽零件、拉扯线缆或缠绕风险。 ● 出现头晕、视觉异常、抽搐、意识丧失等症状时，须立即停用并就医，经医生许可后方可继续使用。 ● 勿在震动或不稳定环境中使用设备。 ● 定期用柔软干布清洁外壳和接口；遮光罩可水洗，彻底晾干后装回。
200,功能键盘的保修政策通常包含在质保期内因非人为原因导致的性能故障，可免费维修或检测；不包含人为损坏、进液、自行拆机或外观磨损等情况。 具体需结合产品政策与故障类型判定是否收费。
201,1. 功能键盘的保修政策中，损害赔偿的除外责任包括：未经许可改装产品或序列号/保修标签；非制造缺陷导致的损坏；因意外、滥用、误用、疏忽、火灾、进水、雷击、自然灾害、未按说明书操作、安装不当、未经授权维修或改装、运输途中损坏（应向承运方索赔）以及正常磨损。 2. 保修不覆盖间接或继发性损害，例如服务中断、数据丢失、业务损失，或与产品使用相关的民事侵权责任。
202,设置功能键盘的步骤如下： 1. **连接键盘**：使用附带的 USB-C 线将键盘连接到电脑的 USB 2. 0（或更高版本）接口。 2. **安装腕托（如适用）**：全尺寸及无小键盘版本配有磁吸腕托，对准后会自动吸附居中。 3. **调节角度（可选）**：展开键盘底部的一层或两层支撑脚，选择合适的打字倾斜角度。 4. **切换配置文件**：通过按下 FN + F1/F2/F3/F4 切换四个板载配置文件。 5. **高级设置（需 CAM 软件）**： - 前往官网下载并安装 CAM 软件； - 在软件中设置灯光、宏命令或按键重映射； - 将配置保存至键盘的板载配置文件中，之后即使不运行 CAM 也能使用自定义设置。 默认灯光模式也可通过 FN + F1~F4 直接调用。
203,"拆卸轴体：使用附赠的拔轴器，从顶部夹住轴体外壳底部两侧，工具两端沿轴体前后方向放置，按下轴体两侧卡扣即可拆卸。 注意不要刮擦上盖面板，也不要从轴体下方撬动。 重新安装轴体：先确保轴体两个金属针脚笔直、无弯曲；然后将轴体对准键盘插槽，垂直向下用力插入，直至轴体外壳两侧紧贴键盘上盖面板。 <PIC> , [""Manual11_7""]"
204,要将功能键盘搭配CAM软件使用，请按以下步骤操作： A. 前往官网下载并安装最新版CAM软件。 B. 在CAM软件中设置配置文件（包括灯光、宏命令、按键重映射等），并将其存储至键盘自带的四个板载配置文件之一。 C. 配置完成后，无需运行CAM软件即可使用已保存的功能。 D. 通过按下 FN + F1/F2/F3/F4 切换对应的配置文件（1至4）。 E. 默认或自定义RGB灯光、宏命令和按键绑定均会随所选配置文件生效。
205,在硬件模式下使用功能键盘时，可通过以下方式操作： - **切换配置文件**：按下 FN 键 + F1、F2、F3 或 F4，即可切换至对应编号（1 至 4）的板载配置文件。 - **RGB 灯光控制**：配置文件 1 至 4 各自带一种默认灯光模式，切换配置文件时会自动激活对应灯光。 若已通过 CAM 软件将自定义灯光保存至某配置文件，切换至该配置文件时将显示自定义灯光。 注意：硬件模式下仅可使用已通过 CAM 软件预先保存至键盘板载存储的配置（包括灯光、宏命令、按键重映射等），无需运行 CAM 软件即可使用这些功能。
206,"安装儿童电动摩托车挡泥板的步骤如下： 1. 将挡泥板侧转，然后向上滑入左侧把手管，注意不要让""凸点""卡入1号孔。 <PIC> 2. 继续安装挡泥板，使""凸点""卡入2号孔。 <PIC> 安装过程中需由成人操作，并确保儿童远离零件和组装区域。 , [""Manual14_3"", ""Manual14_4""]"
207,"安装儿童电动摩托车前轮的步骤如下： 1. 将前轴穿过两侧把手管及前轮，确保两侧把手管内外均安装垫片。 2. 使用两个螺母将前轴及车轮固定在把手管上，并用随产品提供的扳手拧紧螺母直至螺纹尽头。 <PIC> 3. 安装完成后，检查车轮与把手管之间的间隙。 若间隙过大，可在车轮与把手管之间加装额外垫片（不随产品提供），并重新安装前轴。 4. 确保车轮可自由转动；若车轮卡死，则减少一片垫片。 , [""Manual14_5""]"
208,"请按照以下步骤为蓝牙激光鼠标安装电池： 1. 按下按钮，电池仓盖会弹出。 <PIC> 2. 按照鼠标内部标注的正负极（+ 和 -）装入两节 AA 电池。 <PIC> 3. 装回电池仓盖。 <PIC> , [""Manual29_21"", ""Manual29_22"", ""Manual29_23""]"
209,"请按以下步骤安装 WIDCOMM 蓝牙驱动程序： 1. 将 USB 蓝牙接收器插入电脑的 USB 接口。 2. 将附带的安装光盘放入光驱。 3. 驱动程序通常会自动加载；若未自动加载，请双击光驱中 bin 文件夹内的 Setup. exe。 4. 在欢迎界面点击""下一步""继续。 5. 阅读许可协议，选择""我接受许可协议中的条款""，再点击""下一步""。 6. 选择安装路径（可选），点击""下一步""。 7. 点击""安装""开始安装过程。 8. 安装完成后，拔下接收器并重新插入，鼠标将自动配对。 9. 系统提示重启时，点击""是""立即重启，或""否""稍后重启。"
210,"请按照以下步骤卸载 WIDCOMM 蓝牙驱动程序： 1. 拔下 USB 蓝牙接收器。 2. 点击 开始 > 设置 > 控制面板 > 添加或删除程序。 3. 在程序列表中选择 WIDCOMM 蓝牙软件，点击 ""删除""。 4. 系统开始卸载程序，此过程可能需要一些时间。 5. 卸载完成后，系统将提示重启电脑。 点击 ""是"" 立即重启，或 ""否"" 稍后重启。"
211,在Windows系统中为蓝牙激光鼠标设置快速配对，请按以下步骤操作： 1. 将USB蓝牙接收器插入电脑的USB接口。 2. 按下鼠标底部的配对按钮。 3. 按下USB蓝牙接收器底部的按钮，直至LED指示灯每秒闪烁一次，表示接收器开始搜索待配对设备。 4. 移动鼠标以确认连接成功。
212,"请按照以下步骤通过 WIDCOMM 蓝牙驱动程序为蓝牙激光鼠标设置配对： 1. 确保已安装 WIDCOMM 蓝牙驱动程序（参考""3. 1 安装 WIDCOMM 蓝牙驱动程序""）。 2. 按下 USB 蓝牙接收器按钮，直至出现人机接口设备（HID）界面。 3. 双击系统托盘中的蓝牙图标，启动蓝牙初始配置向导，并按屏幕提示操作。 4. 在 HID 界面中，点击要连接的鼠标设备，按提示完成启用和配对。 5. 配对成功后，移动鼠标确认连接正常。"
213,您可以通过以下两种方式查看蓝牙激光鼠标的电量状态： 1. **通过 LED 指示灯**：鼠标顶部和底部的 LED 指示灯在电量低时会变为琥珀色（或红色），提示您需要更换电池。 2. **通过电脑系统查看**：在电脑上进入 **控制面板 > 鼠标 > 蓝牙**，即可查看更详细的电量信息。
214,首次使用蓝牙激光鼠标的驱动程序，请按以下步骤操作： 1. 确保已将 USB 蓝牙接收器插入电脑。 2. 双击系统托盘中的蓝牙图标，启动蓝牙初始配置向导。 3. 按照屏幕提示完成配置。 4. 配置完成后，系统将自动搜索蓝牙 HID 设备。 5. 在设备列表中点击您的鼠标，然后按提示完成配对启用。 注意：蓝牙图标颜色表示状态——红色为未插接收器，白色为已插入，绿色为已检测到设备。
215,要将蓝牙激光鼠标与其他人机接口设备（HID）连接，请按以下步骤操作： 1. 确保 USB 蓝牙接收器已插入电脑。 2. 将您要连接的蓝牙 HID 设备（如键盘、掌上电脑等）设置为可被发现模式。 3. 按下 USB 蓝牙接收器上的按钮，直至出现 HID 界面。 4. 从下拉菜单中选择要搜索的设备类型。 5. 在检测到的设备列表中点击目标设备，按照屏幕提示完成配对和启用连接。 注意：本款鼠标需配合 WIDCOMM 蓝牙驱动程序使用，确保已正确安装驱动。
216,"拆卸烤箱门步骤如下： 1. 完全打开烤箱门。 2. 抬起卡扣并向前推至极限位置<PIC>。 3. 将烤箱门关至最大角度（A），向上抬起（B）并转动（C）直至脱开（D）<PIC>。 操作前请确保烤箱已冷却并断开电源。 , [""oven_01"", ""oven_02""]"
217,"安装烤箱门的步骤如下： 1. 将铰链装入对应位置。 2. 完全打开烤箱门。 3. 放下两个卡扣。 4. 关闭烤箱门。 <PIC> , [""oven_01""]"
218,移动顶部加热元件（仅限部分型号）的步骤如下： 1. 取下侧边配件支架格栅（图3）。 2. 轻轻拉出加热元件（图4）并向下放下（图5）。 3. 复位时，抬起加热元件并轻轻向自身方向拉动，确保其支撑在侧支架上。 操作前请务必断开烤箱电源，并佩戴防护手套。
219,"更换烤箱后部灯（如有）的步骤如下： 1. 断开烤箱电源。 2. 拧下灯罩（图6），更换为符合规格的灯泡（25‑40W/230V E‑14、耐温300℃白炽灯），再拧回灯罩（图7）。 3. 重新接通烤箱电源。 注意：灯罩复位前请勿使用烤箱；灯泡可从售后服务中心购买。 <PIC><PIC> , [""oven_06"", ""oven_07""]"
220,"接油盘用于放置在烤架下方，收集烹饪过程中滴落的油脂和食物碎屑。 也可直接用作烤盘烹饪肉类、鸡肉、鱼类等，建议搭配蔬菜使用。 为避免油脂飞溅及冒烟，可在接油盘中倒入少量水（如烤肉时建议加半升水），并根据需要补充水分。 <PIC> , [""oven_03""]"
221,清洁烤箱外部时，请遵循以下步骤： 1. 确保烤箱已冷却并断开电源。 2. 请勿使用腐蚀性或研磨性清洁剂。 3. 用湿布擦拭表面；若污渍较重，可在水中加入几滴洗洁精。 4. 清洁后，用干布擦干表面。
222,"烤架用于烧烤食物，也可作为锅具、蛋糕模等容器的支架。 可放置在烤箱内任意可用层位，并可凸面朝上或朝下安装。 <PIC> 使用时建议在烤架正下方放置接油盘，并加入少量水，以收集油脂、防止飞溅和冒烟。 , [""oven_03""]"
223,"催化侧面板带有特殊微孔搪瓷涂层，可吸附烹饪过程中产生的油脂飞溅物。 在烹饪油脂较多的食物后，建议执行自动清洁程序（如开启热风循环功能，200℃运行约一小时），以维持其自清洁性能。 注意：请勿使用腐蚀性或研磨性清洁剂、粗刷、百洁布或烤箱喷雾清洁该面板，以免损坏催化表面。 <PIC> , [""oven_04""]"
224,烤盘（图2）主要用于烘焙饼干、蛋糕及披萨。 使用时可将烤盘直接放置在烤箱内的搁架上，建议搭配深色金属烤盘以获得更佳烘焙效果。 若烹饪水分较多的食物（如披萨），可轻微刷油以防粘连，并确保烤箱已预热。 烤盘可放入洗碗机清洗，使用后建议及时清洁。 此外，接油盘（图1）也可作为烤盘使用，适用于烤制肉类、鸡肉、鱼类等，使用时可在盘中加入少量水，防止油脂飞溅和冒烟。
225,烤架烤盘套装包含烤架（6a）和搪瓷容器（6b），需放置在烤箱内的烤架（3）上，并配合烧烤功能使用。 使用时，将食物放在烤架上，搪瓷容器置于下方接油。 建议在搪瓷容器中加入少量水，以减少油脂飞溅和冒烟。
226,为避免给出不准确的操作建议，请您补充具体产品型号或产品名称，我会再按对应说明书为您查询。
227,"滑动搁架允许在烹饪过程中将烤架与接油盘半拉出，方便查看或操作食物。 该设计适用于所有配件，且滑动搁架可放入洗碗机清洗。 <PIC> , [""Manual28_8""]"
228,"安装肩带时，请将肩带末端从相机底部穿过肩带安装孔，再按图示穿过肩带扣环<PIC>。 拉紧肩带，确保其不会从扣环中松脱。 注意：请务必使用相机专用肩带，不要使用手机或其他电子产品的挂绳，以免强度不足导致相机跌落。 , [""Manual10_9""]"
229,"为混合即时相机装入电池的步骤如下： 1. 滑动电池盖将其打开。 2. 按照电池上的箭头指示装入电池，确保电池上的黄线与相机上的标记对齐。 3. 关闭电池盖。 注意：安装时务必确认电池方向正确。 <PIC> , [""Manual29_13""]"
230,"为混合即时相机装入instax SQUARE相纸盒，请按以下步骤操作： 1. 按住相仓锁按钮（1），将拨杆向右滑动（<PIC>），直至相仓略微打开。 2. 握住相纸盒两侧，将相纸盒底部对准相仓凹槽（<PIC>），然后平直插入（2）。 3. 关闭后盖，确保后盖锁咔哒到位。 4. 关闭后盖时，黑色相纸保护盖会自动弹出，请从相纸出口取出。 注意事项： - 请勿在相纸用完前打开后盖，否则剩余相纸会曝光变白。 - 切勿按压相纸盒背面的两个矩形孔。 - 仅使用instax SQUARE拍立得相纸，instax mini或WIDE相纸无法使用。 - 装入前请勿将相纸盒从内袋中取出，并确保相纸未过保质期。 , [""Manual29_26"", ""Manual29_27""]"
231,"相纸用完后，请按以下步骤取出相纸盒： 1. 按住相仓锁按钮（1），将拨杆向右滑动，直至相仓略微打开。 2. 握住相纸盒上的矩形孔，平直拉出即可。 <PIC> , [""Manual29_28""]"
232,"要设置混合即时相机的自动打印模式，请将相机侧面的打印模式选择器切换到""AUTO""。 设置后，图像保存后会立即开始打印。 <PIC> , [""Manual29_39""]"
233,"要设置混合即时相机的手动打印模式（初始设置），请将相机侧面的打印模式选择器切换到""MANUAL""。 在此模式下，拍摄的图像会保存到相机内存中，不会立即打印，您可稍后选择需要打印的照片。"
234,"使用混合即时相机拍摄照片的步骤如下： 1. 顺时针转动镜头环（电源开关）开机。 2. 手持相机并确认构图，注意手指或肩带不要遮挡镜头、闪光灯或相纸出口。 3. 如需选择拍摄模式或图像效果，可在拍摄画面按下MENU/OK按钮进行设置。 4. 半按快门按钮对焦： • 对焦成功时，相机会发出蜂鸣声，显示屏出现绿色对焦框； • 对焦失败时，显示红色对焦框，可调整构图或使用对焦锁定。 5. 完全轻按快门按钮完成拍摄，照片将保存到相机内存。 6. 若侧面的打印模式选择器设为""AUTO""，照片会自动打印；若设为""MANUAL""，则需手动选择打印。 拍摄时建议双手持机，肘部抵住身体以减少抖动。 光线不足时可能触发闪光灯，可提前在设置中关闭。"
241,"Before first use, clean the air fryer basket, pan, and interior with hot water and a non-abrasive sponge. Ensure all parts are dry before use. Do not use metal utensils or abrasive materials to avoid damaging the non-stick coating. Also, make sure the heating element is free of food debris."
242,"The approval label of the emission control certificate is attached to the electrical box and the exhaust side of the crankcase. <PIC> , [""Manual20_4""]"
243,"The provided reference materials do not describe a 'battery conversion feature' or any procedure by that name related to pre-sailing operations. If you are referring to battery installation or preparation before sailing, ensure the battery is properly connected: attach the positive (+) red lead first, then the negative (-) black lead and ground lead, and secure the battery with the strap. Always turn the battery switch to ON before operation. For long-term storage, the battery should be removed and stored in a cool, dark place."
244,"The watercraft steers by turning the handlebars in the direction you wish to travel. This action changes the angle of the jet thrust nozzle, redirecting the flow of expelled water and thus changing the direction of the craft. Steering effectiveness depends on both handlebar position and throttle: more throttle produces higher thrust and sharper turns, while releasing the throttle significantly reduces steering ability except at trolling speed."
245,"If you receive an over temperature warning on the boat, immediately reduce engine speed and maneuver to a safe location or return to shore. Check the engine oil level (see page 80 for procedures). If the oil level is low, add oil to the proper level. If the oil level is sufficient, contact a Boat Dealer for inspection. The system automatically limits engine speed to prevent damage when overheating occurs."
246,"To listen to music on your phone using the sound system, press the Play/Pause button [9] to start playback. Use Volume + [11] or Volume – [12] to adjust the sound level. <PIC> , [""Manual13_1""]"
247,"The storage compartments on the watercraft are not waterproof, so they can be used to store wet items. However, if you need to keep any items dry, you should place them in a waterproof bag. Make sure all storage compartments are securely closed before operating the boat. For draining water from the lockable storage compartment, remove the drain plug at the bottom to allow water to drain, then reinstall the plug securely."
248,"To open the battery compartment on the boat, slide the lever as shown by the arrow and open the cover. <PIC> , [""Manual10_18""]"
249,"Do not install or operate the anchor light while the boat is moving. According to the manual, the engine hood (which may be related to anchor light access or installation) must not be opened while the anchor light is installed, and certain operations—like opening storage compartments—are only intended when the boat is stationary. Additionally, the anchor light is meant to be used only when the boat is anchored at night (via the 'ANC' position on the navigation/anchor light switch)."
250,"To clean the boat after use, follow these steps: 1. Connect a garden hose to a water tap using the garden hose adapter. 2. Ensure the area around the boat is clear, then start the engine. 3. Immediately after the engine starts, fully turn on the water supply so that water flows continuously from the jet thrust nozzle and cooling water pilot outlet. - **Important**: Never turn on the water before starting the engine, as this can cause water to flow back into the crankcase and severely damage the engine. 4. Run the engine at a fast idle for 3 to 5 minutes to flush out salt, sand, or debris. After flushing: - Remove the hull drain plug and rinse."
251,"Your boat does not have a dedicated 'water supply button. ' Instead, the water supply is controlled by connecting a garden hose to a water tap and manually turning the tap on or off. To turn on the water supply: 1. Connect the garden hose to a water tap. 2. Start the engine. 3. Immediately after the engine starts, fully turn on the water tap so water flows continuously from the jet thrust nozzle and cooling water pilot outlet. To turn off the water supply: 1. Turn off the water tap. Drain residual water from the exhaust system by moving the remote control lever between half throttle and idle for 10–15 seconds. ⚠️ Never turn on the water befor."
252,"To remove the bimini top: 1. First store the bimini top in the fully collapsed position. This involves: - Removing the lock pins and pushing the center poles down. - Pulling the bimini top toward the bow. - Removing the lock pins securing the forward support poles to the mounting brackets and lowering the top onto the rear deck. 2. Once fully collapsed, remove the main pole mounting pins that secure the bimini top to the main pole mounting brackets. <PIC> , [""Manual09_193""]"
253,"To install the bimini top, reverse the removal steps: align the main poles with the mounting brackets and securely insert the main pole mounting pins. Ensure all lock pins are properly engaged to secure the structure."
254,"To store the bimini top in the upright position: (1) Remove the lock pins, and then push the center poles down. (2) Pull the bimini top toward the bow. <PIC> NOTE: Do not trailer the boat with the bimini top in the upright position. Always collapse it fully before trailering to avoid damage. , [""Manual09_189""]"
255,"To check the engine oil level while sailing: 1. Moor the boat securely so it does not drift. 2. Stop the engine. 3. Open the engine hood. 4. Loosen and remove the oil tank filler cap, then wipe the dipstick clean. 5. Reinsert the dipstick fully, then remove it again to read the oil level. 6. Ensure the oil level is between the minimum and maximum marks. 7. If low, add the correct engine oil slowly until the proper level is reached. 8. Securely reinstall the oil tank filler cap and close the engine hood. Note: Do not check or add oil immediately after engine shutdown—oil may be extremely hot. Also, ensure no water or debris enters the oil tank."
256,"To use the bilge pump of your boat: 1. Locate the bilge pump switch and turn it on to manually operate the pump. 2. The bilge pump will also operate automatically when excessive water is detected in the bilge, even if the battery switches are off. 3. While operating, the bilge pump indicator light will illuminate. 4. The automatic function will continue until most of the bilge water is drained. Ensure all drain plugs are securely tightened before operating the boat to prevent flooding. <PIC> , [""Manual09_202""]"
257,"To perform an anchor light switch check while sailing, locate the navigation and anchor lights toggle switch on the console. Push the lower side of the switch to the 'ANC' position to activate the anchor light alone. Verify that the anchor light illuminates properly. Return the switch to the middle position to turn off all lights. Note: Do not open the engine hood while the anchor light is installed to avoid damage."
258,"To start the boat's engine: 1. Ensure the boat is in water at least 60 cm (2 ft) deep. 2. Attach the engine shut-off cord to your left wrist and insert the clip into the engine shut-off switch. 3. Make sure you are not holding the throttle. 4. Push the start switch (green button) to start the engine. 5. Immediately after the engine starts, if flushing with a garden hose, turn on the water supply fully. Do not operate the engine in shallow water or without proper water flow to avoid damage."
259,"To turn a boat while sailing, especially a personal watercraft or motorboat, you must apply throttle—steering requires engine power. At planing or higher speeds, turn the handlebars in the desired direction while maintaining throttle to ensure responsive steering. At idle or trolling speed, gradual turns are possible using handlebar input alone, but steering effectiveness is limited. Never release throttle completely during a turn at speed, as this will result in loss of steering control. Always operate in open, obstacle-free areas when practicing turns."
260,"To operate the boat when crossing wakes and swells: 1. Slow down before approaching the wake or swell. 2. Cross at an angle (""slice through"" or ""cut across""), ideally around 45°, to reduce impact. 3. Keep a firm grip on the handlebars and place both feet firmly in the footwells. 4. Slightly lift your body off the seat and use your knees to absorb the shock. 5. Avoid crossing multiple wakes or swells in quick succession, as this increases instability. 6. Be prepared for the boat to veer slightly off course when crossing at shallow angles (e. g. , 10°). 7. Never jump wakes or waves—this increases the risk of serious injury. 8. Only operate in s."
261,"After the cruise is over and you have docked the boat, follow these steps to load or board safely: 1. Approach the dock at idle speed and come to a complete stop. 2. Ensure no obstructions, boats, or swimmers are nearby. 3. Board from the side—one person at a time—by stepping into the boat. Never jump in. 4. Avoid stepping on wet or slick gunwale surfaces. 5. Once aboard, sit in one of the provided seats and place both feet firmly on the deck. If boarding from the water (e. g. , after swimming), use the rear boarding platform: pull yourself up using the handgrips, move to a kneeling position, then onto the seat. Always ensure the total weight."
262,"To flush the cooling system of the boat, follow these steps: 1. Connect a garden hose to the garden hose adapter. 2. Loosen and remove the flush hose connector cap. 3. Insert the garden hose adapter into the flush hose connector by pushing and twisting until securely connected. 4. Connect the garden hose to a water tap. 5. Ensure the area around the boat is clear, then start the engine. 6. Immediately after the engine starts, fully turn on the water supply so that water flows continuously from the jet thrust nozzle and cooling water pilot outlet. 7. Run the engine at a fast idle for 3 to 5 minutes. NOTICE: Never turn on the water before start."
263,"To replace the fuse on the boat, follow these steps: 1. Turn off the main switch to prevent accidental short circuiting. 2. Open the engine hood. 3. Unfasten the band securing the fuse box. 4. Remove the fuse box from the air filter case by pulling it toward the bow. 5. While pushing both sides of the fuse box cover inward, pull the cover toward the bow and remove it. 6. If replacing the accessory fuse or bilge pump fuse, remove the fuse holder. 7. Replace the blown fuse with the spare fuse of the correct amperage using the fuse puller. Fuse ratings are as follows: - Electronic throttle valve fuse: 10 A - Fuel pump fuse: 10 A - Main relay dri."
264,"To check the engine oil level of the boat: 1. With the engine stopped, place the boat in a precisely level position on land or launch it in water (if on water, moor securely). 2. Start the engine and run it at idling speed for at least 6 minutes (add 5 more minutes if ambient temperature is 20°C/68°F or lower). 3. Stop the engine. 4. Open the engine hood. 5. Loosen and remove the oil tank filler cap, then wipe the attached dipstick clean. 6. Reinsert the dipstick fully by screwing the cap back in until it stops, then remove it again. 7. Check that the oil level is between the minimum and maximum marks on the dipstick. - If above the maximum m."
265,"The coffee machine automatically enters energy saving (power-off) mode after 9 minutes of inactivity. To exit energy saving mode, press the Lungo button for 3 seconds. You can also adjust or deactivate this setting: 1. With the machine off, press and hold the Espresso button for 3 seconds. 2. The Espresso button will blink to show the current setting. 3. Press the Espresso button to cycle through options: - Once: power-off after 9 minutes (default) - Twice: power-off after 30 minutes - Third time: deactivate energy saving mode entirely."
266,"To change the default setting of the energy saving mode: 1. With the machine turned off, press and hold the Espresso button for 3 seconds. 2. The Espresso button will blink to indicate the current setting. 3. Press the Espresso button: - Once for power-off mode after 9 minutes - Again for power-off mode after 30 minutes - One more time to deactivate the energy saving mode."
267,To program the water volume of the coffee machine: 1. Turn the machine on and wait for it to be in ready mode (steady lights). 2. Fill the water tank with potable water and insert a capsule. 3. Place a cup under the coffee outlet. 4. Press and hold the Espresso or Lungo button. 5. Release the button once the desired volume is served. 6. The water volume level is now stored.
268,"To empty the system before a period of non-use, for frost protection, or before maintenance: 1. Press both the Espresso and Lungo buttons to turn the machine off. 2. Remove the water tank and open the lever. 3. Press and hold both the Espresso and Lungo buttons for 3 seconds until both LEDs blink alternately. Note: The machine will be blocked for 10 minutes after entering emptying mode."
269,"To reset your coffee machine to factory settings: 1. Ensure the machine is turned off. 2. Press and hold the Lungo button for 5 seconds. 3. The LEDs will blink rapidly 3 times to confirm the reset. 4. The LEDs will then blink normally as the machine heats up, and steady lights indicate it's ready. Factory settings are: - Espresso cup: 40 ml (1. 35 oz) - Lungo cup: 110 ml (3. 7 oz) - Power Off mode: after 9 minutes"
270,"To clean your coffee maker after use and help it last longer: 1. Always unplug the machine before cleaning. 2. Never immerse the appliance or any part of it in water. 3. Clean the coffee outlet regularly with a soft, damp cloth. 4. Do not use strong cleaning agents, solvents, sharp objects, brushes, or abrasive materials. 5. The maintenance unit can be removed in separate pieces for easy cleaning—clean these parts gently. 6. Avoid placing any components in a dishwasher. For long-term care, also descale your machine periodically following the descaling instructions in the manual."
271,"To open the swim platform (rear platform hatch), follow these steps: 1. Ensure the boat is not in operation and the engines are off. 2. Locate the rear platform hatch at the stern of the boat. 3. Open the hatch manually—this may involve releasing latches or handles depending on your model. 4. If applicable, pull out the boarding ladder for access. Note: The rear platform hatch has interlocks that shut off the engines if opened during operation. The engines will not restart unless the hatch is closed and latched securely. For detailed procedures, refer to page 63 of the manual."
272,"To add water to the livewell, use the aerator switch. Push the ""MNL"" side to circulate water continuously, or the ""AUTO"" side to operate based on preset automatic settings. Ensure the livewell drain is closed before filling. The switch is typically located on the console near other boat switches. <PIC> , [""Manual09_107""]"
273,"The maintenance setting screen displays the number of hours that the engines have been running since the last maintenance. After performing maintenance, you can reset the operation hours by tapping the ""Reset"" button and then confirming with the ""YES"" button when prompted. <PIC> <PIC> <PIC> <PIC> , [""Manual09_76"", ""Manual09_77"", ""Manual09_78"", ""Manual09_79""]"
274,"The factory reset screen displays a 'Reset' button. When tapped, a confirmation message appears with 'YES' and 'NO' options. Tapping 'YES' resets the settings to factory defaults, while 'NO' returns to the factory reset screen without resetting."
275,"The trip screen displays information such as engine operating hours, fuel consumption, and other trip-related data. It includes a menu, a scrollbar for navigating menu items, and a ""Reset"" button to reset all display items. Individual items can be reset by touching and holding them for several seconds. <PIC> , [""Manual09_67""]"
276,"To make the boat move forward when everything is ready: 1. Ensure you are seated and have attached the engine shut-off cord to your wrist. 2. Grip the handlebars firmly with both hands and place both feet on the footwell floor. 3. Start the engine. 4. Open the throttle—steering requires throttle, as the jet thrust direction controls movement. 5. Turn the handlebars in the direction you wish to go; the jet thrust nozzle will adjust accordingly. Note: The boat does not have brakes—maintain safe speed and always keep throttle engaged when steering."
277,"You cannot check the steering system while actively driving the boat. According to the manual, steering system checks must be performed during pre-launch inspections while the boat is on land. Ensure the steering wheel (or handlebars) has no looseness or free play, and turn it fully left and right to confirm smooth, unrestricted operation throughout its range. Additionally, note that steering while driving requires throttle—steering control is lost if the throttle is completely released."
278,"The fire extinguisher should always be stored in its designated container, which is located in the battery compartment. To access it, remove the seat and turn the container cap counterclockwise. Ensure the cap is tightened securely after insertion. Always carry a USCG-approved B-1 classification fire extinguisher with a capacity of 2 lb or more on board, as it is not standard equipment. Refer to the manufacturer's instructions for inspection and maintenance. <PIC> , [""jetski_04""]"
279,"To care for the throttle cable of the boat, grease the throttle-cable inner wires at the pulley wheel of the APS using water-resistant grease. This helps ensure smooth operation and prevents corrosion. <PIC> , [""Manual09_263""]"
280,"When not using the camera, remove the battery and store it separately. To charge it, use the specified Battery Pack BP-511A, BP-514, BP-511, or BP-512 with a compatible charger or connect the camera to a power source via the provided USB cable and a suitable AC adapter (DC 5. 0V/1000mA). For best results, charge the battery 1–2 days before planned use, as unused batteries gradually lose charge. After the red charging lamp lights up, continue charging for about one more hour to ensure a full charge."
281,"To install the camera battery when it is powered off: 1. Turn the camera's power switch to <OFF>. 2. Slide the battery compartment cover lever as indicated by the arrow to open the cover. 3. Insert the battery following the direction of the arrow on the battery, ensuring the yellow line on the battery aligns with the mark inside the camera. 4. Close the battery compartment cover securely. Refer to the manual illustrations for visual guidance on battery insertion."
282,"To connect the camera to a household power socket, you need the optional AC Adapter Kit ACK-E2, which includes an AC adapter, DC coupler, and power cord. Follow these steps: 1. Open the battery compartment cover and the DC Coupler cord notch cover. 2. Insert the DC Coupler into the battery compartment until it locks in place, and route the cord through the notch. 3. Connect the DC Coupler's plug to the AC adapter's socket. 4. Attach the power cord to the AC adapter and plug it into a household power outlet. 5. Close the battery compartment cover. Do not connect or disconnect the power cord while the camera is turned on. <PIC> , [""Manual10_19""]"
283,"To mount the lens of a camera: 1. Remove the rear lens cap and the camera body cap by turning them as indicated. 2. Align the lens with the appropriate mount index on the camera: - For an EF-S lens, align with the white EF-S lens mount index. - For other lenses (e. g. , EF), align with the red EF lens mount index. 3. Attach the lens by turning it as shown until it clicks into place. 4. Set the focus mode switch on the lens to <AF>. 5. Remove the front lens cap before use. Avoid exposing the camera's interior to dust during this process. <PIC> , [""Manual10_21""]"
284,"To install the CF card into the camera before photography: 1. Open the card cover by sliding it in the direction shown by the arrow. <PIC> 2. Insert the CF card with the label side facing you and the end with the small holes going into the camera. <PIC> 3. Close the cover and slide it until it snaps shut. <PIC> Make sure the card is properly inserted to avoid damage or recording errors. , [""Manual10_24"", ""Manual10_26"", ""Manual10_28""]"
285,"The provided documentation does not include instructions for removing the camera shutter button. It only describes the shutter button's two-step operation (halfway for AF/AE, fully to take a picture) and related usage tips. For disassembly or repair procedures, consult an authorized service center."
286,"To replace the camera's date/time battery: 1. Turn the power switch to <OFF>. 2. Open the cover and remove the battery. 3. Take out the battery holder. 4. Replace the battery in the holder, ensuring correct +/− orientation (use a CR2016 lithium battery). 5. Close the cover. Note: The date/time setting will reset and must be reconfigured after replacement. <PIC><PIC><PIC><PIC> , [""Manual10_46"", ""Manual10_47"", ""Manual10_48"", ""Manual10_49""]"
287,"To focus on an off-center subject, use the 'focus lock' technique: 1. Set the camera to One-Shot AF mode. 2. Place the active AF point (typically the center point) over your subject. 3. Press the shutter button halfway to achieve focus. 4. While holding the shutter button halfway, recompose the frame to position the subject off-center. 5. Fully press the shutter button to take the shot. This method ensures sharp focus on your intended subject even when it's not in the center of the frame."
288,"To use the eyepiece cover: first remove the eyecup by pushing it upward from the bottom, then slide the eyepiece cover down into the eyepiece groove to attach it. This prevents stray light from entering the viewfinder during self-timer or remote shooting, which could affect exposure."
289,"To select the AF Mode before taking a picture: 1. Set the Mode Dial to a Creative Zone mode (P, Tv, Av, M, or A-DEP). 2. Press the <AF-WB> button. 3. While looking at the LCD panel, turn the <Main> dial to select the desired AF mode: - ONE SHOT: One-Shot AF (for still subjects) - AI FOCUS: AI Focus AF (automatically switches between One-Shot and AI Servo) - AI SERVO: AI Servo AF (for moving subjects) Note: AF is not possible if an Extender is attached and the lens maximum aperture is too small. <PIC> , [""Camera_30""]"
290,"To set the camera to ""P"" (Program AE) mode, turn the Mode Dial to <P>. The camera will automatically set the shutter speed and aperture value based on the subject's brightness."
291,"To view the camera image on a TV after or during shooting, follow these steps: 1. Turn off both the camera and the TV. 2. Open the camera's terminal cover. 3. Use the provided video cable to connect the camera's terminal to the TV's VIDEO IN terminal. Ensure the plug is fully inserted. 4. Turn on the TV and switch its input source to Video IN. 5. Press the playback button on the camera to display images on the TV screen. (The camera's LCD monitor will remain blank during this. ) Note: Make sure the camera's video system format (NTSC or PAL) matches your TV's format for proper display. <PIC> , [""Camera_55""]"
292,"To delete a single image from your camera: 1. Press the playback button to display the image you want to erase. 2. Press the designated button (often labeled with a trash or erase icon) to bring up the Erase menu at the bottom of the screen. 3. Turn the dial to select [Erase], then press the confirmation button. The access lamp will blink while the image is being erased. If needed, repeat the steps for additional images. Note: Make sure the image is not protected—if it is, you'll need to remove protection first. <PIC> , [""Manual10_184""]"
293,"To erase all images from your camera: 1. Press the playback button to display an image. 2. Press the erase button to open the Erase menu at the bottom of the screen. 3. Turn the dial to select [All], then press the button. 4. A confirmation dialog will appear—turn the dial to select [OK], then press the button again. Note: Only unprotected images will be erased. If you want to delete protected images as well, you must either unprotect them first or format the CF card (which erases everything, including protected images)."
294,"To print photos using the camera's CP Direct method: 1. Turn off the camera. 2. Connect the camera to a CP Direct-compatible printer using the dedicated interface cable (ensure the plug's icon faces the front of the camera). 3. Set the camera's [Communication] setting to [PTP] via the menu. 4. Turn on the printer and ensure it is ready. 5. Turn on the camera. 6. Select the image(s) to print using the camera's LCD monitor and control dial. 7. Set printing options such as [Style] or [Print Type] (e. g. , Index, Bordered) as needed. 8. Confirm paper size settings if required. 9. Select [OK] to start printing. Note: RAW images cannot be printed d."
295,"To fine-tune the model using the camera, follow these steps: 1. Aim the lens and look through the camera on the Dashboard to adjust the picture. 2. Physically adjust the camera sensor and lens unit: - Tilt: up to 65 degrees - Rotate: up to 350 degrees - Pan: up to 350 degrees 3. Use software to rotate the image up to 180 degrees (no other software adjustments are available). 4. Remotely adjust zoom and focus—these cannot be adjusted physically on the camera. 5. After positioning, replace the lens guard and bubble, turning the bubble clockwise to lock it. 6. Remove the protective plastic sticker and check LED function. 7. Use the Dashboard to."
296,"When you have the earphones in hand, you should have the following components: a pair of earbuds (left and right), a charging case, and possibly included ear tips in multiple sizes for fit customization. For visual reference, see the labeled diagram of the earphones and case:<PIC>. , [""Manual12_11""]"
297,"To charge the earphones case when its battery is low, insert the USB-C cable into the charging port located at the back of the charging case, and connect the other end to a suitable USB power source. The Battery Level LED Indicators will light up to show the charging status."
298,"When Bluetooth devices are pairing and connecting, you might encounter the following scenarios: 1. **Initial Pairing**: The earbuds enter pairing mode when removed from the case or when Bluetooth is turned off on the connected device. You must enable Bluetooth on your phone and select the earbuds from the available devices list. 2. **Automatic Reconnection**: If previously paired, the earbuds will automatically reconnect to a nearby trusted device when taken out of the case. 3. **Multipoint Connection**: You can connect the earbuds to two devices simultaneously. To do this, disconnect from the first device (by turning its Bluetooth off), pair."
299,"The two main controlling functions of the earphones are: (1) Music and call control (e. g. , play, pause, next, accept/reject calls), and (2) Voice assistant and feature activation (e. , 'Hey assistant' for voice commands, toggling ANC/Ambient modes, and accessing Low Latency Mode)."
300,"Besides the two main controlling functions, you can also: - Activate your phone's Voice Assistant by pressing and holding an earbud until the first beep, then releasing. - Launch or resume playback in your music app using the same press-and-hold-to-first-beep action. - Cycle between Ambient Awareness and ANC (Active Noise Cancellation) modes by pressing the left earbud. - Enable or disable Low Latency Mode (useful for gaming or lip-sync) by pressing and holding an earbud until the second beep, then releasing. - Use voice commands after saying ""Hey assistant"" to control playback, volume, ANC, ambient mode, launch Spotify, manage calls, and mor."
301,"To reset your earphones, first ensure they are disconnected from Bluetooth and removed from the charging case. For a factory reset, press and hold the button for 6 seconds to erase all settings. For a hardware reset (restart), press and hold for 10 seconds, then press again to power on."
302,"For maintenance and care of your earphones: - Clean them with a soft cloth or paper towel. Do not use harsh chemicals, detergents, or cleaning agents containing alcohol, ammonia, benzene, or abrasives. - Ensure the earphones are dry before charging. - Store them in a cool, dry place when not in use. - Avoid exposure to high temperatures (above 100°F / 38°C), extreme cold, direct sunlight, or flammable materials. - Do not tug on charging cables; connect and disconnect them carefully. - Keep away from water and wet surfaces. - Do not attempt self-repair—contact a qualified service center if needed. - Recycle or dispose of the product according."
303,"Based on the provided documentation, the eReader has the following buttons and interfaces from different observing views: **Front View:** - Home/ESC button: cancels operations or returns to the previous interface. - Prev/Next Page buttons: navigate between pages. - Navigation/Menu button: a 4-way directional control (up, down, left, right) with a center confirm function. - Zoom in/out buttons: adjust image zoom or eBook font size. - Rotate button: switches screen orientation between horizontal and vertical. - 3. 5 mm Earphone Jack: for audio output. - Speaker (0. 5W audio output). - 7"" TFT LCD Display Screen. <PIC> **Bottom View:** - No user-. , [""Manual13_1""]"
304,"The **Main Menu** displays all available features of the eReader, including ""Browser History"", ""eBook"", ""Music"", ""Video"", ""Photo"", ""Record"", ""Explorer"", and ""Settings"". You can select any function to enter its corresponding mode. The **Browser History** shows a list of files you have recently browsed. Use the Navigation keys to select a book and press the ""M"" button to open it; the eReader will take you to the last page you read in that book. Note: If a file was stored on a Micro SD card and has been deleted, it may still appear in Browser History, but you won't be able to open it. <PIC><PIC> , [""Manual13_3"", ""Manual13_4""]"
305,"When in eBook mode, pressing the ""M"" button opens a menu with options including ""Page Jump"", ""Save Mark"", ""Load Mark"", ""Del Mark"", ""Browser Mode"", ""Flip Time"", ""Brightness"", and ""Set color""."
306,"To listen to music on this eReader: 1. Connect the device to your computer using a USB cable and transfer supported audio files (MP3, WMA, WAV, AAC, etc. ) into the device. 2. From the main menu, open the audio files list and select your desired file. 3. Press ""M"" to enter Music Mode and start playback. 4. Use the Play/Pause button to control playback, and Volume +/– buttons to adjust sound level. 5. You can listen to music while reading an eBook or browsing photos. If there's no sound: - Ensure volume is not set to 0. - Try a different pair of earphones. - Confirm the music file is high quality, as low-quality files may cause noise or distor."
307,"Yes, this eReader can record voice. To use the voice recording feature: 1. Select ""Record"" in the main menu. 2. Press the ""M"" button to enter voice record mode. 3. Press the ""Play/Pause"" button to start recording. 4. Press ""Play/Pause"" again to pause, or press ""HOME"" to stop recording. 5. After stopping, you'll be prompted to save the recording—select ""YES"" or ""NO"" using the ""M"" key."
308,"To play video on your eReader, go to the main menu and select ""Video"", then press the ""M"" key to enter Video mode. The device supports AVI, RMVB, and MPEG2 video formats. <PIC> , [""Manual13_9""]"
309,"Yes, this eReader can function as a photo viewer. To use this feature: 1. From the Main Menu, select ""Photo"". 2. Supported image formats include JPG, GIF, and PNG. 3. Use the ""Play/Pause"" key to rotate photos counterclockwise. 4. Use the Zoom in/out keys to adjust the view of the photo. Note: Larger image files may take longer to load and rotate."
310,"When using this eReader, you might encounter the following issues and solutions: 1. **Device won't power on**: Charge the device until the power indicator is full. If it still doesn't work, contact the manufacturer. 2. **Unable to charge**: The AC adapter or USB cable may be defective—contact the manufacturer for a replacement. 3. **No sound through earphones**: Ensure volume isn't set to 0, try another pair of earphones, and use high-quality audio files (supported formats: WAV, WMA, MP3). 4. **Cannot download files**: Check if the USB cable is working, ensure the device's memory isn't full, and if using Windows 98, install a USB 2. 0 driver.."
311,"To properly complete the fax connection procedure, ensure the following: connect the fax machine to a telephone wall jack using a No. 26 AWG or larger telecommunication line cord, plug the power cord fully into a grounded AC outlet matching the product's voltage rating, and follow all safety instructions in the Quick Setup Guide. Do not use extension cords or damaged cables. For detailed setup steps, refer to the Online User's Guide."
312,"To ensure your safety when using this fax machine, follow these key precautions: 1. Read and keep all safety instructions provided in the guide and on the product. 2. Do not use the fax near water or in wet locations (e. g. , near sinks, bathtubs, or pools). 3. Avoid using the device during thunderstorms due to the risk of electrical shock from lightning. 4. Use only the provided power cord and a No. 26 AWG or larger telephone line cord. 5. Never drop metal objects or liquids onto the device or its power plug—this can cause fire or shock. 6. If liquid spills into the unit, it becomes unusually hot, emits smoke or strange odors, or is damaged."
313,"To keep your fingers safe when using the fax, avoid placing the product on an unstable surface where it could fall, and be cautious around the scanner area to prevent injury if the glass breaks. Do not attempt to service the product yourself, as opening covers may expose you to dangerous components. Always follow the safety instructions provided in the guide."
314,"Before moving your fax machine, unplug it from the AC power outlet and disconnect any telephone lines. Avoid placing it on unstable surfaces, and ensure the new location is dry, stable, and near a grounded power outlet and telephone wall jack (if applicable). Do not attempt to service or open the device yourself—contact an Authorized Service Center if needed."
315,"Yes, caution or warning labels inside the fax are important for safety. DO NOT remove or damage any of the caution or warning labels inside the product."
316,"Yes, if you are in Canada, your fax product is covered under specific regulatory statements. According to the documentation, models with fax functionality are made for use in the USA and Canada only. Additionally, there is a 'EQUIPMENT ATTACHMENT LIMITATIONS (Canada Only)' notice stating that the product meets the applicable Innovation, Science and Economic Development Canada technical specifications."
317,"To connect the regulator to the LP tank: 1. Hold the regulator and insert the nipple into the LP tank valve, ensuring it is centered. 2. Hand-tighten the coupling nut while keeping the regulator in a straight line with the LP tank valve to avoid cross-threading. 3. Turn the coupling nut clockwise until it reaches a full stop. You'll feel resistance due to the back-check seal in the tank valve. 4. Tighten an additional one-half to three-quarters turn by hand only—do not use tools. If you cannot complete the connection, disconnect and repeat. If still unsuccessful, do not use the regulator."
318,"To perform a leak test on the valves, hose, and regulator: 1. Turn all grill control knobs to OFF. 2. Ensure the LP tank valve is closed (turn hand wheel clockwise). 3. Connect the regulator to the LP tank securely. 4. Prepare a 50/50 solution of mild soap and water. 5. Use a clean paintbrush to apply the soapy solution to the connections at the valve, hose, and regulator. 6. Slowly open the LP tank valve by turning the hand wheel counterclockwise. 7. Watch for ""growing"" bubbles—if they appear, there is a leak. 8. If a leak is detected, immediately close the LP tank valve and retighten the connections. 9. If the leak persists, do not attempt."
319,"The provided reference materials do not contain specific instructions or guidelines regarding indirect cooking using the grill. For safe and effective use, always follow the Use and Care Guide included with your grill, ensure proper ventilation, and never use charcoal or ceramic briquettes unless specifically supplied with your model."
320,"The provided reference knowledge does not include the assembly instructions for the grill. It only contains steps for filter replacement, burner lighting, and general safety or cleaning guidance. Therefore, the first three steps of the grill assembly process cannot be determined from the given information."
321,"Here are key safety tips for using your grill: - Use the grill only outdoors in a well-ventilated area. Never use it in enclosed spaces like garages, porches, or under covered patios. - Keep the grill at least 3 feet from any wall and maintain 10 feet of clearance from flammable objects or ignition sources. - Always check for gas leaks before use. If you detect a leak, immediately shut off the LP tank valve and do not use the grill until the issue is resolved. - Never use charcoal or ceramic briquettes unless they were supplied with your grill. - Do not leave the grill unattended while preheating or cleaning by burning off residue. - In case."
322,"Your jetski has several identification numbers: 1. **Primary Identification (PRI-ID) Number**: Stamped on a label inside the engine compartment. <PIC> 2. **Hull Identification Number (HIN)**: Also known as the Frame Number—a nine-digit number stamped on the frame. <PIC> 3. **Engine Serial Number** (also called Engine Number or Primary I. D. ): Stamped on the engine. <PIC> 4. **Key Number**: Associated with your ignition key. <PIC> It's important to record and store these numbers separately in case your jetski is ever stolen or you need to order parts. , [""jetski_01"", ""Manual34_0"", ""Manual34_1"", ""Manual34_2""]"
323,"Your jetski has the following cruising limitations: - Do not operate in water less than 60 cm (2 ft) deep to avoid hitting submerged objects. - Avoid sharp turns, jumping wakes, or waves to reduce the risk of serious injury. - Do not operate after sunset or before dawn, as the watercraft lacks required lighting for night operation. - Always scan for people, objects, and other watercraft; maintain safe speeds and distances. - Avoid rough water, bad weather, or poor visibility conditions. - Never exceed the maximum load limit of 160 kg (353 lb) or carry more than two people (operator + one passenger). - Ride within your skill limits and avoid a."
324,"Your jetski has several cruising limitations for safety: - Do not operate in water less than 60 cm (2 ft) deep to avoid hitting submerged objects. - Avoid sharp turns, jumping wakes, or waves to reduce the risk of serious injury. - Night operation is prohibited as the watercraft lacks required lighting—do not operate after sunset or before dawn. - Always scan for people, objects, and other watercraft; maintain safe speeds and distances. - Do not operate in rough water, bad weather, or poor visibility. - Ride within your skill limits and avoid aggressive maneuvers to prevent loss of control or ejection. - The watercraft is designed for one ope."
325,"To operate your jetski, you must: 1. Read the Owner's/Operator's Manual, Riding Practice Guide, Riding Instruction card, and all warning labels. Watching the Basic Orientation Video is also recommended. 2. Be at least 16 years old (adult supervision required for minors), and comply with your state's operator age and training requirements—boating safety courses may be mandatory. 3. Wear a U. S. Coast Guard–approved personal flotation device (PFD) suitable for personal watercraft use. 4. Wear protective clothing such as a wetsuit bottom or snug-fitting, thick, tightly woven apparel (e. g. , denim). Avoid spandex or similar thin fabrics to preve."
326,"Your jetski has the following watercraft characteristics: - It is steered by jet thrust, which means directional control depends on engine power. Releasing the throttle completely results in only minimum thrust and significantly reduced steering ability at speeds above trolling. - It is designed for an operator and one passenger, with a maximum total load of 160 kg (353 lb). - It is legally classified as a powerboat and must comply with applicable waterway rules (e. g. , International Rules of the Road). - Steering sharpness is directly related to throttle input: more throttle = sharper turns; less throttle = more gradual turns. - Key compone."
327,"Your jetski is legally considered a powerboat and must follow the 'Rules of the Road' for waterways. When encountering other vessels, observe these key rules: - **Meeting (head-on):** Both vessels should alter course to pass port-to-port (keep the other vessel on your left). - **Crossing:** If another vessel is on your starboard (right) side, you are the give-way vessel and must yield. If it's on your port (left) side, maintain course and speed—the other vessel should yield. - **Overtaking:** The overtaking vessel (you or the other) is always the give-way vessel and must stay clear until safely past. In narrow channels, keep to the right when."
328,"To remove the seat of your jetski, pull the seat latch (located at the rear of the seat) upward, then lift the seat off. To install it, insert the front projection of the seat into the stay on the deck, then push the rear of the seat down until it locks securely in place. Always ensure the seat is properly secured before operating the watercraft."
329,"To open the hood of the jetski, push the hood latch down and then lift the hood up. To close it, push the hood down until it locks securely in place. Always ensure the hood is properly secured before operating the watercraft."
330,"Your jetski has two types of filler caps: the fuel tank filler cap and the oil tank filler cap. To remove either one, turn it counterclockwise. Make sure both caps are securely tightened before operating the watercraft."
331,"Your jetski has two engine-related switches: the key switch and the engine stop switch. 1. **Key Switch**: Used to start and shut off the engine. It has three positions: OFF, RUN, and START. Turn it to ""START"" to crank the engine, then release immediately after the engine starts. Turn it to ""OFF"" to stop the engine normally. 2. **Engine Stop Switch**: Located on the handlebar, this is an emergency stop. Push it to immediately stall the engine in an emergency. To restart, you must pull it back out first. Always remove the key when leaving the watercraft to prevent accidental starting."
332,"The two levers on the jetski are the motion-control levers and the throttle lever. Use the motion-control levers to drive forward, reverse, and steer: push both forward to go forward, pull both rearward to reverse, and move them differentially to turn. Always return them to the NEUTRAL-LOCK position when stopping or exiting. Squeeze the throttle lever to increase engine speed and release it to decrease speed or return to idle."
333,"The Quick Shift Trim System (QSTS) selector is located on the left handlebar grip and is used to adjust the watercraft's trim angle by changing the vertical angle of the jet thrust nozzle. It has five positions: two bow down (② and ③), neutral (N), and two bow up (④ and ⑤). To operate it safely: 1. Reduce engine speed to 3,000 r/min or less. 2. Squeeze the shift lock lever and turn the QSTS selector to the desired position. 3. Release the shift lock lever to lock the setting. Do not adjust the QSTS at full throttle to avoid damage. The neutral position is suitable for most conditions; use bow up or bow down for specific performance needs."
334,"The fuel meter shows the amount of fuel remaining in the tank using eight segments, helping you monitor fuel level while riding. The hour meter tracks the total hours the engine has operated since new, which helps you follow the maintenance schedule. Both are part of the multifunction information center on your jetski."
344,"Inspecting the fuel filter and fuel tank of your jetski should be done with caution due to the flammable nature of fuel. According to the manufacturer: - **Fuel Filter**: Do not attempt to replace the fuel filter yourself. An incorrectly installed filter can leak gasoline, which could lead to fire or explosion. If replacement is needed (e. g. , after 10 hours initially, then every 200 hours or 24 months, or if water is found), have a Yamaha dealer perform the service. The fuel filter is located near the engine on the left front. - **Fuel Tank**: Check the fuel tank for leakage or water contamination. If water is found in the fuel system or if."
345,"To adjust the adjustable sponson on your jetski: 1. Remove the bolts <PIC> on both sponsons. 2. Remove both sponsons and reinstall them in the desired position. 3. Ensure both sponsons are installed at the same level. 4. Tighten the bolts to the specified torque: 18 N·m (1. 8 kgf·m, 13 ft·lb). Refer to page 2-19 or 4-23 of your Owner's Manual for performance characteristics of each position. , [""Manual20_82""]"
346,"To clean the jet intake and impeller: 1. Turn off the engine, remove the main switch key, and detach the clip from the engine shut-off switch. Wait for all movement to stop. 2. Beach the watercraft and place a clean cloth or carpet underneath to protect it. 3. Turn the watercraft onto its port (left) side, supporting the bow to avoid damage. 4. Open the rear platform hatch. 5. Check that the retaining cord is attached to the access port cap and strap eye. 6. Hold the handle, push down, turn the access port cap counterclockwise until the ""SET"" mark aligns with the slot, then lift the cap. 7. Remove any weeds or debris from around the drive sha."
347,"To avoid giving inaccurate guidance, please provide the exact product model or product name so I can check the correct manual."
348,"To board your jet ski with a passenger in deep water, follow these basic steps: 1. Swim to the rear of the watercraft and climb on board alone first: pull yourself up using the boarding platform, kneel, then sit astride the seat. 2. Attach the engine shut-off cord (lanyard) to your left wrist and secure the clip to the engine shut-off switch. 3. Have the passenger move to the rear of the watercraft. 4. The passenger should pull themselves onto the platform, kneel, then carefully crawl onto the seat behind you. 5. Ensure the passenger has both feet securely on the floor of the footwell and is holding firmly onto you. 6. Start the engine only a."
349,"If it is difficult to balance the watercraft at a standstill, follow these steps: 1. Have the passenger steady the watercraft while the operator boards. 2. The operator should pull themselves onto the platform into a seated position, then balance the watercraft. Note: Balancing becomes more difficult as the total weight of the operator and passenger increases. Do not operate if total weight exceeds 160 kg (353 lb), including cargo."
350,"The maximum load of the jetski is 160 kg (353 lb), which includes the total weight of the operator, passenger, and any cargo. Never exceed this limit or carry more than two persons."
351,"The base station of a landline phone serves as the central hub for connecting to the telephone line and managing handsets. It typically includes: • A button to locate (page) registered handsets. • The ability to enter registration mode (by pressing and holding the same button) to pair new handsets. • Connection ports for the telephone line cord and power adapter. It also supports features like charging handsets, maintaining DECT™ GAP compatibility for basic interoperability with other compliant devices, and enabling core functions such as making/receiving calls and caller ID (if supported by the service)."
352,"To connect the base station of a landline phone: 1. Connect one end of the line cord to the telephone socket at the bottom of the base station, and the other end to the wall telephone socket. 2. Connect the power adapter to the DC input jack on the base station and plug the other end into a wall power socket. Ensure both connections are secure before using the phone. <PIC> , [""Manual22_23""]"
353,"To install the handset of a landline: 1. The batteries are pre-installed in the handset. 2. Pull the battery tape off from the battery door before charging. 3. Place the handset on the base station to charge—it will emit a docking sound when correctly seated. 4. Charge the handset for 8 hours before first use. If registering an additional handset, place it on the base station for automatic registration (completes in under 2 minutes)."
354,"To check the battery level of a cordless landline handset, look at the battery icon displayed on the handset screen. When the batteries are almost empty, warning tones will sound during a call, and the call will disconnect shortly after. The handset will turn off if the batteries are completely empty."
355,"If your landline handset is in searching status, try the following steps: • Make sure that the base station has power supply. • Register the handset to the base station. • Move the handset closer to the base station."
356,"To know the current status with different LED indicator behavior on a landline handset, go to [Menu] > [Phone setup] > [LED status] > [Events status] or [Charge status], then press [OK] to confirm. The LED behavior for various statuses is shown in the table provided in the user manual. <PIC> , [""Manual22_58""]"
357,"The current status of the base station can be determined by referring to the table that describes the LED indicator behavior. This table is typically found in the user manual under sections related to remote access commands or LED status settings. For specific details, consult the section titled 'Behavior of the LED indicator on the base station. '"
358,"To lower the roll bar of the lawn mower, follow these steps: 1. Remove the hairpin cotters and remove the 2 pins (Figure 9). 2. Lower the roll bar to the down position (Figure 8). Note: There are 2 down positions; refer to Figure 8. Important: Lower the roll bar only when absolutely necessary. There is no rollover protection when the roll bar is in the down position. Do not wear the seat belt when it is lowered, drive slowly and carefully, and raise the roll bar as soon as clearance permits."
359,"To adjust the rear-shock assemblies on a lawn mower with a suspension system only, position the assemblies in the desired location within the slots—either at the detent positions or anywhere in between—for a softer or firmer ride. Ensure that both left and right rear-shock assemblies are set to the same position for balanced performance. <PIC> , [""Manual23_25""]"
360,To adjust the height of cut for a lawn mower with an electric deck lift: 1. Push up on the deck-lift switch to raise the deck (Figure 31). 2. Select a hole in the height-of-cut bracket corresponding to your desired cutting height. 3. Insert the height-of-cut pin into the selected hole (Figure 32). 4. Push down on the deck-lift switch to lower the deck to the set height. The height can be adjusted from 38 to 140 mm (1-1/2 to 5-1/2 inches) in 6 mm (1/4 inch) increments.
361,To load a lawn mower safely: 1. Disengage the blade-control switch (PTO) and turn off the engine. 2. Remove the key to prevent accidental startup. 3. Use the transport lock: Push the deck-lift pedal fully forward to raise and lock the mower deck in the TRANSPORT position (Figure 29). 4. Ensure the grass deflector is in the down position. 5. Use extreme caution when moving the mower onto a trailer or truck bed—use sturdy ramps and maintain control at all times. 6. Secure the mower properly once loaded to prevent movement during transport.
362,"To unload a lawn mower safely, follow these steps: 1. Park the machine on a level surface. 2. Disengage the blade-control switch (PTO). 3. Engage the parking brake. 4. Shut off the engine, remove the key, and wait for all moving parts to stop. 5. If equipped with a deck-lift pedal and transport lock, push the deck-lift pedal fully forward to lock the mower deck in the TRANSPORT position for easier handling during unloading. Always ensure the grass deflector is in place and never put your hands or feet under the mower deck."
363,"To change the engine oil of a lawn mower, follow these steps: 1. Start the engine and let it run for 5 minutes to warm the oil for better drainage. 2. Park the machine on a level surface with the drain side slightly lower to ensure complete drainage. 3. Disengage the blade-control switch (PTO) and engage the parking brake. 4. Shut off the engine, remove the key, and wait for all moving parts to stop. 5. Clean the area around the oil-fill cap and dipstick to prevent debris from entering the engine. 6. Place a drain pan under the engine and remove the drain plug (or tilt the mower if no plug is present) to drain the old oil completely. 7. Reins."
364,"To remove the air filters of a lawn mower: 1. Park the machine on a level surface, disengage the blade-control switch (PTO), and engage the parking brake. 2. Shut off the engine, remove the key, and wait for all moving parts to stop. 3. Release the latches on the air cleaner and pull the air-inlet cover off the air-cleaner body (<PIC> Figure 56). 4. Gently slide the primary filter out of the air-cleaner body (<PIC> Figure 46). 5. Remove the inner (safety) filter only if you intend to replace it—never clean it. Important: If the safety filter is dirty, replace both the safety and primary filters. , [""Manual23_83"", ""Manual23_73""]"
365,"To replace the mower drive V-belt (e. g. , on models BR250T/CS340E or ET410TR/VK540E): 1. Apply the parking brake. 2. Remove the drive V-belt guard. 3. Rotate the secondary sliding sheave clockwise and push it to separate it from the fixed sheave. 4. Pull the old belt up over the secondary fixed sheave and remove it from both the secondary and primary sheaves. 5. Install the new belt over the primary sheave. 6. Again rotate the secondary sliding sheave clockwise and push it apart from the fixed sheave. 7. Place the new belt between the secondary sliding and fixed sheaves. 8. Reinstall the drive V-belt guard. Always ensure the machine is off."
366,The provided reference materials do not include instructions for setting up control of an over-the-range microwave. Please consult the product's user manual or contact the manufacturer for detailed setup guidance.
367,"To set the light timer on an over-the-range microwave, follow these steps: 1. Navigate to the ""Light time"" setting in the system menu. 2. Select your desired duration from the options: ""5 Seconds"", ""10 Seconds"", ""15 Seconds"", ""20 Seconds"", ""30 Seconds"", or ""Always On"". 3. Press the ""M"" button to confirm your selection. You can also adjust the brightness level (5 levels available) by selecting ""Brightness"" and pressing ""M"" to confirm."
368,"The provided reference materials do not describe a function to save or set a favorite recipe on an over-the-range microwave. However, some models allow using preset cooking programs. To use a preset: 1) Press the Menu button until your desired preset is blinking, and 2) Press the On/Off button to start. For specific recipe saving features, consult your product's user manual or manufacturer support."
369,"To reheat food in an over-the-range microwave, follow these general guidelines: - Use microwave-safe containers and cover the food with a microwave-safe lid or vented plastic wrap to retain moisture. - Arrange food in a single layer for even heating; place thicker portions toward the outside of the dish. - Stir or rotate food halfway through reheating if needed to distribute heat evenly. - Allow standing time after reheating (typically 1–5 minutes) to let heat distribute fully. - Avoid metal utensils or foil unless specifically instructed (e. g. , small foil pieces to shield poultry tips, kept at least 1 inch from oven walls)."
370,"The provided reference knowledge does not include specific instructions on how to use the auto defrost function of an over-the-range microwave. It only offers general defrosting tips, such as arranging food properly and allowing standing time after defrosting. For exact steps to operate the auto defrost feature, consult your microwave's user manual or control panel instructions."
371,"To clean the grease filter of an over-the-range microwave: 1. Slide the filter to the side, pull it downward, and push it to the other side to remove it. 2. Wash it in a dishwasher or soak it in hot water with a mild detergent. Rinse thoroughly and shake to dry. Do not use ammonia or place it in a dishwasher, as the aluminum filter may darken. 3. To reinstall, slide the filter into the side slot, then push it up and toward the oven center to lock it in place. Note: Clean the grease filter at least once a month. Never operate the oven hood without the filter installed."
372,To replace the charcoal filter of an over-the-range microwave: 1. Unplug the oven or turn off power at the main power supply. 2. Remove the two middle vent grill mounting screws. 3. Tip the grill forward and lift it out. 4. Remove the old charcoal filter. 5. Slide a new charcoal filter into place at the recommended angle. 6. Reinstall the vent grill by sliding the bottom into place and pushing the top until it snaps in. 7. Replace the mounting screws. 8. Restore power and reset the clock if needed. Note: The charcoal filter cannot be cleaned and should be replaced every 6–12 months if the unit is vented indoors.
373,"To replace the oven light of an over-the-range microwave, follow these steps: 1. Unplug the oven or turn off power at the main power supply. 2. Remove the two middle vent cover mounting screws. 3. Tip the vent cover forward, then lift it out to remove. 4. Remove the bulb holder and lift it up. 5. Replace the bulb with a 30 or 40 watt appliance bulb. 6. Reinstall the bulb holder. 7. Slide the bottom of the vent cover into place and push the top until it snaps in. 8. Replace the mounting screws. 9. Restore power at the main supply or plug the oven back in. CAUTION: Wear gloves during replacement to avoid personal injury or property damage."
374,"To set the PCI Express 3. 0 x16 slots on the motherboard, follow these steps: 1. **Install the graphics card** in the PCIe 3. 0 x16_1 slot (gray) for optimal performance in single VGA card mode. 2. **Enter BIOS Setup** after powering on the system. 3. Navigate to **PEG Port Configuration** or **PCI Express Configuration**. 4. Set **PCIEx16_1/PCIEx16_2 Link Speed** to your desired generation: [Auto], [Gen1], [Gen2], or [Gen3]. 5. Save changes and exit BIOS. 6. Install the appropriate **graphics card drivers** in the operating system. Ensure the card is fully seated in the slot and secured with a screw before powering on."
375,"To set the jumpers on the motherboard, refer to the specific jumper functions described in the manual. For example: - **Clear RTC RAM (2-pin CLRTC)**: Use this header to clear CMOS memory of date, time, and system setup parameters. - **CPU Over Voltage jumper (3-pin CPU_OV)**: Insert the jumper on pins 2-3 to enable higher CPU voltage for overclocking, or on pins 1-2 for default voltage settings. Always power off the system and unplug the power cord before adjusting jumpers. Consult the motherboard manual for exact locations and additional jumper settings."
376,"The rear panel connectors on the motherboard are fixed physical ports and do not require user configuration. According to the reference documentation, these include: 1. PS/2 Mouse/Keyboard combo port 2. DisplayPort 3. VGA port (15-pin) These ports are located on the rear edge of the motherboard and are automatically functional when corresponding devices are connected. Ensure the motherboard is correctly oriented in the chassis so that these ports align with the rear I/O shield."
377,"You can control the onboard LEDs (such as Model Name LEDs and SupremeFX LED) via BIOS or the LED Control app in Ai Suite 3. In BIOS, go to Advanced > Onboard Devices Configuration, then select the desired LED setting (e. g. , Model Name LED Lighting or SupremeFX LED Lighting) and choose from options like [Disabled], [Still Mode], [Breathing Mode], or [Flowing Mode]. Note that the Standby Power LED (SB_PWR) cannot be configured—it lights up automatically when the system is on, in sleep, or soft-off mode."
378,"You can update the BIOS file of a motherboard using one of the following methods: 1. **Via USB using EZ Flash 3** (in BIOS): a. Insert a USB flash drive containing the latest BIOS file into a USB port. b. Enter BIOS Advanced Mode, go to the Tool menu, and select EZ Flash 3 Utility. c. Press <Tab> to switch to the Drive field, use arrow keys to select the USB drive, and press <Enter>. d. Navigate to the BIOS file in the Folder Info field and press <Enter> to start the update. 2. **Via the Internet using EZ Flash 3**: a. In EZ Flash 3, select ""by Internet"". Choose an Internet connection method and follow onscreen instructions. 3. **Using BIOS U."
379,"To create RAID on the motherboard: 1. Connect your HDDs to the Intel SATA connectors. 2. Enter BIOS and press <F11> or click the EZ Tuning Wizard button. 3. Select **RAID**, then click **Yes** to enable RAID. 4. Choose your desired RAID type: - **Easy Backup**: RAID 1 (requires 2 HDDs) or RAID 10 (requires 4 HDDs) - **Super Speed**: RAID 0 or RAID 5 5. Follow the on-screen prompts to complete setup, then confirm and reboot. Ensure SATA Mode is set to **[RAID]** in BIOS before proceeding."
380,"To install an operating system using a SATA ODD and USB devices on a 100 series motherboard: 1. Insert the OS 7 installation DVD into a USB ODD, or copy all files from the OS 7 installation DVD to a USB storage device (8 GB or more) on a working system. 2. Connect the USB ODD or USB storage device to your motherboard. 3. Insert the support DVD into a SATA ODD connected to the motherboard. 4. Power on the system and press F8 during POST to enter the boot screen. 5. Select the USB device as the boot option. 6. The USB 3. 0 driver will load automatically during startup if the support DVD is in the SATA ODD. 7. Proceed with the OS installation fo."
381,"To secure the motherboard to the chassis, align it in the correct orientation—with the edge containing external ports facing the rear of the chassis—and insert nine screws into the designated screw holes (as indicated by circles in the manual). Do not over-tighten the screws, as this can damage the motherboard. <PIC> , [""Manual25_6""]"
382,"To prepare for CPU installation on the motherboard: 1. Unplug all power cables before handling the CPU. 2. Ensure you are using a CPU compatible with the LGA1151 socket—do not use CPUs designed for LGA1150, LGA1155, or LGA1156 sockets. 3. Verify that the PnP cap is present on the socket upon receiving the motherboard and that the socket contacts are not bent. Contact your retailer if the cap is missing or if there is visible damage. 4. Use only the CPU Installation Tool to handle the CPU. Always firmly hold both sides of the tool during installation, removal, or handling. 5. Ensure the CPU is correctly oriented and firmly clicked into place b."
383,"To know the system memory specifications of a motherboard, refer to its documentation or physical design. This motherboard has four 288-pin DDR4 DIMM sockets and supports unbuffered non-ECC DDR4 modules (2/4/8/16 GB). It does not support DDR, DDR2, or DDR3 modules. For compatibility and performance, consult the Qualified Vendor List (QVL) and use memory kits as recommended. Also, ensure DIMM voltage stays below 1. 65V to protect the CPU."
384,"The Serial port connector (10-1 pin COM) on the motherboard is used to connect a serial (COM) port module. You attach the module's cable to this connector and install the module into a slot opening at the back of the system chassis. Note that the COM module is sold separately. The serial port can be enabled or disabled in BIOS under 'Serial Port' settings, with configurable I/O addresses and IRQs."
385,"The TPM connector (14-1 pin TPM) on the motherboard is designed to support a Trusted Platform Module (TPM) system. This module securely stores keys, digital certificates, passwords, and data, enhancing network security, protecting digital identities, and ensuring platform integrity."
386,"The Thermal sensor connector (2-pin T_SENSOR) on the motherboard is designed for connecting a thermistor cable, which enables monitoring of the temperature of critical motherboard components and connected devices."
387,"To set Quick Release on your multi-use pressure cooker and air fryer: 1. After cooking, press the quick release button down until it clicks and locks into the **Vent** position. 2. Steam will eject through the top of the steam release valve—this is normal. 3. Wait until the float valve drops into the lid, indicating all pressure has been released. 4. Only then should you carefully open the lid. ⚠️ Warning: Keep skin away from the steam release valve during venting to avoid burns."
388,"To set the pressure cooking lid for your multi-use pressure cooker and air fryer: 1. Ensure the stainless-steel inner pot is properly inserted into the cooker base. 2. Align the symbol on the pressure cooking lid with the symbol on the rim of the cooker base. 3. Lower the lid onto the track. 4. Turn the lid clockwise until the symbols align again, securing the lid in place. Make sure the float valve is installed and the lid's power and sensor connectors are fully engaged to avoid errors like 'Lid' or 'C9'. <PIC> , [""Manual30_2""]"
389,"The float valve does not require manual 'setting'—it operates automatically based on internal pressure. However, it must be properly installed before using the pressure cooking function: 1. **To install**: Drop the narrow end of the float valve into the float valve hole on the top of the pressure cooking lid. Turn the lid over and firmly attach the silicone cap to the bottom of the float valve. 2. Never operate the appliance without the float valve and silicone cap correctly installed. 3. Do not touch or obstruct the float valve during use. 4. After cooking, wait until the float valve has fully descended (flush with the lid) before opening—th."
390,"The anti-block shield is a safety component located on the pressure cooking lid of the multi-use pressure cooker and air fryer. It prevents food particles from entering the steam release pipe, which helps maintain proper pressure regulation during pressure cooking. The anti-block shield must always be installed when using the pressure cooking function—do not operate the appliance without it. To install, place the shield over the prongs on the lid and press down until it snaps into position. Regularly check the anti-block shield for clogs as part of routine maintenance before and after each use. <PIC> , [""Manual30_35""]"
391,"To set the steam release valve on your multi-use pressure cooker and air fryer: 1. **Install the steam release valve** by placing it onto the steam release pipe and pressing down firmly. It should sit loosely but remain in place when the lid is turned over. 2. Ensure the valve is **never blocked or covered** during use. 3. For **Quick Release**, press the quick release button down until it clicks and locks into the Vent position. Steam will eject through the top of the valve—this is normal. 4. Wait until the float valve drops, indicating full depressurization, before opening the lid. Always confirm the steam release valve is properly installe."
392,"To set the anti-block shield on your multi-use pressure cooker and air fryer, place the shield over the prongs on the pressure cooking lid and press down until it snaps into position. Do not operate the pressure cooker without the anti-block shield installed, as it is essential for safety and prevents food particles from blocking the steam release pipe. <PIC> , [""Manual30_35""]"
393,"To set the silicone cap and float valve for your multi-use pressure cooker and air fryer: 1. **Install the float valve**: Drop the narrow end of the float valve into the float valve hole on the top of the pressure cooking lid. 2. Turn the lid over while holding the flat top of the float valve with one finger. 3. **Attach the silicone cap**: Firmly secure the silicone cap to the bottom side of the float valve. Do not operate the appliance without both parts properly installed. Never touch the float valve during use. <PIC><PIC> , [""Manual30_36"", ""Manual30_37""]"
394,"To install the condensation collector for the multi-use pressure cooker and air fryer, align the grooves on the condensation collector over the tabs located at the back of the cooker base, then slide it into place. <PIC> , [""Manual30_39""]"
395,"To install the sealing ring for the multi-use pressure cooker and air fryer, place the sealing ring over the sealing ring rack and press it firmly into place. Ensure it is snug behind the rack and does not pucker or fall out when the lid is turned over. <PIC> , [""Manual30_31""]"
396,"To remove the silicone sealing ring, grip the edge of the silicone and pull it out from behind the circular stainless-steel sealing ring rack. For easier removal, wet the ring with soapy water first. <PIC> , [""Manual30_30""]"
397,"The sealing ring in a Multi-use pressure cooker and air fryer is a silicone component that creates an air-tight seal between the pressure cooking lid and the inner pot, ensuring safe and effective pressure cooking. It must be properly installed before each use, and only one authorized sealing ring should be used at a time. Important care and safety guidelines: - Inspect the sealing ring before each use for cuts, deformation, or damage. - Replace the sealing ring every 12–18 months, or sooner if stretched or damaged. - Only use manufacturer-authorized replacement sealing rings to avoid safety risks. - The silicone material may absorb strong od."
398,"The steam release valve is a critical safety component of the multi-use pressure cooker and air fryer. It sits loosely on the steam release pipe and allows steam to eject from its top during pressure release. Never cover or block this valve. The quick release button controls the steam release valve—pressing it down releases pressure, causing steam to vent out. Do not turn the quick release button more than 45°; instead, use a flicking motion and let it spring back. Always check the steam release valve, steam release pipe, anti-block shield, and float valve for clogging before use."
399,"The quick release button controls the steam release valve, which determines whether pressure is released from the multi-use pressure cooker and air fryer. To use it, press the button down until it clicks and locks into the Vent position—this stops cooking quickly and is ideal for delicate foods like vegetables or seafood. When activated, steam will eject from the top of the steam release valve, which is normal. Do not turn the button more than 45°; instead, use a flicking motion and let it spring back. Always ensure the float valve has dropped before opening the lid, indicating full depressurization. Never block or cover the steam release val."
400,"Natural Release (NR or NPR) is a venting method used after pressure cooking with the Multi-use pressure cooker and air fryer. During Natural Release, cooking stops gradually, and the appliance depressurizes on its own as the internal temperature cools down over time. You must wait until all pressure is fully released—indicated by the float valve dropping flush with the lid—before attempting to open the lid. Forcing the lid open while pressurized can be hazardous."
401,"The robot vacuum's anatomy includes key components such as the CLEAN and DOCK buttons, SPOT button for localized cleaning, dust bin with sensor ports, front caster wheel, side brush, extractors with square and hexagonal pegs, and bottom-mounted sensors. It also features indicator lights to show status (e. g. , cleaning mode, battery level). For visual reference of buttons and indicators, see <PIC>. , [""Manual32_2""]"
402,"The two primary modes available on the vacuum cleaner are **Halo Mode** and **Virtual Wall Mode**. - **Halo Mode**: Creates a protective zone (approximately 24 inches in radius) around the device to prevent the vacuum from bumping into or entering specific areas, such as near a pet bowl or under a desk. - **Virtual Wall Mode**: Generates an invisible, cone-shaped barrier that can block openings up to 10 feet wide, restricting the vacuum from crossing into designated areas."
403,"To empty the vacuum cleaner's bin, follow these steps: 1. Press the bin release button to remove the bin. (See Figure 4) 2. Open the bin door to empty its contents. (See Figure 5) After emptying, it's recommended to clean the filter and ensure the bin is properly reinserted before resuming or starting a cleaning cycle."
404,"To clean the vacuum cleaner filter, follow these steps: 1. Remove the filter by grasping the yellow tab (see Figure 6). 2. Shake off debris by tapping the filter against your trash container (see Figure 7). Important: The filter door won't close unless the filter is reinserted. Always insert the filter with the yellow tab facing up. Note: After each use, empty the bin and clean the filter to maintain peak performance."
405,"To clean the full bin sensors on the vacuum cleaner, follow these steps: 1. Remove and empty the bin. (See Figure 8) 2. Wipe the sensors with a clean, dry cloth. (See Figure 9) Do not use water or cleaning solutions on the sensors."
406,"To clean the extractors (brushes or rollers) on the vacuum cleaner, follow these steps: 1. Pinch the yellow extractor frame release tabs, lift up the extractor frame, and remove any obstructions. 2. Remove the extractors and take off the yellow extractor caps. 3. Clear any hair or debris from underneath the caps and around the metal axles. 4. Also remove hair and debris from the square and hexagonal plastic pegs on the other side of the extractors. 5. Reinstall the extractor caps and then reinstall the extractors, matching the color and shape of the extractor pegs with the corresponding icons on the cleaning head module."
407,"To clean the sensors and charging contacts on the vacuum cleaner: 1. Wipe the sensor with a clean, dry cloth. Do not spray cleaning solution directly onto the sensors or sensor openings. <PIC> 2. Wipe the charging contacts on the robot and the Home Base with a clean, dry cloth. <PIC> , [""Manual32_17"", ""Manual32_18""]"
408,"Place the Home Base in an open, uncluttered area with at least 1. 5 feet of clearance on each side, at least 4 feet in front, and at least 4 feet away from stairs. Also, keep it at least 8 feet away from virtual wall barriers. Ensure the Home Base remains plugged in and is positioned in an area with consistent Wi-Fi coverage for proper communication with the app."
409,"To clean the front caster wheel of the vacuum cleaner: 1. Pull firmly on the front wheel to remove it. (See Figure 11) 2. Remove any debris from inside the wheel cavity. 3. Spin the wheel by hand. If rotation is restricted, remove the wheel from its housing and push firmly to remove the axle and clear any debris or hair wrapped around it. 4. Reinstall all parts when finished. Make sure the wheel clicks back into place."
410,To clean the side brush of the vacuum cleaner: 1. Use a coin or small screwdriver to remove the screw securing the side brush. (See Figure 12)
411,"The dual-mode virtual wall barrier has two functions: - **Halo Mode** (switch in the ""down"" position): Creates a protective zone with an invisible radius of approximately 24 inches around the device, preventing the vacuum from approaching or bumping into sensitive items like pet bowls or vases. - **Virtual Wall Mode** (switch in the ""up"" position): Acts as an invisible, cone-shaped barrier that blocks the vacuum from crossing openings up to 10 feet wide, helping to restrict it from entering unwanted areas. <PIC> , [""Manual32_5""]"
412,"If the vacuum indicates a problem, it will emit a two-tone distress sound followed by a spoken message, and the troubleshooting indicator will blink. To troubleshoot: 1. Reboot the vacuum by pressing and holding the CLEAN button for 10 seconds until all indicators illuminate, then release. A successful reboot is confirmed by an audible tone. 2. For more detailed support, refer to the app or online resources. Additional maintenance steps—such as emptying the bin, cleaning the filter, or cleaning the extractors—may also help if performance issues persist."
413,"To mount your camera on a drop ceiling T-rail, follow these steps: 1. Use the dashed lines on the mount plate template to set the proper spacing of the T-rail clips. 2. Tighten the set screws on the T-rail clips using a 5/64"" (2 mm) hex key. 3. Attach the mount plate to the T-rail clips using the mount plate holes marked with a ""G"". 4. Attach the T-rail clips to the T-rail by rotating and snapping them into place. Ensure the black foam pads are slightly compressed after installation. This hardware is compatible with most 9/16"", 15/16"", or 1-1/2"" T-rails."
414,"To power on the camera, turn the lens ring (power switch) clockwise. To power it off, turn the switch counterclockwise."
415,"To properly use the brake lever and brake button: - **To release the parking brake**: Squeeze the brake lever. - **To apply the parking brake**: Squeeze the brake lever, push down the parking brake button, then release the brake lever to lock it in place. Always apply the parking brake before starting the engine, and never operate the machine with the parking brake engaged, as this may overheat the brake disc and reduce braking ability."
416,"Before using a snowmobile, perform the following essential preparation checks: - Conduct all pre-operation checks as listed in the Owner's Manual (pages 8–1 to 8–3). - Ensure the throttle, brake, and steering operate properly. - Verify the drive select lever is in the correct position (Drive, Reverse, or Low) and only shift when the machine is at a full stop with the throttle fully released. - Confirm the parking brake is set before starting the engine (but never operate with it engaged). - Make sure the fuel tank cap is securely closed after refueling. - Inspect that the drive belt and drive guard are installed. - Wear appropriate protective."
417,"To start the engine of a snowmobile, follow these steps: 1. Ensure you are in a large, flat, obstacle-free area. 2. Check that the throttle, brake, and steering operate properly. 3. Set the parking brake. 4. Turn the main switch to the ""ON"" position. 5. If equipped with a recoil starter, pull it slowly until engaged, then briskly to start the engine. 6. If using an electric starter, push the start switch (green button) to start the engine. 7. After starting, place the choke (starter lever) in the ""Half-open"" position if applicable. 8. Warm up the engine until it runs smoothly and does not stall when the choke is returned to the ""Close"" positi."
418,"A V-Belt Holder is a designated storage location on the machine where a spare V-belt can be kept for emergency use. The holder secures the spare belt to prevent it from coming loose and potentially being damaged by contact with hot components like the muffler. To install or remove the spare V-belt, you must loosen or tighten the bolt on the holder as instructed."
419,To adjust the throttle cable on a snowmobile: 1. Ensure the engine idle speed is adjusted first. 2. Loosen the adjuster lock nut. 3. Turn the adjuster in or out until proper throttle lever free play is achieved. 4. Tighten the locknut securely.
420,"To properly use the steering system on a snowmobile, turn the handlebars in the direction you wish to travel. Steering effectiveness depends on throttle input—maintain throttle during turns (except at very low trolling speeds) to ensure directional control. Combine steering with proper body positioning: shift your weight onto the inside running board and lean your upper body into the turn. Practice turning techniques at slow speeds in a flat, obstacle-free area before attempting higher speeds or tighter curves. Avoid abrupt throttle, braking, or sharp steering, especially on icy or hard-packed snow, as these conditions reduce traction and inc."
421,"To turn a snowmobile correctly: 1. Slow down as you approach the curve. 2. Turn the handlebars in the desired direction. 3. Shift your weight onto the running board on the inside of the turn. 4. Lean your upper body into the turn. Practice this technique at slow speeds in a large, flat, obstacle-free area before attempting tighter or faster turns. Lean more for sharper turns or higher speeds. If the snowmobile begins to tip during a turn, lean further into the turn and, if needed, gradually release the throttle or steer slightly outward to regain balance. <PIC> , [""Manual34_116""]"
422,"To ride uphill safely on a snowmobile: 1. Practice first on gentle slopes before attempting steeper hills. 2. Accelerate before you reach the base of the hill, then reduce throttle to prevent track slippage. 3. Lean forward during the climb; on steeper inclines, stand on the running boards and lean over the handlebars to keep weight forward. 4. Slow down as you approach the crest and be prepared for obstacles or drop-offs on the other side. 5. If you cannot continue up the hill, do not spin the track—stop and reposition carefully. Avoid steep or sidehill terrain if you are a beginner."
423,"When riding downhill on a snowmobile, keep your speed to a minimum. Apply just enough throttle to keep the clutch engaged, which allows engine compression to help slow the machine and prevents it from rolling freely. Frequently apply the brake with light pressure. For beginners, steep slopes and side hills are not recommended. Always ensure you're familiar with your snowmobile's operation before attempting challenging terrain."
424,"When crossing a slope (side hill) on a snowmobile, follow these techniques: - Lean your body toward the uphill side to maintain balance. - Use a recommended riding position: kneel with your downhill knee on the seat and place your uphill foot on the running board. This helps you shift weight as needed. - If the snowmobile begins to slip sideways, steer in the direction of the slide (if no obstacles are present), then gradually steer back to your intended path once balance is regained. - If the machine starts to tip, steer downhill to recover balance. - If you cannot maintain balance and a tip-over is imminent, dismount immediately on the uphi."
425,"To inspect the spark plug on a snowmobile: 1. Park the machine on a level surface, disengage any power take-off (PTO) switch, and engage the parking brake. 2. Shut off the engine, remove the key, and wait for all moving parts to stop. 3. Allow the engine to cool down. 4. Clean the area around the base of the spark plug to prevent debris from entering the engine. 5. Locate and remove the spark plug(s) as shown in the manual (Figure 52). <PIC> 6. Inspect the color of the white porcelain insulator around the center electrode. A medium to light tan color indicates normal operation. A very white color may suggest an intake air leak or carburetion. , [""Manual23_78""]"
426,"The provided reference materials do not include specific steps for cleaning a snowmobile. However, one relevant note states: 'Be sure to clean the machine when you get to your destination to remove any corrosive salts,' especially after transporting in areas where road salt is used. For detailed cleaning instructions, consult your owner's manual."
427,"To memorize communication (TV) channels using MANUAL PROGRAM, follow these steps: 1. Press the ▲/▼ or NUMBER buttons on the remote to select the desired channel number. 2. Press the MEMORY/ERASE button to choose 'Memory' (to save) or 'Erase' (to delete). Alternatively, using the MENU: 1. Press MENU, then use ▲/▼ to navigate to the setup menu. Select 'Manual' > 'Channel'. 3. Choose the channel number you want to memorize. 4. Select 'Memory' to store it. The on-screen display will confirm the action. For visual guidance, refer to the manual diagrams. <PIC> , [""Manual35_7""]"
428,"Common causes and conditions that can lead to poor television or radio signal reception include: - **Weak signal strength**, especially in fringe reception areas, which may result in a snowy picture. - **Signal reflection** from tall buildings, hills, or other large objects, causing ""ghosting"" where the signal arrives via multiple paths. - **Electromagnetic interference** from sources such as automobile ignition systems, neon lamps, electric drills, or other electrical appliances, which can cause picture flutter, black spots, or horizontal streaking. - **Proximity or improper setup of electronic equipment**, which may generate harmful interfe."
429,"To enable and customize captions and on-screen text settings on your television, you can use either the CAPTION button or the MENU button: **Method 1: Using the CAPTION button** 1. Press the CAPTION button on the remote control. 2. Press the CAPTION button repeatedly to select from OFF, Mode1, Mode2, Text1, or Text2. 3. Press the ENTER (○) button to confirm and exit. **Method 2: Using the MENU button** 1. Press the MENU button, then use the ◀/▶ buttons to select the Special menu. Press the ▶ button, then use the ▲/▼ buttons to select Caption. Press the ▶ button again, then use ▲/▼ to choose Off, Mode1, Mode2, Text1, or Text2. 4. Press the MEN."
430,"To properly connect and set up an outdoor antenna for optimal signal reception: 1. **Inspect the antenna and cables** – Ensure they are not severely weathered, as this can reduce signal quality. 2. **Choose the correct connection type**: - For a **300 ohm flat wire**: - Connect it to the screws on a 300 ohm to 75 ohm adapter. - Insert the adapter into the TV's 75 ohm antenna jack. - For a **75 ohm coaxial cable**: - Connect it directly to the 75 ohm antenna jack on the TV. 3. **Optimize placement and orientation** – Reposition or reorient the antenna to minimize interference (e. g. , from buildings or hills) and improve signal strength. 4. **."
431,"To properly connect a DVD player to a television for optimal performance: 1. Connect the DVD player's audio/video output jacks to the TV's IN 1 (A/V) jacks on the side or back. Ensure both audio (L/R) and video cables are connected—audio-only connection will result in no sound. 2. If using component video (for 480i resolution), connect the DVD player's Y, PB, PR outputs to the corresponding component input ports on the TV, and connect audio outputs to the TV's audio (L/R) input. 3. Turn on both the TV and DVD player. 4. Press the TV/VIDEO button on the remote or front panel to select the correct input source (e. g. , VIDEO1 for IN 1, VIDEO2 f."
432,"When troubleshooting technical issues or malfunctions, key factors to check include: - Power source (e. g. , battery charge level, proper installation, correct charger/battery type) - Proper connection and setup of components (e. , cables, antennas, external devices) - Correct operation of controls and settings (e. , timers, input sources, volume/picture/sound settings) - Physical condition of parts (e. , worn drive belts, damaged bearings, stuck clutches) - Warning indicators or error messages (e. , 'Check Engine', 'Low Oil Pressure') - Environmental factors (e. , exposure to dust, moisture, extreme temperatures) - Use of manufacturer-specif."
433,"When using electrical appliances, always follow these basic safety precautions: • Read all instructions carefully before use and keep them for future reference. • Do not use the appliance outdoors or in extreme temperature conditions. • Ensure the power cord does not hang over edges or come into contact with hot surfaces. • Use the appliance only for its intended purpose. • Do not allow children to operate or play near the appliance. • Avoid operating the appliance if you are tired, unwell, or under the influence of alcohol or drugs. • Never adjust controls not described in the operating instructions, as this may cause damage or unsafe operat."
434,"Your electric toothbrush offers three intensity settings: High (three lights), Medium (two lights), and Low (one light). To adjust the intensity, press the intensity indicator lights on the handle to cycle through the options. This can be done before, during, or after brushing. You can also customize the intensity setting via the companion app. Note that Adaptive Intensity is enabled by default—it automatically reduces intensity by one level if excessive pressure is detected—and resets to your pre-selected setting at the start of each new brushing cycle."
435,"To activate or deactivate features on your electric toothbrush, follow these steps: **From the app:** - You can control **Adaptive Intensity** and **Scrubbing Feedback** via the app. Refer to 'App - Getting Started' for connection instructions. **From the handle:** 1. Place the handle on the charging stand. 2. Press and hold the power button for a specified duration (see user manual for exact timing). Features you can manage include: - **Adaptive Intensity** (deactivates automatically if Pressure Sensor is off) - **Pressure Sensor Feedback** (on by default) - **Scrubbing Feedback** (off by default) - **Brush head replacement reminder** (on by."
436,"To charge your electric toothbrush inside the travel case: 1. Plug the USB cord into the travel case and into the USB wall adapter. 2. Plug the wall adapter into an electrical outlet. 3. Place the toothbrush into the travel case. - When charging starts successfully, the toothbrush will beep twice and the lights will illuminate in an upward motion. - The battery indicator will blink white while charging. 4. Leave the travel case plugged in until fully charged. The battery light will turn off (stop blinking) when charging is complete. To ensure proper charging: - Make sure the travel case is placed on its side for stability. - Confirm the tooth."
