id,ret
1,您好，关于您的问题：1. 7天无理由退换货：我们支持7天无理由退换货服务（需商品保持完好、未拆封/未激活、配件齐全、包装完整）；2. 运费承担：官网订单的退换货，我们承担往返运费；若为授权经销商处购买，仅承担换货时寄回给您的单程运费，退货运费需您先行垫付，确认符合退换条件后可报销合理运费。如有其他疑问，欢迎随时联系我们！
2,您好，感谢您的咨询！关于售后维修服务范围及人为损坏相关问题，说明如下： 1. **售后维修服务范围**：我们提供覆盖全国的授权售后服务中心网络，支持保修期内非人为原因导致的故障免费维修（需提供有效购买凭证及产品型号、服务编号等信息）；保修期外或非保修范围内的故障，也支持有偿维修服务。 2. **人为损坏是否可维修**：可以维修。但需注意：因疏忽、滥用、误用、不当安装、非授权改装或非授权人员维修等造成的人为损坏，不属于保修范围，将按实际检测结果收取相应维修费用。 3. **维修费用计算方式**： • 先由授权服务中心进行免费故障检测（部分网点可能收取基础检测费，若最终确认属保修范围则退还）； • 检测后出具详细维修报价单，包含配件费、人工费及可能产生的上门服务费（如适用）； • 所有维修均使用原厂配件，费用透明，您确认后方可施工； • 若维修成本过高，我们也可为您提供以旧换新或折扣购新等替代方案。 温馨提示：为保障安全与性能，请勿自行拆机或交由非授权方维修。如需协助，您可提供产品型号及故障现象，我们将为您快速匹配最近的授权服务中心并预约上门或寄修服务。
3,您好，关于您的问题：1. 发票开具：我们支持为所有订单开具正规电子发票，发票类型为增值税普通发票（可报销），下单时请在支付页面填写开票信息（包括发票抬头、税号等）；如订单已完成，也可联系客服为您补开。2. 发票接收时效：电子发票通常在订单完成（签收后）的1-3个工作日内，发送至您下单时预留的邮箱，请注意查收垃圾邮件文件夹。如有其他需求，欢迎随时联系我们！
4,您好，关于您反馈的包装破损问题： 1. 包装破损本身不影响商品退换货权益，但请您先检查商品本体是否完好、配件是否齐全、功能是否正常。如商品存在外观损伤、缺件、无法开机或功能异常等情况，请及时拍照留存（含外包装、破损部位、商品本体及序列号等）。 2. 根据我司售后政策，若确认为运输途中导致的包装破损及商品损坏，属于承运方责任，我们支持为您办理免费换货；如商品完好无损，仅包装破损，不影响使用，通常仍可正常签收并保留退换货权利（需在购买后30天内申请）。 3. 为保障您的权益，建议您：①签收前开箱验货；②若发现破损，请当场联系快递员出具破损证明，或拍摄完整视频/照片作为凭证；③随后通过售后支持网站提交申请，我们将为您优先处理。 如有其他疑问，欢迎随时联系我们，感谢您的理解与支持！
6,您好，关于您的退款政策咨询： 1. 退款政策：官网支持购买30天内的全额退款或换货（需获得授权RMA编号），超过30天不予退货；部分国家/地区（如英国）依据当地法律可能享有更长的法定退换权益（例如英国购买30天内故障可立即退款，6个月内无法维修可申请全额退款）。 2. 退款时效：审核通过并收到退回商品后，通常3–7个工作日完成退款处理（具体取决于银行及支付渠道处理速度）。 3. 信用卡退款：是的，退款将原路返回至您下单时使用的信用卡账户，不收取手续费，且无需额外操作。 如有其他疑问，欢迎随时联系我们。
7,您好，非常抱歉给您带来不便！关于您反馈的“收到商品与图片颜色偏差很大”的问题，我们高度重视。根据消费者权益保护相关规定，商品实物应与宣传页面展示一致；若存在明显色差且影响正常使用，属于商品描述不符情形。请您提供以下信息以便我们快速为您处理：1. 订单号；2. 商品实际照片（含外包装及实物）；3. 页面截图（标注颜色描述或宣传图）。我们将优先核实是否为拍摄光线、屏幕显示差异所致，或确属发货错误/批次色差问题。如确认责任在我方，支持7天无理由退换货（运费由我们承担），并可为您安排补发或全额退款。感谢您的理解与监督！
8,您好，非常抱歉给您带来了不愉快的购物体验。关于您提出的“虚假宣传、功能与实际不符”的投诉，我们高度重视。根据《消费者权益保护法》及我司全球保修政策，若您发现产品实际功能与官方宣传存在明显差异，您有权要求核查、退换或赔偿。请您提供以下信息以便我们快速处理：1. 订单号及购买凭证；2. 具体哪项宣传功能未实现（如官网页面截图、宣传视频链接等）；3. 实际使用中遇到的问题描述（建议附操作过程说明）。我们将立即转交品控与法务团队核查，并在48小时内向您反馈初步调查结果。如确属我方责任，我们将按法规及保修条款为您提供退货退款、换货或补偿方案。感谢您的监督与信任，您的反馈是我们持续改进的重要动力。
9,您好，非常抱歉给您带来了不便！关于您反馈的“商品少发且补发已超一周未收到”的问题，我们高度重视。通常情况下，补发订单会在客服确认后的3-5个工作日内发出，并提供物流单号供您跟踪。若您尚未收到补发物流信息，可能是系统延迟或物流更新滞后。请您提供订单号及收件人信息，我们将立即为您核查补发进度，并优先加急处理。如确属我方疏漏，我们还将为您额外赠送小礼品以表歉意。感谢您的理解与支持！
10,您好，非常抱歉给您带来了不愉快的维修体验。我们高度重视您的反馈，也理解等待时间过长确实令人焦虑。根据我们的售后政策，常规维修周期通常为5-7个工作日（含检测、备件调度及维修），如遇特殊配件缺货或技术复杂情况，我们会主动与您沟通预计完成时间。若您尚未收到进度更新，烦请提供您的服务编号（铭牌或保修卡上Service字样后的编号）和联系方式，我们将立即为您加急核查维修状态，并同步后续处理方案。感谢您的理解与支持，我们将持续优化服务时效。
11,您好，非常抱歉您收到的商品临近保质期，这确实影响了您的使用体验。根据消费者权益保护相关规定，商品在销售时应具有合理的剩余保质期，尤其对于有明确有效期的产品（如相纸、食品、化妆品等），我们通常要求发货时剩余保质期不少于总保质期的1/3或至少6个月（以较短者为准）。您反馈的情况属于售后客诉范畴，我们高度重视。请您提供订单号及商品照片（含外包装保质期信息），我们将为您优先核实处理：可为您安排补发全新批次商品，或按您的意愿办理退货退款。再次向您致歉，感谢您的理解与支持！
12,您好，非常抱歉听到您在收货过程中遇到了不愉快的体验。快递服务由第三方物流承运，但我们高度重视每一位顾客的感受。请您提供订单号、快递单号及具体发生时间、地点等信息，我们将立即联系物流方核实情况，并为您跟进处理。如确认存在服务问题，我们将依据公司服务规范对相关方进行督导，并为您提供必要的补偿或关怀。感谢您的反馈，这帮助我们持续提升服务质量。
13,您好，非常抱歉给您带来了不愉快的购物体验！我们高度重视您的反馈。关于您反映的商品使用一次即损坏的问题，属于产品质量及售后保障范畴，我们已为您优先处理： 1. 【快速响应】请您提供订单号、产品型号（可查看机身铭牌或包装盒）及故障现象描述（如无法开机、异响、冒烟等），我们将立即为您登记加急报修； 2. 【售后支持】根据全球保修政策，若确认为制造质量问题，我们将为您提供免费维修或更换服务（需提供有效购买凭证）； 3. 【服务承诺】我们的客服团队工作时间为每日8:00-22:00，若您此前未及时得到回复，可能是系统消息延迟，我们已同步升级响应机制； 4. 【补偿关怀】为表歉意，您完成售后登记后，我们将为您申请一张50元无门槛售后关怀券。 请您放心，我们绝不会推诿责任。现在即可通过售后支持网站提交申请，或直接回复本消息提供订单信息，我们将专人对接、全程跟进。再次向您致以诚挚歉意！
14,您好，非常抱歉您收到的商品存在拆封及污渍问题，这确实不符合全新商品的交付标准。我们高度重视您的购物体验，现为您提供如下处理方案： 1. 请您尽快通过售后支持网站提交投诉申请，或联系在线客服，我们将为您优先核实订单与物流信息； 2. 为加快处理，请您拍摄商品外包装、封条状态、内部污渍部位及完整产品照片，并附上购买凭证（如订单截图或发票）； 3. 经核实确属我方发货问题（非人为使用痕迹），我们将为您安排免费换货（全新未拆封商品）或按您意愿办理全额退款； 4. 若涉及运费，您先行垫付的合理寄回费用，我们将在换货/退款完成后一并报销。 再次向您致以诚挚歉意，感谢您的监督与反馈，我们将持续优化品控与包装流程。
15,您好，非常抱歉您收到的商品疑似存在正品问题，我们高度重视您的反馈。请您先保留好商品、外包装及购买凭证（如订单截图、发票等），并尽快通过售后支持网站提交投诉申请，或联系在线客服提供以下信息以便我们紧急核查：1）订单号；2）商品照片（含外包装、标签、防伪标识等）；3）您所使用的验证方式及结果截图。我们将立即启动真伪复核流程，如确认为非正品，将为您全额退款并承担退货运费，同时严肃追查责任环节。感谢您的监督与信任，我们始终坚持以正品保障消费者权益。
16,您好，感谢您的反馈。商品存在轻微划痕但不影响使用，是否可换货需结合具体情况判断： 1. 若划痕属于运输途中造成的外观损伤（非人为或使用导致），且您在收货后及时拍照留存证据，我们支持为您安排换货服务； 2. 根据官网退货/换货政策（参考文档4），购买30天内提交申请并获得RMA授权编号后，可享受换货服务； 3. 换货需提供有效购买凭证（如订单截图或发票），且商品需保持原始包装、配件齐全、无使用痕迹（划痕若被判定为正常运输损耗，通常符合换货条件）； 4. 我们将承担换货的往返运费（官网订单适用，参考文档7）。 请您尽快通过售后支持网站提交换货申请，并上传划痕照片及订单信息，我们将优先审核处理。如有其他疑问，欢迎随时联系。
17,您好，关于您的换货问题：1. 包装盒丢失不影响换货申请，只要商品本身完好、配件齐全、功能正常，且在保修期及换货政策有效期内（官网购买30天内可换货），我们仍可为您办理换货；2. 不需要您额外支付包装费，官网订单的换货服务由我们承担往返运费及必要包装材料。请您通过售后支持网站提交换货申请，客服将为您生成RMA编号并提供详细寄回指引。如有其他疑问，欢迎随时联系我们！
18,您好，虽然已超过7天无理由退换货期限，但若您购买的商品存在质量问题（如功能故障、与描述严重不符、无法正常使用等），仍可依据国家《消费者权益保护法》及产品保修政策申请售后处理。根据参考信息： • 若商品在保修期内（通常为1-2年，具体以产品类别和购买地区为准），您可凭有效购买凭证申请免费维修或更换； • 若商品存在性能故障且经检测确认为制造缺陷，即使超过7天，仍享有法定三包权利； • 在英国等部分区域，购买6个月内若商品无法维修或更换，多数情况下仍可主张全额退款； • 中国《消费者权益保护法》第二十四条规定：经营者提供的商品或服务不符合质量要求的，消费者可要求退货，没有“7天”限制，前提是能证明商品本身存在质量问题。 请您提供订单号及具体问题描述（如故障现象、是否影响使用等），我们将为您优先核实保修状态并协助提交RMA申请或安排质检。感谢您的理解与支持！
19,您好，关于您的问题：1. 纸质版说明书：我们默认随商品附赠纸质版说明书，如您收到的商品中未包含，请及时联系客服，我们将为您补寄；2. 电子版说明书：您可登录我们的官方售后支持网站（support.example.com），在‘下载中心’输入产品型号或扫描机身二维码即可获取高清PDF版说明书；部分产品电子版也同步推送至订单绑定的邮箱。如需进一步协助，欢迎随时告知您的订单号，我们将为您快速调取对应资料。
20,您好，关于您的问题：1. 配送范围：目前我们的官方渠道仅支持中国大陆地区配送，暂不支持寄送至国外。2. 运费：国内订单满99元包邮，未满则收取8-15元基础运费（具体根据商品重量与目的地计算）。3. 时效：一般2-5个工作日送达，偏远地区可能延长至7个工作日。如您有海外收货需求，建议通过授权海外经销商或第三方跨境服务平台选购。感谢您的理解与支持！
21,您好，关于开发票的问题： 1. 开具公司抬头发票时，请在下单时或订单确认前，在“发票信息”栏准确填写公司全称、纳税人识别号（税号）、地址、电话、开户行及账号等完整信息；若订单已支付，您可进入【我的订单】-【申请开票】中补充或修改（部分订单支持开票前修改）。 2. 若发票抬头填写错误，只要发票尚未开具或尚未寄出，我们可为您作废原申请并重新开具；若发票已开出且已寄送，需您将原发票（未报销联）退回后，我们方可为您重新开具。建议您及时联系在线客服或拨打售后热线，我们将协助您快速处理。 温馨提示：为保障报销合规，请务必确保公司税号等信息准确无误。如有其他需求，欢迎随时咨询！
22,您好，感谢您的反馈。关于您已使用过的商品存在瑕疵的情况：根据通用售后政策，若商品存在制造质量问题（非人为损坏、非正常磨损），即使已使用，仍在保修期内仍可申请售后服务。具体处理方式（换货或维修）将由售后技术人员根据检测结果判定——若瑕疵影响正常使用且无法通过维修恢复，通常优先安排换货；若属可修复的局部问题，则提供免费维修服务。请您保留好购买凭证，并通过售后支持网站提交服务申请，或联系客服提供订单号及问题描述，我们将为您生成RMA编号并指导后续操作。温馨提示：为保障您的权益，请避免自行拆解或改装产品，以免影响保修效力。
23,您好，订单已付款但尚未发货的，您可以申请取消订单并享受全额退款；若订单已发货，需待您拒收包裹或我们收到退回商品后，核实无误即可原路退还全部款项。根据官网退货政策，购买30天内符合条件的订单支持全额退款，退款将按原支付方式返还。如有其他疑问，欢迎随时联系我们。
24,您好，关于您的问题：1. 我们的产品通常随附《保修手册》或《售后服务指南》，其中包含保修条款、服务流程等关键信息，部分产品可能配有实体售后保障卡（如洗碗机、烤箱等），但核心保障依据是官方保修政策及购买凭证；2. 即使售后保障卡遗失，您仍可正常享受售后服务——只要能提供有效购买凭证（如发票、电子订单截图等），并确认产品在保修期内，即可申请维修、更换等服务。根据全球保修政策，购买凭证是享受保修服务的必要条件，而非保障卡本身。如有需要，您可通过售后支持网站提交申请，或联系客服协助补办相关服务资料。
25,您好，目前我们暂未在官方售后政策中提供以旧换新服务。您可享受的是官网30天内支持无理由换货（需获得RMA编号）、以及符合保修条件下的维修或更换服务。如您有旧机处置需求，建议关注我们后续可能推出的专项活动，或联系当地授权经销商咨询是否有区域性的以旧换新合作方案。感谢您的理解与支持！
26,您好，我们的智能客服主要可解答以下几类问题： 1. 产品使用与操作类：如开机/关机、功能设置（闹钟、计时器、自动模式等）、配件安装（滤网、脚轮、人体工学椅组装等）； 2. 常见故障排查类：如车辆无法行驶、电池无法充电、充电指示灯异常闪烁、净化器异响、手表无响应等，并提供对应原因分析与简易处理建议； 3. 养护与安全提示类：如电池保养周期、清洁方法、存放要求、热保护机制说明等。 若遇到以下情况，智能客服可能无法直接解决，您可放心选择： ✅ 转接人工客服——点击对话框内的【联系人工】按钮，我们将为您安排专属客服专员； ✅ 提交服务申请——如需报修、换货、退换货、开具发票、物流查询或投诉反馈，智能客服可引导您快速提交表单，后台将在1小时内响应； ✅ 获取专业支持——涉及电路损坏、电机故障、进水腐蚀、电池老化更换等需检测或上门服务的问题，我们将为您预约授权服务中心并同步进度。 感谢您的理解与支持，我们始终在这里为您提供及时、专业的帮助！
33,您好，本店支持7天无理由退货服务。具体条件如下：1. 商品需保持完好无损，未经使用、未拆封或已使用但不影响二次销售（如功能键盘类商品需保留原包装、配件、说明书及标签完整）；2. 请确保提供有效购买凭证（如订单截图或电子发票）；3. 退货申请需在签收商品后7个自然日内通过售后系统提交；4. 退货运费由买家承担（若商品存在质量问题，我们将承担往返运费）。温馨提示：部分特殊品类（如定制类、贴身类、已激活的数码产品等）可能不适用无理由退货，具体以商品页面说明为准。如有其他疑问，欢迎随时咨询。
34,您好，非常抱歉给您带来不便！关于您收到商品后发现少发一件的情况，我们已为您优先处理： 1. 请您尽快提供订单号及少发商品的名称/型号，并拍摄开箱视频或照片（含外包装、快递单、全部内物），以便我们核实； 2. 经核实属实后，我们将**免费为您补寄缺失商品**，不收取任何运费； 3. 补寄通常在1-3个工作日内发出，预计2-5个工作日送达（具体时效视地区而定）。 如您已提交售后申请，请留意短信或站内信通知；若尚未操作，可随时通过【我的订单→申请售后→选择‘少件’】快速发起。感谢您的理解与支持！
35,您好，关于换货问题：如您在官网购买的产品，自签收之日起30天内，可申请换货（需产品未使用、包装及配件完好、附带原始发票），我们承担往返运费；超过30天则不支持换货。若为授权经销商处购买，请联系对应经销商处理，换货政策以该渠道为准（通常需提供购买凭证，且可能仅承担寄回给您的单程运费）。温馨提示：换货仅限同品类产品，具体款式是否可换需视库存情况而定，建议您尽快通过售后支持网站提交换货申请，或联系客服为您核实可选款式及操作流程。
36,您好，商品的生产日期通常标注在产品本体的铭牌或标签上，常见位置包括机身侧面、底部或背部；部分产品也会将生产信息集成在序列号中（例如序列号前几位可能代表年份和月份）。由于不同品类标注方式不同，建议您查看随附说明书中的‘产品标识’章节，或直接提供商品型号及照片，我可进一步帮您定位。如需协助识别铭牌信息，也欢迎随时联系。
37,您好，关于上门安装服务：部分大家电（如洗碗机、烤箱、空调等）支持上门安装服务，但需联系品牌授权售后服务中心进行预约。安装前请确保电源、自来水（如适用）、排水系统等已准备就绪；安装位置的改造（如开孔、电路/水路铺设）及基础条件准备由用户自行负责，授权人员仅负责设备本体的专业安装与连接。为保障安全与保修权益，切勿由非授权人员安装。您可提供具体商品型号，我将为您进一步确认是否支持及如何预约安装服务。
38,您好，目前我们暂不提供试用装服务。所有商品均以正式销售形式发售，若您对产品有疑虑，可放心选购——我们支持7天无理由退换（部分商品适用），且官网订单享免费退换货服务。如您已下单，也可在签收后通过售后支持网站提交申请。感谢您的理解与支持！
39,您好，感谢您的咨询。关于您购买的商品在使用一段时间后出现质量问题，是否可以售后，需结合以下几点判断： 1. **是否在保修期内**：根据全球保修政策（参考文档1、4），不同地区保修期不同——北美为60天，欧洲及澳新为2年，其他地区一般为1年；若商品仍在对应保修期内，且故障属于制造缺陷（非人为损坏、未按说明书操作、正常磨损等除外情形），则可申请保修服务。 2. **需提供有效凭证**：申请售后时，必须提供原始购买凭证（如发票或收据），且通常需通过官方售后支持网站提交申请，经技术判定后获取RMA编号方可寄回维修或更换（参考文档3、4、7）。 3. **法定权利补充保障**：即使超出保修期，依据《消费者权益法》等法定条款（如英国规定购买6个月内故障可主张全额退款；欧盟消费者享有不可放弃的法定权利），您仍可能享有部分退款、维修或更换等救济权利（参考文档2、3、7）。 4. **温馨提示**：建议您先检查是否因安装不当、保养缺失或误用导致问题（如吹风机冷却系统堵塞、空气滤清器脏污等常见原因，参考文档9）；若属简单维护即可解决，可自行处理或联系客服获取指导。 请您提供商品类别、购买时间、所在地区及具体故障现象，我们将为您进一步核实适用政策并协助发起售后流程。
40,您好，关于您的换货需求：1. 商品支持更换为更大尺寸（如表带、耳塞、相纸等配件类商品，通常提供多尺寸选择）；2. 尺寸差价将按多退少补原则处理——若新尺寸商品价格更高，需补足差价；若更低，将原路退还差额。请您提供订单号及希望更换的具体商品名称与目标尺寸，我们将为您核实库存并协助办理换货。温馨提示：换货需在订单签收后30天内申请，商品须保持未使用、包装完好、配件齐全。
41,您好，关于快递丢失的问题，我们非常重视。请您先联系下单时使用的物流承运方（如顺丰、中通、京东物流等）查询包裹最新状态，并保留好订单号、物流单号及截图凭证。如确认包裹丢失，我们将为您优先处理：1. 核实订单与物流信息后，为您补发全新商品或安排退款（按原支付方式返还）；2. 赔偿标准依据《消费者权益保护法》及平台服务协议，通常为商品实际金额+合理运费；3. 一般在您提供完整凭证后的1-3个工作日内完成审核，补发/退款将在审核通过后24小时内操作。如需协助联系快递公司或提交理赔材料，我们的客服可全程跟进。感谢您的理解与支持！
42,您好，关于您已使用过的商品申请退款的问题：根据官网退货政策（参考文档2），官网仅支持购买30天内、未使用且保持原始包装及配件齐全的商品办理全额退款；若商品已使用，原则上不支持无理由退货。但若您遇到商品存在质量问题（如功能故障、与描述严重不符等），仍可依据《消费者权益法》及产品保修政策申请售后处理，我们可为您安排检测、维修或换货；如确认为产品质量问题，也可协商部分退款方案。建议您通过售后支持网站提交申请，并提供购买凭证及问题说明，我们将尽快为您核实处理。
43,您好，关于快递送达时您不在家的情况，我们提供以下几种便捷处理方式：1. 快递员通常会尝试二次派送，或在包裹上留下取件通知单，您可凭单据前往附近快递网点自提；2. 多数快递支持“预约配送”或“改址派送”，您可直接联系快递公司（如顺丰、中通、京东物流等）客服，提供运单号并协商新的收货时间或地址；3. 若快递已放入智能快递柜或代收点，您将收到取件码短信，按提示操作即可领取。如因无人签收导致包裹被退回，请及时联系我们的客服，我们将为您核实物流状态并协助重新安排发货。感谢您的理解与支持！
44,您好，优惠券的使用范围取决于具体活动规则，通常部分优惠券仅适用于指定品类（如功能键盘、烤箱等）、特定型号或满减门槛商品，不适用于已参与其他折扣、特价或清仓的商品。建议您在提交订单前，在结算页面查看优惠券是否可叠加使用及适用商品范围；如有疑问，也可提供优惠券编号，我们将为您进一步核实。
45,您好，感谢您的咨询。目前我司产品不提供终身维修服务，但根据不同品类享有明确的有限保修政策。例如： - 发电机（EF/EDL系列）提供2年材料与工艺缺陷保修（民用非商业用途）； - 蒸汽清洁机提供自购买之日起1年免费维修或更换服务； - 电钻类产品享有3年有限保修，并额外提供1–3年不等的免费服务（含磨损件更换、电池组专项服务等）； - 功能键盘等电子产品适用全球有限保修，期限依具体型号而定，通常为1–2年。 所有保修均以原始购买凭证为依据，覆盖因材料或工艺缺陷导致的故障，但不包括人为损坏、滥用、改装或正常磨损。如需进一步确认您所购商品的具体保修条款，欢迎提供产品型号或订单号，我们将为您精准查询。
46,您好，非常理解您的困扰。针对您反映的情况，我们高度重视并为您说明如下： 1. **关于维修超期问题**：根据国家《部分商品修理更换退货责任规定》（俗称“三包”规定），修理时限一般不超过30日；如需送修至厂家或异地返修，应与消费者明确约定返修时限。您已维修15天尚未收到，我们建议您立即联系原售后客服，提供维修单号及RMA编号（如有），要求加急处理并书面确认预计返还时间。 2. **关于翻新机争议**：根据《消费者权益保护法》第二十四条及《侵害消费者权益行为处罚办法》，经营者不得销售掺杂、掺假、以假充真、以次充好、以不合格商品冒充合格商品，或销售国家明令淘汰并停止销售的商品。若您有证据（如外包装无塑封、序列号异常、铭牌信息与官网不符、检测报告等）证明所收商品为翻新机，该行为已涉嫌欺诈，您有权依法主张退货退款，并要求增加赔偿（赔偿金额为商品价款的三倍，不足500元按500元计算）。 3. **关于退货退款诉求**：您购买未满一个月且商品存在质量问题（非人为损坏），符合《消费者权益保护法》第二十四条及《家用电器商品修理更换退货责任规定》中“7日内可退货、15日内可换货”的法定条件；若经鉴定确属翻新机，则不受30日时限限制，您可随时主张全额退款并索赔。 请您尽快整理以下材料以便高效维权：① 购买凭证（发票/电子订单截图）；② 故障及翻新证据（开箱视频、产品序列号照片、对比图、检测记录等）；③ 维修受理单、物流单号及沟通记录。我们将为您优先升级至高级客诉专员全程跟进，同步协助向品牌方发函核查。如需，我们也可为您提供《投诉函模板》及12315平台一键申诉指引。 再次为给您带来的不便深表歉意，感谢您的信任与监督。
47,您好，感谢您反馈企业采购中的问题。针对您提出的多项需求，我们为您梳理如下处理流程： 1. 【质量问题换货】：20件存在质量问题的商品，可申请免费换货。请您登录订单页面提交售后申请，选择‘质量问题换货’，上传问题商品照片及视频（如明显缺陷、功能异常等），我们将优先审核并为您生成RMA换货单，安排快递上门取件（免运费）；新商品将在确认收货后1-3个工作日内发出。 2. 【少发商品补寄】：15件少发商品属于发货差错，无需退货，我们将在核实订单出库记录后，于24小时内为您安排补寄（包邮），预计2-5个工作日送达，请留意物流信息。 3. 【发票重开】：因抬头错误需重新开具专用发票，请您提供正确的开票信息（单位全称、税号、开户行及账号、地址电话），我们将在收到信息后1个工作日内作废原发票，并为您开具合规增值税专用发票，电子发票将发送至您预留邮箱，纸质发票随补寄包裹一并寄出。 温馨提示：为加快处理效率，建议您在售后系统中一并提交三项申请，并备注‘企业采购批量售后-订单号XXXXXX’。如有专员对接或合同约定特殊流程，也可告知，我们将协同商务团队加急处理。感谢您的理解与支持！
48,您好，非常抱歉您收到的食品类商品存在生产日期临近过期、包装破损及受潮等严重问题，这确实不符合食品安全与质量基本要求。针对您的诉求，我们郑重说明如下： 1. 【退货退款】：您可立即申请全额退货退款，我们承担全部退货运费，并在收到退回商品后1-3个工作日内原路返还货款； 2. 【赔偿支持】：根据《消费者权益保护法》第二十四条及《食品安全法》第一百四十八条，若商品因包装破损、储存不当导致受潮变质，属经营者责任，您有权主张价款十倍或损失三倍的赔偿（最低1000元），我们将主动为您办理； 3. 【健康保障】：如您已食用受潮商品并出现身体不适，请立即就医，并保留病历、检查报告及剩余商品/包装，我们将全程协助对接食药监部门，并启动先行赔付机制； 4. 【溯源与整改】：该批次商品将立即下架封存，同步向市场监管部门报备，后续将向您书面反馈调查结果及改进措施。 请您通过订单页面提交“质量问题+赔偿”申请，或直接联系在线客服提供订单号，我们将优先加急处理。再次为我们的疏失深表歉意，感谢您的监督与信任！
49,您好，感谢您的反馈。虽然您已签收商品，但包装破损且商品损坏仍可申请售后，关键在于及时举证并按流程处理： 1. 【立即取证】请尽快拍摄完整外包装（含破损处、快递单号）、内包装及商品损坏部位的清晰照片/视频； 2. 【联系客服】通过售后支持网站或客服渠道提交售后申请，注明‘签收时发现外包装严重破损、商品已损，疑似运输途中造成’，并上传上述证据； 3. 【责任判定】根据【参考文档 3】第三条明确说明：‘运输途中损坏（需向承运方提出索赔）’属于保修除外责任，但该条款不影响您向我司主张售后协助——我们将协同您向快递公司发起理赔，并在确认属物流责任后，为您免费换货或退款； 4. 【签收提示】签收时如发现外包装明显破损、变形、浸水等异常，建议当场拒收并拍照留证；若已签收，仍可在签收后24–48小时内联系客服启动异常签收申诉流程。 请您尽快提供订单号及损坏凭证，我们将优先加急处理。如有其他疑问，欢迎随时联系我们。
50,您好，非常抱歉给您带来了不愉快的安装体验。针对您反馈的问题，我们高度重视并为您说明如下： 1. 【免费安装服务】：根据国家三包规定及我司大家电服务政策，购买指定大家电产品（如空调、洗碗机、洗衣机等）均享受免费上门安装服务（含标准配件及基础安装），安装人员不得擅自收取额外配件费。若确需非标配件（如加长铜管、特殊支架等），须事先向您书面说明并征得同意后方可收费。 2. 【安装不规范致损】：安装过程中造成产品轻微损坏，属于服务责任问题。请您保留现场照片/视频，并立即联系我司官方客服（400-XXX-XXXX）或通过订单页面提交【安装投诉+损坏凭证】，我们将优先安排售后工程师48小时内上门复检，并依据《消费者权益保护法》及《部分商品修理更换退货责任规定》，为您提供免费修复、补偿或协商解决方案。 3. 【后续处理】：我们已同步将该安装人员信息纳入服务质量核查流程。为表歉意，本次安装服务费将全额退还，并为您赠送一次免费保养服务。感谢您的监督与支持，如有其他需求，欢迎随时联系我们。
51,您好，感谢您的反馈。关于您提出的问题，我们高度重视并为您说明如下： 1. **质保期内维修应免费**：根据国家《三包规定》及我司全球保修政策（参考文档7、文档6），在保修期内因产品本身材料或工艺缺陷导致的故障，维修及更换原厂配件均应免费，不得向消费者收取配件费或人工费。若维修方以‘需更换配件’为由收费，该行为不符合保修承诺，除非故障系由人为损坏、不当使用、自行拆修或不可抗力等除外责任造成（需提供明确证据）。 2. **维修超期问题**：您提到维修时间已超过承诺的7天。依据行业惯例及我司服务标准，常规保修维修周期一般为5–7个工作日（自收到故障产品且完成检测起算）。如因配件缺货、技术复杂等原因需延期，服务商应在3个工作日内主动告知您预计完成时间并取得您的确认。未及时沟通或无正当理由超期，您有权要求加急处理或申请换新服务（符合条件时）。 3. **您的维权建议**： • 请保留好原始购买凭证、维修单据、沟通记录（含维修人员告知收费的截图/录音）； • 立即联系我司官方客服（可通过官网售后支持网站提交工单，或拨打技术热线），提供RMA编号及详细情况，我们将优先核查该维修订单并协调处理； • 如确认属保修责任范围，我们将责令服务商免除配件费用，并对超期问题致歉补偿（如延长保修期或赠送服务券等）。 我们始终坚持以客户为中心，确保您的合法权益得到充分保障。如有其他疑问，欢迎随时联系我们。
52,您好，关于您反映的大型设备上门检修后需拉回仓库维修、维修周期不确定及运输损坏风险的问题，我们非常重视。现为您说明如下： 1. **维修方式说明**：根据行业规范及多数大型设备（如发电机、空调等）的售后政策，若故障涉及核心部件更换、精密调试或需专用检测设备，现场无法完成修复时，工程师有权依据技术判断将设备带回授权服务中心进行深度维修——这是保障维修质量与安全的常规流程。 2. **维修时效承诺**：我们要求授权服务商在接收设备后24小时内出具书面《维修预估单》，明确故障原因、所需配件、预计维修周期（通常为5-10个工作日，复杂故障不超过15个工作日）。如超期未完成，您可联系我司客服升级处理。 3. **运输安全保障**：设备返厂运输全程由我司合作物流承运，已投保全额运输险。工程师上门取机前会与您共同完成《设备状态确认单》（含外观、功能、附件拍照/视频留证），双方签字确认；返厂途中如有意外损坏，凭确认单及物流凭证，我司将承担全部责任并优先安排补救方案。 4. **您的权益保障**：若维修周期超过15个工作日，或设备经判定属重大故障且维修成本超原值50%，我们将主动为您提供换新或折价补偿方案（依据国家三包规定及我司延保政策）。 请您放心，后续我们将专人跟进该工单，今日内致电您同步维修进展。如需协助联系当地服务经理或申请加急通道，请随时告知。
53,您好，关于您的试用期相关问题，现为您说明如下： 1. 【试用期延长】：目前我司标准试用政策未明确支持因故障主动延长试用期限；但鉴于故障非人为造成，且发生在试用期内，我们可为您特殊申请一次试用期顺延（通常不超过7个自然日），请您通过售后支持网站提交试用异常反馈并附上故障视频/照片，客服将在1个工作日内审核处理。 2. 【故障商品更换】：根据全球保修政策（参考文档6），若经技术判定确属制造缺陷导致的非人为故障，我们将为您免费更换同型号全新或翻新产品（功能相近、价值相等或更高），您需提供有效购买凭证及RMA授权编号。寄回时请务必标注RMA编号，并妥善包装以防运输损坏。 3. 【运费说明】：试用期内确认为质量问题的更换，官网订单由我司承担往返运费；如为授权经销商渠道购买，我司承担换货寄送给您的单程运费，寄回运费需您先行垫付，后续凭物流凭证报销。 温馨提示：建议您尽快通过售后支持网站提交故障申报，以便加快处理进度。如有其他疑问，欢迎随时联系。
54,您好，关于您收到临期商品（距过期仅15天）且页面及包装均未标注的问题，根据《消费者权益保护法》第二十条及《食品安全法》第六十七条（如为食品类）或《产品质量法》相关规定，经营者有义务对临近保质期的商品进行显著提示；未事先告知导致消费者误购的，属于侵害消费者知情权与公平交易权的行为。您有权要求退货退款，商家应承担退货运费。关于赔偿，若因临期导致您实际遭受损失（如无法使用、健康影响等），可协商合理补偿；若无实际损失，法定赔偿通常以退还货款为原则。建议您保留商品实物、外包装、订单截图及沟通记录，通过平台售后渠道提交申诉，我们也将优先加急处理。如需进一步协助，可提供订单号，我们将为您跟进。
55,您好，非常抱歉给您带来了不愉快的购物体验。关于您反馈的商品颜色与详情页描述不符（深红色 vs 浅红色）以及存在轻微异味的问题，这属于商品质量问题或描述不符情形，符合我们的换货政策。请您放心，我们支持7天无理由换货（需商品保持完好、未使用、配件齐全、包装完整）。请您尽快通过订单页面【申请售后】→ 选择“换货”并上传实物照片（含颜色对比及异味说明），我们将优先审核并为您安排免费换货服务（官网订单承担往返运费）。同时，为保障您的权益，请保留好原始包装及购买凭证。如您在操作中遇到任何问题，可随时联系在线客服，我们将全程协助。再次向您致歉，感谢您的理解与支持！
57,您好，即使快递员已离开、未当场验货，您仍可申请售后。根据《消费者权益保护法》及我司售后政策，商品在签收后发现运输途中损坏，属于承运方责任，但您作为消费者有权向商家主张售后权益。请您尽快拍摄商品破损部位、外包装破损情况及快递单号等清晰照片，并通过售后支持网站提交售后申请，注明‘签收时发现运输损坏’。我们收到申请后将为您核实情况：若确认属物流导致的损坏，我们将为您安排免费换货或退款，并协助您向快递公司发起索赔。温馨提示：建议今后签收时尽量当面开箱验货，如有异常可当场拒收并联系客服。
58,您好，关于您反馈的商品功能与详情页描述不符（如不支持无线充电、续航时间明显缩短）的问题，根据《消费者权益保护法》及参考知识中提到的‘默示担保条款’，商品必须与宣传描述一致、具备宣称的功能且质量合格。若确实存在虚假宣传或性能严重缩水，您有权依法要求退货退款。我们建议您：1. 保留商品实物、订单截图、详情页宣传截图及实际测试视频/照片等证据；2. 通过售后支持网站提交退货申请，或联系客服开具退货授权（RMA）编号；3. 若为官网购买，30天内可享全额退款；若超期但能证明属商家责任（如功能缺失），仍可依据法定权利主张合理退赔。关于赔偿诉求，需依据实际损失及平台/商家政策协商处理，我们将全力协助核实并推进解决。
64,"使用吹风机时，操作人员必须佩戴以下合格的个人防护装备：1. 听力防护装备（因设备运行噪音可能造成听力损伤）；2. 眼部防护装备（防止高速气流夹带的杂物反弹伤眼）；3. 在多尘环境中作业时，需佩戴防尘面罩；4. 防滑鞋底的工作靴或工作鞋（确保稳固站立，防止滑倒）；5. 作业现场应配备急救箱。此外，请勿穿戴宽松衣物、围巾、项链，长发须束起，以防被旋转部件卷入。<PIC><PIC><PIC> , [""Manual04_0"", ""Manual04_1"", ""Manual04_2""]"
65,"操作吹风机时，人员需严格遵守以下安全要点： 1. **人身防护**：必须佩戴合格的听力防护装备、眼部防护装备；多尘环境下需佩戴防尘面罩；穿防滑鞋底的工作靴；长发须束起，禁止穿戴围巾、项链或宽松衣物，以防被旋转部件卷入。 2. **操作规范**： - 严禁将喷口对准人、动物、墙壁、车辆、围栏等固定物体，避免杂物飞溅伤人（尤其眼部）； - 操作时双脚稳固站立于地面，严禁站在梯子或支架上作业； - 启动与安装/拆卸配件（如吸尘管、集尘袋）前，必须关闭发动机并确保停机开关处于停机位置； - 检修盖未关闭、损坏或无法闭合时，严禁启动设备（吸尘管安装除外）； - 避免身体（尤其左手）直接接触高温排气口及滚烫的催化消音器（运行中、停机后及怠速状态下均异常高温，有烫伤和火灾风险）； - 禁止在通风不良空间操作，以防吸入废气；加油前必须停机； - 不得在易燃材料附近、室内或存在易燃气体环境中启动设备； - 严禁饮酒、服药后或疲劳状态下操作；未成年人禁止操作。 3. **环境与作业安全**： - 保持10米内无无关人员及动物； - 吹扫前先用耙子松动杂物，角落作业应从角落向中心吹扫； - 留意儿童、宠物、敞开窗户及刚清洗车辆； - 多尘环境可轻微喷洒水雾抑尘； - 使用全长喷管使气流贴近地面，提升安全性与效率； - 仅在合理时段（如周一至周六9:00–17:00）使用，避免扰民。 4. **设备状态确认**： - 操作前检查消音器、空气滤清器、进气口是否完好清洁； - 确保所有防护装置（如风扇罩、检修盖）齐全且功能正常； - 集尘袋必须完好、拉链闭合，破损袋严禁使用； - 定期按维护计划清洁滤清器、火花塞、冷却系统等关键部件 <PIC>。 , [""Blower_02""]"
66,"您好，吹风机配备二冲程发动机，其化油器出厂时已精密预设，仅在因气候、海拔、汽油或二冲程机油类型差异导致运行异常（如启动困难、怠速不稳、动力不足等）时才需调节。化油器设有三颗调节螺钉：<PIC> 1. L（低速油针）：调节怠速及低油门工况下的空燃比；<PIC> 2. H（高速油针）：调节全油门工况下的空燃比； 3. T（怠速调节螺钉）：调节发动机怠速转速。操作前请务必：• 预热发动机（怠速与半油门交替运转1–2分钟）；• 严禁拆除H/L油针限位装置（否则不符合环保法规）；• 调节H螺钉时，全油门持续时间不得超过10秒，之后须怠速运转至少10秒。详细步骤请参阅说明书第18页（化油器调节）及第13页（启动说明）。 , [""Manual04_35"", ""Manual04_36""]"
67,吹风机冷机启动步骤如下： 1. 将停机开关调至启动位置； 2. 将阻风门控制器调至阻风门位置（A），该位置同时为自动启动油门位置； 3. 反复按压泵油膜片，直至燃油充满膜片（无需完全充满）； 4. 左手将设备机身按压在地面（切勿用脚踩压），右手握紧启动手柄，缓慢拉动启动绳至感受到阻力（启动钩啮合），然后快速用力拉动； 5. 发动机点火后立即按下阻风门控制器，重复操作直至发动机稳定启动； 6. 发动机启动后迅速全开油门，启动油门自动解除。 注意：热机启动时无需使用阻风门，直接将阻风门推回原位即可。
68,"吹风机热机启动时，无需使用阻风门，请将阻风门旋钮推回原位（工作位置）<PIC>；然后将停机开关置于“开启”位置，缓慢拉动启动手柄至啮合点后快速拉动即可启动<PIC>。注意：热机状态下切勿拉出阻风门，否则可能导致混合气过浓、启动困难或火花塞积碳。<PIC> , [""Manual04_19"", ""Manual04_20"", ""Manual04_21""]"
69,"要关闭吹风机，请找到机身上的【停机开关（3）】，将其拨动至“关闭”位置，即可切断点火电源，使发动机停止运行。操作前请确保设备处于稳定状态，并已松开油门扳机。如需参考图示，停机开关位置可参见说明书相关页面 <PIC>。 , [""Blower_02""]"
70,您好，空调的重要组成部件通常包括：压缩机、冷凝器、蒸发器、膨胀阀（或毛细管）、四通换向阀（用于冷暖双用机型）、风扇（室内/室外风机）、空气滤网、温控传感器、电路控制系统（含主控板、电源模块）以及排水系统等。这些部件协同工作，实现制冷、制热、除湿和送风等功能。由于您提供的参考知识中未详细列出空调内部结构部件，以上为通用空调产品的标准组成，供您参考。如需了解本机型具体结构，建议查阅产品说明书‘部件介绍’章节或联系授权服务中心。
71,"空调遥控器的按键通常位于遥控器正面，常见功能键包括：开/关键、模式键（切换制冷/制热/送风等）、温度上升/下降键、风速键、定时开/关键、出风方向调节键（上下/左右）等。部分附加功能按键可能隐藏在遥控器盖板下方，需打开盖板查看 <PIC>。使用时请确保遥控器正对空调室内机信号接收器，并保持清洁以保障信号传输。 , [""drill0_04""]"
72,"给空调遥控器安装电池的步骤如下： 1. 取下遥控器背面的电池盖。<PIC> 2. 装入两节全新的7号电池，注意正负极方向需与电池仓内标识一致（+、-极对应）。 3. 重新盖好电池盖，确保卡扣到位。 温馨提示： ・请勿混用不同型号、品牌或新旧电池，以免漏液或损坏遥控器； ・若发现电池漏液，请立即停止使用，并用清水冲洗接触部位； ・建议每年更换一次电池，或在遥控器反应迟钝、指示灯变暗时及时更换。 , [""drill0_04""]"
73,"安装空调遥控器支架的步骤如下： 1. 选择一个安全、便于取用且无阳光直射的位置，以保护遥控器； 2. 使用螺丝刀将两颗螺丝拧紧，将支架牢固固定在选定位置 <PIC>； 3. 将遥控器沿导槽平稳滑入支架中，确保卡位稳固 <PIC>。 , [""Manual14_3"", ""Manual14_4""]"
74,"要快速调节室内温度，推荐使用空调的【极速制冷/制热模式】： 1. 按下开/关键开启电源； 2. 直接按下【极速键】<PIC>； - 极速制冷模式下，空调将以18℃强风出风30分钟，迅速降温； - 极速制热模式下，空调将以30℃强风出风30分钟，快速升温。 温馨提示：为提升效率，还可配合以下操作： ・短时间内可调高风扇转速（参考文档9）； ・确保门窗紧闭、拉上窗帘遮挡阳光（参考文档9）； ・避免出风口被遮挡，适当调节上下/左右导风板促进空气循环（参考文档9）。 , [""drill0_04""]"
75,"使用空调的自清洁运行功能方法如下： 1. 在空调处于制冷或除湿运行状态下，按下遥控器或面板上的“自清洁”键； 2. 显示屏上将显示自清洁标识，启动自清洁程序； 3. 自清洁完成后，即使关闭电源，风扇会继续运行约30分钟，对室内机内部进行干燥与清洁，有效去除水汽和积尘。 <PIC> , [""Manual01_17""]"
76,"使用空调的等离子净化功能操作非常简单：1. 无需开启制冷或制热，直接按下遥控器或面板上的【等离子键】即可启动；2. 启动后，显示屏将显示等离子标识，同时等离子灯与制冷灯会同时亮起 <PIC>；3. 该功能独立运行，可与其他模式（如送风、睡眠等）共存。注意：部分机型不支持此功能，且长期使用后建议定期清洁等离子滤网（详见清洁说明）。 , [""Manual03_1""]"
77,"单冷型空调开启自动运行模式的操作步骤如下： 1. 按下开/关键开启电源； 2. 反复按下模式键，选择自动运行模式； 3. 若当前温度高于或低于所需温度，可按下上升/下降键选择所需的运行代码。<PIC> , [""aircon0_01""]"
78,"使用空调的自动转换运行功能步骤如下： 1. 按下开/关键开启电源； 2. 反复按下模式键，选择自动转换运行模式，显示屏上会显示对应标识 <PIC>； 3. 按下上升/下降键设置所需温度，调节范围为18℃–30℃； 4. 反复按下风速键选择合适的风扇转速。 该模式可自动切换制冷/制热等运行状态，将室内温度波动控制在±2℃以内。 , [""drill0_04""]"
79,"开启空调节能制冷模式的操作步骤如下： 1 按下开 / 关键开启电源。 2 反复按下模式键，选择制冷模式（显示屏显示雪花图标）<PIC>。 3 按下节能键，显示屏上会显示节能标识 <PIC>。 , [""aircon0_02"", ""aircon0_04""]"
80,"无遥控器时，可通过室内机的开/关键操作空调：1. 打开前盖板，轻轻掀起盖板两侧即可 <PIC>；2. 按下开/关键启动空调，此时风扇转速默认为高速 <PIC>。注意：冷暖型机型将根据室内温度自动切换运行模式；单冷型机型温度默认设为22℃（71.6℉）<PIC>。此外，部分机型还支持直接按等离子键启用等离子净化功能（无需开机），运行时等离子灯和制冷灯会同时亮起（但该功能因机型而异）<PIC>。 , [""ac0_01"", ""ac0_02"", ""ac0_03"", ""ac0_04""]"
81,"空调的自动重启功能为出厂默认开启，无需额外设置。当发生停电后恢复供电时，空调会自动重启并恢复至断电前的运行模式、温度、风速等设定。如您发现该功能未生效，可检查是否曾手动关闭：按住遥控器或机身开/关键6秒钟，听到两声蜂鸣且指示灯闪烁6次，即表示已关闭；再次按住开/关键6秒（两声蜂鸣、蓝色指示灯闪烁4次）即可重新开启。<PIC> , [""aircon0_01""]"
82,根据产品说明书，空调的空气滤网建议每两周清洁一次，必要时可增加清洁频率。该清洁频率适用于本品牌主流家用空调型号；若使用环境灰尘较多、宠物毛发多、或处于高湿度/高污染区域，建议每周清洁一次。此外，等离子滤网（如配备）也适用相同清洁周期。室外机热交换器盘管需定期检查并清洁，以维持能效，具体频次视安装环境而定，一般建议每3-6个月专业清洁一次。自清洁功能可辅助去除内部水汽，但不能替代滤网人工清洁。
83,"清洁空调空气滤网的步骤如下： 1 关闭电源并拔下电源线。<PIC> 2 打开前盖板，轻轻掀起盖板两侧即可。<PIC> 3 握住空气滤网的把手，轻轻向上提起，将其从机身中取出。<PIC> 4 用吸尘器清理滤网，或用温水（不超过40℃）冲洗；若污垢较难清理，可在温水中加入少量中性洗涤剂清洗。<PIC> 5 将滤网置于阴凉通风处彻底晾干，切勿暴晒或使用热风吹干。<PIC> 6 滤网完全干燥后，按原位牢固安装回机身，并合上前盖板。 温馨提示：建议每两周清洁一次，灰尘较多环境可适当增加频次；切勿使用强腐蚀性清洁剂、溶剂或40℃以上热水，以免损坏滤网或机身。 , [""Manual03_18"", ""Manual03_19"", ""Manual03_20"", ""Manual03_21"", ""Manual03_22""]"
84,"清洁 3M 多重防护滤网的正确步骤如下： 1 关闭电源并拔下电源线； 2 打开前盖板，取出空气滤网（详见“清洁空气滤网”）； 3 抽出 3M 多重防护滤网 <PIC>； 4 用吸尘器清理滤网污垢，切勿用水清洗 3M 多重防护滤网，以免造成滤网损坏。 * 注意：功能会根据机型有所调整。 , [""Manual01_27""]"
85,"清洁等离子滤网的步骤如下： 1 关闭电源并拔下电源线。 2 打开前盖板，取出空气滤网（详见“清洁空气滤网”）。 3 在 10 秒内取下等离子滤网。<PIC> 4 用吸尘器清理滤网污垢；若污垢较难清理，可用温水（不超过40℃）冲洗。 5 将滤网置于阴凉处彻底晾干后再装回。 ⚠️ 注意：切勿使用40℃以上热水、挥发性物质或强力清洁剂，以免造成滤网变形、变色或损坏。 , [""Manual03_18""]"
86,"您好，蒸汽清洁机为免工具快速组装设计，以下是关键组装步骤： 1. 安装手柄杆：将手柄杆（部件4）垂直插入主机身（部件7）背部卡槽，用力下压直至听到“咔嗒”声锁定到位 <PIC>； 2. 固定拖头：将旋转拖头（部件18）对准主机身底部接口，按下主机身与拖头固定扣（部件15）完成安装； 3. 安装拖布：按下拖布释放扣（部件17），拉开挡板，将吸水纤维拖布（部件16）平整铺入并卡紧 <PIC>； 4. 加水准备：按下水箱解锁扣（部件10），取下水箱（部件9），使用配套量杯加注蒸馏水或去离子水至MAX线，再装回主机身 <PIC>； 5. 连接电源：展开电源线（部件19），插入120V接地插座，开机预热，待手持蒸汽器手柄处就绪指示灯亮起即可使用。 温馨提示：首次使用需数秒出汽，属正常现象。所有组装均无需额外工具。 , [""oven_01"", ""oven_02"", ""Manual39_34""]"
87,您好，蒸汽清洁机具备多项实用功能，助您高效清洁与深度消毒： ✅ **核心产品功能**： - 【干湿分离式水箱（部件9）】：支持蒸馏水/去离子水，内置水过滤器可拦截矿物质、防垢护机； - 【多模式蒸汽输出】：通过开关（部件2/11）一键启停蒸汽，就绪指示灯亮起即表示已加热完成，可安全使用； - 【360°旋转拖头（部件18）】：轻松清洁橱柜下方、墙角等狭小空间； - 【专业配件系统】：含喷射喷嘴（地板/边缘）、角形喷嘴（窗台/马桶内侧）、弧形喷嘴（硬质表面）、圆刷（瓷砖缝/灶台）、布艺清洁头+玻璃清洁组件（部件20，可除味、熨皱、清洁玻璃/窗帘），搭配延长管（部件21）实现远距离作业； - 【吸水纤维拖布（部件16）】：可重复机洗、高温杀菌，配合蒸汽吸附松动污垢； - 【智能温控保护】：内置过热自动停机机制，保障使用安全。 ✅ **快速上手四步法**： 1️⃣ **安装准备**：将手柄杆（部件4）插入主机身（部件7）至“咔嗒”锁定 ；安装拖布——按下拖布释放扣（部件17）→装入拖布（部件16）； 2️⃣ **加水启动**：使用量杯或取下水箱（部件9）加水（切勿加任何化学剂！）；插电后等待就绪指示灯亮起（首次使用略有数秒延迟）； 3️⃣ **选择模式**：根据清洁场景安装对应配件（如角形喷嘴用于缝隙、布艺头配延长管清洁窗帘），注意：安装配件前务必拔电并待机冷却； 4️⃣ **开始清洁**：缓慢匀速移动，按压开关出蒸汽；对重点区域消毒时，静置蒸汽头15–20秒即可高效灭菌。 温馨提示：首次使用建议在不显眼处测试；清洁前请先扫地/吸尘；勿用于未封边木地板、皮革、打蜡表面及易损材质。更多细节可参考说明书图示操作。
88,使用蒸汽清洁机清洁硬质地面（如瓷砖、Vinyl地板、复合地板、大理石、石材及封边木地板）的操作步骤如下： 1. **清洁前准备**： • 先扫地或吸尘，清除地面大颗粒灰尘和杂物； • 检查地板是否为适用材质（不可用于未封边木地板、打蜡地板等，首次使用建议在不显眼处测试）； • 向水箱（部件 9）加注蒸馏水或去离子水（避免水垢），水量勿超过MAX线； • 安装吸水纤维拖布（部件 16）：按下拖布释放扣（部件 17），拉开挡板，装入拖布 ； • 如需更高效覆盖，可安装延长管（部件 21）：拔出转接头（部件 25），将延长管锁扣与手持机身（部件 13）卡槽对齐后插入并顺时针旋转锁定 。 2. **开始清洁**： • 接通电源，等待就绪指示灯亮起（表示蒸汽已生成）； • 缓慢推动蒸汽拖把，同时按住蒸汽开关（部件 2 或 11）持续出蒸汽； • 对于顽固污渍或需消毒区域，可将拖头静置15–20秒（切勿超时，以防过热损伤地板）； • 推荐搭配弧形喷嘴（部件 24）或喷射喷嘴（部件 26）用于硬质表面清洁 。 3. **注意事项**： • 切勿在同一位置长时间停留； • 不出蒸汽时，请先拔掉电源、取下水箱加水后再继续； • 首次使用可能有数秒延迟出蒸汽（属正常现象）； • 严禁添加任何除垢剂、酒精、香精或洗涤剂； • 清洁完毕后请排空水箱、取下并清洗拖布（可机洗）、直立晾干存放。
89,"组装人体工学椅涉及以下主要部件： 1. 底座（含五星脚）与脚轮 2. 底座盖 3. 气压棒（气杆） 4. 底盘（连接底座与座椅/椅背的核心结构件） 5. 座椅（坐垫部分） 6. 椅背（含连接件） 7. 扶手（左右各一，含安装螺丝） 8. 头枕与腰枕 9. 脚踏（可选配件，部分型号配备）及配套橡胶圈 10. 各类紧固螺丝（如C1/C2连接件螺丝等） 组装顺序参考：先组装底座与脚轮 → 安装底座盖并插入气杆 → 安装底盘 → 安装脚踏并套橡胶圈 → 将座椅套入气杆 → 在椅背上安装连接件 → 将连接件固定到底盘后端 → 对准孔位安装扶手 → 最后安装头枕与腰枕。<PIC><PIC><PIC> , [""Manual02_0"", ""Manual02_1"", ""Manual02_2""]"
90,椅子扶手使用一段时间后松动，主要是因为日常使用中扶手与椅身连接处的螺丝在反复受力、震动或调节过程中逐渐松脱，属于常见现象。根据产品说明，只需重新拧紧扶手部位的固定螺丝即可恢复稳固。建议定期（如每月一次）检查并加固扶手、底盘及椅背等关键连接部位的螺丝，以延长使用寿命并确保使用安全。
91,"这款人体工学椅具备以下核心功能： 1. **高度调节功能**：向上拉起“升降”拉杆即可调节座椅高度，到达所需位置后松开拉杆即可锁定；调节时请将身体微微抬离座椅。<PIC> 2. **椅背后仰功能**：向上拉起“后仰”拉杆，椅背可随人体动作自由倾斜；向下按下拉杆则锁定椅背角度；复位时请靠在椅背上，避免快速回弹。<PIC> 3. **按摩功能**：腰枕支持USB供电按摩，插入USB接口即可启用。<PIC> 4. **人体工学配件支持**：标配可调头枕与腰枕，提升颈部与腰部支撑；配备可调扶手、脚踏及橡胶圈，适配不同体型与坐姿需求。<PIC> 5. **稳固结构设计**：含气杆、底盘、底座盖、脚轮及连接件等完整组件，确保使用安全与长期稳定性。<PIC> , [""Manual02_0"", ""Manual02_1"", ""Manual02_2"", ""Manual02_3"", ""Manual02_4""]"
92,"洗碗机的主要部件包括：1. 上层喷淋臂；2. 下层碗篮；3. 下层喷淋臂；4. 过滤器；5. 控制面板；6. 机门；7. 洗涤剂盒；8. 下层喷淋臂槽；9. 餐具篮；10. 专用盐箱盖；11. 上层篮导轨；12. 带支架的上层碗篮；13. 风扇烘干系统（视型号而定）<PIC>。此外，部分型号还配备可折叠下层篮架丝、空载/负载上层篮高度调节机构、亮碟剂盒、软水系统（含盐箱）、进水管滤网等关键功能部件。 , [""drill0_01""]"
93,首次使用时，将洗碗机连接到排水口的操作步骤如下： 1. 排水管可直接连接到墙体排水孔或水槽排水口； 2. 连接点距地面高度须在50–100厘米之间（最低50 cm，最高100 cm）； 3. 排水管应平直连接，不得弯折、挤压或抬高超过最大允许高度； 4. 确保排水管牢固固定，防止运行中脱落； 5. 排水管必须接入污水系统，严禁接入地表水（如雨水管）； 6. 排水管长度不得超过4米，否则可能影响排水效果，导致洗涤不净或程序结束后内有积水。 完成连接后，请检查接口是否密封、无渗漏。首次使用前，还需按要求向盐箱注入1升水、添加专用盐、加入洗涤剂，并空载运行最短程序。
94,"使用前为洗碗机添加专用盐的步骤如下： 1. 先取出下层碗篮，以便操作盐箱； 2. 逆时针旋转盐箱盖打开（A、B）； 3. 首次使用前，需先向盐箱内注入约1升水（C）； 4. 使用盐斗向盐箱加注洗碗机专用软化盐（D），建议使用颗粒或粉末状盐，切勿使用食盐等含不溶物的盐； 5. 为加速溶解，可用勺子轻轻搅拌； 6. 盐箱容量约为2公斤，加满后盖紧盐箱盖并拧牢； 7. 若加盐后不立即启动洗涤程序，请空载运行一次最短程序，以溶解并冲散可能散落的盐粒。 ⚠️ 注意：加盐后盐量指示灯可能仍会亮起数小时，属正常现象，因盐溶解及系统识别需一定时间。<PIC><PIC><PIC> , [""drill0_04"", ""drill0_05"", ""drill0_06""]"
95,"为洗碗机添加洗涤剂的步骤如下： 1. 在即将运行洗涤程序前，向洗涤剂盒中加入洗碗机专用粉末或块状洗涤剂（请勿使用含氯、磷酸盐的洗涤剂，也绝不可加入溶剂，有爆炸危险）。 2. 向右推动卡扣打开洗涤剂盒盖（A）。<PIC> 3. 根据餐具脏污程度和装载量，将洗涤剂加至盒内刻度线：一般推荐加至15cm³或25cm³刻度线；若餐具残渣已干涸，可额外加满5cm³小格（5）。洗涤剂盒总容量为40cm³。<PIC> 4. 加入后，轻轻按下关闭盒盖，听到“咔嗒”声表示已关紧。务必确保盒盖完全闭合，尤其在带预洗的高温程序中使用块状洗涤剂时。<PIC> 温馨提示： - 请勿提前过早添加洗涤剂，避免受潮结块或提前溶解失效； - 若使用块状洗涤剂，请注意其溶解受温度与时间影响，无预洗的短程序建议改用粉末洗涤剂； - 洗涤剂盒内残留洗涤剂可能因盒内潮湿、盖未关严或喷淋臂阻挡导致，请检查并规范操作。 , [""dishwasher0_01"", ""dishwasher0_02"", ""dishwasher0_03""]"
96,"为洗碗机添加洗涤块，请按以下步骤操作： 1. 在即将启动洗涤程序前，向右推动卡扣打开洗涤剂盒盖（A）<PIC>； 2. 将1枚洗涤块放入洗涤剂盒内（注意：勿超过40cm³容量，盒内有15cm³/25cm³刻度线供参考）<PIC>； 3. 轻轻按下关闭洗涤剂盒盖，听到“咔嗒”声表示已关紧<PIC>； 4. 若使用洗涤块功能，请按下“半载 / 洗涤块键（5）”，直至洗涤块指示灯亮起；该功能启用时，盐量和亮碟剂指示灯将自动关闭<PIC>。 ⚠️温馨提示： - 请务必使用洗碗机专用洗涤块，包装上会注明推荐放置位置（通常为洗涤剂盒）； - 带预洗的高温程序适合使用块状洗涤剂；无预洗的短程序建议改用粉末洗涤剂，以确保充分溶解； - 洗涤块类型多样（2合1至5合1），含洗涤剂、亮碟剂、软水盐及保护成分，请按说明选用并避免过量。 , [""drill1_01"", ""drill1_02"", ""drill1_03"", ""drill1_04""]"
97,"您好，为获得更好的洗涤和烘干效果，正确添加和使用亮碟剂非常重要： 1. **确认亮碟剂盒位置**：打开洗碗机门，找到标有“亮碟剂”或图标（如水滴/星星）的专用盒（通常位于门内侧，带卡扣盖）<PIC>； 2. **检查是否需要添加**：查看亮碟剂指示灯（10）——若熄灭，表示需添加；若常亮，说明当前充足；注意：若亮碟剂指示灯被设置为关闭状态，则不会亮起，请确保其处于开启模式 <PIC>； 3. **添加亮碟剂**：按下卡扣打开盒盖（B），向盒内加注洗碗机专用亮碟剂至MAX刻度线，切勿超过，擦净溢出液体（溢出会引发泡沫，影响洗涤效果）<PIC>； 4. **设置剂量**：手动调节亮碟剂剂量旋钮至1–6档（出厂默认为4档）：若餐具烘干后仍有水渍，可调高剂量；若擦拭后留有蓝色痕迹，则调低剂量； 5. **注意事项**：仅使用洗碗机专用亮碟剂，不可用洗洁精、手洗液等替代；避免与洗涤剂、软水盐混用（推荐三者分开使用以达最佳效果）；若改用洗涤块（如3合1/5合1），请按说明启用“洗涤块功能”，此时盐量和亮碟剂指示灯将自动关闭 <PIC>。 , [""drill0_04"", ""drill0_05"", ""drill0_06"", ""drill0_07""]"
98,以下物品不适合在洗碗机中清洗： ・沾有烟灰、蜡烛残渣、抛光剂、染料、化学品等的餐具； ・铁制器具（易生锈，且可能污染其他餐具）； ・带有木质或骨质手柄、黏合部件、不耐热部件的银质餐具、刀具； ・铜制和镀锡容器； ・装饰花纹的瓷器（花纹易脱落）； ・铝制和银质器具（可能褪色或失去光泽）； ・某些精致玻璃和水晶（可能逐渐失去光泽或产生划痕、彩虹痕）； ・特氟龙涂层厨具（烘干后易残留水滴，属材质特性，非故障）； ・已生锈的厨具（锈迹会转移并导致交叉污染）； ・劣质不锈钢银质餐具（易生锈，不建议使用）。 温馨提示：购买新餐具时，请务必确认其是否标有“洗碗机适用”标识；对于不确定的餐具，建议手洗以延长使用寿命。
99,"安装餐具篮需根据洗碗机型号匹配对应结构，主要涉及下层篮架丝折叠与上层篮高度调节两部分： 1. 【可折叠下层篮架丝】（视型号而定）：下层碗篮配有2根可折叠架丝（<PIC>），用于灵活放置锅、碗等大件物品。按下卡扣（A）即可单独或同时放下任一根架丝，扩大装载空间。 2. 【上层篮高度调节】（分空载/负载两种方式，视型号而定）： • 空载调节：先拨开导轨末端限位器（A）→ 取出上层篮（B）→ 调整滚轮位置 → 放回篮体并关闭限位器（C）（<PIC>）； • 负载调节（无需取出）：升高时，分别抓住左右侧架丝向上提起（A）；降低时，按下两侧调节机构卡扣（B），确保两侧同步到位、保持水平（<PIC>）。 提示：餐具应有序放置——大件/重物放于下层，小件/精致餐具放于上层；中空器具（碗、杯、锅）务必倒扣，尖锐餐具（叉、刀）尖头朝下，避免积水与安全隐患。 , [""洗碗机_042"", ""洗碗机_05"", ""洗碗机_06""]"
100,"安装可折叠下层篮架的操作步骤如下： 1. 定位机器下层碗篮上的两根可折叠架丝（视型号而定）； 2. 按下架丝末端的卡扣（A），即可将架丝向下折叠； 3. 可单独或同时折叠任一根或两根架丝，以灵活适配锅、碗等大件餐具的放置需求。<PIC> , [""drill0_04""]"
101,"满载状态下调节上层碗篮高度，无需取出碗篮，可直接操作： 1. **升高碗篮**：抓住上层篮一侧架丝（左或右）向上提起（A），另一侧重复相同操作； 2. **降低碗篮**：按下碗篮调节机构上的卡扣降低碗篮（B），另一侧重复操作； 3. **注意事项**：调节完成后，请确保两侧调节机构处于同一水平（同为高位或同为低位），以保障运行平稳与清洗效果。<PIC> , [""wash0_07""]"
102,清洁洗碗机进水管滤网的步骤如下： 1. 关闭水龙头； 2. 拆下进水管； 3. 取出安装在进水管上的滤网； 4. 在自来水下冲洗滤网，清除沙、污垢、铁锈等杂质； 5. 将清洁后的滤网装回水管原位； 6. 将水管重新连接至水龙头。 ⚠️ 温馨提示：清洁前请务必拔掉电源插头并关闭水龙头；请勿无过滤器使用洗碗机，否则可能损坏机器；过滤器安装不当会降低洗涤效率。
103,清洁洗碗机上层喷淋臂的步骤如下： 1. 确保洗碗机已断电并关闭水龙头； 2. 检查上层喷淋臂（2）上的喷孔是否被食物残渣（如柠檬籽等）堵塞； 3. 若堵塞，向左旋转固定螺母（C、D），拆下上层喷淋臂； 4. 用软毛刷和清水彻底清洁喷淋臂内外及各喷孔； 5. 安装时确保喷淋臂复位到位，并将螺母拧紧，防止运行中松动或漏水。 温馨提示：为保证洗涤效果，建议至少每周清洁一次上层及下层喷淋臂。
104,"拆除空气净化器滤网塑料包装的步骤如下： 1. 请务必先拔下设备电源插头，确保安全； 2. 双手握住设备上盖并向上拉起 <PIC>； 3. 握住背部滤网盖把手并向前拉出 <PIC>； 4. 取出滤网，小心撕除其表面完整包裹的塑料包装（切勿遗漏角落或封边）； ⚠️ 注意：未拆除塑料包装会导致异响、滤网无法工作，甚至引发火灾或设备损坏； ⚠️ 滤网塑料包装拆除后，该滤网将不支持退货； ⚠️ 请将废弃塑料包装远离儿童，以防窒息。 , [""Manual03_0"", ""Manual03_1""]"
105,"安装空气净化器脚轮的步骤如下： 1. 打开包装盒，找到附带的小盒，内含4个脚轮和8颗螺丝。 2. 将空气净化器平放于稳固平整的表面上，底部朝上。 3. 使用螺丝刀拆下设备底部原有的四个底座（注意保留底座和螺丝以备后续使用）。 4. 将每个脚轮对准底部安装孔位，用两颗螺丝将其牢固固定（共4个脚轮，每轮2颗螺丝）。<PIC> 注意：若包装内未发现脚轮小盒，请及时联系客服补发。 , [""Manual03_1""]"
106,"空气净化器通常有以下几种运行模式，各具特点并可通过控制面板便捷设置： 1. **常规运行模式**：开机默认进入该模式，可手动调节风速（F1–F18共18档），适用于需主动控制净化强度的场景。按下启动键开机后，按上下键选择所需档位。<PIC> 2. **自动运行模式**：基于VOC传感器实时检测空气质量，自动匹配最优风速（F1–F18）进行净化，无需手动调节。按下自动键即可在常规/自动模式间切换；智能运行中风速不可手动更改。<PIC> 3. **涡轮风扇运行**：在常规模式下，同时长按上下键3秒启动涡轮模式，实现快速高效净化；再次按下控制面板下键（调至F18）可退出涡轮运行。<PIC> 4. **睡眠模式**：设备持续净化，但显示屏仅保留月亮图标、其余区域熄灭，大幅降低光噪与声噪，默认风速为F1档，保障夜间安睡。按睡眠键启用，再按一次可恢复之前模式。<PIC> 所有模式均支持通过控制面板操作，首次使用前请务必完成滤网安装及初始化（长按睡眠+自动键5秒以上），确保设备正常工作。<PIC> , [""Manual03_1"", ""Manual03_2"", ""Manual03_3"", ""Manual03_4"", ""Manual03_5""]"
107,"室内空气质量（IAQ）指示灯是环绕显示屏外缘的环形灯光，用于实时显示当前室内空气质量状态。设备通过内置传感器检测细颗粒物（PM2.5等）浓度，并以四种不同颜色直观反映空气洁净程度：<PIC><PIC><PIC><PIC> , [""Manual03_14"", ""Manual03_15"", ""Manual03_16"", ""Manual03_17""]"
108,"清洁空气净化器设备内外的步骤如下（清洁前请务必拔下电源插头）： 1. 外壳清洁：用温水或温和清洁剂浸湿的软布擦拭净化器外壳，再用干软布擦干；切勿使用丙酮、酒精等强腐蚀性化学试剂。 2. 滤网仓清洁：打开背部滤网盖并取出滤网，用吸尘器和湿毛巾清洁滤网仓内部。 3. 预过滤网清洁：每月清洁1–2次；可用吸尘器或软刷清洁，**禁止用水清洗滤网**（含主滤网及预过滤网）；若预过滤网过脏，建议直接更换。 4. 灰尘传感器清洁：<PIC> 双手握住设备上盖向上拉起；<PIC> 握住背部滤网盖把手向前拉出；<PIC> 拆下设备右侧灰尘传感器盖；<PIC> 用蘸少量水的棉签擦拭传感器镜头和进风口，再用干净干棉签彻底擦干；<PIC> 装回传感器盖、滤网盖及上盖（标识朝前）。 注意：滤网寿命为6–12个月，污染严重环境需缩短更换周期；长期存放前请晴天运行1小时后晾干，并遮盖存于干燥、无阳光直射处。 , [""Manual03_18"", ""Manual03_19"", ""Manual03_20"", ""Manual03_21"", ""Manual03_22""]"
109,"清洁空气净化器滤网的正确步骤如下： 1 关闭电源并拔下电源插头，确保操作安全。<PIC> 2 打开背部滤网盖（握住把手向前拉出），取出滤网。<PIC> 3 根据滤网类型处理： • 若为预过滤网（可水洗型），可用吸尘器吸除灰尘，或用温水及少量中性洗涤剂轻轻冲洗，切勿使用40℃以上热水或强腐蚀性溶剂； • 若为HEPA/活性炭复合滤网或3M多重防护滤网，**禁止用水清洗**，仅可用吸尘器或软毛刷清洁表面灰尘； • 若滤网已明显发黑、异味严重或堵塞变形，建议直接更换。<PIC> 4 清洁后将滤网置于阴凉通风处彻底晾干（如为可水洗型），确认完全干燥后再装回； 5 装回滤网时，请确保滤网上下推入到位、贴合紧密，再装回滤网盖并卡牢。<PIC> 6 滤网安装完成后，长按控制面板「睡眠 + 自动」键5秒以上重置滤网指示灯。<PIC> 温馨提示：建议每月清洁1–2次，灰尘较多环境可适当增加频次；滤网通常每6–12个月需更换一次，具体以滤网更换指示灯亮起红色为准。 , [""Manual03_18"", ""Manual03_19"", ""Manual03_20"", ""Manual03_21"", ""Manual03_22""]"
110,"更换空气净化器滤网的步骤如下： 1. 请先关闭设备并拔下电源插头，确保安全操作。 2. 握住背部滤网盖把手并向前拉出 <PIC>。 3. 拆除滤网上的塑料包装（未拆除会导致异响、无法正常工作，甚至引发火灾或设备损坏）<PIC>。 4. 将新滤网上下推入设备，确保贴合紧密 <PIC>。 5. 装回滤网盖：先将盖子插入设备底部固定卡槽，再向前滑动使其卡入顶部卡槽 <PIC>。 6. 双手握住设备上盖并滑回原位，确保标识朝前 <PIC>。 7. 滤网安装完成后，长按控制面板上的睡眠键 + 自动键 5 秒以上进行初始化，重置后红色滤网指示灯将熄灭 <PIC>。 ⚠️ 注意事项： - 建议每 6–12 个月更换一次滤网，具体周期视使用环境（如灰尘量、使用时长）而定； - 更换时请务必使用原厂推荐滤网； - 切勿在设备通电或运行状态下操作； - 若滤网指示灯亮起红色，即提示需更换滤网 <PIC>。 如需查看图示操作，请参考对应步骤图片。 , [""Manual03_1"", ""Manual03_2"", ""Manual03_3"", ""Manual03_4"", ""Manual03_5"", ""Manual03_6"", ""Manual03_18""]"
111,"清洁灰尘传感器的步骤如下：1. 双手握住设备上盖并向上拉起；2. 握住背部滤网盖把手并向前拉出；3. 拆下设备右侧灰尘传感器盖；4. 用蘸少量水的棉签擦拭灰尘传感器镜头和进风口，再用干净干棉签彻底擦干；5. 装回灰尘传感器盖、滤网盖，并将设备上盖标识朝前装回。注意：请勿使用丙酮、酒精等强腐蚀性化学试剂擦拭传感器部件，以免损坏镜头。<PIC><PIC><PIC><PIC><PIC><PIC> , [""Manual03_18"", ""Manual03_19"", ""Manual03_20"", ""Manual03_21"", ""Manual03_22"", ""Manual03_23""]"
112,空气净化器长期存放时，请按以下步骤操作：1. 在晴天开机运行约1小时，使内部充分干燥；2. 拔下电源插头，确保设备完全断电；3. 取出滤网并妥善保存（建议用原包装或密封袋包裹，避免灰尘污染）；4. 用干布清洁设备内外，确保无残留水分；5. 遮盖整机（如使用防尘罩），存放在干燥、阴凉、无阳光直射的环境中。注意：切勿在高湿度、高温或靠近热源处存放。
113,"您好，您可通过以下方式了解这款健身单车的技术规格： 1. 查阅随附的《用户手册》第1页起的‘技术参数’或‘产品规格’章节（通常位于手册前部或附录）； 2. 在控制台开机界面长按【设置】键3秒，进入系统信息菜单，可查看型号、软件版本、最大承重（136千克）、适用人群（≥14岁）、电源要求等基础规格； 3. 产品铭牌位于主机架底部或后稳定器内侧，标注有型号、序列号、额定电压/功率、制造商信息等关键参数； 4. 座椅调节范围、阻力档位数、心率监测方式（手握式/兼容蓝牙胸带）、预设程序数量等运动性能参数，详见手册‘功能特点’及‘运动曲线与目标程序’章节 <PIC>； 5. 安全规格（如周围预留空间≥0.6米、仅限室内使用、禁止儿童接触等）详见‘重要安全说明’部分 <PIC>。 温馨提示：手册中所有技术参数均以实物为准，建议您优先参考纸质手册首页或扫码获取电子版完整说明书。 , [""Manual14_25"", ""Manual14_15""]"
114,"启动健身单车前，请按以下步骤做好准备： 1. 【安全检查】每次使用前，检查单车是否有松动、破裂、磨损或损坏的零件（特别是座椅、脚踏板、曲柄和所有螺栓），如发现异常请勿使用。<PIC> 2. 【水平稳固】调节后稳定器两侧的水平调节脚，确保单车放置在坚固、水平的地面上，且整体稳固不晃动。<PIC> 3. 【座椅调节】下车后松开座管调节旋钮，将座椅调至合适高度：脚掌中心对准脚踏板中心，踩踏时膝盖微弯（不过直也不过度弯曲），调好后务必拧紧旋钮并确认锁销完全卡入，切勿超过座管上的“STOP”限位标记。<PIC><PIC> 4. 【脚踏绑定】将脚掌中心置于脚踏板上，调整绑带牢固固定于运动鞋面，确保双脚稳定支撑；注意左右脚踏标识（L/R），左侧为反螺纹。 5. 【穿着准备】穿着橡胶底运动鞋及合身、便于活动的运动服装，避免宽松衣物或首饰，确保运动安全与效率。 6. 【开机准备】接通电源后，轻按任意键或踩踏触发转速传感器，控制台将进入开机/待机模式；首次使用需完成初始设置（日期、时间、计量单位）。 温馨提示：运动前建议咨询医生；如运动中出现胸痛、胸闷、头晕或呼吸急促，请立即停止并就医。 , [""Manual14_15"", ""Manual14_13"", ""Manual14_20"", ""Manual14_21""]"
115,"您好！您购买的这款健身单车配备智能控制台与多功能显示屏，具备全面的运动监控与交互功能： ✅ 【核心功能】 - 实时显示多项运动数据：时间、距离、卡路里、速度、转速、心率（平均/当前）、阻力等级等； - 液晶屏分三通道展示结果（如总计/平均/放松模式数据），按左（◀）或右（▶）键可手动切换； - 支持运动中快速调整阻力（♠/▼按钮）、启动/暂停/结束运动（暂停/结束键）、切换程序（程序键）及查看目标追踪统计（目标追踪键）。 ✅ 【个性化设置】 - 可创建并管理2个用户档案，保存姓名、年龄、体重、身高、性别及首选数据显示偏好； - 支持自定义下部显示区：按♠/▼隐藏/显示特定运动数据，◀/▶切换激活项，上部显示“开启/关闭”状态 <PIC>； - 提供控制台设置模式（长按暂停/结束+右键3秒）：可设置日期/时间、英制/公制单位、声音开关、机器类型等 <PIC>。 ✅ 【附加实用功能】 - 三速风扇控制（风扇按钮）； - 成就指示灯：完成目标后自动点亮； - BMI计算与7日运动趋势图（需正确录入身高体重）<PIC>； - 数据导出：支持通过USB接口将运动记录保存至U盘 <PIC>； - 放松模式：运动结束后自动进入3分钟倒计时放松，阻力自动调至平均等级的1/3，并持续显示运动成果。 温馨提示：心率及卡路里数据为估算值，仅供参考；建议运动前咨询医生，并确保用户档案信息准确以提升计算精度。如需进一步了解某项操作（如编辑用户档案、导出数据等），欢迎随时告知！ , [""Manual14_22"", ""Manual14_26"", ""Manual14_25"", ""Manual14_25""]"
116,"为保证在健身单车上运动的舒适度，运动前您需要进行以下关键调整： 1. **座椅高度调节**：将脚踏板转到前方位置，脚掌中心对准脚踏板中心，膝盖应保持微弯。如腿部过直或脚无法踩到脚踏板，请调低座椅；如膝盖弯曲过度，请调高座椅。调节前请先下车，松开座管上的调节旋钮，调整至合适高度后确保锁销完全卡入并拧紧旋钮。注意：切勿将座管调节至高于管上的限位标记（STOP）<PIC>。 2. **脚踏绑带调节**：将脚掌中心置于脚踏板上，转动脚踏板至便于操作的位置，再将绑带牢固固定在鞋面上，确保脚部稳定、发力高效 <PIC>。 3. **单车水平调节**：检查并旋转后稳定器两侧的水平调节脚，确保单车整体处于水平、稳固状态，避免运动中晃动或受力不均 <PIC>。 此外，建议穿着橡胶底运动鞋及合身、活动自如的运动服装，并在运动前完成最终检查（确认所有配件紧固、装配正确）<PIC>。 , [""Manual14_20"", ""Manual14_21"", ""Manual14_13"", ""Manual14_15""]"
117,"在健身单车的「轻松骑行」类别中，您可体验的预设运动程序为：**起伏山丘**。<PIC> , [""exercise_bikes_02""]"
118,"在健身单车的‘山地’类别下，您可体验的预设运动程序为：**派克峰**。该程序属于自动控制阻力与运动强度变化的预设训练，模拟山地骑行场景，带来起伏变化的挑战性体验。您可通过控制台的‘程序’按钮 → 左/右键选择‘山地’类别 → 增加/减少键选择具体程序（如‘派克峰’）→ 按确认键启动。<PIC><PIC> , [""Manual14_23"", ""Manual14_24""]"
119,"在挑战健身单车的‘挑战’最高难度类别下，您可体验的预设运动程序为：**上坡冲刺**。该程序属于三大预设类别之一（轻松骑行、山地、挑战），会自动调节阻力与运动强度，模拟高强度爬坡训练场景，提升心肺功能与腿部力量。操作路径为：开机 → 选择用户档案 → 按【程序】键 → 使用左右键（◀/▶）切换至“挑战”类别 → 使用增加/减少键（♠/▼）选择“上坡冲刺” → 按确认键启动。<PIC> , [""exercise_bikes_02""]"
120,"编辑健身单车用户档案需按以下步骤操作： 1. 在开机模式界面，按增加（♠）或减少（▼）按钮选择一个用户档案； 2. 按确认按钮进入该用户档案； 3. 控制台显示编辑提示和当前用户档案名称，按确认键开始编辑； 4. 编辑姓名（最多10个字符）：当前激活段闪烁，使用增加/减少按钮浏览字母与空格，按左（◀）或右（▶）按钮切换输入段，按确认键确认； 5. 依次编辑年龄、体重、身高、性别：使用增加/减少按钮调节数值，每项设置完成后按确认键； 6. 设置运动数据显示方式（扫描提示）：“关闭”为手动切换数据通道，“开启”为每6秒自动切换，默认为“关闭”，按确认键保存设置。<PIC> , [""Manual14_22""]"
121,"您好，健身单车支持心率控制（HRC）运动程序，可基于您的年龄自动计算目标心率区间。根据通用运动医学建议，最大心率估算公式为：220 - 年龄；推荐的有氧/燃脂训练心率区间通常为最大心率的60%–70%，中高强度训练为70%–85%。例如：若您30岁，最大心率≈190 BPM，则燃脂目标区间约为114–133 BPM，有氧耐力区间约为133–162 BPM。在单车上设置时，请先进入HRC程序 → 选择初级（BEG）或高级（ADV）等级 → 控制台将结合您用户档案中的年龄、体重等信息，自动计算并显示对应心率区间 <PIC>。温馨提示：首次使用前请咨询医生；运动中如出现不适请立即停止；显示屏心率仅为近似值，仅供参考。 , [""Manual14_25""]"
122,"体能测试程序是这款健身单车的一项专业评估功能，用于科学衡量您的体能水平提升情况。其工作原理是：将您运动时的功率输出（瓦特）与实时心率进行对比分析。当体能提升后，在相同心率下您能输出更高的功率。测试前需确保控制台已连接并读取心率信号（通过接触式手柄传感器CHR或外接心率监测仪HRM）。操作流程如下：1. 在控制台选择「体能测试」程序；2. 根据自身情况选择体能水平——初级（BEG）或高级（ADV）；3. 控制台将调用您用户档案中的年龄、体重信息自动计算基准值；4. 握住心率传感器开始测试，运动强度会逐步提升，直至心率达到您最大心率的75%（即“测试区间”）；5. 进入测试区间后，保持稳定运动3分钟，使心率平稳；6. 3分钟结束后，系统自动记录此时的心率与功率，并结合年龄、体重计算得出专属「体能得分」。该得分仅用于与您个人历史测试结果纵向对比，帮助您直观了解体能进步趋势。<PIC> , [""Manual14_25""]"
123,"给电钻充电需严格遵循以下步骤： 1. 确保环境温度在65°F–75°F（18°C–24°C）之间，避免在低于40°F（4.5°C）或高于105°F（40.5°C）环境下充电； 2. 先将充电器插入合适的120V交流插座（<PIC>）； 3. 将电池组（如DCB107/DCB112）对准充电器插槽，平稳、完全插入，切勿强行按压或改装电池组（<PIC>）； 4. 插入后，红色（充电）指示灯持续闪烁，表示充电已开始（<PIC>）； 5. 充电完成时，红色指示灯转为常亮，此时电池组已充满，可立即使用或继续留在充电器中（<PIC>）； 6. 充电过程中若指示灯异常（如快闪、不亮或显示‘过热/过冷延迟’），请检查插座供电、移至适宜温区，并确保充电器通风口未被遮挡（<PIC>）。 ⚠️ 注意：充电前务必拔下充电器电源再清洁；切勿在易燃粉尘环境、高温密闭空间或金属表面（如棚屋）中充电；严禁用胶带固定扳机、短接电池端子或混用非原装/不兼容充电器。 , [""Manual11_2"", ""drill0_04"", ""drill0_05"", ""drill0_06"", ""drill0_08""]"
124,"DCB101型号电钻配套充电器的指示灯闪烁含义如下： • 红色指示灯**快速闪烁**：表示检测到异常，可能为电池组/充电器故障，或电源故障（如连接发电机等非标准电源时电压超限）。请重新插入电池组；若仍快速闪烁，建议更换另一块电池组测试——若新电池正常，则原电池故障；若均异常，请送修充电器。<PIC> • 红色指示灯**长闪后短闪**：表示进入**过热/过冷延迟模式**，即电池温度超出安全范围（过热或过冷），充电器已暂停充电，待温度恢复后自动重启充电。<PIC> • 红色指示灯**持续闪烁（非快闪）**：表示电池组**正在充电中**。<PIC> • 红色指示灯**常亮**：表示电池组**已充满电**，可正常使用或继续留在充电器中保持满电状态。<PIC> , [""drill0_06"", ""drill0_04"", ""drill0_05"", ""drill0_08""]"
126,"安装单套无键夹头（F）上的钻头或其他附件，请按以下步骤操作：<PIC> <PIC> <PIC> 1. 关闭工具并断开工具电源（如取下电池组）； 2. 一只手握住夹头黑色套筒，另一只手固定工具主体，逆时针旋转套筒至足够大，以便装入所需附件； 3. 将附件插入夹头约3/4英寸（19毫米），然后一只手顺时针旋转夹头套筒紧固，另一只手稳固握持工具； 注意：您的工具配有自动主轴锁定机构，支持单手操作夹头，但为确保最大紧固度，务必双手配合——一手握套筒、一手握工具。 ⚠️ 警告：切勿通过启动电钻并握住夹头前部来拧紧附件，否则可能损坏夹头并导致人身伤害；更换附件前务必锁定扳机开关并断开电源。 , [""drill0_01"", ""drill0_02"", ""drill0_03""]"
127,"安装和拆卸电钻电池组需严格遵循以下安全步骤： ✅ 安装电池组： 1. 确保电钻已关闭，且未连接任何负载； 2. 将电池组（K）对准工具手柄内的导轨，沿导轨平稳滑入，直至完全就位； 3. 听到“咔嗒”声或确认电池组牢固锁定、无松动即为安装完成 <PIC>。 ✅ 拆卸电池组： 1. 务必先关闭电钻，并确保其完全停止运行； 2. 按下电池释放按钮（J）； 3. 一手稳握电钻，另一手平稳将电池组从手柄中垂直拔出，避免倾斜或强行拉拽 。 ⚠️ 重要安全提示： • 每次安装/拆卸前，必须关闭工具并取下电池组，防止意外启动造成伤害； • 切勿在通电或运行状态下操作电池； • 若电池端子有污损、变形或外壳破损，请勿使用，应送至服务中心回收处理。 如需查看图示操作，请参考说明书图6（对应图片ID：drill0_14）。 , [""drill0_14""]"
128,"使用电钻的腰带挂钩（G）和批头夹（I）时，需特别注意以下几点： 1. 安全悬挂：仅将腰带挂钩挂在工作腰带上，切勿将工具悬挂在高处或用其悬挂其他物体，以防坠落造成严重人身伤害。 2. 螺钉紧固：安装或调整腰带挂钩/批头夹时，必须使用随附螺钉（H），并确保螺钉完全拧紧；松动螺钉可能导致附件脱落、工具意外滑落。 3. 操作前提：调整、安装或拆卸前，务必关闭工具并取下电池组（<PIC>），防止意外启动导致受伤。 4. 安装位置：腰带挂钩与批头夹可安装在工具任意一侧（适配左手/右手用户），如无需使用可安全取下；移动位置时，先取下固定螺钉，再重新安装并拧紧。 5. 日常检查：定期确认挂钩/批头夹无变形、裂纹，螺钉无滑牙或锈蚀，确保结构完好可靠。 , [""drill0_01""]"
129,"您好，购买电钻后，为确保安全、高效地完成各类作业，建议配备以下制造商推荐的附件： 1. **钻头类**： - 木工钻头（如麻花钻）——适用于木材、塑料等软质材料； - 金属钻头（高速钢HSS）——适用于钢板、铝材等金属加工； - 砌体/冲击钻头（硬质合金镶尖）——专用于砖、混凝土、水泥等硬质墙体，且仅限支持冲击功能的电钻使用 <PIC>； 2. **紧固类批头**： - 十字（PH）、一字（SL）、六角（Hex）、梅花（Torx）等常用批头，用于拧螺丝/自攻钉； - 建议选用带磁性或快换接口的批头，提升效率与安全性； 3. **辅助配件**（根据使用场景选配）： - 侧手柄（辅助手柄）——增强握持稳定性，尤其在大扭矩或长时间作业时，降低失控风险； - 深孔延长杆/加长钻头——用于狭小空间或深孔作业； - 钻孔定位导板/水平仪附件——提高钻孔精度与垂直度； ⚠️ 重要提示：根据【参考文档4】，为保障安全与产品性能，本电钻仅应使用制造商（如DEWALT）官方认证并测试通过的附件。使用非原厂或未经认证附件可能导致工具损坏、性能下降，甚至引发人身伤害风险。 如需选购配套附件，您可访问官网www.dewalt.com或授权渠道，搜索对应电钻型号的“Recommended Accessories”列表。 , [""drill0_17""]"
130,电钻的三年有限保修主要涵盖以下内容： 1. **工具本体**：自购买之日起，电钻主机享有3年有限保修，覆盖因原厂材料或工艺缺陷导致的故障； 2. **电池组差异化保修**： • 部分指定型号电池组（如DC9071、DC9091、DC9096、DC9280、DC9360、DC9180、DCB120、DCB127、DCB201、DCB203、DCB207）享有**2年免费服务**（含维护与磨损件更换）； • 其他未列明型号的电池组享有**3年免费服务**； 3. **免责说明**：若电池组被擅自改装，整机保修即告失效；制造商对改装引发的伤害不承担责任，并保留追究保修欺诈责任的权利； 4. **附加服务**： • 购买后第一年内享**1年免费服务**，包括正常使用导致的磨损部件更换及基础维护； • 建议通过www.dewalt.com/register在线注册产品，以提升保修响应效率并作为所有权凭证。 注：保修不涵盖因不当使用、疏忽、事故、非原厂附件、未按手册保养、正常磨损或运输损坏等导致的问题。
131,"您的健身追踪器包装盒内应包含： 1. 配有小号表带的健身追踪器手表（颜色和材质仅供参考）<PIC> 2. 一条额外的大号底部表带<PIC> , [""fitness_trackers_01"", ""fitness_trackers_02""]"
132,"您好，当健身追踪器电量低时，请按以下步骤正确充电： 1. 将充电线插入电脑的USB端口、UL认证的USB墙充或其他低功耗充电设备； 2. 将充电线另一端靠近手表背面的充电接口，利用磁吸自动吸附，确保金属触点与手表接口精准对齐 <PIC>； 3. 充电时轻点屏幕两次或按下按钮即可点亮屏幕查看状态； 4. 充电12分钟即可续航约24小时，完全充满约需1–2小时 <PIC>。 温馨提示：请避免在温度低于+5℃或高于+40℃环境中充电，以保障电池健康与充电效率。电量严重不足（≤8%）时，部分功能（如GPS、EDA传感器、常亮显示等）会自动关闭，充电后即可恢复正常。 , [""Manual16_22"", ""Manual16_23""]"
133,"为提升健身追踪器性能，日常佩戴与运动时的佩戴位置建议如下： · 日常不运动时：请将健身追踪器佩戴在腕骨上方约一指宽的位置，确保贴合但不过紧，佩戴时应留有空隙，可在手腕上轻微移动 <PIC> 。 · 运动时（尤其需精准心率监测）： - 将表带向上微调，使设备更贴合皮肤； - 佩戴于手腕正面，确保设备背面传感器与皮肤充分、稳定接触 <PIC> ； - 如心率信号丢失（显示虚线），可尝试上下微调位置、收紧/松开表带，或保持手臂静止伸直片刻以助信号恢复 <PIC> 。 · 其他关键提示： - 请在健身追踪器应用中确认并设置佩戴手腕（惯用手或非惯用手），默认为非惯用手，若戴在惯用手需手动更改； - 洗澡、接触肥皂/洗发水时建议取下，避免长期腐蚀与皮肤刺激； - 长时间佩戴后，建议每数小时取下休息约1小时。 , [""Manual16_9"", ""Manual16_48"", ""Manual16_49""]"
134,"您好，关于您的健身追踪器表带太紧的问题，以下是正确扣紧表带的步骤（注意：目标是‘舒适贴合’而非‘过紧’）： 1. 将健身追踪器戴在手腕上； 2. 将底部表带穿入顶部表带的第一个环扣； <PIC> 3. 收紧表带至舒适贴合状态——佩戴时应留有一指宽空隙，确保表带可在手腕上轻微移动，避免压迫皮肤或影响血液循环； <PIC> 4. 将表扣钉按入表带上的合适孔位（如使用小号表带的最后两个孔仍觉过紧或不稳，建议更换为包装内附赠的大号表带）； <PIC> 5. 将表带松散端穿入第二个环扣，使其平整贴服。 温馨提示：运动时可将表带略向上调整以增强贴合度，但若持续感到不适，请及时松开或取下休息。长期过紧佩戴可能引起皮肤刺激，建议定期清洁表带与手腕，并留意皮肤反应。 , [""Manual16_9"", ""Manual16_10"", ""Manual16_11""]"
135,"您好，正确拆卸健身追踪器表带的步骤如下： 1. 将健身追踪器翻面，找到表带与表壳连接处的卡扣； 2. 用手指轻轻将扁平按钮向表带方向滑动，松开卡扣； 3. 轻轻将表带从手表末端垂直拔出； 4. 对另一侧表带重复上述操作。 注意：操作时请勿用力拉扯或扭曲表带，以免损坏卡扣结构。<PIC> <PIC> <PIC> , [""Manual16_9"", ""Manual16_10"", ""Manual16_11""]"
136,"您好，健身追踪器的界面操作主要通过彩色AMOLED触摸屏和1个物理按钮完成，具体步骤如下： 1. **基础交互**：轻点屏幕选择项目；左右滑动切换不同卡片（如今日活动、运动、心率等）；上下滑动浏览列表或设置项；按下按钮可返回上一级、暂停/继续运动或确认操作。 2. **唤醒与省电**：屏幕默认在闲置时自动熄灭以节省电量；抬腕或轻点即可唤醒；如需常亮显示，可在设置中开启（详见第23页“调整常亮显示”）<PIC>。 3. **进入应用**：从时钟界面左右滑动可进入今日活动卡片、运动应用等；也可直接点击屏幕打开运动应用。 4. **运动追踪操作流程**： - 打开运动应用 → 滑动选择运动类型 → 点击进入 → （如需）等待GPS连接（顶部显示“GPS已连接”并震动提示）→ 点击播放图标开始 → 运动中可滑动查看实时数据（心率、卡路里、时长等）→ 按钮或上滑暂停 → 再次点击继续 → 运动结束上滑点击“结束”，查看摘要 <PIC>。 5. **快捷设置**：在时钟界面向下滑动可调出快捷设置栏，例如一键开启/关闭勿扰模式（即关闭所有通知）<PIC>。 6. **自定义设置**：如调整运动参数、心率区间、目标等，均支持在对应应用内通过“向上滑动→点击设置项→调整→向下滑动至播放图标确认”完成 <PIC>。 温馨提示：所有操作逻辑统一、直观，建议首次使用时结合屏幕动画引导熟悉手势。 , [""Manual16_9"", ""Manual16_10"", ""Manual16_29"", ""Manual16_33""]"
137,"健身追踪器对手机通知支持以下功能： 1. 显示通知：可显示手机的来电、短信、日历事件及第三方应用（如WhatsApp）通知，需保持手表与手机距离在30英尺内，且手机蓝牙与通知权限已开启。 2. 交互操作： • 来电时可直接在手表上接听（点击绿色电话图标）或拒接（点击红色电话图标）； • 安卓用户支持语音转文字或预设快捷回复短信及部分应用消息； • iPhone用户可查看并管理通知，但暂不支持直接回复。 3. 查看与管理： • 收到通知时手表震动提醒； • 未及时查看的通知可随时在时钟界面**向上滑动**或**双击按钮→点击通知图标**查看； • 最多存储30条通知，超出后自动覆盖最早通知； • 支持单条清除（展开后滑至底部点“清除”）或一键清空（滑至通知列表底部点“全部清除”）。 4. 日历适配差异： • iPhone用户同步系统日历所有通知； • 安卓用户仅显示设置时选定的日历应用通知。 <PIC> <PIC> , [""Manual16_30"", ""Manual16_33""]"
138,"健身追踪器通过内置的高精度温度传感器，在您夜间佩戴睡觉时持续监测手腕皮肤表面的温度变化。每晚记录的数据会与您连续佩戴3晚后建立的个人皮肤温度基准值进行对比，从而显示差异（例如“昨晚比基准低-0.2°F”），帮助您识别身体状态的趋势性变化，如潜在的生理波动或恢复状况。该功能专为长期健康洞察设计，不用于医疗诊断。查看方式：打开健身追踪器手机应用 → 进入今日页面 → 点击温度卡片 <PIC>，即可查看皮肤温度变化图表及手动录入的核心温度读数 <PIC>。注意：此功能需佩戴设备入睡且仅在支持地区可用。 , [""Manual16_35"", ""Manual16_36""]"
139,"健身追踪器通过运动应用追踪并分析您的运动情况，主要分为两个层面： 1. **自动追踪**：设备可自动识别并记录持续至少15分钟的高强度活动（如步行、跑步、骑行），无需手动开启。您可在手机健身追踪器应用的「今日」页面点击运动卡片，开启步行/跑步/骑行检测功能 <PIC>；开启后，手表一旦识别到对应运动即自动启动运动应用。即使关闭该功能，基础数据（步数、卡路里、时长等）仍会持续记录。 2. **主动追踪与深度分析**：您可手动打开运动应用，选择具体运动类型（如游泳、瑜伽、HIIT等），点击播放图标开始。运动中实时显示心率、卡路里消耗、耗时、GPS轨迹（若启用）等数据；运动结束后生成摘要，并在手机App中查看完整数据——包括GPS强度地图、心率区间分布、活动区域分钟数（心肺/峰值区间每分钟计为2分）、以及基于心率储备的个性化训练强度反馈 <PIC>。所有数据同步至App后，还可结合长期趋势分析静息心率、血氧、皮肤温度等高级健康指标，辅助优化健身计划。 注：GPS连接状态通过屏幕顶部图标直观提示（旋转图标=搜索中，静止图标=已连接，红色图标=未连接）<PIC>。 , [""Manual16_33"", ""Manual16_34"", ""Manual16_23""]"
140,"健身追踪器主要通过光电容积脉搏波描记法（PPG）测量心率。其背面的LED灯会向皮肤发射绿光，光线穿透皮肤后被血液吸收或反射；由于血液在心跳收缩期增多、容积增大，对光的吸收也随之变化。传感器捕捉这种周期性光信号变化，再通过算法转换为实时心率数值（BPM）。为确保测量准确，请将设备佩戴在腕骨上方一指宽处，表带贴合但不压迫，保持背面与皮肤紧密接触 <PIC>。运动中若出现心率信号丢失（显示虚线），可微调手表位置或收紧表带重新获取信号 <PIC>。注意：该功能为健康参考用途，不能替代专业医疗诊断。 , [""Manual16_48"", ""Manual16_49""]"
141,"您可使用健身追踪器完成非接触式消费支付，具体操作如下： 1. **前提条件**：需在健身追踪器应用中成功添加并设置至少一张支持非接触式支付的合作银行信用卡或借记卡，并确保手表已设置4位PIN码（首次添加卡片时可能提示设置）<PIC>； 2. **支付操作**： • 双击手表按钮快速打开支付应用（钱包/支付界面）； • 如提示，请输入4位手表PIN码； • 屏幕显示默认卡，若需使用其他卡，请左右滑动选择； • 将佩戴在手腕上的健身追踪器靠近支持非接触式支付的终端（请认准终端上的非接触式支付标识）； 3. **支付确认**：支付成功时，手表会震动并显示确认信息； 4. **注意事项**： • 澳大利亚用户：单笔超100澳元需按终端提示输入银行卡PIN码（非手表PIN码）； • 非澳大利亚用户：请确保卡片所属银行已在合作列表中； • 安全要求：必须将设备佩戴在手腕上才能触发支付，不可取下贴近终端。 如支付未被识别，请确认表盘正对读取器，并告知收银员您使用的是非接触式支付方式。 , [""Manual16_33""]"
142,"使用健身追踪器时，您可能遇到的常见问题及解决方法如下： 1. 【心率信号丢失】：屏幕显示虚线，表示未检测到心率。请确保手表紧贴皮肤、表带松紧适中，并在测量时保持手臂静止伸直片刻；可尝试轻微上下移动手表调整传感器接触位置。<PIC> 2. 【GPS信号丢失】：运动时GPS图标呈红色或持续旋转，多因高楼、密林、厚云层等环境干扰。建议开始运动前静待GPS连接成功（屏幕显示“GPS已连接”并震动）；若中途断连，手表会自动重试。<PIC><PIC> 3. 【屏幕无响应/熄屏过快】：为省电，非活动状态下屏幕自动熄灭。可进入设置开启“常亮显示”；操作方式为轻点屏幕、滑动或按压侧边按钮。<PIC> 4. 【充电异常】：充电12分钟可续航24小时，完全充满需1–2小时。请确认磁吸充电线金属触点与手表背面接口精准对齐，并使用USB墙充或电脑USB口（避免高功率快充设备）。<PIC> 5. 【自动运动识别失败】：仅支持持续15分钟以上的高强度步行/跑步/骑行。请在手机App中开启对应检测开关（运动应用→选择项目→开启检测），并确保佩戴稳固、手腕自然下垂。 6. 【睡眠/血氧/皮肤温度数据不准确】：需整晚佩戴且贴合皮肤；避免佩戴过松、睡前饮酒或剧烈运动，这些可能影响传感器读数。同步数据后可在App中查看详细睡眠阶段与SpO2趋势。 如以上方法未能解决，请检查设备是否已升级至最新固件，并通过健身追踪器App提交诊断日志。需要进一步协助，欢迎随时联系客服。 , [""Manual16_48"", ""Manual16_49"", ""Manual16_50"", ""Manual16_34"", ""Manual16_33""]"
144,"您好，健身追踪器本身不支持传统意义上的‘锁屏’功能（如滑动解锁或指纹解锁），但可通过‘设备锁’功能保障安全：开启后，每次唤醒屏幕均需输入您设置的4位PIN码才能使用。设置路径如下： 1. 在手机端健身追踪器应用的今日页面，点击左上角图标 > 健身追踪器卡片； 2. 进入后选择‘设备锁’； 3. 按提示开启并设置您的4位PIN码。 ⚠️ 注意：若您已设置非接触式支付（如手表刷卡），设备锁将自动启用且必须设置PIN码。 此外，为节省电量，手表默认在无操作时自动熄屏；您也可通过‘盖住表盘’或‘手腕转向身体外侧’快速关闭屏幕 <PIC>。如需常亮显示时间，请在时钟界面向下滑动打开快捷设置，点击‘常亮显示’图标开启（开启后屏幕持续可见，但会缩短续航）<PIC>。 , [""Manual16_22"", ""Manual16_23""]"
145,"根据手册内容，使用冰箱冰柜时需注意的前五条安全事项如下： 1. 应使用专用插座，一个插座同时使用多个设备可能引发火灾；若连接漏电保护器，可能跳闸导致食物变质。<PIC> 2. 请勿让电源插头朝上或被挤压在冰箱冰柜背面，否则可能因线缆松脱、损坏引发火灾或停机。<PIC> 3. 安装过程中拔下插头后推入冰箱时，须防止电源线被挤压或弯折，避免火灾或触电风险。<PIC> 4. 请勿延长或改装电源插头长度，否则可能引发火灾或触电。<PIC> 5. 清洁、操作或更换冰箱冰柜内部灯泡前，请务必拔下电源插头，以防触电；更换灯泡时须确保灯座内绝缘橡胶圈未被取下。<PIC> , [""Manual17_0"", ""Manual17_1"", ""Manual17_2"", ""Manual17_3"", ""Manual17_4""]"
146,"根据手册内容，连接电源时需注意的前五条事项如下： 1. 应使用专用插座。一个插座同时使用多个设备可能引发火灾；若连接漏电保护器，可能跳闸导致食物变质。<PIC> 2. 请勿让电源插头朝上或被挤压在冰箱冰柜背面。插头朝上易松脱，导致电气故障、火灾或停机；线缆被挤压可能损坏并引发火灾。<PIC> 3. 安装过程中拔下插头后推入冰箱时，防止电源线被挤压或弯折。否则可能引发火灾或触电。<PIC> 4. 请勿让重物挤压或弯折电源线。可能损坏电源线，引发火灾或触电。<PIC> 5. 请勿延长或改装电源插头长度。可能导致火灾或触电。<PIC> , [""Manual17_0"", ""Manual17_1"", ""Manual17_2"", ""Manual17_3"", ""Manual17_4""]"
153,"使用发电机时，鉴于燃油高度易燃且有毒，您需特别注意以下安全事项： 1. 加油前务必关闭发动机； 2. 加油时严禁吸烟或靠近任何明火； 3. 避免将燃油洒在发动机、消音器或高温部件上 <PIC>； 4. 加油请勿超过燃油滤清器顶部，防止受热膨胀溢出，如溢出请立即擦拭干净 <PIC>； 5. 加油后务必拧紧油箱盖，并确保通气旋钮已拧紧 <PIC>； 6. 操作或运输时保持发电机直立，倾斜可能导致燃油从化油器或油箱泄漏； 7. 如燃油误吞、吸入蒸汽或入眼，请立即就医；如接触皮肤或衣物，请立即用肥皂水清洗并更换衣物； 8. 请在通风良好的开阔区域运行发电机，切勿在封闭空间内使用，以防废气中毒； 9. 运行中发动机及消音器温度极高，请与建筑物、易燃物及人员保持至少1米距离 <PIC>。 , [""generator_20"", ""generator_14"", ""generator_03"", ""generator_04""]"
154,"您好，发电机工作后发动机和消音器温度极高，为保障自身安全，请务必注意以下几点： 1. 运行中及停机后一段时间内，请勿用身体任何部位或衣物触碰发动机、消音器及其周边高温部件； 2. 将发电机放置在行人、儿童不易触碰的位置，并与建筑物、易燃物及其他设备保持至少1米（3英尺）距离； 3. 切勿在排气口附近放置易燃物品，严禁在封闭空间内运行，确保操作环境通风良好； 4. 检修或维护前，务必等待发动机及消音器完全冷却； 5. 搬运时请仅通过提手操作，保持机身直立，避免倾斜导致燃油泄漏或接触高温表面。<PIC><PIC><PIC> , [""generator_04"", ""generator_11"", ""pump_01""]"
155,"日常使用中，为防止发电机触电事故，请务必遵守以下安全措施： 1. 切勿在雨雪等潮湿环境中运行发电机； 2. 严禁湿手触碰发电机及插头，以防触电 <PIC>； 3. 必须对发电机进行可靠接地，并使用足够载流量的接地导线（参考导线直径要求） <PIC>； 4. 连接前确认所有电气设备、线路及插头状态良好；插入插头前务必关闭所有用电设备； 5. 若将发电机接入建筑物配电系统，必须由持证电工安装隔离（转换）开关，防止反送电导致维修人员触电 <PIC>； 6. 使用延长线时，应选用符合IEC 245标准的橡胶护套线，并确保截面积与长度匹配，避免过热或电压降引发安全隐患 <PIC>； 7. 充电或操作电池时严禁吸烟、明火，远离火花，操作中佩戴护目镜，避免电解液接触皮肤或眼睛 <PIC>。 , [""Manual17_5"", ""Manual18_12"", ""Manual18_13"", ""Manual18_14"", ""Manual18_15""]"
156,"通过燃油开关旋钮供油时，请按以下步骤操作： 1. 确保发动机已关闭，且加油环境无明火、无吸烟行为； 2. 按住油箱盖防止转动，将通气旋钮逆时针旋转1圈，打开油箱通气口 <PIC>； 3. 将燃油开关旋钮置于“开启”位置 <PIC>； 4. 若燃油开关旋钮无法转动，可取下盖板①，使用内部燃油开关拨杆手动供油 <PIC>。 注意：供油前请确认油箱有油，且燃油管路与化油器无堵塞。 , [""generator_10"", ""Manual18_19"", ""Manual18_20""]"
157,"使用发电机前，燃油检查操作如下：1. 确认油箱内燃油充足，推荐使用泵法辛烷值（(R+M)/2）86及以上或研究法辛烷值91及以上的普通无铅汽油；<PIC> 2. 加油前务必关闭发动机；<PIC> 3. 加油时严禁吸烟或靠近明火，避免燃油洒在发动机或消音器上；<PIC> 4. 检查油箱盖通气旋钮是否拧紧，防止运输或倾斜时燃油泄漏；<PIC> 5. 若长期存放后首次使用，建议排空化油器内旧燃油（将燃油开关置于“关闭”，启动至自行停机），再加注新鲜燃油。 , [""generator_12"", ""generator_20"", ""generator_21"", ""generator_03""]"
158,"启动发电机发动机的前两个步骤是： 1. 按住油箱盖防止转动，将通气旋钮逆时针旋转1圈，打开油箱通气口。<PIC> 2. 将燃油开关旋钮置于“开启”位置。<PIC> , [""Manual40_4"", ""Manual40_5""]"
159,"为确保连接发电机交流电过程中的自身安全，请严格遵守以下关键安全措施： 1. **防触电**：切勿在雨雪中运行发电机；切勿湿手触碰发电机或插拔插头；务必对发电机进行可靠接地，并使用足够载流量的接地导线 <PIC>。 2. **负载与线路安全**：连接前确认所有电气设备及线路状态良好；插入插头前务必关闭所有用电设备；确保总负载不超过发电机额定输出功率，插座负载电流不超其额定值。 3. **操作顺序**：① 将电源线在提手上缠绕2–3圈；② 启动发动机；③ 插入交流插座；④ 确认交流指示灯亮起 <PIC>；⑤ 将经济控制开关置于“Ⅰ”（开启）位置后，再逐个打开用电设备电源。 4. **环境与防护**：将发电机置于干燥、通风、远离儿童及易燃物的开阔区域；与建筑物/障碍物保持至少1米距离；运行中避免靠近高温排气口和消音器 <PIC>。 5. **禁止行为**：严禁在密闭空间无通风条件下运行；严禁在电池附近吸烟或产生火花；操作时请佩戴护目镜，避免接触电解液等危险物质。 如遇异常（如过载指示灯常亮、无交流输出），请停机检查，必要时按下直流保护器复位键 或联系授权经销商。 , [""Manual18_12"", ""generator_04"", ""Manual18_66""]"
160,"您好，发电机上常见的两种主要开关是：1. **经济控制开关**（通常标有“Ⅰ/Ⅱ”或“ON/OFF”），用于切换发动机运行模式——置于“Ⅰ”位时启用经济模式，降低转速以节省燃油、降低噪音，适用于轻载工况；置于“Ⅱ”位时为标准功率模式，确保满负荷稳定输出。<PIC> 2. **直流保护器复位开关**（标有“复位”和“断开”），当直流负载超限导致自动断开时，需手动按下“复位”按钮恢复供电；若频繁断开，说明负载已超发电机直流额定输出，请及时减载并检查设备。<PIC> , [""Manual18_43"", ""generator_09""]"
161,"您好，发电机的标识信息（包括产品识别码、序列号及机型标识）通常位于机身上的重要标签处。根据说明书提示，请重点查看以下位置：① 机身铭牌标签（常位于发电机侧面或后部）；② 控制面板附近的安全与说明标签；③ 发动机本体或底座铭牌。其中，编号前三位为机型标识，其余为生产编号，建议您在使用前即行记录并妥善保管。参考图示位置详见 <PIC> 。 , [""Manual18_0""]"
162,"使用发电机的直流保护器时，您需注意以下几点： 1. 直流保护器在负载超过发电机额定输出时会自动断开，此时请立即将负载降至额定范围内； 2. 断开后可按下复位按钮恢复供电 <PIC>； 3. 若复位后再次断开，请停止使用并联系发电机经销商进行专业检查； 4. 日常使用中务必确保总负载始终在发电机额定输出范围内，避免长期过载运行； 5. 请结合使用前检查（如接线状态、通气软管、电池连接等）共同保障直流保护功能正常工作。 , [""generator_08""]"
163,"使用发电机前对发动机机油进行检查的正确步骤如下： 1. 将发电机放置在水平地面上； 2. 取下机油加注口盖； 3. 拔出油位计（无需旋入），擦拭干净后重新插入加油口，再拔出查看油位； 4. 确认机油液位位于上限与下限之间 <PIC>，若低于下限，需添加符合要求的机油（推荐API SE或SF级，如SAE 10W-30）至上限位置 <PIC>； 5. 检查机油是否清洁、无乳化或杂质，如有异常应更换； 6. 注意：发电机出厂时未加注机油 <PIC>，首次使用前必须加注，否则无法启动。 , [""pump_22"", ""pump_23"", ""Manual18_23""]"
164,"根据手册说明，启动发电机发动机的最后三个步骤是： 5. 缓慢拉动反冲启动器至啮合位置，然后快速拉动。<PIC> 6. 发动机启动后，进行暖机，直至阻风门旋钮推回原位发动机也不会熄火。 7. 将阻风门旋钮推回原位。<PIC> , [""Manual40_7"", ""Manual40_8""]"
165,"发电机电池电量不足时，请按以下步骤安全充电： 1. 确保发电机处于停机状态，关闭经济控制开关； 2. 检查电池接线是否正确：红线（+）接电池正极，黑线（–）接负极，切勿接反 <PIC>； 3. 确认通气软管连接正常、无堵塞或损坏； 4. 将充电线插入发电机直流插座（额定电压12V），并在提手上缠绕2–3圈固定 <PIC>； 5. 启动发动机后开始充电（注：需先启动发动机再连接/启用充电回路）； 6. 充电过程中严禁吸烟、明火或火花，须在通风良好处操作； 7. 电池电解液具腐蚀性与毒性，请佩戴护目镜，避免接触皮肤/眼睛，儿童不可接触； 8. 可通过测量电解液比重判断充电状态：充满电时比重为1.26–1.28，建议每小时检查一次。 ⚠️ 特别注意：充电时禁止在电池处连接或断开线路，以防电火花引燃易爆气体；若直流保护器断开，请先降低负载，再按“复位”键恢复 <PIC>。 , [""Manual18_38"", ""Manual18_39"", ""Manual18_38""]"
166,"要让发电机的发动机停机，请按以下步骤操作： 1. 将油门手柄完全向左推（置于怠速或关闭位置）； 2. 将发动机开关置于“OFF”位置 <PIC>； 3. 将燃油开关手柄置于“OFF”位置 <PIC>。 完成以上操作后，发动机会安全停机。为确保安全，停机后建议等待发动机及消音器冷却（表面可能高温发烫），并保持发电机直立存放于干燥通风处。 , [""Manual18_63"", ""Manual18_63""]"
167,"根据手册建议，使用发电机时检查火花塞的步骤如下： 1. 取下盖板①。<PIC> 2. 检查火花塞是否变色，并清除电极积碳。<PIC> 3. 核对火花塞型号是否符合要求，并检查/调整电极间隙（标准间隙为0.5毫米/0.020英寸）。<PIC> 4. 安装火花塞。<PIC> 5. 安装盖板。<PIC> 提示：建议每工作25小时或每周检查一次；每月更换新火花塞。若发动机出现启动困难、动力不足或怠速不稳，应优先检查火花塞状态。 , [""Manual04_40"", ""Manual04_41"", ""Manual04_42"", ""Manual04_37"", ""Manual04_38""]"
168,"为了正确更换发电机的发动机机油，请按以下前六个步骤操作：1. 将发电机放置在水平地面上，预热发动机数分钟，然后停机，并将燃油开关旋钮置于“关闭”位置；2. 取下盖板①；3. 从发电机底部拆下放油接头①，同时打开机油加注口盖；4. 在发动机下方放置接油盘，倾斜发电机使旧机油完全排空；5. 检查放油接头、垫片、O形圈及机油盖，如有损坏请更换；6. 添加推荐等级（API SE或SF级）的发动机机油至机油加注口上限位置 <PIC><PIC><PIC>。提示：推荐机油为SAE 10W-30，加注量约0.6升。 , [""generator_17"", ""generator_18"", ""generator_19""]"
169,"您好，关于发电机空气滤清器的正确操作步骤如下： 1. 取下盖板①。<PIC> 2. 松开固定空气滤清器盖⊛的卡箍○。<PIC> 3. 取下空气滤清器盖及滤芯④。 4. 用溶剂清洗滤芯并晾干（注意：使用溶剂时严禁吸烟或靠近明火）。 5. 给滤芯上油并挤出多余机油，滤芯应湿润但不滴油。推荐机油：泡沫空气滤清器专用油或SAE 20号发动机油（请勿拧绞滤芯，以免撕裂）。 6. 将滤芯装入空气滤清器，确保滤芯密封面与空气滤清器贴合，无漏气。 7. 将空气滤清器盖装回原位并安装卡箍。 8. 安装盖板。 ⚠️ 特别注意：发动机严禁无滤芯运行，否则会导致活塞及气缸过度磨损。 , [""Manual18_42"", ""Manual18_43""]"
170,"您好，发电机发动机无法启动时，请按以下步骤逐一排查： 1. 检查机油：确认发动机机油液位是否在加注口上限位置 <PIC>；出厂时未加注机油，机油不足会导致无法启动 <PIC>；若机油警告灯闪烁，也表明机油不足，需添加符合API SE/SF级标准的机油 <PIC>。 2. 检查燃油系统：确保油箱有油；打开油箱盖通气旋钮（逆时针旋转1圈）<PIC>；将燃油开关置于“开启”位置 <PIC>；如仍不启动，检查燃油管路或化油器是否堵塞。 3. 检查启动操作：发动机开关置于“7”（开启）位置 <PIC>；冷机启动时需完全拉出阻风门旋钮 <PIC>；热机启动则推回阻风门；缓慢拉动反冲启动器至啮合后快速拉动 。 4. 其他注意：启动前请勿连接任何电气设备，经济控制开关应置于“○”（关闭）位置 ；存放或搬运时务必保持发电机直立 。 , [""Manual18_23"", ""generator_17"", ""generator_18"", ""generator_19"", ""generator_05"", ""Manual18_42"", ""Manual18_43""]"
171,"排空发电机燃油的正确操作如下： 1. 将燃油开关旋钮置于“关闭”位置； 2. 打开油箱盖，使用市售手动虹吸管将油箱内燃油安全排入合格汽油容器，排空后装回油箱盖； 3. 取下盖板①，松开化油器浮子室放油螺丝—，排空化油器内残留燃油 <PIC>； 4. 启动发动机直至自行停机，以燃烧完化油器及燃油管路中剩余燃油 <PIC>。 ⚠️ 注意：燃油高度易燃且有毒，请在通风良好、远离明火与静电的环境下操作；操作前确保发动机已冷却，佩戴防护手套和护目镜；溢出燃油须立即擦拭干净。 , [""Manual18_63"", ""Manual18_63""]"
172,"使用该发电机为对电压敏感的精密设备（如医疗设备、个人电脑、高精度检测仪器等）供电前，您需完成以下关键步骤： 1. **确认电压稳定性适配性**：便携式发电机输出电压可能存在波动，部分精密设备要求更稳定的电压（如正弦波纯净度高、电压波动≤±2%），请务必咨询精密设备供应商，确认其是否兼容本发电机输出特性； 2. **检查负载匹配**：确保所有待供电设备总功率严格低于发电机额定输出功率，避免过载引发电压异常或触发过载保护（<PIC>）； 3. **执行使用前检查**：包括燃油/机油状态、冷却进气口畅通、接地是否可靠（<PIC>）、线路及插头完好无损，并关闭所有待接设备后再启动发电机； 4. **正确启用控制功能**：启动后确认交流指示灯亮起（<PIC>），经济控制开关根据负载类型设置（精密设备建议置于“Ⅰ”开启位以保障稳压性能，除非接入大启动电流设备）； 5. **必要时加装稳压/滤波设备**：若设备厂商明确要求，建议在发电机与精密设备之间加装在线式UPS或专用电压稳定器，以抑制谐波、浪涌及瞬态电压变化。 , [""Manual18_35"", ""Manual18_12"", ""Manual18_13""]"
173,"在摩托艇操作中（适用于划船或钓鱼等水上活动场景），三种关键速度定义及应用差异如下： • **拖曳速度**：最低操控速度，几乎不加油门，艇体完全沉入水中，无尾流；主要用于靠岸、停靠码头、接近浮标或钓点等精细操作，强调稳定性与低速响应，转向仍需配合微小油门（<PIC>）。 • **半滑航速度**：中等速度，艇首略微抬离水面但仍部分浸水，产生明显尾流；适合巡航、搜索钓点或平稳航行，转向灵敏但需持续供油，松开油门后响应迅速减弱（<PIC>）。 • **滑航速度**：较高速度，艇体大部分抬出水面、以滑行姿态前进，尾流强劲；适用于快速转移、穿越开阔水域或应对突发情况，但转向需更大油门配合，急转易引发侧滑，需控制转向角度并斜切浪涌/尾流以保障安全（<PIC>）。 技巧要点：所有转向均依赖油门与车把协同；拖曳速度重精准，半滑航重平衡，滑航速度重预判与姿态控制。 , [""Manual40_1"", ""Manual40_2"", ""Manual40_3""]"
174,"在深水中登上并平衡摩托艇，需严格遵循安全训练步骤：1. 先在近岸浅水区练习，再进入水深至少齐胸（≥60厘米）的开阔水域；2. 登艇前确保熄火绳系于手腕，卡扣已安装至熄火开关；3. 游至艇尾，双手扶登艇平台，单手抓扶手，拉身体至平台呈跪姿，再移至座位跨坐；4. 双手紧握车把，双脚放入脚坑底板，全程不启动发动机进行平衡练习；5. 体重较大者需更注重重心控制，反复练习直至动作连贯、艇体稳定。提示：本艇配备自动复位登艇台阶< PIC >，可辅助登艇；所有练习均须在平静、无交通及障碍物的水域进行，严禁在恶劣天气或浪涌过大时操作。<PIC><PIC> , [""Manual40_13"", ""Manual40_14""]"
175,"在滑航速度下急转弯时，保证稳定性和操控性的关键技巧包括：1. 转向必须配合加油门——滑航速度下转向推力依赖喷嘴排水量，松油门会导致推力骤降、艇体失响应甚至侧滑；2. 避免车把过度转向，否则易引发侧滑，此时应小幅回正车把以恢复喷射水流和转向控制；3. 保持身体重心内倾、双脚稳踩脚坑底板、双手紧握车把，增强平衡与操控反馈；4. 初期从大半径椭圆、8字等缓转练习开始，逐步缩小转弯半径、提升信心与技能；5. 急转弯前确保水域开阔、平静、无障碍，避免在浪涌或尾流中强行急转。提示：滑航速度虽可实现更急转弯，但停车距离显著延长（约90米），务必预留足够安全空间。<PIC><PIC><PIC> , [""Manual40_26"", ""Manual40_27"", ""Manual40_28""]"
176,"在完成大椭圆转弯、绕圈和8字行驶等进阶操控动作时，保持摩托艇的操控性与稳定性需遵循以下核心技巧： 1. **始终配合油门与车把**：转向依赖喷射推力，松开油门会导致转向响应迅速下降甚至失效 <PIC>；因此所有转弯动作（包括大椭圆、绕圈、8字）都必须在持续加油门状态下进行，尤其滑航速度下更需精准控制油门开度以维持推力稳定。 2. **循序渐进训练**：先从半滑航速度开始练习大椭圆（参考训练1）<PIC>，再逐步缩小圈径练习绕圈（训练2）<PIC>，最后组合完成8字路线（训练3）<PIC>；每次提升难度前确保低速响应已熟练掌握。 3. **控制转向幅度，避免侧滑**：滑航速度下过度转车把易引发侧滑，导致喷嘴进水量减少、推力下降、艇体自动减速并转向变缓；此时应立即减小车把转角以恢复稳定转向 <PIC>。 4. **保持标准操作姿势**：双手紧握车把，双脚稳固置于脚坑底板，身体重心居中略前倾，目视前方路线，避免胸部或下巴贴近车把以防冲击受伤 <PIC>。 5. **选择适宜环境**：所有训练须在开阔、平静、无交通及障碍物的大水域进行，避开浪涌与尾流干扰；如需穿越，应提前减速并以约45°斜切角度通过，同时预判艇体偏航趋势并微调方向 <PIC>。 6. **关注载重与平衡**：总重量（含乘员）不得超过220千克，超重将显著降低操控灵敏度与稳定性；搭载乘客时须确认其正确就座、抓稳扶手，并同步适应配重变化后的转向特性 <PIC>。 , [""Manual40_25"", ""Manual40_20"", ""Manual40_21"", ""Manual40_22"", ""Manual40_23"", ""Manual40_24"", ""Manual40_26"", ""Manual40_27""]"
177,"在中低速（如拖曳速度或半滑航速度）转弯时，需特别注意油门与车把的协同控制：1. 转向必须配合加油门——完全松开油门会导致推力骤减，艇体失去转向响应，仅靠水阻滑行无法有效转向；2. 中低速下建议采用平稳、小幅转动车把，并同步施加适量且持续的油门，以维持喷射推力稳定，确保尾部喷嘴能及时响应转向指令；3. 拖曳速度下可完成大半径8字或椭圆转向（<PIC>），而半滑航速度下需略微加大油门以提升转向灵敏度和艇体稳定性；4. 始终保持双脚踩实脚坑底板、双手紧握车把，身体重心随转向自然微倾，避免上身前压影响操控。提示：急转弯时更需同步加大油门（<PIC>），否则易导致转向迟滞或艇体偏滑。 , [""Manual40_19"", ""Manual40_25""]"
178,"驾驶摩托艇以拖曳速度直行和转弯，需遵循以下关键要点，确保平顺性与操控性： 1. **拖曳速度定义**：为最低可控速度，几乎不加油门，艇体沉入水中、无尾流，此时仍具备基本转向能力 <PIC>。 2. **直行操作**： - 登艇后观察四周，启动发动机； - 双手紧握车把，双脚置于脚坑底板，身体正直，目视前方； - 保持油门微开（或仅维持怠速推力），避免完全松开油门——因完全松开后艇体将丧失转向响应 <PIC>。 3. **转弯操作（拖曳速度下）**： - 转向必须配合微量油门，仅靠转动车把无法有效改变方向； - 练习长约15–21米的大8字路线，全程不猛加油门，保持低速稳定； - 车把轻柔转动，避免急打，利用喷射推力喷嘴角度变化实现平顺转向 <PIC>。 4. **安全前提**： - 必须在开阔、平静、无交通及障碍物的大水域练习； - 始终系好熄火绳，确认载重不超过220千克； - 穿越尾流/浪涌前务必减速并斜切通过，不可在拖曳速度下强行应对复杂水面。 提示：拖曳速度主要用于靠岸、停靠码头或接近物体，是建立操控信心的基础阶段。熟练掌握后，再循序进入半滑航、滑航速度训练。建议结合《用户/操作手册》完成驾驶前检查与操作姿势训练 <PIC>。 , [""Manual40_19"", ""Manual40_25"", ""Manual40_20"", ""Manual40_31""]"
179,"摩托艇全加速行驶时，安全平稳停稳的关键在于：1. **提前预判与减速**：松开油门手柄，依靠水阻自然减速；全速状态下完全松油门后，停车距离约90米（受载重、水面、风向等影响）；2. **主动缩短停车距离**：握紧RiDE手柄减速，可使停车距离比不使用时缩短约30%；3. **严禁急刹或关机停车**：摩托艇无独立制动系统，停止发动机或突然断油会导致转向失灵（因转向依赖油门推力），丧失操控性；4. **避让优先原则**：若判断无法在障碍物前安全停下，应立即加油门并转向避让，切勿强行硬停；5. **保持操控前提**：减速过程中需维持最低拖曳速度以上，确保车把仍能响应转向指令。建议在开阔平静水域反复练习‘训练3：接近物体’（参考文档3），逐步建立对不同速度下停车距离的直观感知。<PIC><PIC> , [""Manual40_25"", ""Manual40_20""]"
180,"为避免摩托艇碰撞事故、保障自身及他人水上安全，请严格遵守以下要点： 1. **防御性驾驶**：始终以安全速度行驶，与人员、物体及其他船只保持足够安全距离；切勿紧跟其他船只，避免靠近他人喷水嬉戏。 2. **持续观察**：驾驶时双眼直视前方，提前识别风险；练习“盲操”操控装置（如油门、转向），避免低头寻找按钮而忽视周围环境。 3. **正确转向**：摩托艇无刹车，转向必须配合油门——松油门将导致转向力下降甚至失控；高速滑航时避免过度转把，以防侧滑失稳；低速时先熟悉响应，再逐步提升难度。 4. **规避障碍与尾流**：选择开阔、平静、无交通及障碍物的水域练习；穿越尾流或浪涌时务必减速，并以约45°角“斜切”，身体微抬、屈膝缓冲冲击；避免连续穿越多道尾流。 5. **载重与平衡**：总重量（含驾乘人员与货物）不得超过220千克；载重越大，平衡越难，需加强静止平衡与深水登艇训练。 6. **出发前检查**：每次驾驶前确认转向系统、油门手柄、熄火绳（须系于手腕并卡入开关）等关键部件正常工作。 7. **天气与水域禁忌**：严禁在恶劣天气、大风浪、浅水区或有水下障碍物区域驾驶。 8. **应急意识**：发现潜在碰撞风险时须立即采取避让动作，切勿犹豫；牢记“早发现、早转向、早减速”。<PIC> , [""Manual20_88""]"
181,"水泵发动机安全停机的正确步骤如下： 1. 将油门手柄完全向左推，使发动机减速至怠速； 2. 将发动机开关置于“OFF”位置 <PIC>，切断点火电路，发动机停机； 3. 将燃油开关手柄置于“OFF”位置 <PIC>，防止燃油泄漏或意外启动。 提示：停机后如需长期存放，建议排空燃油系统并更换机油（参考《发动机机油更换》步骤）。 , [""Manual31_7"", ""Manual31_7""]"
182,水泵的核心部件主要包括：发动机（含火花塞、化油器、消音器、空气滤清器等）、泵体（含叶轮、机械密封、进/出水口）、燃油系统（油箱、燃油开关、油箱滤网）、冷却系统（注水螺塞、放水螺塞、冷却水 pilot 出口）、启动系统（反冲启动器）、控制系统（发动机开关、油门手柄、阻风门手柄）以及润滑系统（机油加注口盖、放油螺塞）。其中，机械密封和叶轮是直接影响水泵抽水性能与寿命的关键核心部件。
183,清洗油箱滤网的详细步骤如下： 1. 关闭设备并确保发动机已冷却； 2. 打开油箱盖，小心取出油箱滤网； 3. 使用专用溶剂（如无铅汽油或推荐清洁剂）清洗滤网，切勿使用明火附近操作； 4. 若滤网变形、破损或堵塞严重，请更换新滤网； 5. 清洗后用干净布擦干或自然晾干（避免暴晒）； 6. 将干燥洁净的滤网正确装回油箱内，并拧紧油箱盖。 ⚠️ 注意：加油时请勿超过滤网上沿，防止燃油受热膨胀溢出；溢出燃油须立即擦拭干净。
184,"水泵安全排放燃油的正确步骤如下： 1. 停止发动机并确保其完全冷却（<PIC>）； 2. 将燃油开关旋钮置于“OFF”位置； 3. 打开油箱盖，使用手动虹吸管将油箱内燃油排入合格汽油容器（<PIC>）； 4. 取下化油器盖板，松开化油器浮子室放油螺塞，排空浮子室内残留燃油（<PIC>）； 5. 排空后，拧紧放油螺塞并装回盖板； 6. 如需长期存放，可向空油箱内倒入少量SAE 10W30或20W40机油，晃动使内壁均匀附着后排出多余机油（<PIC>）。 ⚠️ 注意：燃油高度易燃且有毒，请在通风良好处操作，远离明火与静电，溢出燃油须立即擦拭干净（<PIC><PIC><PIC>）。 , [""Manual31_20"", ""Manual03_18"", ""Manual18_63"", ""pump_18"", ""pump_19"", ""pump_20"", ""pump_21""]"
185,"水泵无法抽水的潜在原因及诊断解决方法如下： 1. **未充分注水或泵体内有空气**：启动前必须向泵体内注满水（水位达上限 <PIC>），否则无法形成真空吸力。若软管安装不牢固，会进气导致无法抽水 <PIC>。 2. **密封部件失效**：注水螺塞、放水螺塞、软管接头或卡箍松动 → 拧紧；O形圈或垫片损坏 → 更换 <PIC>；机械密封损坏 → 建议联系授权经销商检修。 3. **滤网缺失或堵塞**：务必安装匹配型号的滤网（YP20G用Φ50mm，YP30G用Φ80mm，孔径≤8mm），否则杂质进入会阻塞流道或损坏叶轮 <PIC>。 4. **安装与工况问题**：水泵应置于稳固平面，并尽量靠近水源；吸程过高会导致注水时间延长、出水量减小 <PIC>。 5. **机油不足触发保护停机**：若发动机频繁熄火或无法启动，检查机油警告灯是否闪烁 <PIC>；油位低于下限时需补充机油后方可重启。 6. **冬季冻损隐患**：气温低于0℃时，未排空泵体积水可能导致结冰胀裂，请使用后从底部排水口彻底排空 。 建议按以上顺序逐项排查：先确认注水、密封与滤网，再检查安装位置与机油状态，最后排除冻损可能。如仍无法解决，请联系售后技术支持。 , [""pump_08"", ""Manual31_6"", ""Manual31_24"", ""Manual31_10"", ""Manual31_11"", ""Manual31_19""]"
186,"为温控器设置日期和时间，是实现精准日程与温度控制的基础。请按以下步骤操作： # 设置日期 1 按菜单键进入设备菜单，屏幕显示PROG；按+或-键选择“日期”选项； 2 按选择键，年份开始闪烁；按+或-调整年份，按选择键确认； 3 按+或-调整月份，按选择键确认； 4 按+或-调整日期，按选择键保存并退出。<PIC> # 设置时间 1 按菜单键进入设备菜单，屏幕显示PROG；按+或-键选择“时间”选项； 2 按选择键，进入时钟格式设置（12小时制或24小时制），按+或-选择后按选择键； 3 小时开始闪烁，按+或-调整小时，按选择键确认； 4 分钟开始闪烁，按+或-调整分钟，按选择键保存并退出。 ✅ 温馨提示： - 若更换电池在2分钟内完成，日期和时间不会丢失； - 所有程序日程（起床/离家/回家/睡眠）均依赖准确的系统时间运行； - 设置完成后，建议进入“程序日程”（PROG）菜单，按步骤配置各时段温度与时间，以实现智能节能控制。 如需进一步设置日程，请参阅“调整程序日程”说明。 , [""Manual29_23""]"
187,要优化供暖和制冷效果，您可通过以下两方面调整温控器设置： 一、系统模式设置（决定设备运行逻辑）： - 按【模式键】循环切换系统模式，推荐根据实际需求选择： • 【自动】：温控器智能判断并自动切换供暖/制冷，适用于四季温差明显区域； • 【供暖】或【制冷】：仅启用对应功能，适合季节性使用，可避免误启； • 【应急供暖】（仅热泵机型）：压缩机不工作，启用辅助电加热，用于极寒天气快速升温。 - 系统模式需与实际安装的暖通设备匹配（如热泵/单冷/冷暖系统），否则可能导致反向运行（如制冷时启动供暖），请检查系统设置选项200/218确保配置正确。 二、风扇运行设置（影响空气循环与体感舒适度）： - 按【风扇键】切换风扇模式： • 【自动】：仅在供暖/制冷运行时启动风扇，节能且静音； • 【开启】：风扇持续运转，促进全屋温度均匀，适合大空间或层高较高环境； • 【循环】：风扇随机运行约33%时间，平衡能耗与空气流通，推荐日常使用。 ✅ 额外优化建议： - 启用【程序日程】：每天设置“起床、离家、回家、睡眠”四段温度（如冬季供暖：起床70°F、离家62°F、回家68°F、睡眠65°F），可显著提升能效； - 开启【智能响应技术】：温控器将学习系统升温/降温延迟，在设定时间前自动启动，确保准时达温； - 定期检查电池电量（低电量图标出现时及时更换AA碱性电池），避免因供电异常导致设置丢失或控制失效。 如需进一步配置高级参数（如压缩机保护延时、传感器校准等），可进入【高级菜单】（长按菜单键+键5秒）→【系统设置（ISU）】进行调整。
188,"要调整可编程温控器的程序日程以实现高效能源利用和温度控制，请按以下步骤操作： 1. 按菜单键，显示PROG，再按选择键进入程序设置； 2. 按+或-选择要编辑的日期组（如工作日/周末），按选择键确认； 3. 按+或-选择日程时段（起床、离家、回家、睡眠），按选择键进入编辑； 4. 按+或-调整该时段的开始时间，按选择键确认； 5. 按+或-分别设置该时段的‘供暖’与‘制冷’目标温度，按选择键确认； 6. 对其余三个时段重复步骤3–5； 7. 全部设置完成后，按主页键保存并退出。 ✅ 节能建议： - ‘离家’和‘睡眠’时段建议设为节能温度（如冬季供暖设为16–18°C，夏季制冷设为26–28°C）； - 利用‘智能响应技术’（自动提前启停系统），确保在设定时间精准达温，避免无效运行； - 如需临时调整，直接按+/-键修改温度，新设定将保持至下一程序时段开始；如需长期覆盖，可在闪烁时按‘保持（模式）键’切换为永久保持。 提示：所有设置均无需断电，电池供电下参数永久存储。<PIC><PIC><PIC><PIC> , [""Manual27_15"", ""Manual29_21"", ""Manual29_37"", ""Manual27_17""]"
189,"您可以在不影响已编程日程的前提下，通过以下方式临时更改温控器温度： 1. 直接按+或-键调整当前显示的温度； 2. 调整至所需温度后，无需额外操作——该设定将作为“临时覆盖”，自动保持至下一个预设日程时间段开始（例如：当前为“离家”时段，您调高温度，则新温度将持续到“回家”时段启动时）。 如需提前取消临时覆盖，可再次按+或-键，然后按“取消”键即可恢复原程序日程。 注：此操作不会修改您已设定的起床、离家、回家、睡眠等任何日程参数，所有程序设置均完好保留。<PIC> , [""Manual03_16""]"
190,"当设备或系统出现警报界面时，应按以下步骤操作：1. 主界面显示警报图标后，进入菜单查看具体警报/错误代码，以定位问题原因；2. 根据【警报代码】对照表（见说明书相关章节）识别故障类型；3. 若为暂态警报（如温度超限、通信中断等临时异常），可尝试重启设备或等待系统自动恢复；4. 若警报持续存在，请检查设备供电、连接状态、环境条件（如是否过热、通风不良等）及设置参数是否正确；5. 确认问题后，按需执行清除警报操作（部分设备需在警报菜单中手动取消）；6. 若无法自行解决，建议记录错误代码并联系售后支持。注意：警报图标将一直保留在主界面，直至警报被确认并清除。<PIC><PIC><PIC> , [""drill0_15"", ""drill0_16"", ""Manual27_12""]"
191,"针对热泵系统接线，请严格按以下步骤操作以确保连接正确且功能正常： 1. **断电操作**：安装前务必关闭断路器箱或供暖/制冷系统总电源，并确认系统已断电（调节旧温控器后5分钟内无启动声）。 2. **R滑动开关位置**：保持R滑动开关在**向上位置（仅1根电线）**，这是热泵系统的强制要求。 3. **电线匹配原则**：将每根标记电线（如Y、O/B、C、G等）与新温控器上**相同字母标识的端子**一一对应插入；若标签不匹配，请参阅说明书第13页接线对照图 <PIC>。 4. **特殊注意事项**： - 若旧温控器同时有V和VR电线 → **立即停止，联系专业安装人员**； - 若有单独的O和B电线 → 将B线连接至C端子；但若C端子已被占用 → **立即停止，联系专业安装人员**； - 若有Y1、W1、W2等多级控制线 → **立即停止，联系专业安装人员**。 5. **禁止跨接线**：RTH 7500型温控器不支持跨接线，请在接线前全部拆除。 6. **拍照记录与核对**：拆线前拍摄旧接线照片（清晰显示端子字母与电线颜色），安装完成后务必比对确认一致 。 ⚠️ 安全提示：本操作涉及低压控制电路，但仍存在触电风险；非专业人员请勿自行修改高压侧或压缩机侧接线。 , [""Manual11_0""]"
192,"更换温控器电池的安全操作步骤如下： 1. 【断电确认】为安全起见，建议先关闭供暖/制冷系统电源（如断路器），避免带电操作；若仅更换电池且温控器为电池独立供电型（非24V线电压直供），可不关总电，但需确保无裸露高压接线（参考文档5警告）。 2. 【拆卸面板】轻握温控器主体，垂直向下轻拉取下面板（部分型号可能有卡扣或螺丝，参考文档5）；注意勿触碰或拆卸底座上的电线。<PIC> 3. 【更换电池】打开电池仓（通常位于温控器背面），取出旧电池；装入两节全新AA碱性电池，注意正负极方向正确（参考文档10、文档3）<PIC>。严禁使用充电电池或非碱性电池，以免漏液或电压不稳。 4. 【功能恢复】若在2分钟内完成更换，时间与日期无需重设；其余所有程序设置（如温度计划、系统模式等）均永久存储，自动保留。 5. 【功能验证】装回面板后，观察屏幕是否正常亮起；检查是否显示电池低电量图标已消失；可短按任意键确认响应灵敏；设定一个临时温度，观察对应系统（供暖/制冷）是否正常启停。 ⚠️ 注意：若更换后屏幕不亮或功能异常，请检查电池极性、接触是否良好，并确认系统设置选项220是否设为电池供电模式（见文档4）。 , [""Manual11_1"", ""drill0_06""]"
193,"当标签与端子不匹配时，请按以下步骤为温控器重新接线，确保连接无误： 1. 首先确认系统类型（常规供暖/制冷系统 or 热泵系统），因接线规则不同； 2. 关闭电源，并拍摄旧温控器接线照片，记录每根电线所接端子字母及颜色； 3. 拆除跨接线（如有），并用包装内电线标签标记每根电线（标签字母应与原端子一致）； 4. 根据【参考文档 1】中‘常规系统接线’说明操作： - 若旧温控器同时有R和Rc线：将R滑动开关拨至向下位置（2根电线），Rc线接Rc端子，R线接R端子； - 若旧温控器有R和RH线：同样将R滑动开关拨至向下位置，R线接Rc端子，RH线接R端子； - 若仅有1根C或C1线：接至C端子；若有2根C/C1线：用电工胶带分别包裹，**不连接**； 5. 若为热泵系统且标签不匹配：请参阅说明书第13页对应图表，或严格按‘热泵系统接线’规则——仅将标记电线与相同字母端子匹配；若出现V/VR、O/B、Y1/W1/W2等特殊组合，请立即停止操作并联系专业安装人员。<PIC><PIC><PIC> , [""Manual28_4"", ""drill0_06"", ""Manual27_15""]"
194,遇到温控器故障时，可参考以下故障排除解决方案： 1. **屏幕空白**：检查是否已正确安装全新AA碱性电池；确认系统设置选项220设置为1或2。 2. **无法切换至制冷模式**：确保系统设置选项220已正确配置（见说明书第9页）。 3. **需要供暖时风扇不启动**：检查系统设置选项205，确保与您的供暖设备类型匹配（如燃气炉、电炉等）。 4. **制冷模式下供暖系统运行**：检查系统设置选项200或218，确保与实际供暖/制冷设备类型一致。 5. **供暖或制冷系统无响应**： - 按【系统】键设为对应模式（供暖/制冷）； - 设定温度需高于（供暖）或低于（制冷）当前室内温度； - 检查断路器是否跳闸并复位； - 确认供暖/制冷设备电源开关已打开； - 确保炉门紧闭； - 等待5分钟让系统响应。 6. **供暖/制冷指示灯闪烁**：可能是压缩机保护功能启动，请等待5分钟让系统自动安全重启。 7. **警报图标显示**：进入菜单查看警报代码，对照【警报代码】表定位问题；暂态警报7天后将自动重现，需手动清除（见【警报界面】说明）。 提示：操作前请务必关闭断路器以确保安全；若涉及复杂接线（如O/B、Y1/W1/W2、V/VR等）、高电压（120V/240V）或不确定配置，请联系持证暖通技术人员处理。
195,您好，暂未查询到相关产品信息，已为您转接人工客服。
196,"您好，关于您的问题： 1. 耳机类型：根据参考知识，当前文档中明确提及的是‘立体声耳机’（见【参考文档 7】），并配套可更换耳塞使用；未提供其他耳机类型（如入耳式、头戴式、骨传导等）的说明。 2. 如何更换耳塞：立体声耳机出厂默认安装M号耳塞，您可根据佩戴舒适度更换为S号或L号耳塞。操作方法为：旋转耳塞后将其拔下即可取下；安装时请确保耳塞牢固卡入，防止使用中脱落 <PIC> 。清洁建议：取下耳塞后可用中性洗涤剂手洗，再用软布彻底擦干后装回。 注：以上信息基于VR头显配套立体声耳机的说明，图片参考见‘更换耳塞’示意图。 , [""Manual38_4""]"
197,"为保持遮光罩的清晰度和功能性，请按以下步骤清洁：1. 将遮光罩从VR头显上取下；2. 用水清洗；3. 用软布完全擦干后再装回头显；4. 安装时，将遮光罩上的凸点与头显上的13个孔对齐。<PIC> , [""Manual38_5""]"
198,为确保安全且最佳的使用效果，游玩区域的推荐尺寸为：宽度和深度至少为2.3米 × 1.8米（90英寸 × 70英寸）。该尺寸是设备周围通行、紧急下机及安全运行所需的最小预留空间。同时，请确保地面坚固、水平，并清理大于此区域的活动空间，移除所有障碍物（如家具、楼梯、电线等），避免碰撞或绊倒风险。
199,"为确保用户安全与VR头显使用寿命，请严格遵守以下安全预防措施： 1. 【环境与空间安全】 ● 使用前请清理大于游玩区域的活动空间，清除墙壁、楼梯、家具等障碍物；佩戴头显时视野受限，设备无法识别真实障碍物。<PIC> ● 尽可能保持坐姿使用；如需站立，请严格遵循应用程序指示，切勿随意走动或做剧烈/过度动作。 ● 使用期间防止宠物、他人或其他障碍物闯入游玩区域；定期检查线缆是否缠绕在身体或四肢上。 2. 【健康与生理安全】 ● 若出现疲劳、头晕、恶心、视力模糊、眼肌抽搐、意识障碍、癫痫征兆或服药/醉酒状态，请**立即停止使用**并就医；经医生许可后方可恢复使用。 ● 长时间使用易引发晕动症或低温烫伤（处理器单元/通风口排风温度≥40℃），避免身体长时间接触发热部件。 ● 若佩戴后皮肤不适、耳鸣、听力下降或耳部不适，请立即停用；高音量可能造成永久性听力损伤，请调至安全音量水平。 3. 【设备操作与维护安全】 ● 待追踪灯完全熄灭后再取下头显或拔下连接线，否则可能导致系统故障。 ● 请勿摔落、投掷、重压头显或处理器单元；勿让液体、灰尘、烟雾、蒸汽进入接口或通风口；雷雨天气请勿触碰电源线或适配器。 ● 清洁时仅用柔软干布擦拭外壳；遮光罩可取下水洗并彻底擦干后复位 <PIC>；切勿用腐蚀性清洁剂或湿布直接擦拭屏幕及传感器。 ● 保持附着传感器无遮挡，以防屏幕无法自动关闭导致画面残留（残影）。 ● 儿童须在成人监护下使用，设备应放置于幼儿不可触及处，防止误吞小零件、拉扯线缆或缠绕窒息。 4. 【其他注意事项】 ● 本产品含金属与塑料部件，报废时请依当地法规回收处理。 ● 特别干燥环境下偶有静电触击感属正常现象，非设备故障。 ● 正确佩戴头显，调节旋钮与镜罩勿过紧或过度推拉，定期检查佩戴状态。 , [""Manual17_0"", ""Manual38_5""]"
200,您好，关于功能键盘的全球保修政策，具体内容如下： ✅ **保修通常包含的内容**： 1. 保修期限：自购买之日起，提供有限保修（具体时长依销售地区而定，如欧洲为2年，北美及澳新以外地区通常为1年）； 2. 保障对象：仅限原始消费者（首次购买者）； 3. 保修服务形式：经判定属制造缺陷导致的故障，我们将根据库存情况，免费提供维修或更换服务，更换产品可为全新或翻新、功能相近且价值相等或更高； 4. 凭证要求：享受保修需提供有效购买凭证（如发票或收据）； 5. RMA流程支持：官网直购用户可通过售后支持网站提交申请，获批后获得RMA编号安排寄回。 ❌ **保修通常不包含的内容**： • 未经许可的改装（含序列号/保修标签篡改）； • 非制造缺陷导致的损坏（如意外跌落、挤压、进水、雷击、火灾、自然灾害等）； • 因误用、滥用、疏忽、未按说明书操作或安装不当导致的故障； • 运输途中损坏（应向承运方索赔）； • 正常磨损、老化、耗材（如键帽、轴体自然衰减）； • 未经授权人员进行的维修或拆解； • 间接或继发性损失（如数据丢失、业务中断、利润损失等）； • 默示担保（如适销性、特定用途适用性）超出保修期即自动失效。 温馨提示：官网订单享30天内全额退款/换货（需RMA授权），并承担往返运费；其他渠道购买则换货仅承担寄回给您的单程运费。如需进一步协助，欢迎通过电子邮件或售后支持网站联系我们。
201,根据功能键盘的全球保修政策，损害赔偿的除外责任或免责声明主要包括以下内容： 1. **间接与继发性损害免责**：在任何情况下，厂商均不对任何间接或继发性损害承担责任，包括但不限于服务中断、数据丢失、业务损失，或因本产品或其使用、持有相关的民事侵权责任（参考文档1，IV. 损害免责条款）。 2. **默示担保限制**：不存在其他明示或默示担保（如适销性或特定用途适用性担保），且所有默示担保的有效期仅限于保修期限本身；超出该期限的默示担保被明确排除（参考文档5，V. 默示担保限制）。 3. **责任上限**：厂商的唯一义务与责任，仅限于自行选择以全新或翻新、功能相近且价值相等或更高的产品进行维修或更换；不承担附带、间接、惩罚性或后果性赔偿责任（参考文档1 IV条及文档5 VIII条）。 4. **法定权利保留**：本保修不影响您依据所在国家/地区消费者保护法享有的法定权利（如英国30天退款权、欧盟不可弃权条款等），但厂商责任在法律允许范围内已作明确限制（参考文档5、10）。 综上，损害赔偿的免责核心是：仅承担产品本身的维修/更换义务，全面排除间接损失、数据损失、业务损失等衍生责任，并严格限定默示担保范围与时效。
202,设置功能键盘分为硬件连接与软件配置两步： 1. **硬件连接**：使用附赠的USB-C线，一端连接键盘背面USB-C接口，另一端连接电脑可用的USB 2.0或更高速度接口。 2. **基础功能切换（无需软件）**： - 按下 FN + F1 / F2 / F3 / F4 可直接切换至板载配置文件1–4，调用对应灯光模式、宏命令及按键映射； - 音量滚轮、扬声器静音键、Win锁定键、亮度键等快捷功能即插即用，无需额外设置。 3. **高级自定义设置（需CAM软件）**： - 前往官网下载并安装最新版CAM软件； - 在软件中可完成：自定义RGB灯光（逐键设置）、创建并分配宏命令、重新映射任意按键； - 所有配置均可保存至键盘板载存储（配置文件1–4），保存后即使不运行CAM软件，拔插即用。 提示：腕托为磁吸设计，仅全尺寸及无小键盘版本配备，安装时自动吸附居中；如需调整打字角度，可展开键盘底部两档可调节支撑脚。
203,拆卸轴体：请使用附赠的拔轴器，从顶部夹住轴体，将工具两端沿轴体前后方向放置；轴体由两个卡扣固定在定位板上，按下卡扣即可拆卸。注意请勿刮擦上盖面板，无需从轴体下方撬动，仅需夹住轴体外壳底部两侧即可。 重新安装轴体：安装前请确保所有针脚笔直，无弯曲或折向轴底外壳；目视检查轴体上的两个金属针脚与键盘轴座插孔对齐；垂直向下用力将轴体插入键盘插槽；正确插入后，轴体外壳两侧应紧贴键盘上盖面板。
204,您好，将功能键盘搭配CAM软件使用需按以下步骤操作： A. 下载并安装CAM软件：请前往官网下载最新版CAM软件； B. 设置并存储配置文件：本键盘自带四个板载配置文件（1–4），您可通过CAM软件设置灯光、宏命令、按键重映射等，并将配置保存至键盘内部，保存后无需运行CAM软件即可使用； C. 切换配置文件：按下FN键+F1、F2、F3或F4，即可快速切换至对应编号的已存储配置文件； E. 自定义RGB灯光：在CAM软件「键盘/灯光设置」界面逐键编辑，保存至任一配置文件； F. 自定义宏命令：在CAM软件「键盘/宏命令设置」界面创建并保存宏； G. 按键重映射：在CAM软件「键盘/按键重映射设置」界面完成自定义绑定并保存。 温馨提示：所有自定义设置均需通过CAM软件配置并写入键盘板载存储，切换配置文件即可调用对应功能。
205,"在硬件模式下使用功能键盘，无需运行CAM软件，所有已存储的配置文件（1-4）均可直接调用： 1. **切换配置文件**：按下 FN 键 + F1、F2、F3 或 F4 中任意一键，即可切换至对应编号的板载配置文件（<PIC>）； 2. **RGB灯光控制**：配置文件1至4自带四种默认灯光模式，切换配置文件时自动激活对应灯光；若已通过CAM软件设置并保存了自定义灯光至某配置文件，切换至该配置文件时即启用自定义灯光； 3. **其他硬件功能**：音量滚轮、扬声器静音键、Win锁定键、亮度键等物理按键均在硬件模式下实时生效，无需软件支持。 提示：所有宏命令、按键重映射及自定义灯光效果，需先通过CAM软件设置并保存至板载配置文件，之后才可在硬件模式下使用。 , [""Manual27_13""]"
206,"安装儿童电动摩托车挡泥板的步骤如下： 1. 将挡泥板侧转，然后向上滑入左侧把手管；注意！请勿让挡泥板上的“凸点”卡入1号孔。<PIC> 2. 调整挡泥板位置，使“凸点”准确卡入2号孔，完成固定。<PIC> 提示：本步骤需由成人操作；组装时请确保儿童远离，并使用十字螺丝刀等基础工具（不随产品提供）。 , [""Manual14_3"", ""Manual14_4""]"
207,"安装儿童电动摩托车前轮的步骤如下： # 3. 安装前轮。 <PIC> · 按照步骤1所示，将前轴穿过两侧把手管及前轮，两侧把手管内外均需安装垫片。 · 使用两个螺母将前轴及车轮固定在把手管上，使用随产品提供的扳手拧紧螺母直至螺纹尽头。 ⚠️ 注意事项： - 前轮及前轴组装完成后，请检查车轮与把手管之间的间隙。若间隙过大、车轮定位不稳，建议在车轮与把手管之间加装额外垫片（不随产品提供）。加装垫片并重新安装前轴后，检查间隙是否最小化，同时确保车轮可自由转动；若车轮卡死，则减少一片垫片。 - 本步骤须由成人操作，儿童不得接触零件或协助组装。 - 组装前请确认所有零件齐全，并保留包装以便核对。 - 建议使用十字螺丝刀和扳手等基础工具（不随产品提供）辅助安装。 , [""Manual14_3""]"
208,"为蓝牙激光鼠标安装电池，请按以下步骤操作： 1. 按下鼠标底部的按钮，电池仓盖将自动弹出。<PIC> 2. 将两节 AA 型号电池按仓内标注的正负极（+ 和 -）方向正确装入。<PIC> 3. 轻轻推回电池仓盖，确保完全扣合。<PIC> , [""Manual27_15"", ""Manual27_13"", ""Manual27_17""]"
209,"请按以下步骤安装 WIDCOMM 蓝牙驱动程序： 1. 将 USB 蓝牙接收器插入电脑的 USB 接口； 2. 将附带的安装光盘放入光驱，驱动程序将自动加载；若未自动加载，请双击光驱中 bin 文件夹内的 Setup.exe； 3. 在欢迎界面点击“下一步”继续；<PIC> 4. 阅读并接受许可协议，点击“下一步”；<PIC> 5. 可点击“更改”选择安装路径，然后点击“下一步”；<PIC> 6. 点击“安装”开始安装，过程可能需要数分钟；<PIC> 7. 安装完成后，拔下接收器再重新插入，鼠标将自动配对；<PIC> 8. 系统可能提示重启电脑以使驱动生效，请根据提示操作。<PIC> , [""Manual27_17"", ""Manual27_17"", ""Manual27_17"", ""Manual27_17"", ""Manual27_17"", ""Manual27_17""]"
210,请按照以下步骤卸载 WIDCOMM 蓝牙驱动程序： 1. 拔下 USB 蓝牙接收器。 2. 点击 开始 > 设置 > 控制面板 > 添加或删除程序。 3. 在程序列表中找到并选择 “WIDCOMM 蓝牙软件”，点击 “删除”。 4. 系统开始卸载程序，此过程可能需要一些时间。 5. 卸载完成后，系统将提示重启电脑。点击 “是” 立即重启，或 “否” 稍后手动重启。
211,"在Windows系统中为蓝牙激光鼠标设置快速配对，请按以下步骤操作： 1. 将USB蓝牙接收器插入电脑的USB接口； 2. 按下鼠标底部的配对按钮； 3. 按下USB蓝牙接收器底部的按钮，直至LED指示灯每秒闪烁一次（表示接收器已进入设备搜索模式）<PIC>； 4. 移动鼠标，确认连接成功 <PIC>。此时系统将自动识别并完成配对，无需额外安装驱动（出厂默认为预配对模式）。 ⚠️ 注意：本款鼠标不含接收器销售，需确保使用配套的USB蓝牙接收器；若此前安装过WIDCOMM蓝牙驱动，建议先卸载旧驱动并重启电脑，再执行上述快速配对流程。如配对失败，请检查BIOS中是否已启用USB鼠标功能 <PIC>，并确认电池安装正确、电量充足（LED呈绿色闪烁表示正在配对，琥珀色表示电量低）<PIC>。 , [""Manual27_12"", ""Manual27_13"", ""Manual27_17"", ""Manual27_15""]"
212,"通过 WIDCOMM 蓝牙驱动程序为蓝牙激光鼠标配对，请按以下步骤操作： 1. 确保已安装 WIDCOMM 蓝牙驱动程序（参见说明书第3.1节）：将USB蓝牙接收器插入电脑，运行安装光盘中的 Setup.exe，按提示完成安装，并重启电脑 <PIC>。 2. 双击系统托盘中的蓝牙图标（白色图标表示接收器已插入，绿色图标表示已检测到HID设备）<PIC>，启动蓝牙初始配置向导，按屏幕提示完成初始配置。 3. 配置完成后，将自动进入 HID 设备搜索界面 <PIC>；此时请按下鼠标底部的配对按钮，同时按下 USB 蓝牙接收器底部按钮，直至接收器 LED 每秒闪烁一次（表示正在搜索）<PIC>。 4. 在 HID 界面中，从检测列表中点击您的蓝牙激光鼠标名称，按屏幕提示启用连接 <PIC>。 5. 连接成功后，将显示确认信息，请点击确认所连设备为正确鼠标 。鼠标LED呈绿色闪烁表示配对中，常亮绿色表示连接成功。 注意：本款鼠标不含接收器销售，需确保使用配套USB蓝牙接收器（兼容蓝牙v1.2/v2.0）。 , [""Manual03_16"", ""Manual16_45"", ""Manual16_30"", ""Manual29_37"", ""Manual14_25""]"
213,"您可以通过以下两种方式查看蓝牙激光鼠标的电量状态： 1. **LED指示灯识别**：鼠标顶部与底部均设有电量LED指示灯。当指示灯亮起**琥珀色（或红色）**时，表示电量低/耗尽，请及时更换电池。<PIC> 2. **系统软件查看**：安装WIDCOMM蓝牙驱动程序后，可进入电脑【控制面板 > 鼠标 > 蓝牙】界面，查看更详细的鼠标电量信息。 , [""Manual27_15""]"
214,"首次为蓝牙激光鼠标使用WIDCOMM蓝牙驱动程序，请按以下步骤操作： 1. 确保已安装两节AA电池（正负极方向正确）<PIC>； 2. 将USB蓝牙接收器插入电脑USB接口； 3. 安装WIDCOMM蓝牙驱动程序：插入附带光盘，双击bin文件夹内Setup.exe运行安装向导，接受许可协议，选择安装路径，点击“安装”完成安装，安装完成后建议重启电脑 <PIC><PIC><PIC><PIC>； 4. 首次使用驱动程序：双击系统托盘中的蓝牙图标 <PIC>，启动蓝牙初始配置向导，按屏幕提示完成配置； 5. 配置完成后，HID界面将自动打开并开始搜索设备 ； 6. 点击列表中您的蓝牙激光鼠标，按提示启用连接； 7. 鼠标配对成功后，将显示确认信息，请点击确认连接正确的鼠标 。 注：鼠标出厂已设为预配对模式，也可通过按下鼠标底部配对按钮 + 接收器按钮至LED每秒闪烁一次实现快速配对（详见说明书第4.1节）。 , [""Manual14_22"", ""Manual14_25"", ""Manual16_45"", ""Manual29_37"", ""Manual17_12"", ""Manual03_16""]"
215,"您好，关于将蓝牙激光鼠标与其他**人机接口设备（HID）**（如蓝牙键盘、蓝牙打印机、掌上电脑等）连接的操作步骤如下： 1. 确保 USB 蓝牙接收器已插入电脑 USB 接口； 2. 将您要连接的其他蓝牙 HID 设备（例如蓝牙键盘）设置为**可被发现/配对模式**（具体操作请参考该设备说明书）； 3. 按下 USB 蓝牙接收器底部按钮，直至出现 HID 设备配对界面 <PIC>； 4. 在蓝牙驱动程序界面中，从下拉菜单选择对应设备类型（如“键盘”“打印机”等）； 5. 系统将搜索并列出可用设备，点击目标设备，按提示完成配对与启用。 ⚠️ 注意：本款蓝牙激光鼠标**不含 USB 蓝牙接收器销售**，需另行配备兼容的蓝牙接收器（支持蓝牙 v1.2/v2.0，且具备 HID 设备识别能力）；同时，请确保已安装并正确运行 WIDCOMM 蓝牙驱动程序（参见说明书第 3 节）。若未安装驱动，需先通过附带光盘或 Setup.exe 安装驱动，并重启电脑生效。 如需查看当前连接状态，可观察系统托盘中的蓝牙图标：<PIC> 红色表示接收器未插入，白色表示已插入，绿色表示已检测到 HID 设备。 , [""Manual29_10"", ""Manual29_37""]"
216,"拆卸烤箱门的步骤如下：1. 确保烤箱已完全冷却，并断开电源；2. 完全打开烤箱门；3. 抬起卡扣并向前推至极限位置（图1）<PIC>；4. 将烤箱门关至最大角度（A），向上抬起（B）并转动（C）直至脱开（D）（图2）<PIC>。操作时请佩戴防护手套，避免夹伤或烫伤。如需清洁后重新安装，请参考安装门体说明。 , [""oven_01"", ""oven_02""]"
217,"安装烤箱门的步骤如下：<PIC> 1. 将铰链装入对应位置；<PIC> 2. 完全打开烤箱门； 3. 放下两个卡扣； 4. 关闭烤箱门。注意：操作前请务必断开电源，确保安全。如需进一步协助或遇到异常情况，建议联系授权售后服务中心。 , [""oven_01"", ""oven_02""]"
218,"移动顶部加热元件（仅限部分型号）的操作步骤如下：1. 取下侧边配件支架格栅（图3）<PIC>；2. 轻轻拉出加热元件（图4）<PIC>，并向下放下（图5）<PIC>；3. 复位时，抬起加热元件并轻轻向自身方向拉动，确保其稳固支撑在侧支架上。操作前请务必断开烤箱电源，并确认烤箱已完全冷却，以确保安全。 , [""oven_03"", ""oven_04"", ""oven_05""]"
219,"更换烤箱后部灯（如有）的操作步骤如下：1. 断开烤箱电源，确保安全；2. 拧下灯罩（图6）<PIC>；3. 更换灯泡（请使用25‑40W/230V E‑14、耐温300℃白炽灯）；4. 拧回灯罩（图7）<PIC>；5. 重新接通烤箱电源。注意：灯罩复位前，请勿使用烤箱；灯泡可从售后服务中心购买。 , [""oven_06"", ""oven_07""]"
220,"接油盘用于收集烤制过程中滴落的油脂和食物碎屑，防止烤箱内部污染。使用方法如下：<PIC> 1. 将接油盘放置在烤架正下方（通常为第一层）；<PIC> 2. 烤制肉类、鸡肉、鱼类等高脂食物时，建议向接油盘中加入约半升水，可有效防止油脂飞溅、冒烟及起火风险；<PIC> 3. 接油盘也可作为烤盘直接使用，例如搭配蔬菜一同烘烤；<PIC> 4. 烹饪结束后，请待其冷却再清洗，避免热胀冷缩导致变形，且切勿用金属刮刀或研磨清洁剂，以免损伤搪瓷涂层。 , [""oven_03"", ""Manual28_7"", ""oven_04"", ""oven_05""]"
221,"清洁烤箱外部时，请注意以下步骤： 1. 确保烤箱已完全冷却，并已断开电源； 2. 请勿使用蒸汽、腐蚀性或研磨性清洁剂，以免损伤表面； 3. 用湿布擦拭表面；若污渍较重，可在清水中加入几滴中性洗洁精，轻柔擦洗； 4. 最后用干净干布擦干。<PIC> , [""oven_01""]"
222,"烤架（图3）用于烧烤食物，或作为锅具、蛋糕模及其他烹饪容器的支架，可放置在烤箱内任意可用层位；使用时可凸面朝上或朝下安装。<PIC> 烤架需配合烧烤功能使用，并建议在烤架正下方放置加有半升水的接油盘（图1），以收集油脂和肉汁、防止冒烟及飞溅。<PIC> 烤架烤盘套装（图6）包含烤架（6a）和搪瓷容器（6b），该套装需整体放置在烤架（3）上并配合烧烤功能使用。<PIC> , [""oven_03"", ""oven_01"", ""Manual28_8""]"
223,"催化侧面板带有特殊微孔搪瓷涂层，可吸附烹饪过程中飞溅的油脂。当油脂附着在该面板上后，通过高温（如开启热风循环200℃运行约一小时）可使其分解碳化，实现自清洁效果。为保持其催化性能，请勿使用腐蚀性或研磨性清洁剂、粗刷、百洁布或烤箱喷雾清洁该面板。<PIC> , [""oven_04""]"
224,"烤盘（图2）主要用于烘焙饼干、蛋糕及披萨。<PIC> 使用前建议轻微刷油（如披萨制作），以保证底部酥脆；使用后请立即用温水加洗洁精浸泡，若仍烫手请佩戴隔热手套操作，再用海绵或软刷清洁。烤盘可放入洗碗机清洗。注意：请勿用金属刮刀或研磨清洁工具，以免损伤搪瓷涂层；也请勿将铝箔纸覆盖烤盘或直接铺在烤箱底部，以免影响热循环及损坏内腔。 , [""oven_03""]"
225,"烤架烤盘套装（图6）包含烤架（6a）和搪瓷容器（6b），使用方法如下：1. 将烤架放置在烤箱内置烤架（图3）上；2. 搪瓷容器（即接油盘/烤盘）置于烤架正下方，用于收集油脂与肉汁——建议加入约半升水，防止油脂飞溅冒烟 <PIC>；3. 该套装需配合烧烤功能使用（非热风或常规烘焙功能）；4. 烤制肉类时，可将食物直接置于烤架上，厚肉块建议中途翻面，并适当降低层架位置以避免表面焦糊 <PIC>；5. 使用后请待冷却，配件可洗碗机清洗，但首次使用前建议200℃空烤1小时去除防护油脂 <PIC>。 , [""oven_03"", ""oven_06"", ""Manual28_8""]"
226,"油脂过滤器（图7）仅用于油脂较多的烹饪，需挂在烤箱腔体后壁、风扇对面位置。使用后可放入洗碗机清洗，也可用热水和中性洗涤剂浸泡清洗，冲洗干净并甩干即可。注意：请勿使用氨水清洁，铝制滤网遇水可能变暗，属正常现象。该过滤器可配合热风循环功能使用。<PIC> , [""Manual28_8""]"
227,"滑动搁架（图8）可在烹饪过程中将烤架与接油盘半拉出，方便您随时查看或翻动食物。它适用于所有配件，支持洗碗机清洗。使用时请确保烤箱已预热并处于工作状态，轻缓拉动搁架即可实现平稳滑出与复位。<PIC> , [""Manual28_8""]"
228,"为混合即时相机安装肩带，请按以下步骤操作： 1. 将肩带一端从相机底部的肩带安装孔穿入； 2. 再将该端穿过肩带自带的调节扣（ buckle ），如图示所示 <PIC>； 3. 拉紧肩带，确保其牢固固定且不会从扣中滑脱； 4. 注意：请务必使用相机专用肩带，切勿使用手机挂绳等强度不足的替代品，以免相机意外脱落损坏。 , [""Manual10_9""]"
229,"为混合即时相机装入电池，请按以下步骤操作： 1. 滑动电池盖将其打开 <PIC>； 2. 按照电池上的箭头指示装入电池，确保电池上的黄线与相机上的标记对齐 <PIC>； 3. 取出电池时，将电池锁扣推向一侧，然后将电池滑出相机； 4. 装入后关闭电池盖 <PIC>。 ⚠️ 注意：出厂时电池未充满电，使用前请务必先充电（约3–4小时）；充电时可正常使用相机拍摄或打印。详情请参阅充电说明。 , [""Manual29_13"", ""Manual29_14"", ""Manual29_15""]"
230,"为混合即时相机装入instax SQUARE相纸盒，请按以下步骤操作： 1. 按住相仓锁按钮（1），然后将拨杆向右滑动，直至相仓略微打开 <PIC>； 2. 握住相纸盒两侧，将相纸盒底部对准相仓凹槽，平直插入 <PIC>； 3. 关闭后盖，确保后盖锁发出“咔哒”声并完全锁紧 <PIC>； 4. 关闭后盖时，黑色相纸保护盖会自动弹出，请从相纸出口取出该保护盖 <PIC>。 ⚠️ 注意事项：装入前请勿打开后盖，否则剩余相纸会曝光失效；切勿按压相纸盒背面的两个矩形孔；仅使用未过期的instax SQUARE专用相纸（mini或WIDE相纸不兼容）；相纸盒请保持在内袋中直至装入前。 , [""Manual29_26"", ""Manual29_27"", ""hybrid_instant_camera_01"", ""hybrid_instant_camera_02""]"
231,"取出用完的相纸盒步骤如下： 1. 确认相纸已用完——拍摄画面右侧的所有点均显示为灰色（<PIC>）； 2. 按住相仓锁按钮（1），然后将拨杆向右滑动，直至相仓略微打开（<PIC>）； 3. 握住相纸盒上的两个矩形孔（注意：装入时切勿按压此孔，但取出时可握持此处），平直拉出相纸盒（<PIC>）。 ⚠️ 重要提示：相纸用完前请勿打开后盖，否则剩余相纸会因曝光变白而失效。 , [""Manual29_46"", ""Manual29_26"", ""Manual29_27""]"
232,"设置混合即时相机的自动打印模式，只需将相机侧面的打印模式选择器切换到“AUTO”位置即可。<PIC> 设置完成后，拍摄图像保存后将立即开始打印。 , [""hybrid_instant_camera_01""]"
233,"混合即时相机的手动打印模式为默认设置，初始设置步骤如下： 1. 将相机侧面的打印模式选择器拨至“MANUAL”位置 <PIC>； 2. 此时拍摄画面中将显示手动打印模式图标，照片将保存至相机内存（约50张），而不会自动打印； 3. 如需打印已拍摄图像，请按下（回放）按钮查看图像，再按下MENU/OK按钮调出回放菜单； 4. 选择“打印历史记录”，进入图像选择画面（支持单张、四张或九张显示模式 <PIC>）； 5. 使用$\blacktriangleleft$ / $\blacktriangleright$键切换图像，选中目标图像后，按下（打印）按钮，再按MENU/OK确认开始打印 <PIC>。 注意：相纸需使用instax SQUARE专用相纸，装入前请勿打开后盖，避免相纸曝光。 , [""Manual29_30"", ""Manual29_40"", ""Manual29_54""]"
234,"您好，关于“混合即时相机”的拍摄操作，目前官方文档中未明确提及“混合即时相机”这一具体型号或功能名称。但根据您可能指的具备即时打印功能的混合型数码相机（如支持拍摄+即时打印的一体化相机），其基本拍摄流程如下： 1. **开机与准备**：顺时针转动镜头环（电源开关）开机；确认构图，注意勿遮挡镜头、闪光灯或相纸出口。 2. **选择拍摄模式**：在拍摄画面按下 MENU/OK 按钮 → 进入拍摄菜单 → 选择所需模式（如标准模式、双重曝光等）<PIC> → 按 MENU/OK 确认。 3. **对焦与拍摄**：半按快门对焦（成功时显示绿色对焦框并蜂鸣）→ 保持半按调整构图（可启用对焦/曝光锁定）→ 完全轻按快门完成拍摄。 4. **双重曝光（若需混合效果）**：启用双重曝光模式后，按两次快门，在同一张照片中叠加两个画面，请依显示屏提示操作。 5. **打印设置**： • 自动打印：将侧面打印模式选择器拨至 “AUTO”，拍摄后立即打印 <PIC>； • 手动打印：拨至 “MANUAL”，图像先保存至内存，后续可回放中选择打印 <PIC>。 温馨提示：内存最多存约50张图像；光线不足时闪光灯可能自动触发，您可在菜单中关闭（参见闪光灯设置 <PIC>）。建议试拍确认效果后再正式使用。 如您所指为特定型号（如含AI混合算法或APP联动功能），欢迎补充型号名称，我们将为您精准查询。 , [""Manual29_53"", ""Manual29_30"", ""Manual29_40"", ""Manual29_52""]"
241,"首次使用空气炸锅前，请按以下步骤操作：1. 拆开包装，检查所有配件（炸篮、炸锅盘、主机）是否齐全完好；2. 用热水和非研磨性海绵清洗炸篮、炸锅盘及机身内部 <PIC>；3. 用清洁刷清理加热元件上的残留物 <PIC>；4. 确保所有部件完全晾干后再组装使用；5. 首次通电前，请确保设备放置在平稳、耐热、通风良好的台面上，并远离易燃物。注意：切勿在未清洁干燥的情况下直接通电使用。 , [""air_fryer_10"", ""air_fryer_11""]"
242,"The approval label of the emission control certificate is attached to the electrical box and the exhaust side of the crankcase. <PIC> <PIC> , [""Manual20_4"", ""Manual20_5""]"
243,您好，暂未查询到相关产品信息，已为您转接人工客服。
244,"The watercraft steers by turning the handlebars <PIC>, which changes the angle of the jet thrust nozzle <PIC>. Steering effectiveness depends on both handlebar position and throttle input: you need throttle to generate jet thrust—more throttle increases thrust and enables sharper turns, while releasing throttle reduces or eliminates steering control, especially above trolling speed <PIC>. For safe maneuvering, always maintain throttle during turns and avoid sudden high-speed direction changes <PIC>. <PIC> , [""Manual20_50"", ""Manual20_75"", ""Manual20_74"", ""Manual20_76"", ""Manual09_245""]"
245,"If you receive a 'Face Over Temperature' warning on the boat — note that this appears to be a misphrased or misrecognized alert (e.g., likely intended as 'Engine Over Temperature', as no 'face over temperature' warning exists in marine systems), please follow the official over temperature warning procedure: 1. Immediately reduce engine speed; 2. Return to shore or maneuver to a safe location; 3. Check engine oil level (see page 80 for procedure) — if low, add oil to proper level; 4. Also check cooling water discharge at the pilot outlets on the starboard side of the hull <PIC> — ensure water is flowing while engines run, especially under throttle; if no water is observed, cooling circulation may be blocked; 5. If oil level and cooling water are normal, contact an authorized Boat Dealer for inspection. A warning buzzer will sound and 'Over Temperature' will display on the multifunction display <PIC><PIC>. , [""Manual09_95"", ""Manual09_84"", ""Manual09_85""]"
246,"要通过手机播放音乐并使用配套声音系统（如蓝牙耳塞或音响），请按以下步骤操作： 1. 确保耳塞/音响已开机并处于配对模式：关闭手机蓝牙，耳塞将自动进入配对模式；或长按左/右耳塞 3–5 秒直至指示灯闪烁（<PIC>）。 2. 在手机设置中打开蓝牙，搜索并选择设备名称（如 'MySound Earbuds'）完成配对（<PIC>）。 3. 播放音乐时，声音将自动输出至已连接的声音系统。如需调节音量，请使用手机侧键或耳塞触控：短按右耳塞可播放/暂停，双击可切歌，长按可唤醒音乐App继续播放（<PIC><PIC><PIC>）。 4. 如需切换音效模式（如 Music / Movie / User），部分设备支持通过App或长按耳塞进入EQ设置（参考说明书第12章）。 提示：首次使用建议查看《快速入门指南》第12页配图说明。 , [""Manual12_11"", ""Manual12_12"", ""Manual12_8"", ""Manual12_9"", ""Manual12_10""]"
247,"The storage compartments on your watercraft are not waterproof, so storing wet items directly is not recommended. However, if you need to store wet items onboard, we suggest using the lockable storage compartment — it features a drain plug <PIC> that allows you to drain accumulated water after use. To do so: (1) Remove the drain plug located at the bottom of the lockable storage compartment to let water out; (2) Once drained, securely reinstall the drain plug. Always ensure the compartment is properly closed and latched before operating the watercraft. For best results with wet or damp items, place them in a sealed, waterproof container or bag first to prevent moisture from affecting other gear or the compartment interior. , [""Manual09_201""]"
248,"To open the battery compartment on the CB-5L boat: Slide the lever as shown by the arrow and open the cover. <PIC> Then, to remove the battery, slide the battery lock lever (also shown by the arrow) and carefully remove the battery. <PIC> , [""Manual10_18"", ""Manual10_16""]"
249,"您好，出于安全和规范操作考虑，**不建议在船行驶过程中安装锚灯**。锚灯属于航行信号设备，其安装需确保牢固、位置正确、电气连接可靠，且必须在船舶静止、停泊或靠岸状态下进行。参考文档明确提示：'NOTICE: 210FSH DELUXE: Do not open the engine hood while the anchor light is installed' 及 'Do not open the lockable storage compartment while the boat is moving'，均强调运动状态下操作相关设备存在风险（如设备损坏、视线受阻、触电或安装不到位导致失效）。正确做法是：1. 将船停稳并关闭发动机；2. 参照《用户手册》第67–68页关于导航与锚灯开关的说明（<PIC>）及锚灯物理安装位置（通常位于桅杆顶部或船体最高安全点）；3. 确保接线符合船用电工规范，避免短路或接触不良。如需具体安装步骤图解，请提供船型型号，我们将为您精准调取安装指南。 , [""Manual09_100""]"
250,"To use the jet wash function (engine flush) to clean your boat after use, follow these steps: (3) Connect the garden hose to a water tap. (4) Ensure the area around the boat is clear, then start the engine. Immediately after starting, fully turn on the water supply so water flows continuously from the jet thrust nozzle and cooling water pilot outlet. ⚠️ Never turn on the water before starting the engine — this can cause water to backflow into the crankcase and severely damage the engine. Also, never leave the water on while the engine is off. (5) Run the engine at fast idle for 3–5 minutes. (6) After flushing, turn off the water supply, then drain residual water from the exhaust system by alternately moving the remote control lever to half-throttle and back to idle for 10–15 seconds. (7) Stop the engine. (8) Remove the garden hose adapter. (9) Install and tighten the flush hose connector cap securely. <PIC> , [""Manual09_259""]"
251,"您好，根据您的问题，您的船型可能配备的是用于发动机冲洗的外部水供应系统（如花园软管适配器），而非一个独立可开关的‘水供应按钮’。该系统操作如下： 1. **启动前**：请勿开启水源——严禁在发动机未运行时打开水供应，否则水可能倒流进入排气系统或曲轴箱，造成严重损坏。 2. **启动后立即开启**：启动发动机后，**立刻**将花园软管连接至船上的水冲洗接口，并**完全打开水阀**，确保冷却水持续从喷射推进口和冷却水试水口流出（<PIC>）。 3. **关闭时机**：冲洗结束后，**先关闭水源**，再让发动机空转10–15秒以排出余水，最后停机（<PIC>）。 ⚠️ 注意：该水供应并非由船舱内按钮控制，而是通过外接软管的手动阀门或适配器开关实现。若您所指为‘活鱼舱（livewell）增氧开关’，则其为标有‘MNL/AUTO’的专用开关（<PIC>），与发动机冷却水系统无关。 如您能提供具体船型或照片，我们可进一步精准定位对应部件。 , [""Manual09_259"", ""Manual09_259"", ""Manual09_107""]"
252,"To remove the bimini top from the boat: (1) First, store the bimini top in the fully collapsed position — refer to the storage instructions for guidance. (2) Then, remove the main pole mounting pins that secure the bimini top to the main pole mounting brackets <PIC>. For visual reference, see the related diagram showing the main pole mounting pin location and removal steps. , [""Manual09_193""]"
253,"To install the bimini top on your boat for canopy use: (1) Ensure the bimini top is fully assembled and all components (main poles, forward support poles, fabric canopy, mounting brackets) are present. (2) Align the main pole mounting brackets on the boat with the corresponding holes in the bimini’s main poles. (3) Insert and secure the main pole mounting pins firmly into place <PIC>. (4) Install the forward support poles by inserting their ends into the forward support pole mounting brackets and securing them with lock pins <PIC>. (5) Raise and extend the bimini frame to the upright position, ensuring all hinges and locking mechanisms engage properly <PIC>. (6) Double-check that all pins, brackets, and connections are tight and stable before use. For visual guidance, refer to installation steps shown in the manual diagrams. , [""Manual09_194"", ""Manual09_191"", ""Manual09_189""]"
254,"To store the bimini top in the upright position on your boat: (1) Remove the lock pins, then push the center poles down <PIC>. (2) Pull the bimini top toward the bow <PIC>. (3) Install the storage cover <PIC>. ⚠️ Important notice: Do not trailer the boat with the bimini top in the fully extended or upright position — always collapse it fully before trailering to avoid damage. , [""Manual09_189"", ""Manual09_190"", ""Manual09_191""]"
255,"When checking the engine oil level while sailing, follow these critical steps for safety and accuracy: (1) First, moor the boat securely so it will not drift — do not check oil while underway or on unstable water. (2) Stop the engine and allow it to cool sufficiently (per safety notices, hot oil can cause burns). (3) Ensure the boat is in a precisely level position — this may require returning to shore or a calm, flat area if onboard leveling isn’t possible. (4) Open the engine hood <PIC>, loosen and remove the oil tank filler cap/dipstick, then wipe the dipstick clean. (5) Reinsert the dipstick fully without screwing it in, then withdraw and read the oil level — it must be between the minimum and maximum marks <PIC>. (6) If low, add oil slowly to avoid overfilling; if overfilled, consult a Boat Dealer. Always recheck after adding oil and secure the cap tightly <PIC>. , [""Manual09_196"", ""Manual09_197"", ""Manual09_196""]"
256,"To use the bilge pump on your boat: 1. Locate the bilge pump switch—turning it ON manually activates the pump. 2. Even if the switch is OFF, the bilge pump operates automatically when excessive water is detected in the bilge, draining most of it through the bilge pump outlet <PIC>. 3. While operating (manually or automatically), the bilge pump indicator light will illuminate <PIC>. 4. Ensure all drain plugs—including the hull drain plug—are securely tightened before operation to prevent flooding <PIC>. 5. Note: Do not run engines at full throttle with bilge water present, as splashing may damage the engine <PIC>. For fuse-related issues (e.g., pump not working), check the 3 A bilge pump fuse in the fuse box and replace it only with a spare 3 A fuse using the fuse puller <PIC>. , [""Manual09_201"", ""Manual09_202"", ""Manual09_198"", ""Manual09_203"", ""Manual09_200""]"
257,"To perform the anchor light switch check while sailing: 1. Locate the 'Navigation and anchor lights switch'—a toggle switch typically mounted on the console. 2. Push the **upper side** of the switch to activate both bow and anchor lights ('NAV' mode) for night running. 3. Push the **lower side** to operate the **anchor light alone** ('ANC' mode) when anchored at night. 4. Verify proper illumination of the anchor light (mounted at the bow) visually from the deck. 5. Ensure the switch returns smoothly to the center (OFF) position when not in use. <PIC> <PIC> <PIC> , [""Manual09_100"", ""Manual09_101"", ""Manual09_102""]"
258,"To start the boat's engine, follow these steps: 1. Ensure the engine shut-off cord is securely attached to your left wrist and the clip is inserted into the engine shut-off switch. 2. Grip the handlebars firmly with both hands and place both feet in the footwell. 3. Do not grip the throttle lever tightly — keep it relaxed. 4. Press the green start switch <PIC> to crank the engine. Release it immediately once the engine starts. 5. If the engine does not start within 5 seconds, release the switch, wait 15 seconds, then try again. Avoid repeated cranking to preserve battery life. Note: For cold engines, ensure the choke (starter lever) is in the 'closed' or 'half-open' position as needed; for warm engines, choke is typically not required. <PIC><PIC> , [""Manual20_48"", ""Manual34_112"", ""Manual40_4""]"
259,"To turn a boat while sailing (specifically a personal watercraft/jet ski), you steer by turning the handlebars in the direction you wish to go <PIC>. The jet thrust nozzle angle changes accordingly, redirecting thrust to initiate the turn. Crucially, you must maintain throttle input during the turn—steering response is lost if the throttle is fully released, except at very low (trolling) speeds <PIC>. For better turning performance at planing speed, you can use the 'bow down' feature to lower the bow, increasing water grip and responsiveness <PIC>. Always practice turns in open, unobstructed water to build familiarity with handling characteristics at different speeds. Note: At high speed, over-turning may cause side-slip, reducing thrust and tightening control—gently reduce handlebar input to recover <PIC>. , [""Manual20_50"", ""Manual20_24"", ""Manual09_248"", ""Manual40_26""]"
260,"穿越尾流与浪涌时，请遵循以下安全操作要点：1. 减速并以约45°角“斜切”尾流或浪涌，可显著减小冲击；角度过小（如10°）易导致艇体严重偏离航向，需提前做好转向与平衡准备。2. 避免连续穿越多道尾流或浪涌，因其更难操控、更不平稳。3. 陡峭尾流比平缓浪涌冲击更大，应格外谨慎。4. 切勿跳跃尾流或浪涌——该行为极易引发背部/脊柱损伤、面部撞击及骨折等严重风险。5. 始终保持可控速度，确保有足够转向响应（注意：完全松油门将丧失转向能力）。相关示意图：<PIC><PIC><PIC> , [""Manual40_26"", ""Manual40_27"", ""Manual40_28""]"
261,"When the cruise is over, loading the boat typically refers to boarding it again after docking — for example, when returning from swimming or a dockside stop. Here's how to safely load (board) the boat: (1) Board from the side, one person at a time, by stepping into the boat — never jump in. (2) Avoid stepping on slick gelcoat surfaces, especially on wet gunwales. (3) Once aboard, sit in one of the provided seats and place both feet on the deck. (4) If using a ladder, return it to the stowed position after boarding. <PIC> , [""Manual09_247""]"
262,"To flush the cooling system of the boat, follow these steps: (1) Connect the garden hose adapter to a garden hose <PIC>. (2) Loosen and remove the flush hose connector cap, then insert and twist the garden hose adapter into the flush hose connector until securely connected <PIC>. (3) Connect the garden hose to a water tap. (4) Ensure the area around the boat is clear, then start the engine. Immediately after starting, fully turn on the water supply so water flows continuously from the jet thrust nozzle and cooling water pilot outlet. ⚠️ Never turn on the water before starting the engine — this could cause water to backflow into the crankcase and severely damage the engine. (5) Run the engine at fast idle for 3–5 minutes. (6) If the engine stops during flushing, turn off the water immediately and restart the procedure from step 4. (7) After flushing, turn off the water supply, then drain residual water from the exhaust system by alternately pushing the remote control lever to half-throttle and back to idle for 10–15 seconds <PIC>. (8) Stop the engine, remove the garden hose adapter, and reinstall and tighten the flush hose connector cap securely. , [""Manual09_257"", ""Manual09_258"", ""Manual09_259""]"
263,"To replace the fuse of the boat, follow these steps: 1. Turn off the main switch to prevent accidental short circuiting. <PIC> 2. Open the engine hood (see page 56). 3. Unfasten the band securing the fuse box. 4. Remove the fuse box from the air filter case by pulling it toward the bow. 5. While pushing both sides of the fuse box cover inward, pull the cover toward the bow and remove it. 6. Identify the blown fuse (e.g., accessory fuse: 20 A, bilge pump fuse: 3 A, electronic throttle valve fuse: 10 A, etc.) and remove it using the fuse puller. 7. Replace it with a spare fuse of the **exact same amperage rating** — using an incorrect fuse may cause electrical damage or fire. <PIC> 8. If replacing the accessory or bilge pump fuse, reinstall the fuse holder. 9. Install the fuse box cover, then mount the fuse box back onto the air filter case. 10. Fasten the band and close the engine hood. ⚠️ CAUTION: If the new fuse blows immediately, do not retry — consult an authorized Boat Dealer. , [""Manual34_241"", ""Manual34_240""]"
264,"To check the engine oil level of the boat, follow these steps: (1) With the engine stopped, place the boat in a precisely level position on land or launch it. (2) Start the engine and run it at idling speed for at least 6 minutes (or 11 minutes if ambient temperature is 20°C/68°F or lower). (3) Stop the engine and wait for it to cool slightly—note that oil is extremely hot immediately after shutdown; avoid contact to prevent burns. (4) Open the engine hood <PIC>. (5) Clean the area around the oil tank filler cap/dipstick to prevent debris from entering <PIC>. (6) Loosen and remove the oil tank filler cap, then wipe the dipstick clean. (7) Reinsert the cap fully, then remove it again and check that the oil level is between the minimum and maximum marks on the dipstick <PIC>. (8) If below minimum, add oil slowly; if above maximum, consult a Boat Dealer. (9) Repeat for the other engine if equipped. (10) Securely reinstall the filler cap and close the engine hood. Note: Always check oil when the engine is cold or sufficiently cooled to ensure accurate reading and avoid engine damage from overfilling or underfilling. , [""Manual09_196"", ""Manual09_197"", ""Manual23_85""]"
265,"To use the energy saving mode of your coffee machine: 1. **Automatic Entry**: The machine will automatically enter energy saving (power off) mode after 9 minutes of inactivity. 2. **Manual Activation/Deactivation**: - To turn the machine **on** from energy saving mode, press either the Espresso or Lungo button. - To turn it **off manually** before the automatic timeout, press and hold **both the Espresso and Lungo buttons simultaneously**. 3. **Customize Timeout Duration** (optional): - With the machine **turned off**, press and hold the Espresso button for 3 seconds. - The Espresso button will blink to show the current setting. - Press the Espresso button once to set auto power-off after **9 minutes**, again for **30 minutes**, or a third time to **deactivate** the auto power-off feature entirely. 4. **Exit Energy Saving Mode Temporarily**: To exit energy saving mode without brewing, press the Lungo button for 3 seconds <PIC> — the machine will wake up and prepare for use. Note: Steady lights indicate ready-to-brew status; blinking lights indicate heating up (approx. 25 seconds). , [""Manual07_3""]"
266,"To change the default setting of the energy saving mode on your coffee machine: 1. Ensure the machine is turned OFF. 2. Press and hold the Espresso button for 3 seconds. <PIC> 3. The Espresso button will blink to indicate the current setting. <PIC> 4. Press the Espresso button once to set auto power-off after 9 minutes, press again for 30 minutes, or press a third time to deactivate the energy saving mode entirely. <PIC> , [""Manual07_3"", ""Manual07_4"", ""Manual07_5""]"
267,"To program the water volume of your coffee machine: 1. Turn the machine on and wait for it to reach ready mode (steady lights). 2. Fill the water tank with potable water and insert a capsule. 3. Place a cup under the coffee outlet. 4. Press and hold the Espresso or Lungo button. 5. Release the button once the desired volume is served. 6. The water volume level is now stored. <PIC> <PIC> <PIC> , [""Manual07_24"", ""Manual07_25"", ""Manual07_26""]"
268,"To empty the system before a period of non-use, for frost protection, or before maintenance: 1. Press both the Espresso and Lungo buttons to turn the machine off — this enters emptying mode. 2. Remove the water tank and open the lever. 3. Press and hold both the Espresso and Lungo buttons for 3 seconds — both LEDs will blink alternatively <PIC>. Note: The machine will be blocked for 10 minutes after emptying mode. <PIC> <PIC> <PIC> <PIC> <PIC> <PIC> <PIC> <PIC> , [""Manual07_24"", ""Manual07_25"", ""Manual07_26"", ""Manual07_27"", ""Manual07_28"", ""Manual07_29"", ""Manual07_30"", ""Manual07_31"", ""Manual07_32""]"
269,"要将咖啡机重置为出厂设置，请按以下步骤操作：1. 确保咖啡机处于关机状态；2. 长按Lungo按钮5秒钟；3. LED灯会快速闪烁3次，表示已成功恢复出厂设置；4. 随后LED灯将恢复正常闪烁（加热中），待灯光常亮即表示机器准备就绪。<PIC><PIC><PIC> , [""Manual07_33"", ""Manual07_34"", ""Manual07_35""]"
270,"To clean your coffee maker after each use and extend its lifespan, follow these key steps: 1. Always unplug the machine before cleaning. 2. Wipe the coffee outlet regularly with a soft, damp cloth <PIC>. 3. Clean the drip tray and used capsule container after every use. 4. Rinse the water tank with drinkable water and refill it fresh — especially if the machine won’t be used for a weekend or longer. 5. Never immerse the appliance in water, use strong cleaners, solvents, sharp objects, or abrasive materials. 6. Do not place any part in a dishwasher. 7. For long-term maintenance, descale the machine regularly (approx. every 2–3 months depending on water hardness) using only the approved descaling kit — this helps preserve performance and longevity <PIC>. Note: The maintenance unit can be removed in separate pieces for easy cleaning <PIC>. , [""Manual07_47"", ""Manual07_36"", ""Manual07_48""]"
271,"To open the swim platform (also referred to as the rear platform hatch) of the boat: (1) Ensure the engines are OFF and the watercraft is stable. (2) Locate the rear platform hatch at the stern. (3) Follow the procedure on page 63 (as referenced in the manual): Open the rear platform hatch — this may involve releasing latches or interlocks; note that the hatch has safety interlocks that shut off the engines if opened during operation. <PIC> For visual guidance, refer to the steps shown in the manual illustrations. <PIC> , [""Manual09_260"", ""Manual09_246""]"
272,"To open the livewell and add water on the boat: 1. Locate the livewell access port — it is typically covered by a removable cap on the boat’s deck or transom. 2. To open the cap: align the “SET” mark on the cap with the slot, then push the handle and turn the cap clockwise until the “SET” mark aligns with the edge of the access port <PIC>. Ensure the cap is perpendicular to the boat’s centerline and pull firmly to confirm it is securely locked. If it moves under force, it is not properly secured <PIC>. 3. Once opened, pour fresh water into the livewell manually, or connect a hose to the livewell intake (if equipped) and allow water to flow in. 4. To circulate water, use the aerator switch: push the “MNL” side for continuous circulation, or “AUTO” for timed operation <PIC>. , [""Manual09_107"", ""Manual09_107"", ""Manual09_107""]"
273,"The maintenance setting screen of the boat controller displays the number of hours that the engines have been running since the last maintenance <PIC>. After maintenance is performed, you can reset the operation hours by tapping the “Reset” button <PIC>, then confirming with “YES” <PIC> when the confirmation message appears <PIC>. , [""Manual09_76"", ""Manual09_77"", ""Manual09_78"", ""Manual09_79""]"
274,"在艇的驾驶位置，出厂重置（Factory reset）屏幕显示一个带有“Reset”按钮的界面；当点击“Reset”按钮后，会出现确认提示信息，此时屏幕上会显示“YES”按钮供用户确认执行重置操作。该界面属于多功能显示屏（multi-function display unit）的一部分，用于将所有设置恢复为出厂默认值。 <PIC> <PIC> <PIC> <PIC> , [""Manual09_80"", ""Manual09_81"", ""Manual09_82"", ""Manual09_83""]"
275,"The trip screen displays the hours of engine operation, fuel consumption, and other related information. It includes: 1) Menu (shows 4 items at a time), 2) Scrollbar (to navigate through menu items), and 3) “Reset” button (to reset individual items by touching and holding, or reset all items with a single tap). <PIC> <PIC> <PIC> , [""Manual09_67"", ""Manual09_68"", ""Manual09_69""]"
276,"When everything is ready to sail, follow these steps to move the boat forward: 1. Sit securely in the seat with both feet on the footwell and grip the handlebars firmly. 2. Start the engine. 3. Ensure the area around you is clear of boats, obstructions, and swimmers. 4. Gently apply throttle (do not remain at idle) — the watercraft requires throttle input to generate forward jet thrust and maintain steering control <PIC>. 5. To go straight ahead, keep the handlebars centered; turning them will change the jet thrust nozzle angle and steer the craft <PIC>. Note: You will lose steering control if the throttle is fully released to idle . , [""Manual20_50"", ""Manual09_245""]"
277,"在驾驶过程中检查艇的转向系统时，请注意以下几点：1. 确保转向操作平顺无卡滞——转动方向盘（或手柄）至左右极限位置，确认全程无阻碍；2. 检查是否存在过度空行程——轻推/拉手柄上下及前后，或小幅左右转动，若感觉明显松动或晃动（即‘free play’），需立即停船并联系经销商检修；3. 验证转向响应是否同步——转向时，喷射推进喷口（<PIC>）应实时向对应方向偏转（右转时指向右舷，左转时指向左舷），且舵板/活动龙骨方向应随之联动变化（<PIC>）；4. 特别注意：转向必须配合油门使用——完全收油至怠速将导致失去转向控制（<PIC>），因此转弯时务必保持适当油门。以上检查应在安全水域、低速状态下谨慎进行。 , [""Manual09_205"", ""Manual09_206"", ""Manual09_245""]"
278,"Fire extinguishers on board should be stored securely in their designated fire extinguisher container to prevent movement or damage during operation. According to the manual, the fire extinguisher container is located in the battery compartment <PIC>. Always ensure the container cap is tightened securely after insertion. A fire extinguisher (Class B-1, 2 lb or more) is not standard equipment and must be carried on board separately — contact a Yamaha dealer or certified fire extinguisher supplier if not already equipped. Refer to the manufacturer’s instructions for regular inspection and maintenance. , [""jetski_04""]"
279,"To care for the throttle cable of the boat, grease the throttle-cable inner wires at the pulley wheel of the APS. Use water-resistant grease for best protection and smooth operation. <PIC> , [""Manual09_263""]"
280,"当不使用相机时，为延长电池寿命并确保最佳性能，请按以下方式为相机电池充电： 1. 从相机中取出电池（参考：<PIC>）； 2. 使用随附的USB线将相机连接至符合规格的交流电源适配器（直流5.0V/1000mA），再接入室内电源插座；或直接连接至电脑USB端口（注意：请勿通过键盘或USB集线器连接，且需确保电脑未进入睡眠模式）； 3. 充电过程中，相机可正常拍摄或打印； 4. 充电时间约为3–4小时；红灯亮起后，建议继续充电1小时以确保充满（参考：<PIC>）； 5. 充电完成后，取出电池并盖上保护盖以防短路（参考：<PIC>）；长期存放前请勿将电池留在相机内，以免因微电流放电影响使用寿命。 , [""Manual29_13"", ""Manual10_15"", ""Manual10_16""]"
281,"当相机当前电池已关机（power off）时，安装新电池的步骤如下： 1. 滑动电池盖杠杆，打开电池仓盖 <PIC>； 2. 将新电池按箭头方向装入，确保电池上的黄线与相机内部标记对齐 <PIC>； 3. 推动电池锁扣直至卡紧，确认电池完全就位； 4. 用力合上电池盖，确保盖子紧密闭合 <PIC>。 注意：安装前请确保新电池已充满电；若相机长期断电，首次开机后可能需重新设置语言、日期和时间。 , [""Manual29_13"", ""Manual29_14"", ""Manual29_15""]"
282,"To connect the camera using a household power socket, you’ll need the optional AC Adapter Kit ACK-E2. Here's how: 1. Insert the DC Coupler into the camera’s battery compartment (open the cover and DC coupler cord notch cover first, then insert until locked and route the cord through the notch). <PIC> 2. Connect the DC Coupler’s plug to the AC adapter’s socket. <PIC> 3. Connect the power cord to the AC adapter, then insert the plug into a standard household power outlet (AC 100–240 V compatible). <PIC> 4. Place the cord neatly in the groove to avoid damage. <PIC> Note: Do not connect/disconnect the power cord while the camera’s power switch is ON. Ensure the battery compartment cover is fully closed after inserting the DC Coupler. <PIC> , [""Manual10_19"", ""Manual10_18"", ""Camera_12"", ""Camera_13"", ""Camera_14""]"
283,"To mount the lens of a camera for photography: 1. Remove the rear lens cap and the camera body cap by turning them as indicated. 2. Align the lens with the appropriate mount index — use the white EF-S lens mount index for EF-S lenses <PIC>, or the red EF lens mount index for other EF lenses <PIC>. 3. Gently rotate the lens clockwise (as shown by the arrow) until it clicks securely into place <PIC>. 4. Set the lens focus mode switch to <AF> for autofocus; avoid setting it to <MF> if autofocus is needed. 5. Finally, remove the front lens cap before shooting. , [""Manual10_21"", ""Manual10_22"", ""Manual10_23""]"
284,"To install the CF card into the camera before photography: 1. Open the CF card cover by sliding it in the direction shown by the arrow <PIC>. 2. Insert the CF card with the label side facing you and the end with the small holes first, ensuring correct orientation to avoid damage <PIC>. 3. Close the cover and slide it until it snaps shut <PIC>. Make sure the card is fully seated and the cover is securely closed — the camera will display 'shots remaining' on the LCD panel only when a properly installed CF card is detected. Note: Format the CF card in the camera before first use to ensure compatibility and prevent 'Err CF' errors. , [""Manual10_24"", ""Manual10_26"", ""Manual10_27""]"
285,"您好，关于‘如何移除相机快门按钮’的问题：根据现有资料，快门按钮是相机的集成操作部件，并非设计为用户可拆卸或移除的组件。它采用两段式结构（半按触发自动对焦与测光，全按释放快门），属于精密联动机构，擅自拆卸可能导致功能失效、快门帘损坏或传感器损伤。如遇快门按钮失灵、卡滞或需维修，请勿自行拆解，建议联系官方授权服务中心进行专业检测与更换。相关操作可参考说明书第30页（<PIC>）、第31页（<PIC>）及第153页（<PIC>）关于快门操作与镜组锁定的安全说明。 , [""Manual10_30"", ""Manual10_31"", ""Manual10_153""]"
286,"To replace the date/time (backup) battery: 1. Turn the power switch to <OFF>. 2. Open the battery compartment cover. 3. Remove the battery holder. 4. Replace the old CR2016 lithium battery with a new one, ensuring correct +/− orientation <PIC>. 5. Reinsert the battery holder and close the cover. Note: The date/time setting will be reset after replacement — you must manually reconfigure it via the menu [Date/Time] option <PIC>. The backup battery typically lasts about 5 years. , [""Manual10_46"", ""Manual10_44""]"
287,"To set an off-center subject mode, use Focus Lock in One-Shot AF mode: 1. Aim the center AF point at your off-center subject and press the shutter button halfway to acquire focus. 2. While keeping the shutter button pressed halfway, recompose the frame so the subject is off-center. 3. Press the shutter button fully to take the shot. This technique ensures accurate focus on your intended subject even when it’s not centered. <PIC> , [""Manual10_106""]"
288,"The eyepiece cover is used to block stray light from entering the viewfinder during self-timer or remote switch operation — especially when your eye is not covering the eyepiece — as this stray light may affect exposure accuracy. To attach it: slide the eyepiece cover down into the eyepiece groove until securely seated <PIC>. To remove it: gently lift or pull it off the eyepiece. Note: the eyepiece cover is also attached to the camera strap (p.89) <PIC>. , [""Manual10_155"", ""Manual10_9""]"
289,"To select the AF Mode before taking a picture: 1. Set the Mode Dial to a Creative Zone mode (P, Tv, Av, M, or A-DEP). 2. Press the <AF-WB> button (6). 3. While looking at the LCD panel, turn the <> dial to select your desired AF mode: ● ONESHOT: One-Shot AF (for still subjects) ● AIFOCUS: AI Focus AF (automatically switches from One-Shot to AI Servo if subject starts moving) ● AISERVO: AI Servo AF (for continuously moving subjects). <PIC> <PIC> , [""Camera_30"", ""Camera_31""]"
290,"To set the camera to ""P"" (Program AE) mode, follow these steps: 1. Locate the mode dial on your camera. 2. Rotate the mode dial to align with the <P> position. <PIC> 3. Focus on your subject by looking through the viewfinder and positioning an AF point over it, then press the shutter button halfway. <PIC> 4. Check the viewfinder or LCD panel — the camera will automatically display the selected shutter speed and aperture value for correct exposure. <PIC> 5. Once confirmed, fully press the shutter button to take the picture. <PIC> , [""Manual10_115"", ""Manual10_116"", ""Manual10_117"", ""Manual10_118""]"
291,"To view captured images on a TV for better clarity after or during shooting: 1. Connect the camera to the TV using the provided video cable — ensure both devices are powered off before connecting. Open the camera's terminal cover and insert the cable fully into the camera's VIDEO OUT and the TV's VIDEO IN terminals. 2. Turn on the TV and switch its input source to 'Video IN'. 3. Set the camera’s video system format (NTSC or PAL) to match your TV — this is critical for proper display (see [Video system] setting). 4. Press the <PLAY> button (or designated playback button) to start image review; the image will appear on the TV screen (the camera’s LCD monitor will not display anything during TV output). <PIC> 5. You can navigate between images using the dial, and switch display formats (e.g., single image, magnified view, index display) as needed. If no image appears, verify cable insertion and video format settings. <PIC> , [""Camera_55"", ""Manual10_182""]"
292,"要删除单张照片，请按以下步骤操作： 1. 回放模式下，使用方向键或拨盘浏览并显示您要删除的图像 <PIC>； 2. 按下删除按钮（通常标有垃圾桶图标或标注 'ERASE'）<PIC>； 3. 屏幕底部将弹出擦除菜单 <PIC>； 4. 使用拨盘选择 [Erase]，然后按下 MENU/OK 或确认键 <PIC>； 5. 确认后，访问指示灯将闪烁，图像即被永久删除 <PIC>。 ⚠️ 注意：已保护的图像无法直接删除，需先取消保护；删除操作不可撤销，请谨慎操作。 , [""Camera_57"", ""Manual10_184"", ""Manual10_185"", ""Manual10_186"", ""Camera_59""]"
293,"要删除相机中所有图像，请按以下步骤操作：1. 进入回放模式，按下 MENU/OK 按钮；2. 选择【删除】选项，进入擦除菜单；3. 使用拨盘选择【全部】，然后按下确认键；4. 出现确认对话框后，选择【OK】并确认。注意：受保护的图像不会被删除；如需彻底清除包括受保护图像在内的所有内容，可使用【格式化】功能（在设置菜单中），但该操作将清空存储卡全部数据，建议提前备份重要图像。<PIC><PIC><PIC> , [""Manual10_184"", ""Manual10_185"", ""Manual10_186""]"
294,"To print photos using the camera's CP Direct method after taking them, follow these steps: 1. Ensure your camera is powered on and has a fully charged battery. 2. Connect the camera to a compatible CP Direct printer using the dedicated interface cable — align the cable’s icon with the front of the camera’s DIGITAL terminal <PIC>. 3. On the camera menu, set [Communication] to [PTP] (not [Normal], which is for PC connection) <PIC>. 4. Navigate to the image you want to print; confirm the printer-connected icon appears on the LCD monitor <PIC>. 5. Press the MENU/OK button, select [Print], then choose [CP Direct] mode. Set [Style], [Paper settings], and other options like [Print Type] (e.g., Index or Single) as needed <PIC>. 6. Turn the dial to select [OK], then press SET to start printing <PIC>. To stop printing, press SET while [Stop] is displayed, then confirm with [OK]. Note: RAW images are not supported, and index print layout depends on paper size (e.g., 20 images for credit-card size) <PIC>. , [""Manual10_190"", ""Manual10_188"", ""Manual10_212"", ""Manual10_194"", ""Manual29_44"", ""Manual29_46""]"
295,"To fine-tune the camera model setup, follow these steps: 1. Physically adjust the camera sensor and lens unit — it can be tilted up to 65 degrees, rotated up to 350 degrees, and panned up to 350 degrees. Note that software-only rotation is limited to 180 degrees. 2. Use the Dashboard interface to remotely adjust zoom and focus — these cannot be adjusted physically. 3. Aim the lens while viewing through the camera on the Dashboard to fine-tune framing and image clarity <PIC>. 4. After physical alignment, replace the lens guard and bubble (turn bubble clockwise to lock) <PIC>, then remove the protective plastic sticker and verify LED functionality <PIC>. , [""Manual33_6"", ""Manual33_7"", ""Manual33_8""]"
296,您好，当您拿到耳耳机（earphones）时，标准包装内通常应包含以下组件：1. 左右耳塞（耳机组件）；2. 充电盒（charging case）；3. 用于不同耳道尺寸的备用硅胶耳塞套（如S/M/L号）；4. USB-C（或Micro-USB）充电线；5. 快速入门指南（纸质或电子版）。部分型号还可能附带挂绳、收纳袋或Type-C转接头。建议您开箱后对照说明书核对配件，并使用柔软干布清洁耳塞与充电盒表面。如发现缺少任一组件，请及时联系客服为您补发。
297,"To charge the earphones' charging case: 1. Insert the USB-C cable into the charging port located at the back of the charging case <PIC>. 2. Connect the other end to a suitable USB power source (e.g., wall adapter or computer USB port) <PIC>. 3. Press the button on the right side of the case to check the battery level — the LED indicators will light up showing remaining charge <PIC>. , [""Manual12_0"", ""Manual12_1"", ""Manual12_2""]"
298,"During Bluetooth pairing and connecting, you may encounter the following common scenarios: 1. **Automatic Reconnection**: If earbuds were previously paired to a nearby device, they will auto-reconnect to it when powered on and within range <PIC>. 2. **Pairing Mode Entry**: Earbuds enter pairing mode when removed from the case (LEDs indicate status) or by turning Bluetooth OFF on the currently connected device <PIC>. 3. **Multipoint Connection Setup**: To pair with a second device (e.g., phone + laptop), turn Bluetooth OFF on the first device → pair with the second → turn Bluetooth back ON on the first; earbuds will then maintain dual connections <PIC>. 4. **Failed/Interrupted Pairing**: May occur due to Bluetooth being OFF on the phone, distance, interference, or earbuds already connected to another device — ensure Bluetooth is ON and devices are close <PIC>. 5. **Manual Pairing Initiation**: Press and hold either earbud to drop current connection and force pairing mode <PIC>. 6. **LED Status Indication**: LEDs show pairing progress (e.g., flashing white = pairing mode; solid white = connected) — refer to status indicators for real-time feedback <PIC>. , [""Manual12_6"", ""Manual12_7"", ""Manual12_11"", ""Manual12_12"", ""Manual12_0"", ""earphones_04""]"
299,"The two main controlling functions of the earphones are: 1. Controlling Music (e.g., play, pause, next, volume up/down, launch music app); and 2. Controlling Calls (e.g., accept/reject calls, end call). Additionally, voice assistant activation, ANC/Ambient mode switching, and Low Latency Mode control are supported <PIC>. These functions can be operated via touch controls, voice commands ('Hey assistant'), or the companion app <PIC>. , [""Manual12_13"", ""Manual12_8""]"
300,"Besides the two main controlling functions (music playback and call handling), your earphones support several additional functions: 1. Voice Assistant activation — press and hold to first beep to launch your phone's voice assistant <PIC>; 2. Music app control — press and hold to first beep to resume playback; tap again to play recommended songs <PIC>; 3. Ambient Awareness & ANC mode cycling — press the left earbud to toggle between Ambient ON/OFF and Noise Canceling ON/OFF modes <PIC>; 4. Low Latency Mode — press and hold to second beep to enable/disable for gaming or lip-sync accuracy <PIC>; 5. Multipoint Bluetooth connection — pair with up to two devices (e.g., smartphone + laptop) simultaneously for seamless switching <PIC>; 6. Firmware updates and button customization — via the dedicated earphones App, you can update firmware, enable hands-free voice control ('Hey assistant'), and personalize button actions <PIC>; 7. Hardware reset — press and hold for 10 seconds to restart unresponsive earbuds <PIC>; 8. Factory reset — press and hold for 6 seconds (earbuds must be disconnected and out of case) to erase all settings . , [""Manual12_8"", ""Manual12_9"", ""earphones_01"", ""Manual12_10"", ""Manual12_11"", ""Manual12_13"", ""Manual12_12""]"
301,"If your earphones won't work, you can try resetting them. First, ensure the earbuds are disconnected from Bluetooth and removed from the charging case. Then: • For a **factory reset** (erases all settings), press and hold either earbud for 6 seconds. • For a **hardware reset** (restarts the earphones, used if they’re unresponsive), press and hold for 10 seconds, then press again to power on. Note: Flashing red and blue lights indicate the earbuds are in hardware reset mode <PIC>. After resetting, re-pair them with your device. <PIC> , [""Manual12_11"", ""Manual12_12""]"
302,"The maintenance and care policies for the earphones are as follows: - Clean only with a soft, dry cloth or paper towel; never use harsh chemicals, alcohol, ammonia, benzene, abrasives, or detergents. - Ensure earphones are completely dry before charging or storing. - Store in a cool, dry place away from direct sunlight and extreme temperatures (do not exceed 100°F / 37.8°C). - Avoid exposure to water, moisture, or liquids — do not use near water or on wet surfaces. - Do not tug, yank, or bend cables forcefully; connect/disconnect charging cables carefully. - Do not drop, crush, or subject earphones to excessive physical force or impact. - Do not attempt self-repair; contact an authorized service center for servicing. - Recycle or dispose of earphones responsibly per local municipal regulations."
303,"Based on the provided documentation, the eReader’s physical buttons and interfaces—organized by three observing views—are as follows: ● FRONT VIEW (from Reference Docs 4 & 8): [1] Home/ESC button — for canceling operations or returning to previous interface; [2] Prev/Next Page buttons — for page navigation; [3] Navigation/Menu button — 4-way directional control (up/down/left/right) + menu/confirm function; [4] Zoom in/out button — adjusts JPEG zoom and eBook font size; [5] Rotate button — toggles screen orientation (horizontal/vertical); [6] 3.5 mm Earphone Jack — for audio output (earphone not included); [14] Speaker — 0.5W audio output; [15] TFT LCD Display Screen — 7-inch diagonal touchscreen display. ● BOTTOM VIEW (from Reference Docs 1, 5, 6, 9): — Rechargeable built-in Li-Polymer battery (2000 mAh); — USB synchronization cable port (implied as standard peripheral interface); — Brightness control (5-level adjustment); — Color mode setting (5 selectable text/background color schemes); — Flip Time setting (5 options: 10–30 sec auto-page-turn); — Bookmark management (‘M’ button → ‘Del mark’ → select & confirm); — Main Menu interface (accessible via Navigation/Menu button), listing: Browser History, eBook, Music, Video, Photo, Record, Explorer, Settings. ● (Implied) SIDE/REAR VIEW — Not explicitly described in any reference document; no buttons, ports, or interfaces are mentioned for side or rear views. Therefore, per available knowledge, no dedicated physical controls exist there. Note: All functional interfaces (e.g., brightness, color, flip time, bookmarks) are accessed via on-screen menus using the front-view navigation and menu buttons — no dedicated hardware dials or sliders are specified."
304,"Main Menu（主菜单）是eReader设备的核心导航界面，显示所有可用功能选项，包括：Browser History（浏览器历史）、eBook（电子书）、Music（音乐）、Video（视频）、Photo（照片）、Record（录音）、Explorer（文件浏览器）和Settings（设置）。用户可通过方向键选择任一功能，按“M”键进入对应模块。<PIC>\n\nBrowser History（浏览器历史）用于记录并显示您最近浏览过的电子书文件列表。使用导航键高亮某本书，按“M”键即可直接跳转至该书上次阅读的最后一页。注意：若相关文件已从Micro SD卡中删除，其记录仍保留在Browser History中，但无法再打开阅读。<PIC> , [""Manual13_3"", ""Manual13_4""]"
305,"When in eBook mode, pressing the ""M"" button opens a menu with multiple functions: ""Page Jump"", ""Save Mark"", ""Load Mark"", ""Del Mark"", ""Browser Mode"", ""Flip Time"", ""Brightness"", and ""Set color"". <PIC> , [""eReader_08""]"
306,"To listen to music on your eReader, please follow these steps: 1. Transfer audio files (MP3, WMA, AAC, WAV, etc.) to the device by connecting it to your computer via USB cable and dragging the files into the device's storage. 2. From the main menu, select 'Music' to open the audio files list. 3. Select your desired audio file and press 'M' to start playback. 4. Use the 'Play/Pause' button [9] to control playback, 'Volume +/−' buttons [11]/[12] to adjust volume, and directional keys to skip tracks or replay. You can also enjoy music while reading an e-book or browsing photos. <PIC> <PIC> <PIC> , [""Manual13_7"", ""Manual13_1"", ""Manual13_8""]"
307,"Yes, this eReader supports voice recording. To use the feature: 1. From the main menu, select ""Record"" and press the ""M"" button to enter voice record mode. 2. Press the ""Play/Pause"" button to start recording. 3. Press ""Play/Pause"" again to pause, or press the ""HOME"" button to stop recording. 4. After stopping, you’ll be prompted to save — press ""M"" to select ""YES"" to save or ""NO"" to discard. <PIC> <PIC> , [""Manual13_11"", ""Manual13_12""]"
308,"您好，您的eReader支持播放视频文件。请按以下步骤操作：1. 确保视频文件格式为设备支持的格式（如AVI、RMVB、MP4、MOV、MPEG2）；2. 将视频文件存入eReader内置存储或已插入的Micro SD卡中；3. 在主界面进入【Video】菜单；4. 按【M】键进入视频播放模式 <PIC>；5. 使用方向键选择目标视频并确认播放。播放中可按【M】键调出菜单，切换全屏/正常/原始显示模式、调节亮度、选择字幕语言或设置定时播放。 , [""Manual13_9""]"
309,"Yes, this eReader can function as a photo viewer. It supports common image formats including JPG, GIF, and PNG. To use the photo viewer feature: 1. Insert a micro SD card (up to 16GB) containing your photos (power off before insertion). 2. From the main menu, navigate to the photo folder or file list. 3. Select an image to open it in the photo viewer. 4. Use the 'Play/Pause' key to rotate the photo counterclockwise <PIC>. 5. Use the Zoom in/out keys to adjust magnification <PIC>. Note: Larger image files may take longer to load or rotate. For optimal performance, ensure sufficient storage space and avoid corrupted or unsupported file types. , [""Manual13_10"", ""Manual13_1""]"
310,"When using this eReader, you may encounter the following common issues and their solutions: 1. Device won’t power on — a. Charge the device fully until the power indicator bar is full <PIC>; b. If still unresponsive, contact manufacturer for support. 2. Device not charging — a. Check if the AC adapter or USB cable is defective (contact manufacturer for replacement); b. Charging via computer takes longer than using AC adapter <PIC>. 3. No sound or noise with earphones — a. Adjust volume to ensure it’s not at 0; b. Try another pair of earphones; c. Use high-bitrate audio files (low-quality files may cause distortion). 4. Cannot download files — a. Check USB cable integrity; b. Ensure internal memory isn’t full; c. Windows 98 users may need to install a USB 2.0 driver (downloadable from our website). 5. Screen display issues — avoid use outside 0–50°C (32–120°F); do not expose to moisture, dust, or extreme temperatures <PIC>. 6. Physical damage risks — do not drop, bend, crush, or apply pressure to the screen/device; always use the provided leather case for protection. 7. Firmware or software issues — visit our official website to download latest firmware updates and user manual. Important: Do NOT attempt self-repair, disassembly, or battery replacement — contact manufacturer for all hardware-related concerns. , [""Manual13_1"", ""Manual13_3"", ""Manual20_26""]"
311,"您好，关于传真机连接的完整操作流程，建议您参考随附的《快速安装指南》（Quick Setup Guide）进行规范安装。关键步骤包括：1. 将传真机放置在干燥、通风、远离水源和热源的安全位置；2. 使用原装电源线，将接地插头牢固插入接地交流电源插座（请确认本地电压与机身铭牌标称值匹配）；3. 使用标准电话线将传真机“LINE”接口连接至墙壁电话端口（切勿使用非指定线缆或延长线）；4. 开机后按说明书完成初始设置（如日期/时间、发送方名称、电话号码等）。所有安装必须严格遵循说明书要求，禁止自行拆机或改装。如遇异常（如指示灯不亮、无法拨号、无应答等），请先检查线路连接与电源状态，再联系品牌授权服务中心。安全提示：<PIC> <PIC> , [""Manual15_4"", ""Manual15_6""]"
312,"To ensure your safety when using this fax machine, please pay attention to the following key points: 1. Read the full Product Safety Guide before operation or maintenance <PIC>; 2. Place the fax in a safe, stable, and dry location — avoid unstable surfaces, high-traffic areas, or locations near water/liquids <PIC><PIC><PIC>; 3. Keep plastic packaging bags away from children to prevent suffocation <PIC>; 4. Never use the fax during thunderstorms — risk of lightning-induced electrical shock <PIC>; 5. Do not drop metal objects or spill liquids on the power plug or into the unit — unplug immediately and contact authorized service if this occurs <PIC><PIC>; 6. Use only the supplied or designated power cord; avoid extension cords, damaged/frayed cords, or improper power sources (e.g., DC or inverters) <PIC>; 7. Do not attempt self-repair — opening the unit may expose you to dangerous voltage and void warranty; always contact brand of the fax Authorized Service Personnel . For further assistance, refer to the Online User's Guide or contact brand of the fax Customer Service. , [""fax_01"", ""Manual15_6"", ""Manual15_4"", ""Manual15_2"", ""Manual15_6"", ""Manual15_4"", ""Manual15_6"", ""Manual15_4"", ""fax_01""]"
313,"To keep your fingers safe when using the fax, pay attention to the following: avoid placing your fingers in the areas shown in the illustrations <PIC>, especially when adjusting the paper tray or handling moving parts; be careful not to pinch your fingers in gaps or slots in the bottom of the tray when changing tray size <PIC><PIC>. Always follow all safety warnings and instructions marked on the product and in the manual. <PIC> , [""Manual15_7"", ""Manual15_8"", ""Manual15_9"", ""fax_01""]"
314,"您好，移动传真机时请注意以下几点安全事项：1. 移动前请务必先拔掉电源插头和电话线，避免拉扯电线造成损坏或触电风险 <PIC>；2. 请勿将机器放置在不稳定的台面或靠近边缘处，防止倾倒伤人或损坏设备 <PIC>；3. 避免在潮湿、高温、阳光直射或灰尘多的环境中安置，远离水源以防液体渗入引发短路或电击 <PIC>；4. 安装时请确保靠近标准电话墙插（带传真功能机型）和接地AC电源插座，并使用原装线缆，切勿使用非指定延长线或适配器 <PIC>；5. 若机器曾跌落、外壳破损或出现异常发热、异味、冒烟等情况，请立即停用并联系品牌授权服务中心检测 <PIC>。建议参考随附《快速安装指南》规范布线与安装。 , [""Manual17_7"", ""Manual15_2"", ""Manual15_6"", ""Manual15_6"", ""Manual15_4""]"
315,"Yes, caution or warning labels inside the fax are important. They provide critical safety information regarding electrical hazards, proper handling, service restrictions, and risk prevention (e.g., fire, shock, injury). According to the official safety guidance: <PIC> 'DO NOT remove or damage any of the caution or warning labels inside the product.' Removing them may compromise your safety, void the warranty, and violate safety compliance requirements. , [""Manual15_14""]"
316,您好，您在加拿大可以正常使用该传真机产品。根据官方说明，此设备专为美国和加拿大市场设计，符合加拿大创新、科学与经济发展部（ISED）的技术规范，并已通过相关认证（参见‘EQUIPMENT ATTACHMENT LIMITATIONS (Canada Only)’）。因此，在加拿大使用是合规的，且可获得本地品牌客服支持。关于传真发送的法律要求（如FCC/ISED规定的页眉信息），加拿大同样适用类似规定：每页传真必须清晰显示发送日期时间、发件方名称及电话号码，您可通过设备菜单中的‘Set the Date and Time’和‘Set Your Station ID’功能进行设置。
317,"To connect the regulator to the LP tank: 1. Hold the regulator and insert its nipple straight into the LP tank valve—ensure the nipple is centered. 2. Hand-tighten the coupling nut while keeping the regulator aligned with the valve to avoid cross-threading <PIC>. 3. Turn the coupling nut clockwise until it reaches a full stop; resistance indicates the regulator’s back-check feature is engaging. Then apply an additional one-half to three-quarters turn by hand only—do not use tools <PIC>. If connection cannot be completed, disconnect and repeat. If still unsuccessful, do not use this regulator. , [""Manual36_14"", ""Manual06_3""]"
318,"To ensure your safety, perform a leak test on valves, hose, and regulator as follows: 1. Turn all grill control knobs to OFF. 2. Close the LP tank valve by turning the OPD hand wheel clockwise to a full stop. 3. Prepare a 50/50 mild soap and water solution — do not use household cleaning agents or an open flame. 4. Using a clean paintbrush, apply the soapy solution to all connections: valve outlet, hose ends, regulator inlet/outlet, and any threaded joints. 5. Slowly open the LP tank valve — if 'growing' bubbles appear, there is a leak <PIC>. 6. If a leak is detected, immediately close the LP tank valve, retighten the connection, and retest. If leaks persist, do not attempt repair — contact Sears for replacement parts or call your LP gas supplier/fire department. 7. Always perform this test outdoors in a well-ventilated area, away from ignition sources and open flames. 8. Never insert tools or foreign objects into the valve outlet or safety relief valve — this may cause damage and leakage. 9. After testing, always close the LP tank valve by turning the hand wheel clockwise <PIC>. Note: Leak testing is required each time the LP tank is exchanged or refilled <PIC>. , [""Manual19_6"", ""Manual19_74"", ""Manual19_75""]"
319,"您好，关于间接烹饪（Indirect Cooking）使用烤炉的注意事项，需特别关注以下几点： 1. **温度控制**：间接烹饪需关闭部分燃烧器，使热量在烤炉内循环而非直火烘烤。请先预热烤炉15分钟（调至HIGH档），再将食物置于未点燃燃烧器上方区域，并调节剩余燃烧器至适宜温度。 2. **通风与安全**：确保 grill 位于通风良好、开阔的户外空间，切勿遮挡底部或背部通风孔；保持至少3英尺离墙距离及10英尺远离易燃物（如热水器点火器、电器等）<PIC>。 3. **防火预防**：间接烹饪常用于长时间慢烤（如整鸡、烤肉），易积累油脂。务必定期清理底部油渍和燃烧器组件，避免油脂堆积引发火灾；若发生油火，切勿用水扑灭，应立即关闭所有旋钮及LP气罐阀门 <PIC>。 4. **清洁提示**：烹饪后待 grill 完全冷却，再取出并清空接油盘；清洁烤架时请勿使用高温状态下的钢丝刷，以防残留刷毛污染食物；推荐用喷雾食用油涂抹烤架防粘 <PIC>。 以上操作均需严格遵循《Use and Care Guide》安全指引，首次使用前请完整阅读手册并完成预热固化程序 <PIC>。 , [""Manual19_0"", ""Manual30_24"", ""Manual24_51"", ""Manual24_52""]"
320,"根据手册内容，组装烤架的前三个步骤未在提供的参考文档中明确列出。文档中仅提及部分组装相关操作，例如：'3. Tip the grill forward, then lift it out.'（第3步：将烤架向前倾斜，然后将其抬起），但该步骤上下文缺失起始步骤；其他文档主要涉及使用、点火、清洁及安全说明，未提供完整组装流程的前三步。建议查阅完整版《Assembly》章节或拨打客服热线1-800-241-7548获取专业指导。"
321,"Certainly! Here are key safety tips for using your gas grill, based on the official guidelines: 1. **Ventilation & Placement**: Use the grill only in a well-ventilated outdoor area — NEVER in enclosed or partially covered spaces (e.g., garage, carport, porch, covered patio, or under overhead structures). Maintain at least 3 ft. clearance from walls/surfaces and 10 ft. from flammable objects or ignition sources (e.g., water heater pilot lights, electrical appliances) <PIC>. 2. **LP Tank Safety**: Before opening the tank valve, check that the coupling nut is tight. Always close the LP tank valve when the grill is not in use — and after leak testing (turn hand wheel clockwise) <PIC>. Never modify the grill for use with RV/motor home LP systems. 3. **Grease Fire Prevention & Response**: Regularly clean grease buildup from the grill bottom and burner assembly to avoid grease fires. If a grease fire occurs: immediately turn off all control knobs AND the LP tank valve — DO NOT use water or close the lid (grills are intentionally ventilated) . 4. **Supervision & Handling**: Never leave the grill unattended during preheating or high-heat cleaning cycles. Keep children and pets away. Use long-handled utensils and oven mitts to prevent burns. Never move the grill while operating or still hot . 5. **Leak Testing & Emergency Response**: Perform a leak test regularly. If bubbles appear (indicating a leak), close the LP tank valve immediately and retighten connections. If leaks persist, do not repair — contact Sears for replacement parts. If the regulator frosts, turn off the grill and tank immediately — return the tank to the supplier . 6. **Additional Reminders**: This grill is certified for outdoor use only in the U.S./Canada — not for use on boats, RVs, or indoors. Check with apartment management if applicable, as local fire codes may restrict LP grill use . For full details, refer to your Use and Care Guide — especially the 'WARNING' section on page 1 . , [""Manual19_6"", ""Manual19_0""]"
322,"Your jetski has three key identification numbers you should record for parts ordering or theft recovery: 1. Frame Number (9-digit number stamped on the frame — see <PIC>); 2. Engine Number (Primary I.D.) — stamped on the engine as shown in <PIC>; 3. Key Number — located on the ignition key (see <PIC>). Also note the Hull Identification Number (HIN) and Primary Identification (PRI-ID) — these are required when contacting your dealer. Keep all ID numbers in a safe, separate location. , [""Manual34_0"", ""Manual34_1"", ""Manual34_2""]"
323,"Your jetski has several important cruising limitations for safety and optimal performance: 1. **Water depth**: Never operate in water less than 60 cm (2 ft) deep to avoid hitting submerged objects <PIC>. 2. **Maneuvering**: Avoid sharp turns, jumping wakes or waves — these increase risk of spinal injury, facial trauma, or broken bones <PIC>. 3. **Visibility & conditions**: Do not operate in rough water, bad weather, or poor visibility; always check forecasts and ride defensively <PIC>. 4. **Navigation & distance**: Maintain safe distances from people, objects, and other vessels; never follow directly behind another craft or spray others with water <PIC>. 5. **Time of operation**: This watercraft lacks required lighting — do not operate after sunset or before dawn <PIC>. 6. **Operator requirements**: Minimum recommended age is 16; minors must be supervised, and a state-approved boating safety course is strongly recommended or may be legally required <PIC>. 7. **Legal compliance**: As a powerboat, your jetski must comply with local and international 'Rules of the Road' — consult the U.S. Coast Guard or NASBLA for jurisdiction-specific regulations <PIC>. , [""Manual20_16"", ""Manual20_18"", ""Manual20_17"", ""Manual20_17"", ""Manual20_18"", ""Manual20_12"", ""Manual20_26""]"
324,"您的水上摩托（Jet Ski）存在多项巡航限制，以确保安全操作： 1. 水深限制：切勿在水深不足60厘米（2英尺）的水域行驶，以防撞击水下障碍物导致受伤 <PIC>； 2. 操作行为限制：禁止跳跃波浪或船尾浪、急转弯等高风险动作，以免造成脊柱/背部损伤、骨折等严重伤害； 3. 时间限制：本艇未配备夜间航行所需照明设备，严禁日落后至日出前操作，以防碰撞事故 <PIC>； 4. 环境限制：避免在恶劣天气、能见度差或风浪过大时行驶；出发前请查阅天气预报并评估实时水况 <PIC>； 5. 交通规则：作为动力船舶，须严格遵守《国际海上避碰规则》及当地海事法规，包括航行优先权、安全距离与避让义务 <PIC>； 6. 观察与速度管理：持续扫视周围人员、物体及其他船只；保持安全速度与距离；禁止尾随其他船只、近距离喷水嬉戏或做出干扰他人判断的机动动作 <PIC>； 7. 操作者资格：建议最低操作年龄为16岁，未成年人须由成人监护；强烈推荐完成官方认可的水上安全培训课程，并了解所在州的具体法规要求 <PIC>。 , [""Manual20_18"", ""Manual20_16"", ""Manual20_17"", ""Manual20_26"", ""Manual20_17"", ""Manual20_12""]"
325,"To safely operate your jetski, please follow these key requirements: 1. **Operator Eligibility & Training**: Operators must be at least 16 years old; minors require adult supervision. All operators must read the Owner’s/Operator’s Manual, Riding Practice Guide, Riding Instruction card, and all warning labels — and watch the Basic Orientation Video <PIC>. A state-approved boating safety course is recommended or may be required. 2. **Personal Safety Equipment**: All riders must wear a U.S. Coast Guard–approved personal flotation device (PFD) suitable for personal watercraft use. Additionally, wear protective clothing — such as a wetsuit bottom or thick, tightly woven, snug-fitting apparel (e.g., denim) — to prevent severe internal injuries from water forced into body cavities near the jet thrust nozzle. Avoid spandex or similar stretch fabrics. 3. **Legal & Navigational Compliance**: Your jetski is legally classified as a powerboat. You must obey all applicable Rules of the Road for waterways, including right-of-way, speed limits, and no-wake zones — enforced by the U.S. Coast Guard and local authorities <PIC>. 4. **Required Onboard Equipment**: Carry a sound-signaling device (e.g., whistle), visual distress signals (e.g., USCG-approved pyrotechnics), a watch, and a towline. 5. **Pre-Operation Checks**: Ensure cooling water flow is verified via the cooling water pilot outlet <PIC>, confirm proper fuel level, and inspect intake grate for debris <PIC>. 6. **Post-Operation Safety**: After use, shut off the engine, remove the key, engage the parking brake, and secure the jetski with straps/chains near front caster wheels and rear bumper <PIC>. Never drive on public roads — transport only on a properly equipped trailer with lights, brakes, and reflective markings <PIC>. , [""Manual20_12"", ""Manual20_19"", ""Manual20_26"", ""Manual20_30"", ""Manual20_31"", ""Manual23_65""]"
326,"您的Jet Ski（摩托艇）具有以下主要水动力特性： 1. **喷射推进系统**：通过高速喷射水流实现推进，转向依赖于喷流方向；完全松开油门时仅产生最小推力，若在拖曳速度（trolling speed）以上行驶，无油门状态下转向能力会迅速下降 <PIC>。 2. **载重与乘员限制**：设计为承载操作员及1名乘客，最大总负载160 kg（353 lb），含人员、装备及货物总重；首次载客前需充分练习单人操控，因载客时操控响应更敏感、要求更高。 3. **操控结构特征**：配备可调式侧鳍（Adjustable Sponson）、进水格栅（Intake grate）、冷却水出水口（Cooling water pilot outlet）、前储物舱、扶手、脚踏区（Footwell）及弓眼（Bow eye）等关键部件，共同影响稳定性、冷却效率与机动性 <PIC>。 4. **安全运行要求**：法律上被认定为动力船（powerboat），须遵守《国际海上避碰规则》及当地航道法规；所有乘员必须穿戴美国海岸警卫队（USCG）认证的适配个人水craft用救生衣（PFD），并建议穿着防冲击的紧身防护服装（如厚实牛仔裤或专用湿衣下装），避免高压水流侵入体腔 <PIC>。 , [""Manual20_24"", ""Manual20_30"", ""Manual20_19""]"
327,"When encountering other vessels while operating your jetski, you must follow the 'Rules of the Road'—as jetskis are legally classified as powerboats. There are three primary encounter scenarios requiring specific actions: 1. **Meeting head-on**: Neither vessel has right-of-way; both must alter course to pass port-to-port (keep the other vessel on your left) <PIC>. 2. **Crossing**: The vessel approaching from your right has right-of-way; you are the give-way vessel and must yield <PIC>. 3. **Overtaking**: You are the give-way vessel when passing another vessel—maintain safe distance and clear it completely; the vessel being overtaken is the stand-on vessel and should hold course/speed <PIC>. Additionally: • In narrow channels or bends, keep to the right when safe and practical <PIC>. • Always maintain a safe distance from other watercraft, watch for ski ropes/fishing lines, and check behind before turning <PIC>. • If collision appears unavoidable, the General Prudential Rule applies: both vessels must take immediate action to avoid it—even if normally one would have right-of-way . For full details, refer to official U.S. Coast Guard navigation rules or your local boating authority. , [""Manual20_26"", ""Manual20_27"", ""Manual20_29"", ""Manual20_22"", ""Manual20_26""]"
328,"To remove the seat: Pull the seat latch <PIC> up at the rear of the seat, and then pull the seat off. To install the seat: Insert the projection on the front of the seat into the stay on the deck, and then push the rear of the seat down to lock it in place securely. NOTE: Always ensure the seat is fully secured before operating the watercraft. , [""Manual20_34""]"
329,"To open the hood of the jetski: Push the hood latch <PIC> down, and then lift the hood up. To close the hood: Push the hood down firmly until it latches securely in place. NOTE: Always ensure the hood is fully secured before operating the watercraft. , [""Manual20_36""]"
330,"There are two main types of filler caps on the jetski: the fuel tank filler cap and the oil tank filler cap. To remove either: 1. The **fuel tank filler cap** (located near the handlebars, as shown in <PIC>) — turn it counterclockwise. 2. The **oil tank filler cap** (also labeled as dipstick cap, shown in <PIC>) — likewise, turn it counterclockwise. Always ensure both caps are securely reinstalled before operating the watercraft. Note: Do not lift or pull the cap using the retaining cord, and place it where it cannot be accidentally knocked overboard. , [""Manual20_40"", ""Manual20_41""]"
331,"您好，关于操纵喷射艇（jetski）上的两种发动机开关，请注意以下关键安全与操作要点： 1. **主电源/启动开关**：通常为钥匙式开关，用于启动和关闭发动机。启动前请确保档位处于空挡（NEUTRAL）， throttle（油门）完全释放；关闭后务必拔出钥匙，防止误启动（参考文档2、文档5）。 2. **发动机紧急熄火开关（Engine Shut-Off Switch）**：通常为带绳夹（lanyard clip）的红色开关，必须始终连接至操作者衣物上。一旦意外落水或脱离驾驶位，绳夹拉脱即自动切断发动机供电，实现紧急停机（参考文档1、文档5）。操作前务必确认该开关功能正常，且绳夹未损坏（参考文档7中关于互锁开关的日检要求）。 ⚠️ 重要警告：操作任何开关前，必须确保水craft处于稳定状态、无人员靠近喷口/进水口；进行维护时，须同时关闭主开关、拔出钥匙，并取下熄火绳夹（参考文档5明确要求‘Turn off and remove both main switch keys, remove the clip from the engine shut-off switch’）。 如需具体开关位置或标识图示，建议查阅随附《Owner’s/Operator’s Manual》第X章‘Controls & Switches’，或联系授权jetski经销商获取对应机型图解。"
332,"Jet Ski 通常配备两类主要操控杆：1. **运动控制杆（Motion-Control Levers）**：用于前进、倒车及左右转向（<PIC>）；将两杆同步前推为前进，同步后拉为倒车，单侧前推+另一侧后拉可实现原地转向。2. **油门杠杆（Throttle Lever）**：位于右侧手柄，挤压以提高发动机转速/加速，松开则减速或回到怠速（<PIC>）。此外，部分型号还配有**阻风门杠杆（Choke Lever）**（<PIC>），冷启动时需开启以提供浓混合气，启动后及时关闭。操作前请务必确认两杆处于中立位置，并参考说明书图示（如 Figure 4、Figure 26）熟悉各档位对应状态。 , [""Manual09_207"", ""Manual20_47"", ""Manual20_46""]"
333,"When using the Quick Shift Trim System (QSTS) selector on your jetski, you should obtain and understand the following key information: 1. **Location**: The QSTS selector is located at the left handlebar grip <PIC>. 2. **Function**: It adjusts the trim angle by changing the vertical angle of the jet thrust nozzle. 3. **Positions**: There are 5 trim positions — two bow-down (● and ⊖), one neutral (↰), and two bow-up (© and ⊙). The neutral “N” position is recommended for most operating conditions <PIC>. 4. **Safe Operation Procedure**: To change trim, first reduce engine speed to 3,000 r/min or less; then squeeze the shift lock lever and turn the QSTS selector to the desired position; finally, release the lever to lock it in place <PIC>. 5. **Critical CAUTION**: Never adjust the QSTS selector while operating at full throttle — this may cause system damage. , [""Manual20_33"", ""Manual20_52"", ""Manual20_33""]"
334,"The fuel meter shows the remaining fuel level in your jet ski's tank using eight segments — it helps you monitor fuel while riding <PIC>. The hour meter tracks the total engine operating hours since new, which is essential for scheduling maintenance <PIC>. Note: the hour meter retains elapsed time even if the battery is disconnected. If either meter malfunctions, it may display '_ _' or blink a warning light. , [""Manual20_58"", ""Manual20_59""]"
344,"Inspecting the fuel filter and fuel tank on your jet ski is critical for safety and performance. Here's how to proceed safely and correctly: 1. **Fuel Filter Inspection & Replacement**: - The fuel filter is located near the engine on the left front of the engine <PIC>. - It is a one-piece, disposable unit <PIC>. Do NOT clean or reinstall a used/dirty filter — always replace it. - Replacement interval: After initial 10 hours or 1 month of operation, then every 200 hours or 24 months — whichever comes first; more frequently if operating in dusty or contaminated conditions. - ⚠️ WARNING: Do NOT attempt replacement yourself unless trained and authorized. An incorrectly installed filter can leak gasoline, posing serious fire/explosion risk. Yamaha strongly recommends having a certified Yamaha dealer perform this service <PIC>. 2. **Fuel Tank Inspection**: - Visually inspect the fuel tank <PIC> for cracks, dents, or signs of leakage. - Check for water contamination: Water may settle at the bottom and appear as cloudiness or separation in fuel. If water is found, do NOT operate the watercraft — have a Yamaha dealer service the fuel system immediately <PIC>. - Always ensure the fuel tank filler cap is securely closed after refueling <PIC>, and never 'top off' — stop filling when fuel becomes visible in the filler tube <PIC>. ⚠️ SAFETY FIRST: Fuel is highly flammable and toxic. Never inspect or handle fuel components near open flame, while smoking, or with a hot/engine-running watercraft. Work outdoors, wear gloves and eye protection, and wipe up spills immediately <PIC>. For full diagrams and component locations, refer to the 'Location of main components' illustration showing fuel filter (⑥) and fuel tank (⑦) <PIC>. , [""Manual23_92"", ""Manual20_81"", ""Manual20_82"", ""Manual20_34"", ""Manual20_83"", ""Manual34_88"", ""Manual34_84"", ""snowmobile_03"", ""Manual20_35""]"
345,"To adjust the adjustable sponsons on your jetski: 1. Remove the bolts <PIC> on both sponsons. 2. Reposition the sponsons to your desired setting (e.g., for enhanced straight-line or turning performance). 3. Ensure both sponsons are installed to the same level <PIC>. 4. Tighten the bolts on both sponsons to the correct torque: 18 N·m (1.8 kgf·m, 13 ft·lb) <PIC>. , [""Manual20_82"", ""Manual20_69"", ""Manual20_84""]"
346,"To safely clean the jet intake and impeller of your jetski, follow these steps: (1) Turn off the engine, remove the main switch key, and disconnect the engine shut-off switch clip. Wait for all movement to stop. (2) Beach or securely position the watercraft on land. (3) Place a clean cloth or carpet underneath, then carefully turn the watercraft onto its port (left) side — support the bow to avoid handlebar damage. <PIC> (4) Open the rear platform hatch (see page 63 of your manual). (5) Ensure the retaining cord is secured to the access port cap and strap eye. <PIC> (6) While holding the handle and pressing down, turn the access port cap counterclockwise until the “SET” mark aligns with the slot, then lift the cap. (7) Carefully remove weeds or debris from the drive shaft, impeller, pump housing, and jet thrust nozzle. Avoid contact with sharp impeller edges. If debris is stubborn or inaccessible, contact your authorized Yamaha dealer. <PIC> WARNING: Never attempt cleaning while the engine is running or without full shutdown — severe injury may result from rotating parts. , [""Manual20_84"", ""Manual20_85"", ""Manual20_86""]"
347,"To start your jetski safely in different situations, follow these official procedures: 1. **Boarding alone**: Swim to the rear, pull up onto the boarding platform, kneel, then sit astride; attach the engine shut-off cord to your left wrist and clip it to the switch; grip handlebars firmly, place feet in footwell, then push the green start switch <PIC> to start the engine. 2. **Boarding with a passenger**: Operator boards first and balances the craft; passenger boards second, sits fully with feet in footwell and holds on before throttle is applied; then both confirm surroundings and push the green start switch <PIC>. 3. **Starting from a dock**: Board from the side, attach shut-off cord, push watercraft away from dock, grip handlebars, place feet in footwell, then press the green start switch <PIC> before accelerating. Always check for boats, obstructions, and swimmers before starting — and never exceed 160 kg total weight (operator + passenger + cargo). , [""Manual20_71"", ""Manual20_72"", ""Manual20_73""]"
348,"Here are the basic steps to board your jet ski with a passenger in deep water: 1. First, ensure the water is at least 60 cm (2 ft) deep — never start the engine in shallower water <PIC>. 2. As the operator, swim to the rear of the watercraft, place both hands on the boarding platform, pull yourself up to a kneeling position, then move forward and sit astride the seat. Attach the engine shut-off cord (lanyard) securely to your left wrist and clip it to the shut-off switch <PIC>. 3. Have the passenger move to the rear of the watercraft and climb aboard using the boarding platform — they should kneel first, then crawl onto the seat behind you <PIC>. 4. Before accelerating, confirm the passenger has both feet firmly on the footwell floor and is holding securely onto you. 5. Start the engine at idle, check all directions for boats, obstructions, or swimmers, then gradually accelerate to planing speed <PIC>. ⚠️ WARNING: Never apply throttle until the passenger is fully seated and holding on. Total weight (operator + passenger + cargo) must not exceed 160 kg (353 lb). Practice boarding and balancing alone first — riding with a passenger requires greater skill and stability. , [""Manual20_88"", ""Manual20_71"", ""Manual20_72"", ""Manual20_73""]"
349,"If it is difficult to balance the jetski at a standstill, follow these steps: 1. Ensure the total weight of operator and passenger (including cargo) does not exceed 160 kg (353 lb), as heavier loads significantly reduce stability. 2. Practice in water deep enough to stand chest-high, with the engine off and kill switch lanyard securely attached to your wrist. 3. Use the boarding platform and step (if equipped) to mount gradually: swim to the rear, place hands on the platform, pull up to kneeling position, then shift into seated position while keeping weight centered. 4. Have a passenger steady the watercraft during boarding if possible <PIC>. 5. Practice repeatedly in calm, shallow areas before moving to open water <PIC>. For visual guidance on boarding and balance training, refer to the illustrated steps <PIC>. , [""Manual40_13"", ""Manual40_14"", ""Manual40_15""]"
350,"The maximum load of the jetski is 160 kg (353 lb), which includes the total weight of the operator, passenger, and any cargo. This watercraft is designed for one operator and one passenger only — never exceed 2 persons or the 160 kg limit."
351,"The base station of a landline cordless phone (e.g., XL490/XL495 models) serves as the central hub that connects to the telephone line and powers the handset(s). Key functions include: • Connecting to the wall telephone socket and power supply; • Registering and communicating with handsets via DECT™ GAP-compliant technology; • Enabling features like 'Find Handsets' (press to locate, press and hold to enter registration mode); • Supporting charging for compatible handsets. For setup: connect the line cord between the base station and wall socket, plug in the power adapter, and ensure the handset is within range and registered. <PIC> <PIC> , [""Manual22_18"", ""Manual22_19""]"
352,"To connect the base station of a landline phone, follow these steps: 1. Connect the power adapter: Plug one end into the DC input jack at the bottom of the base station <PIC>, and the other end into a wall power socket. 2. Connect the telephone line: Plug one end of the line cord into the telephone socket at the bottom of the base station <PIC>, and the other end into the wall telephone socket. After connection, ensure the base station has power supply — the power indicator should light up. If the handset shows 'Register your Handset' or remains in searching status, place it on the base station to initiate auto-registration <PIC>. Registration completes in under 2 minutes. For manual registration, press and hold the registration button on the base station for 5 seconds <PIC>, then follow on-screen prompts. , [""Manual22_22"", ""Manual22_23"", ""Manual22_58"", ""Manual22_18""]"
353,"安装固定电话子机（handset）的步骤如下： 1. 确保已阅读并理解《重要安全说明》； 2. 将基站（base station）正确连接：一端接入墙上的电话线接口，另一端接入基站底部的电话插座； 3. 将电源适配器接入基站，并连接至墙面电源插座； 4. 子机电池已预装，使用前请先撕掉电池仓内的绝缘胶带； 5. 将子机放置在基站上进行充电，放置到位时会听到“咔嗒”对接声，表示已正确 docking <PIC>； 6. 首次使用前，请充电8小时； 7. 开机：长按电源键开机； 8. 确保子机与基站成功配对（注册）：若屏幕显示 [Register your Handset]，请将子机持续置于基站上，直至信号条出现 <PIC>。 , [""Manual22_23"", ""Manual22_20""]"
354,"For a cordless landline phone, you can check the battery level in the following ways: 1. When the handset is placed on the charger or travel case, the battery indicator (e.g., LED lights or on-screen icon) displays the current charge level. <PIC> 2. When the handset is in use or in standby mode, the battery level is typically shown as an icon on the display screen — for example, a battery symbol with bars or a warning icon when low. <PIC> 3. If batteries are nearly depleted, you may hear warning tones during a call, and the call will disconnect automatically after the warning. <PIC> , [""Manual29_20"", ""Manual12_0"", ""Manual12_1""]"
355,"If your landline handset is in 'searching' status, please try the following steps: • Ensure the base station has power supply. • Register the handset to the base station. • Move the handset closer to the base station. <PIC> , [""Manual22_58""]"
356,"您可以通过查看手柄（handset）或基站（base station）上的LED指示灯行为来了解当前状态。具体如下： • 在手柄上：进入 [Menu] > [Phone setup] > [LED status] > [Events status] / [Charge status]，即可查看不同LED闪烁/常亮模式所代表的事件状态（如来电、新留言、充电中、电量低等）<PIC>； • 在基站上：同样参考LED状态表，可识别基站工作状态，例如待机、通话中、配对中、信号连接状态等 <PIC>； • 此外，电池图标和警告音也可辅助判断：电池图标显示剩余电量 <PIC>，电量过低时会发出警告音并自动断话 <PIC>；信号强度则通过屏幕上的信号格数体现 <PIC>。 注：相关LED状态说明详见说明书中的对应表格图片。 , [""Manual22_10"", ""Manual22_11"", ""Manual22_12"", ""Manual01_11"", ""Manual03_11""]"
357,"The current status of the base station can be determined by its LED indicator behavior. According to the reference documentation, there is a dedicated table (referenced in Document 1) that maps different LED patterns — such as solid on, blinking, color, and interval — to specific operational states (e.g., standby, registering, charging, error, or link loss). However, the actual table content is not provided in the available knowledge. To view or configure LED-related settings, you may navigate via [Menu] > [Phone setup], though note that the documented menu paths (e.g., [LED status], [Events status], [Charge status]) pertain to the *handset*, not the base station <PIC>. For base station LED interpretation, please consult the product’s full user manual or contact support with your model number for the precise LED status table. , [""Manual22_58""]"
358,"To lower the roll bar of the lawn mower, follow these steps: 1. Remove the hairpin cotters and then remove the 2 pins (refer to Figure 9). 2. Lower the roll bar to one of the two down positions (see <PIC>). Important safety notes: • Lower the roll bar only when absolutely necessary (e.g., for low-clearance transport). • There is NO rollover protection when the roll bar is down. • Do not wear the seat belt when the roll bar is in the down position. • Drive slowly and carefully, and raise the roll bar as soon as overhead clearance permits. , [""Manual23_40""]"
359,"For lawn mowers with suspension system only, you can adjust the rear-shock assemblies to customize ride comfort and handling. The assemblies feature slots with detent positions (e.g., 'Firmest' and 'Softest') for reference — but you may position them anywhere in the slot, not only at detents. <PIC> Always adjust the left and right rear-shock assemblies to the *same position* to ensure balanced suspension performance. <PIC> A softer setting increases rider comfort; a firmer setting improves precision and control on varied terrain. <PIC> , [""Manual34_180"", ""Manual34_181"", ""Manual23_25""]"
360,"To adjust the height of cut for a lawn mower with an electric deck lift: 1. Push up on the deck-lift switch to raise the deck <PIC>. 2. Push down on the deck-lift switch to lower the deck <PIC>. 3. Select a hole in the height-of-cut bracket corresponding to your desired cutting height, and insert the height-of-cut pin <PIC>. , [""Manual23_55"", ""Manual23_56"", ""Manual23_54""]"
361,"您好，'load a lawn mower'（装载/启动割草机）通常指启动前的准备工作，包括：1. 确保已加注符合要求的燃油（如为二冲程发动机，需按比例混合汽油与机油 <PIC>）；2. 检查并清洁燃油箱盖周围区域 <PIC>；3. 加注燃油至油箱颈部底部（勿过满）<PIC>；4. 启动前务必拉起驻车制动器 <PIC>；5. 确认刀片控制开关（PTO）处于关闭位置，钥匙开关关闭并拔出钥匙 <PIC>；6. 若为新机，建议完成40–50小时磨合期以达最佳性能。注意：本机为专业级骑乘式旋刀割草机，仅限受训操作人员使用。 , [""Manual04_16"", ""Manual23_41"", ""Manual23_41"", ""Manual23_41"", ""Manual23_53""]"
362,"The term 'unload a lawn mower' is not a standard operation for riding lawn mowers — it may be a misunderstanding. If you mean safely stopping and preparing the mower for storage or transport: 1. Shut off the engine, remove the key, and wait for all moving parts (especially blades) to stop completely. 2. Disengage the blade-control switch (PTO) and ensure it is in the OFF position <PIC>. 3. Lower the mower deck to the ground using the deck-lift pedal and transport lock <PIC>. 4. Ensure the grass deflector is in the down position <PIC>. 5. Allow the machine to cool before cleaning, servicing, or storing. If you meant unloading from a vehicle (e.g., truck or trailer), please ensure the mower is powered off, brakes engaged, and use proper ramps and lifting techniques — always follow safe handling guidelines for heavy equipment. Let me know if you need clarification on any step. , [""Manual23_53"", ""Manual23_54"", ""Manual23_41""]"
363,"To change the engine oil of a lawn mower, follow these steps: 1. Start the engine and let it run for 5 minutes to warm the oil for better drainage <PIC>. 2. Park the machine on a level surface (or slightly tilt the drain side lower to ensure complete drainage) <PIC>, disengage the blade-control switch (PTO), and engage the parking brake <PIC>. 3. Shut off the engine, remove the key, and wait for all moving parts to stop. 4. Clean the area around the oil-fill cap and dipstick to prevent debris from entering the engine <PIC>. 5. Place an oil drain pan underneath, then remove the drain plug (or oil drain hose/filler adapter, depending on model) and drain all oil completely <PIC>. 6. Inspect the drain plug, gasket, oil cap, and O-ring; replace if damaged <PIC>. 7. Reinstall the drain plug securely. 8. Slowly pour approximately 80% of the recommended oil volume into the filler tube, then gradually add more until the level reaches the 'Full' mark on the dipstick <PIC><PIC>. 9. Replace the oil-fill cap and check the oil level again after starting and running the engine briefly . Note: Use API SJ or higher detergent oil (e.g., 10W-40); typical capacity is ~1.6–1.9 L. Always dispose of used oil at a certified recycling center. , [""Manual23_75"", ""Manual23_86"", ""Manual23_87"", ""Manual23_73"", ""Manual23_76"", ""Manual23_77"", ""Manual09_197"", ""Manual23_84""]"
364,"To remove the filters of a lawn mower (specifically the air cleaner filters), follow these steps: 1. Park the machine on a level surface, disengage the blade-control switch (PTO), and engage the parking brake. 2. Shut off the engine, remove the key, and wait for all moving parts to stop. 3. Release the latches on the air cleaner and pull the air-inlet cover off the air-cleaner body <PIC>. 4. Gently slide the primary filter out of the air-cleaner body <PIC>. Note: Avoid knocking the filter into the side of the body. 5. Remove the safety filter only if replacing it — do not clean it. Important: If the safety filter is dirty, the primary filter is likely damaged; replace both filters. , [""Manual23_83"", ""Manual23_73""]"
365,"To replace the drive V-belt on your lawn mower (e.g., BR250T/CS340E or ET410TR/VK540E models), follow these steps: 1. Apply the parking brake before starting. <PIC> 2. Remove the drive V-belt guard. <PIC> 3. Rotate the secondary sliding sheave clockwise and push it to separate it from the fixed sheave. <PIC> 4. Pull the old belt up over the secondary fixed sheave, then remove it from both the secondary and primary sheaves. 5. Install the new belt over the primary sheave. 6. Again rotate and push the secondary sliding sheave to separate it, then install the belt between the secondary sliding and fixed sheaves. 7. Reinstall the drive V-belt guard. Note: Always ensure the engine is off, key removed, and blade-control switch (PTO) disengaged before servicing. If the belt shows signs of wear, flat spots, or damage, replacement is required per maintenance guidelines. , [""Manual34_148"", ""Manual34_170"", ""Manual34_242""]"
366,您好，暂未查询到相关产品信息，已为您转接人工客服。
367,您好，暂未查询到相关产品信息，已为您转接人工客服。
368,"您好，关于如何在过顶式微波炉（over-the-range microwave）中设置您最喜爱的食谱，需注意：该类微波炉本身不支持直接‘保存’或‘编程’自定义食谱（如智能菜单、一键启动等），但您可通过以下方式便捷复用常用做法：1. 使用【预设烹饪程序】（如'POULTRY'、'FISH'、'PASTA'等，参考烹饪表 <PIC>）匹配食材类型；2. 手动设定【功率等级】与【时间】——例如煮饭/意面可参考 Pasta and Rice Cooking Tables <PIC>；3. 遵循通用微波技巧：覆盖食物以锁住水分 <PIC>、将厚部朝外摆放确保受热均匀 <PIC>、预留【静置时间】让余热完成烹饪 <PIC>。温馨提示：所有操作请严格使用微波炉专用容器，并避免密闭加热。 , [""Manual24_43"", ""Manual24_44"", ""Manual24_3"", ""Manual24_3"", ""Manual24_3""]"
369,"To reheat food in an over-the-range microwave, follow these key steps: 1. Arrange food in a single layer (not stacked) for even heating; place thicker portions toward the outside of the dish. 2. Cover with a microwave-safe lid, vented plastic wrap, or waxed paper to retain moisture and heat — leave a corner folded back to vent steam. 3. Use medium power (e.g., 50–70%) for gentler, more even reheating — especially for dense or saucy foods — and avoid overheating. 4. Stir or rotate food halfway through (if applicable), and let it stand for 1–3 minutes after heating to allow heat to distribute evenly and finish cooking internally. 5. Always use microwave-safe containers — avoid metal, aluminum foil (except small, carefully placed shielding strips kept ≥1 inch from oven walls), brown paper bags, or non-microwave-safe plastics. <PIC> <PIC> <PIC> , [""Manual24_3"", ""Manual24_44"", ""Manual24_43""]"
370,"To use the auto defrost function on an over-the-range microwave: 1. Place frozen food in a microwave-safe container (e.g., ovenproof glass or ceramic without metal trim <PIC>). 2. Select the 'Auto Defrost' setting (often labeled by food type—e.g., meat, poultry, fish—or by weight). 3. Enter the weight of the food as prompted; the microwave will automatically calculate and apply the appropriate time and power level. 4. During defrosting, pause halfway to separate or rearrange pieces (e.g., turn roasts, flip chops, or rotate uneven items so thicker parts face outward <PIC>). 5. After defrosting, let food stand covered for a few minutes to allow heat to equalize and complete thawing internally. Note: Always fully defrost fish and shellfish before cooking <PIC>, and avoid using aluminum foil except for shielding delicate areas like wingtips <PIC>. , [""Manual24_3"", ""Manual24_43"", ""Manual24_43"", ""Manual24_43""]"
371,"To clean the grease filter of an over-the-range microwave: 1. Remove the filter by sliding it to the side, pulling it downward, then pushing it to the other side until it drops out <PIC>. 2. Wash it in the dishwasher or soak it in hot water with a mild detergent; rinse thoroughly and shake dry. Do not use ammonia or abrasive cleaners — the aluminum filter may darken <PIC>. 3. To reinstall, slide the filter into the side slot, then push up and toward the oven center until it locks into place <PIC>. CAUTION: Never operate the microwave hood without the grease filter installed. , [""Manual24_47"", ""Manual24_48"", ""Manual24_49""]"
372,"To replace the charcoal filter of an over-the-range microwave, follow these steps: 1. Unplug the microwave or turn off power at the main power supply. 2. Remove the two vent grill mounting screws (the two middle screws). <PIC> 3. Tip the vent grill forward, then lift it out. <PIC> 4. Remove the old charcoal filter. <PIC> 5. Slide a new charcoal filter into place — it should rest at the angle shown in the manual. <PIC> 6. Slide the bottom of the vent grill into place, then push the top until it snaps securely into position. 7. Replace the mounting screws and restore power. Note: Charcoal filters cannot be cleaned and must be replaced every 6–12 months (more frequently if used heavily). Never operate the microwave hood without the filter installed. , [""Manual24_48"", ""Manual24_49"", ""Manual24_50"", ""Manual24_51""]"
373,"To replace the oven light in an over-the-range microwave, follow these steps: 1. Unplug the unit or turn off power at the main power supply. 2. Remove the vent cover mounting screws (typically the two middle screws). 3. Tip the vent cover forward, then lift it out to remove. 4. Remove the bulb holder and lift it up. 5. Replace the bulb with a 30 or 40 watt appliance bulb. 6. Reinstall the bulb holder, then slide the vent cover back into place—insert the bottom first, then push the top until it snaps securely. 7. Replace the mounting screws and restore power. CAUTION: Wear gloves when handling the bulb to avoid personal injury or property damage. <PIC> <PIC> <PIC> <PIC> , [""Manual24_54"", ""Manual24_55"", ""Manual24_56"", ""Manual24_57""]"
374,"Setting the PCI Express 3.0 x16 slots on this motherboard involves both physical installation and BIOS configuration: 1. **Physical Installation**: Insert the PCIe 3.0 x16 graphics card firmly into the gray-labeled PCIe 3.0×16_1 slot for optimal performance in single VGA mode <PIC>. Ensure the card is fully seated and secured with a screw. 2. **BIOS Configuration**: Enter BIOS Setup (press Del/F2 during boot), navigate to Advanced → PEG Port Configuration or PCIe Configuration, and set 'PCIEx16_1 Link Speed' to [Auto], [Gen1], [Gen2], or [Gen3] as needed. [Auto] is recommended for full compatibility and automatic negotiation. Note: Using multiple PCIe x16 slots simultaneously may cause bandwidth sharing or instability if not supported by the chipset — refer to Chapter 1.5.3–1.5.4 of the manual for slot grouping rules . For detailed guidance, consult the user guide (see Appendix A-1 for contact info and safety notices) . , [""Manual25_1""]"
375,"Setting motherboard jumpers depends on the specific function you need to configure. Based on the reference documentation: 1. **Clear RTC RAM (2-pin CLRTC)**: To reset BIOS settings (e.g., date, time, passwords), short the two pins of the CLRTC header using a metal object (e.g., screwdriver) for a few seconds while the system is powered off and unplugged <PIC>. Alternatively, remove the CMOS battery and short the pins <PIC>. 2. **CPU Over Voltage (3-pin CPU_OV)**: For overclocking — place the jumper on pins 2–3 to increase CPU voltage; place it on pins 1–2 to restore default voltage <PIC>. ⚠️ Important: Do *not* confuse fan headers (e.g., CPU_FAN, CHA_FAN) with jumpers — fan connectors are *not* jumpers and must *never* have jumper caps installed <PIC>. For full details, refer to Chapter 1.6 'Jumpers' in the motherboard manual <PIC>. , [""Manual25_1"", ""Manual25_1"", ""Manual25_1"", ""Manual25_1"", ""Manual25_1""]"
376,"The rear panel connectors on a motherboard are pre-mounted and fixed on the I/O shield; they are not user-configurable or 'set' via jumpers, BIOS, or software. They are physical ports (e.g., PS/2 Mouse/Keyboard combo port, DisplayPort, VGA port) that come pre-wired to the motherboard and designed to align with the chassis rear I/O cutout. During installation, ensure the motherboard is oriented correctly so the edge with external ports faces the rear of the chassis <PIC>. No user configuration is required — simply secure the motherboard in the chassis with proper screw alignment and connect peripherals directly to these ports after system assembly. , [""Manual25_6""]"
377,"您可以通过以下两种方式设置主板上的板载LED（如Model Name LED、SupremeFX LED等）：1. 在BIOS中设置：开机时按Del键进入BIOS，依次进入 Advanced → Onboard Devices Configuration，即可找到 'Model Name LED Lighting' 或 'SupremeFX LED Lighting' 选项，支持 [Disabled]、[Still Mode]、[Breathing Mode]、[Flowing Mode] 等配置；2. 使用软件设置：安装并运行Ai Suite 3，打开其中的LED Control应用，即可图形化调节LED开关与灯光模式。注意：Standby Power LED（SB_PWR）为硬件指示灯，不可设置，仅用于提示系统处于通电/睡眠/软关机状态，<PIC>。 , [""Manual25_6""]"
378,"You can update the BIOS file of a motherboard using several supported methods: 1. **Via USB (EZ Flash 3 or BIOS Updater)**: Insert a FAT32-formatted USB flash drive containing the latest BIOS file (e.g., 'Z17PG.CAP' for CrashFree BIOS 3) into a USB port; enter BIOS Setup → Advanced Mode → Tool menu → select EZ Flash 3 Utility; press <Tab> to navigate to the Drive field, select the USB drive, then navigate to the Folder Info field and select the BIOS file to begin update. 2. **Via Internet (EZ Flash 3)**: In EZ Flash 3, select 'by Internet', choose your connection method (e.g., wired LAN), and follow onscreen instructions — ensure stable internet before proceeding. 3. **Via DOS Environment (BIOS Updater)**: Boot into FreeDOS using the Support DVD or USB; at FreeDOS prompt, type 'd:' to switch to USB drive, then run 'bupdater /pc /g'; use <Tab> to switch panels, select the BIOS file, confirm with 'Yes', and restart after completion. ⚠️ Important: Do NOT power off or reset during update; backup original BIOS first; use only official BIOS files from the motherboard manufacturer. For recovery if corrupted, use CrashFree BIOS 3 with properly renamed BIOS file on USB or DVD."
379,"To create RAID on your motherboard, follow these steps: 1. Ensure all HDDs are connected to Intel SATA 6.0Gb/s connectors (not third-party or M.2 SATA ports), and that they contain no existing RAID volumes. 2. Enter BIOS setup (press <Del> during boot), then navigate to SATA Configuration and set SATA Mode to [RAID] — this is required before RAID creation <PIC>. 3. Press <F11> to launch EZ Tuning Wizard, click RAID, then click Yes to enable RAID mode . 4. Select your desired RAID type: Easy Backup (RAID1 or RAID10) for redundancy, or Super Speed (RAID0 or RAID5) for performance — note: RAID10 requires 4 HDDs . 5. Confirm selections and click Yes to build the RAID volume; then click Yes to exit and OK to reset the system. ⚠️ Before proceeding, consult the motherboard manual (bundled in the Support DVD) for model-specific guidance and compatibility. , [""Manual25_6""]"
380,"To install an operating system (e.g., Windows 7) on a 100 Series motherboard using SATA ODD and USB devices, follow Method 1 as specified: 1. Prepare a Windows 7 installation source — either insert the OS 7 DVD into a **USB ODD**, or copy all files from the OS 7 DVD onto a **USB storage device** (≥8 GB, formatted beforehand). 2. Connect that USB ODD or USB storage device to your 100 Series platform. 3. Insert the **motherboard’s Support DVD** into a **SATA ODD** installed on the same platform. 4. Power on the system and press **F8 during POST** to enter the boot selection screen <PIC>. 5. Select the USB device (or USB ODD) as the boot device. 6. The system will automatically load USB 3.0 drivers from the Support DVD via the SATA ODD, enabling USB keyboard/mouse functionality during installation. 7. Once the 'Setup is starting...' screen appears <PIC>, proceed with the onscreen OS installation instructions. , [""Manual36_0"", ""Manual17_3""]"
381,"To secure the motherboard to the chassis: 1. Ensure the motherboard is correctly oriented — the edge with external ports must face the rear of the chassis <PIC>. 2. Align the motherboard over the standoffs in the chassis, matching its screw holes with the corresponding mounting points. 3. Insert and tighten **nine screws** into the holes indicated by circles in the manual — do **not over-tighten**, as this may damage the motherboard <PIC>. Always unplug the power cord before installation to prevent injury or component damage. , [""Manual25_6"", ""Manual25_6""]"
382,"To prepare for CPU installation on the motherboard, follow these essential steps: 1. Unplug all power cables to prevent electrical damage or injury. 2. Verify that the CPU is compatible with the LGA1151 socket — do NOT use CPUs designed for LGA1150/1155/1156 sockets. 3. Check that the PnP protective cap is in place on the socket and that socket contacts are undamaged; contact your retailer immediately if the cap is missing or contacts are bent. 4. Ensure the CPU Installation Tool is intact and handle it firmly by both sides — never bend or damage it. 5. Before installing the CPU, confirm it is oriented correctly and will click firmly into place in the socket. 6. After CPU placement, apply Thermal Interface Material (TIM) to the CPU and heatsink before installing the CPU heatsink and fan assembly <PIC>. 7. Finally, securely connect the CPU fan cable to the 4-pin CPU_FAN header on the motherboard to ensure proper cooling <PIC>. , [""Manual25_11"", ""Manual25_10""]"
383,关于主板系统内存的信息，您可以通过以下方式了解：1. 主板配备4个DDR4 DIMM插槽，支持2GB/4GB/8GB/16GB非ECC无缓冲DDR4内存模块；2. 推荐使用双通道配置（如Channel A与Channel B配对安装），系统会以较小容量通道的总和启用双通道，多余容量转为单通道运行；3. 为保护CPU，建议使用电压低于1.65V的内存；4. 受32位操作系统内存寻址限制，安装4GB及以上内存时，实际可用内存可能仅约3GB或更少，建议使用64位操作系统以充分发挥内存性能；5. 兼容性方面，请参考主板QVL（合格供应商列表）确认所选DDR4内存频率（如DDR4 2400–3400 MHz，部分需超频支持）；6. 安装时请注意：DDR4内存缺口位置与其他代次（DDR/DDR2/DDR3）不同，切勿强行混插。
384,"The 10-1 pin Serial Port (COM) connector on the motherboard is used to connect a serial port module cable. After connecting the cable to this header, the COM module (sold separately) must be installed into a slot opening at the rear of the system chassis. In BIOS, the serial port can be enabled or disabled via the 'Serial Port [On/Off]' setting, and its I/O address and IRQ (e.g., IO=3F8h; IRQ=4) can be configured under 'Change Settings' when enabled. <PIC> , [""Manual25_1""]"
385,"TPM connector (14-1 pin TPM) 是主板上的一个专用接口，用于连接可信平台模块（Trusted Platform Module）设备。该模块可安全存储密钥、数字证书、密码及敏感数据，并有助于增强网络安全、保护数字身份、确保平台完整性。该接口为14针单排设计（14-1 pin），在主板布局中通常标注为 'TPM' 或 'TPM_HEADER'。<PIC> , [""Manual25_1""]"
386,"The Thermal Sensor connector (2-pin T_SENSOR) on the motherboard is a dedicated header designed to connect an external thermistor cable, enabling real-time monitoring of temperature for critical components or custom thermal zones. As stated in the documentation: 'This connector is for the thermistor cable that allows you to monitor the temperature of your motherboard’s critical components and connected devices.' <PIC> In BIOS (under Monitor menu), 'T_Sensor Temperature' appears as a selectable item alongside CPU, Motherboard, VRM, and PCH temperatures — confirming it is a distinct, user-accessible thermal input source. It can also be assigned as a temperature control source for fans (e.g., Extension Fan or Chassis Fan Q-Fan Control), offering flexible thermal management beyond onboard sensors. , [""Manual25_1""]"
387,"To set Quick Release (QR) on your multi-use pressure cooker and air fryer: 1. Ensure cooking is complete and the appliance has entered the 'End' status. 2. Press the quick release button down firmly until it clicks and locks into the Vent position <PIC>. 3. A jet of steam will eject from the top of the steam release valve — this is normal and expected <PIC>. 4. Wait until the float valve has fully descended (flush with the lid) <PIC>, indicating all internal pressure has been released. 5. Only then carefully open the lid. ⚠️ Warning: Keep hands and face away from the steam release valve during venting; do not force the lid open if the float valve remains raised. , [""multi-use_pressure_cooker_and_air_fryer_01"", ""Manual30_15"", ""Manual30_18""]"
388,"To set the pressure cooking lid for your multi-use pressure cooker and air fryer, follow these steps: 01 Align the symbol on the pressure cooking lid with the symbol on the rim of the cooker base. 02 Lower the lid onto the track and turn it clockwise until the symbols align fully — this ensures a secure, pressure-tight seal <PIC>. Important: Always install the float valve and silicone cap before use — they work together to seal pressurized steam <PIC>. Never operate the appliance without the float valve properly installed. Also, ensure the stainless-steel inner pot is in place (do not use ceramic-coated pots) and that the power/sensor connectors are fully engaged to avoid 'Lid' or 'C9' errors <PIC>. , [""Manual30_25"", ""Manual30_18"", ""Manual30_24""]"
389,"To set the float valve on your multi-use pressure cooker and air fryer, follow these steps: 1. Ensure the pressure cooking lid is clean and dry. 2. Drop the narrow end of the float valve into the float valve hole on the top of the lid. 3. Place one finger on the flat top of the float valve, then turn the lid over. 4. Firmly attach the silicone cap to the bottom side of the float valve. <PIC> <PIC> The float valve and silicone cap must be fully installed before use — never operate the appliance without them. Also, verify that the float valve moves freely and is not obstructed or clogged. <PIC> , [""Manual30_36"", ""Manual30_37"", ""Manual30_18""]"
390,"The anti-block shield is a critical safety component in your multi-use pressure cooker and air fryer. It prevents food particles from entering and clogging the steam release pipe, ensuring proper pressure regulation during pressure cooking. It is integral to product safety — the appliance must not be operated without it installed. To install: place the anti-block shield over the prongs on the pressure cooking lid and press down until it snaps securely into position <PIC>. Regular maintenance includes checking the anti-block shield (along with the steam release valve, float valve, and sealing ring) for clogs before and after each use <PIC>. For visual reference, see the installation diagram and maintenance checklist in your manual. , [""Manual30_35"", ""Manual30_19""]"
391,"To set the steam release valve on your multi-use pressure cooker and air fryer: 1. Ensure the steam release valve is clean and unobstructed. 2. Place the steam release valve onto the steam release pipe and press down firmly — it should sit loosely but remain securely in place when the lid is inverted <PIC>. 3. Never cover, block, or obstruct the steam release valve — doing so poses a serious safety hazard <PIC>. 4. The valve works in conjunction with the quick release button, which controls whether pressure is released (vent position) or retained (seal position) <PIC>. Always confirm the float valve has dropped before opening the lid <PIC>. , [""Manual30_33"", ""Manual30_15"", ""Manual30_14"", ""Manual30_18""]"
392,"To install the anti-block shield on your multi-use pressure cooker and air fryer: Place the anti-block shield over the prongs on the pressure cooking lid and press down firmly until it snaps securely into position. <PIC> The anti-block shield is essential for safety—it prevents food particles from entering the steam release pipe and ensures proper pressure regulation. Do not operate the appliance in pressure cooking mode without it installed. For removal, grip the lid like a steering wheel and use your thumbs to press firmly against the side of the anti-block shield (toward the lid’s edge and upward) until it pops off the prongs. <PIC><PIC> , [""Manual30_35"", ""Manual30_32"", ""Manual30_33""]"
393,"To set the silicone cap and float valve on your multi-use pressure cooker and air fryer, follow these steps: 1. Install the float valve by dropping its narrow end into the float valve hole on the top of the pressure cooking lid. 2. Turn the lid over and place one finger on the flat top of the float valve to hold it in place. 3. Firmly attach the silicone cap to the bottom side of the float valve. <PIC> <PIC> Both parts must be properly installed before use — never operate the appliance without them. <PIC> , [""Manual30_36"", ""Manual30_37"", ""Manual30_18""]"
394,"To install the condensation collector for your multi-use pressure cooker and air fryer: 1. Locate the condensation collector (a removable tray) and the back of the cooker base. 2. Align the grooves on the condensation collector over the tabs on the back of the cooker base <PIC>. 3. Slide the condensation collector smoothly into place—do not pull down or force it <PIC>. The condensation collector must be installed before cooking to catch overflow from the condensation rim <PIC>. , [""Manual30_38"", ""Manual30_39"", ""Manual30_40""]"
395,"To install the sealing ring for your multi-use pressure cooker and air fryer: 1. Place the silicone sealing ring over the circular stainless-steel sealing ring rack. 2. Press it firmly into place, ensuring it sits snugly behind the rack without puckering <PIC>. 3. Verify proper installation by turning the lid upside down — the sealing ring should not fall out <PIC>. Always use only an authorized sealing ring, check for damage before each use, and replace it every 12–18 months <PIC>. , [""Manual30_31"", ""Manual30_30"", ""Manual30_16""]"
396,"To remove the silicone sealing ring from your Multi-use pressure cooker and air fryer: Grip the edge of the silicone sealing ring and gently pull it out from behind the circular stainless-steel sealing ring rack. <PIC> , [""Manual30_30""]"
397,"The sealing ring of the Multi-use pressure cooker and air fryer is a silicone component that creates an airtight seal between the lid and the inner pot during pressure cooking <PIC>. It must be correctly installed before each use, and only one sealing ring should be used at a time <PIC>. The ring is porous, so it may absorb strong aromas and flavors—keeping spare rings helps prevent flavor transfer between dishes. Always inspect the sealing ring for cuts, deformation, or stretching before use. Replace it every 12–18 months, or sooner if damaged or stretched <PIC>. Only use authorized replacement sealing rings—never use stretched, damaged, or non-approved rings, as this may cause steam leakage, food discharge, or injury. To remove it: grip the edge of the silicone ring and pull it out from behind the stainless-steel sealing ring rack . , [""Manual30_16"", ""Manual30_18"", ""Manual30_30""]"
398,"The steam release valve is a critical safety component on the multi-use pressure cooker and air fryer. It sits loosely on the steam release pipe <PIC>, and when pressure is released, steam ejects from the top of the valve — this is normal during quick release <PIC>. The valve is directly controlled by the quick release button: pressing it down locks into the Vent position to release pressure rapidly <PIC>. It must never be covered, blocked, or obstructed — doing so compromises safety <PIC>. Before each use, always inspect the steam release valve, steam release pipe, anti-block shield, and float valve for clogging to prevent injury or damage <PIC>. Proper function ensures safe, controlled depressurization and is essential for pressure cooking operations. , [""Manual30_15"", ""multi-use_pressure_cooker_and_air_fryer_01"", ""Manual30_10"", ""Manual30_14"", ""Manual30_18""]"
399,"The quick release button on the multi-use pressure cooker and air fryer controls the steam release valve to safely and rapidly release built-up pressure. Pressing it down until it clicks locks the valve into the Vent position, allowing a controlled jet of steam to eject from the top of the steam release valve <PIC>. This method stops cooking immediately—ideal for delicate foods like vegetables or seafood. Important safety notes: do not cover or block the steam release valve; keep skin away during venting; and always wait for the float valve to drop fully before opening the lid <PIC>. The button is designed for a gentle flick—not a full 360° turn—and should only be rotated up to ~45°, then allowed to spring back <PIC>. , [""Manual30_14"", ""Manual30_15"", ""multi-use_pressure_cooker_and_air_fryer_01""]"
400,"Natural Release (NR or NPR) is a pressure release method used after pressure cooking in the Multi-use pressure cooker and air fryer. During Natural Release, cooking stops gradually, and the appliance de-pressurizes on its own as the internal temperature drops over time — no manual venting is required. This method is ideal for delicate foods (e.g., beans, grains, soups) that may foam, splatter, or become tough with rapid pressure loss. Always wait until the float valve has fully descended and is flush with the lid <PIC> before attempting to open — this confirms the unit is fully de-pressurized and safe to open. , [""Manual30_9""]"
401,"The robot vacuum's anatomy includes key functional components: 1. **Top Panel**: Features buttons and indicators for operation modes (e.g., CLEAN, DOCK, SPOT) <PIC>; 2. **Bottom View**: Contains extractors with square/hexagonal plastic pegs for debris removal <PIC>, and a clear vacuum path for optimal suction <PIC>; 3. **Dust Bin & Battery Area**: Removable yellow bin insert and battery compartment — activate by placing the unit upright after removing the insert and pulling the tab <PIC>; 4. **Sensors & Navigation**: Includes Halo Mode (24-inch protective zone) and Virtual Wall Mode (cone-shaped barrier up to 1 foot) for smart area control <PIC><PIC>; 5. **Charging & Docking System**: Designed to autonomously return to the Home Base when triggered via button or app <PIC>. For visual reference, see labeled diagrams of buttons/indicators, bottom view, and positioning guidelines. , [""Manual32_2"", ""Manual32_3"", ""Manual32_21"", ""Manual32_22"", ""Manual32_4"", ""Manual32_5"", ""Manual32_6""]"
402,"The two primary modes available on this vacuum cleaner are: 1. **Normal Cleaning Mode**, for general whole-home cleaning; and 2. **SPOT Cleaning Mode**, which intensively cleans localized debris by spiraling outward ~3 feet in diameter and then inward to the starting point <PIC>. These modes allow tailoring performance to different cleaning needs — broad coverage vs. targeted high-debris areas. , [""Manual32_4""]"
403,"The proper procedure for emptying the vacuum cleaner's bin is as follows: 1. Press the bin release button to remove the bin. <PIC> 2. Open the bin door to empty the bin. <PIC> , [""Manual32_7"", ""Manual32_8""]"
404,"The correct procedure for cleaning the vacuum cleaner filter is as follows: 1. Remove the filter by grasping the yellow tab (see Figure 6 <PIC>). 2. Shake off debris by tapping the filter gently against your trash container (see Figure 7 <PIC>). 3. Important: The filter door will not close unless the filter is reinserted — always insert the filter with the yellow tab facing up. Note: Do not attempt to clean the safety (or inner) filter; if it is dirty, both the safety and primary filters must be replaced. Also, after each use, empty the bin and clean the filter to maintain optimal performance. , [""Manual32_10"", ""Manual32_11""]"
405,"The proper procedure for cleaning the full bin sensors on a vacuum cleaner is as follows: 1. Remove and empty the dust bin. (See Figure 8) <PIC> 2. Wipe the sensors — including the inner and outer sensor ports on the bin — with a clean, dry cloth. (See Figure 9 and Figure 10) <PIC><PIC> , [""Manual32_10"", ""Manual32_11"", ""Manual32_14""]"
406,"The correct procedure for cleaning the extractors (brushes or rollers) on the vacuum cleaner is as follows: 1. Pinch the yellow extractor frame release tabs, lift up the extractor frame, and remove any obstructions <PIC>. 2. Remove the extractors and the yellow extractor caps; clear hair or debris collected underneath the caps and around the metal axles, then reinstall the caps <PIC>. 3. Remove hair and debris from the square and hexagonal plastic pegs on the other side of the extractors <PIC>. 4. Reinstall the extractors, matching the color and shape of the extractor pegs with the corresponding icons on the cleaning head module <PIC>. Always unplug the vacuum before cleaning, and avoid using water immersion, strong solvents, or sharp objects per safety warnings <PIC>. , [""Manual32_17"", ""Manual32_18"", ""Manual32_21"", ""Manual32_22"", ""Manual07_47""]"
407,"The proper procedure for cleaning the sensors and charging contacts on the vacuum cleaner is as follows: 1. Wipe the sensors (including full bin sensors) with a clean, dry cloth — do not spray cleaning solution directly onto the sensors or sensor openings <PIC>. 2. Wipe the charging contacts on both the Room ba (robot vacuum) and the Home Base with a clean, dry cloth <PIC>. Always disconnect the vacuum from power before cleaning, and ensure all components are dry before reassembly or use. , [""Manual32_12"", ""Manual32_18""]"
408,"To correctly position the Home Base of the vacuum cleaner, follow these guidelines: 1. Place the Home Base in an open, uncluttered area — ensure at least 1.5 feet of clearance on each side of the vacuum, at least 4 feet of clear space in front of it, and at least 4 feet away from stairs. 2. Keep the Home Base at least 8 feet away from any Virtual Wall Barriers. 3. Ensure the Home Base is placed on a flat, stable surface with consistent Wi-Fi coverage to support app connectivity and navigation. 4. Always keep the Home Base plugged in and avoid placing it near water, direct sunlight, or heat sources. <PIC> , [""Manual32_4""]"
409,"The proper procedure for cleaning the front caster wheel of a vacuum cleaner is as follows: 1. Pull firmly on the front wheel to remove it. <PIC> 2. Remove any debris from inside the wheel cavity. 3. Spin the wheel by hand. If rotation is restricted, remove the wheel from its housing and push firmly to remove the axle and clear any debris or hair wrapped around it. <PIC> 4. Reinstall all parts when finished — make sure the wheel clicks back into place. <PIC> , [""Manual32_14"", ""Manual32_15"", ""Manual32_16""]"
410,"The correct procedure for cleaning the side brush of a vacuum cleaner is as follows: 1. Use a coin or small screwdriver to remove the screw securing the side brush. <PIC> 2. Remove the side brush, clean both the brush and the brush post thoroughly, then reinstall the brush. <PIC> , [""Manual32_14"", ""Manual32_15""]"
411,"The dual-mode virtual wall barrier has two distinct functions: 1. **Halo Mode** (switch in 'down' position): Creates an invisible protective zone ~24 inches in radius around the device to prevent the vacuum from bumping into sensitive items (e.g., pet bowls, vases) or entering undesired spots (e.g., corners, under desks) <PIC>. 2. **Virtual Wall Mode** (switch in 'up' position): Projects an invisible, cone-shaped barrier up to 10 feet wide to block doorways or openings — only the vacuum detects it <PIC>. The barrier widens with distance from the device <PIC>. , [""Manual32_5"", ""Manual32_6"", ""Manual32_4""]"
412,"If your vacuum indicates a problem, follow these troubleshooting steps: 1. Listen for the two-tone distress sound followed by a spoken message — this signals an issue. The troubleshooting indicator will also blink. 2. Try rebooting: Press and hold the CLEAN button for 10 seconds until all indicators illuminate, then release; you’ll hear an audible tone confirming a successful reboot. 3. Check for common causes: If suction is weak, empty the dust bin <PIC>, clean the filter, and reinstall the extractors — match the color and shape of the extractor pegs with the icons on the cleaning head module <PIC>. 4. For further guidance, consult the app or online support, which offers detailed videos and step-by-step assistance. , [""Manual32_7"", ""Manual32_4""]"
413,"Here are the detailed T-rail mounting instructions for your camera or equipment: 1. Use the dashed lines on the included mount plate template to set the proper spacing of the T-rail clips. 2. Tighten the set screws on the T-rail clips using a 5/64"" (2 mm) hex key <PIC>. 3. Attach the mount plate to the T-rail clips using the holes marked with ""G"" on the mount plate <PIC>. 4. Attach the T-rail clips to the T-rail by rotating and snapping them into place — ensure the black foam pads compress slightly after installation <PIC>. Note: The hardware supports most standard T-rails: 9/16"", 15/16"", or 1-1/2"" wide. Standard 6-32×4 mm T-rail screws are included <PIC><PIC>. , [""Manual33_9"", ""Manual33_10"", ""Manual33_11"", ""Manual33_12"", ""Manual33_13""]"
414,"为相机供电的步骤如下： 1. 确保电池已正确装入：滑动打开电池盖，按电池上箭头方向装入，使电池黄线与相机标记对齐 <PIC>；关闭电池盖。 2. 若电池电量不足，请先充电：使用随附USB线连接相机与符合5.0V/1000mA规格的交流电源适配器，并接入电源插座；或直接连接至电脑（勿通过USB集线器或键盘） <PIC>。 3. 开机：顺时针转动镜头环上的电源开关（标有<ON>位置） <PIC>；相机将启动并显示拍摄画面。 注意：若长时间无操作，相机会自动关机（默认1分钟），再次按下快门按钮即可唤醒开机。 , [""Manual29_13"", ""Manual29_17"", ""Manual10_29""]"
415,"The proper way to use the brake lever and parking brake button is as follows: 1. To stop the machine during operation, squeeze the brake lever. 2. To apply the parking brake (e.g., before starting the engine or when parked), squeeze the brake lever first, then push down the parking brake button while releasing the brake lever — this locks the brake in place. 3. To release the parking brake, simply squeeze the brake lever again. <PIC> <PIC> <PIC> , [""Manual34_252"", ""Manual34_22"", ""Manual34_130""]"
416,"Before using a snowmobile, perform these essential pre-operation checks: 1. Read the owner's manual thoroughly — especially safety information (pages 3–1 to 3–3) and pre-operation checklists (pages 8–1 to 8–3) <PIC>. 2. Ensure the vehicle is at a full stop and throttle is fully released before moving the drive select lever (Drive/Reverse/Low); never exceed 50 km/h in Low range <PIC>. 3. Visually inspect critical components: track tension, brake function, throttle response, steering, lights, and emergency stop switch. 4. Check fluid levels (engine oil, coolant), fuel level, and for any signs of leaks or damage. 5. Confirm proper protective gear is worn: DOT-approved helmet with face shield or goggles, insulated snowmobile suit, boots, and gloves that allow full control operation <PIC>. 6. Start the engine only outdoors with doors open — never indoors due to dangerous exhaust fumes <PIC>. 7. For high-altitude operation (>3000 ft), consult your dealer about clutch, drive line, and fan belt adjustments <PIC>. 8. Practice in a large, flat, obstacle-free area first — master throttle, braking, turning, and hill climbing techniques at low speed before advancing . Always wear appropriate clothing and ride only on established trails unless experienced and cautious. , [""Manual34_116"", ""snowmobile_01"", ""Manual34_10"", ""Manual34_117"", ""Manual34_146""]"
417,"To start the engine of your snowmobile, follow these detailed steps: 1. Ensure the snowmobile is on a flat, open area free of obstacles and traffic. 2. Before starting, check that the throttle, brake, and steering operate properly. 3. Set the parking brake securely. 4. Confirm the motion-control levers are in the NEUTRAL-LOCK position and the blade-control switch (PTO) is OFF. 5. Sit fully on the seat — many models require proper seat engagement for the safety interlock system to allow starting. 6. Turn the main switch key to START — do not hold it for more than 5 seconds; if the engine doesn’t start, release and wait 15 seconds before retrying to avoid battery drain or starter damage <PIC>. 7. Once the engine starts, let it idle and warm up sufficiently before riding <PIC>. 8. After warming up, release the parking brake and apply the throttle slowly and smoothly to begin moving — the centrifugal clutch will engage automatically <PIC>. , [""Manual34_116"", ""Manual34_116"", ""Manual34_116""]"
418,"A V-Belt Holder is a dedicated mounting component designed to securely store a spare V-belt on the machine for emergency use. As stated in the manual: 'Keep a spare V-belt for emergency use by putting it into the holder provided.' It is typically located near the drive system, and the spare belt must be installed correctly — the retaining bolt must be tightened securely, and care must be taken to ensure the fuel hose is not pinched or displaced during installation. <PIC> Also, caution is emphasized that a loosely installed V-belt in the holder could contact the hot muffler and become damaged. <PIC> , [""Manual34_25"", ""Manual34_30""]"
419,"To adjust the throttle cable on a snowmobile, follow these steps: 1. Ensure the engine idle speed is properly adjusted first. 2. Loosen the adjuster lock nut. 3. Turn the adjuster in or out until the correct throttle lever free play is achieved <PIC>. 4. Tighten the locknut securely <PIC>. Note: After any adjustment involving the carburetor or throttle system, verify that the throttle outer cable is firmly seated in its holder and that the throttle operates smoothly <PIC>. <PIC> , [""Manual34_138"", ""Manual34_139"", ""Manual34_146"", ""Manual34_18""]"
420,"The proper way to use the steering system on a snowmobile involves both handlebar input and body positioning: 1. To initiate a turn, gently turn the handlebars in the desired direction <PIC>. 2. Simultaneously, shift your weight onto the inside running board and lean your upper body into the turn — this 'body English' technique is essential for control on most snow surfaces <PIC>. 3. Always approach curves at reduced speed, and avoid abrupt throttle changes, excessive braking, or incorrect body movements, which may cause tipping <PIC>. 4. On slopes or icy/hard-packed snow, steer *downhill* if balance is lost to regain stability, and never attempt sharp turns at high speed <PIC><PIC>. 5. Remember: both hands must remain on the handlebars at all times, and steering effectiveness depends heavily on traction — which is significantly reduced on ice or hard-packed snow <PIC>. For full safety and technique mastery, practice slowly in a large, flat, obstacle-free area first . , [""Manual34_116"", ""Manual34_116"", ""Manual34_116"", ""Manual34_129"", ""Manual34_130"", ""Manual34_116""]"
421,"The correct steps to turn using a snowmobile are as follows: 1. As you approach a curve, slow down and begin turning the handlebars in the desired direction. 2. Shift your weight onto the inside running board and lean your upper body into the turn — this 'body English' technique is key for most snow surfaces <PIC>. 3. Lean more as the turn becomes sharper or as speed increases. 4. If the snowmobile begins to tip, lean further into the turn to regain balance; if needed, gradually reduce throttle and/or steer slightly to the outside of the turn <PIC>. 5. Always practice turning at slow speeds in a large, flat, obstacle-free area until fully comfortable before attempting higher speeds or tighter curves <PIC>. 6. Avoid abrupt throttle changes, excessive braking, or incorrect body movements — these may cause loss of control or tipping <PIC>. , [""Manual34_116"", ""Manual34_116"", ""Manual34_116"", ""Manual34_116""]"
422,"Proper techniques for riding uphill on a snowmobile include: 1. Practice first on gentle slopes and progress to steeper ones only after building confidence and skill. 2. Accelerate before starting the climb, then reduce throttle slightly to prevent track slippage. 3. Keep your weight forward — lean forward while seated, and on steeper inclines, stand on the running boards and lean over the handlebars. 4. Always maintain weight on the uphill side for balance. 5. Slow down as you approach the crest to react safely to obstacles, drops, or other traffic on the other side. 6. If you cannot continue climbing, avoid spinning the track — stop and reassess. <PIC> <PIC> <PIC> , [""Manual34_117"", ""Manual34_117"", ""Manual34_117""]"
423,"Proper downhill snowmobile riding techniques include: 1. Before descending, stop the engine, set the parking brake, and carefully pivot the rear of the snowmobile to point it downhill—never stand on the downhill side during repositioning <PIC>. 2. Restart the engine, release the parking brake, and begin descent at minimal speed. 3. Apply just enough throttle to keep the clutch engaged—this allows engine compression braking to assist in controlling speed and prevent free rolling. 4. Use the brake frequently with light, controlled pressure. 5. Avoid steep or side hills unless highly experienced—these are explicitly not recommended for beginners <PIC>. Always prioritize safety, practice in controlled conditions first, and consult your Owner’s Manual thoroughly before attempting challenging terrain. , [""Manual34_117"", ""Manual34_129""]"
424,"Crossing a slope (side hill) on a snowmobile requires precise body positioning and proactive control techniques: 1. **Weight Positioning**: Lean your body toward the uphill side to maintain balance; a recommended stance is kneeling with your downhill knee on the seat and your uphill foot on the running board <PIC>. 2. **Slip Response**: If the snowmobile begins to slip sideways, steer *into* the slide (if the path is clear), then gradually correct back to your intended direction. If tipping occurs, steer *downhill* to regain stability <PIC>. 3. **Emergency Dismount**: If balance cannot be recovered, dismount immediately on the *uphill side* to avoid being pinned or run over <PIC>. 4. **Surface Awareness**: Exercise extreme caution on ice or hard-packed snow—reduce speed, avoid rapid acceleration/turning/braking, and expect reduced traction and steering response <PIC>. Always ensure the drive track and skis are in good condition before attempting slope crossings <PIC>. , [""Manual34_129"", ""Manual34_129"", ""Manual34_130"", ""Manual34_130"", ""Manual34_130""]"
425,"Inspecting the spark plug on a snowmobile involves the following steps: 1. Park the machine on a level surface, disengage any control switches (e.g., PTO), and engage the parking brake. 2. Shut off the engine, remove the key, and wait for all moving parts to stop. 3. Allow the engine to cool completely before proceeding. 4. Clean the area around the spark plug base to prevent dirt or debris from entering the cylinder. 5. Locate and carefully remove the spark plug(s) using a proper spark plug wrench <PIC>. 6. Inspect the spark plug’s porcelain insulator color: a light to medium tan indicates normal operation; black coating may suggest a dirty air cleaner; very white porcelain may indicate an air leak or carburetion issue — in such cases, consult your dealer and do not attempt self-diagnosis. 7. Check for physical damage: cracks, worn electrodes, oily film, or heavy carbon buildup — if present, replace the spark plug. 8. Verify the electrode gap is correct (typically 0.75–0.76 mm / 0.030 inch) using a gapping tool or feeler gauge <PIC>. 9. Replace with the correct spark plug type per engine model (e.g., NGK® BPR4ES or BPR5ES) if needed <PIC>. , [""Manual23_78"", ""Manual34_134"", ""Manual23_90""]"
426,"Cleaning a snowmobile is essential for performance and longevity. While the provided reference documents do not include a dedicated 'snowmobile cleaning' procedure, they do contain relevant maintenance-related guidance: 1. After transport in road-salt areas, coat metal suspension surfaces lightly with oil to prevent corrosion, and be sure to clean the machine thoroughly upon arrival to remove corrosive salts <PIC>. 2. When cleaning components like wheels or brushes (as seen in similar small-engine equipment), always disconnect power, remove debris, inspect for obstructions (e.g., hair or ice buildup), and reinstall securely. Though no snowmobile-specific cleaning steps are listed, general best practices include: — Let the engine cool completely before cleaning. — Rinse off salt, mud, or slush with low-pressure water (avoid high-pressure washers near seals, bearings, or electrical components). — Clean ski runners and track with a soft brush and mild detergent; dry thoroughly. — Wipe down plastics and chrome with a non-abrasive cleaner. — Check and clean cooling vents and heat exchangers to ensure unobstructed airflow. For model-specific instructions, consult your owner’s manual or an authorized dealer. , [""Manual34_132""]"
427,"您好，关于‘使用手动程序（MANUAL PROGRAM）记忆电视频道’的操作方法如下： 1. 使用遥控器上的 ▲/▼ 或数字键（0~9）选择您希望记忆或删除的频道号； 2. 按下 MEMORY/ERASE（记忆/清除）按钮，屏幕将显示提示，选择‘Memory’即可完成该频道的手动记忆 <PIC>； 或通过菜单方式操作： 1. 按 MENU 键进入主菜单； 2. 使用 ▶ 键进入‘Manual’选项，再按 ▶ 进入‘Channel’设置； 3. 使用 ▲/▼ 键选择目标频道号； 4. 再次按 ▶ 键，选择‘Memory’； 5. 按 ENTER（○）键确认保存 <PIC><PIC>。 注意事项： - 手动记忆适用于补充或修正自动搜台（AUTO PROGRAM）未覆盖的频道； - 若信号质量差，建议先优化天线/信号源，再重新手动记忆； - 已精细调谐（Fine Tuning）的频道被手动记忆后，频道号会变为黄色标识 <PIC>。 , [""Manual35_7"", ""Manual35_8"", ""Manual35_9"", ""Manual35_20""]"
428,"Common causes and conditions leading to poor TV or radio signal reception include: 1. **Weak signal strength**, especially in fringe or distant areas from broadcast towers — may result in 'snow' (small dots on screen) <PIC>; 2. **Signal reflection (ghosting)**, where the signal splits and travels via direct and reflected paths (e.g., off buildings or hills) — adjusting antenna direction/position can help <PIC>; 3. **Electrical interference** from sources like automobile ignition systems, neon lamps, power tools, or nearby electronic devices — causes picture flutter, drifting, black spots, or horizontal streaking <PIC>; 4. **Faulty or degraded antenna equipment**, such as severely weathered antennas or cables, which reduce signal quality — outdoor antennas are recommended for best reception <PIC>; 5. **Improper antenna setup**, including incorrect impedance matching (e.g., using 300-ohm flat wire without proper 300-to-75-ohm adapter) or poor connections <PIC>. Remedies include reorienting/relocating the antenna, increasing separation from interfering devices, using a dedicated circuit outlet, or consulting a qualified technician. , [""Manual35_31"", ""Manual35_32"", ""Manual35_33"", ""Manual35_36"", ""Manual35_34""]"
429,"To enable and customize captions and on-screen text settings on this television, follow these steps: 1. **Enable Closed Captions**: Press the CAPTION button on the remote control. 2. **Select Caption Mode**: Press the CAPTION button repeatedly to cycle through options: OFF, Mode1, Mode2, Text1, or Text2. Mode1 is typically the standard caption track; Mode2 may display alternate information (e.g., program metadata or demo text). 3. **Exit the Menu**: Press the ENTER (○) button to confirm and exit. Note: - Not all broadcasts include caption signals; availability depends on the source and station. - Text services (e.g., news, weather) are separate from captions and require compatible broadcast support — not all stations offer them. - If signal quality is poor, a blank black box may appear briefly during text mode — this is normal behavior <PIC>. For further customization (e.g., language, display style), check if your model supports caption settings within the main MENU system (navigate via MENU → Settings → Accessibility/Caption), though specific options vary by model. , [""Manual35_34""]"
430,"To properly connect and set up an outdoor antenna for optimal signal reception, follow these steps based on the official guidance: 1. **Inspect the antenna and cable**: Before installation, check that the outdoor antenna and coaxial (or 300-ohm) cable are not severely weathered or damaged — deterioration can significantly reduce signal quality. 2. **Choose optimal placement and orientation**: Mount the antenna as high and unobstructed as possible. Avoid nearby metal objects, trees, or buildings. If you see 'ghosts' (duplicate images) on screen, reorient or relocate the antenna — this often resolves multipath interference caused by signal reflection off hills, buildings, or other surfaces <PIC>. 3. **Select and use the correct connection type**: - For a **75 Ohm coaxial cable**: Connect it directly to the TV’s 75 ohm antenna jack. - For a **300 Ohm flat wire**: First attach it to the screws on a 300-to-75 ohm adapter, then plug the adapter into the TV’s 75 ohm antenna jack <PIC>. 4. **Address weak-signal issues ('snow')**: If your location is in a fringe/weak signal area and the picture shows excessive noise (small dots), consider upgrading to a high-gain or directional outdoor antenna <PIC>. 5. **Run channel auto-programming**: After physical connection, use your TV’s AUTO PROGRAM function (under 'Memorizing Channels') to scan and store available channels. 6. **Troubleshoot interference**: If experiencing flutter, streaking, or black spots ('IGNITION' symptoms), check for nearby sources like motors, drills, or neon lamps — relocating the antenna or using a different power circuit may help <PIC>. , [""Manual35_32"", ""Manual35_33"", ""Manual35_36"", ""Manual35_31""]"
431,"To properly connect a DVD player to a television or audio system for optimal performance, follow these steps: 1. Identify the output ports on your DVD player (typically labeled 'VIDEO OUT', 'S-VIDEO OUT', 'COMPONENT OUT' [Y/Pb/Pr], or 'HDMI OUT') and matching input ports on your TV or AV receiver. For best video quality, use HDMI if both devices support it; otherwise, component (Y/Pb/Pr) offers superior analog quality over composite (yellow RCA). 2. Connect video: For HDMI — use one HDMI cable from DVD 'HDMI OUT' to TV/AVR 'HDMI IN'. For component — connect Y (green), Pb (blue), and Pr (red) cables to corresponding inputs on the TV <PIC>. 3. Connect audio: If using HDMI, audio is carried automatically. If using analog video (e.g., component or composite), separately connect the DVD’s 'AUDIO L/R OUT' (white/red RCA) to the TV’s or AV receiver’s 'LINE IN', 'AUX IN', or 'DVD IN' ports (light blue port per reference doc 2) <PIC>. 4. Power on both devices, then press the 'TV/VIDEO' or 'INPUT' button on your remote or TV to select the correct source (e.g., 'HDMI 1', 'VIDEO 1', or 'COMPONENT') <PIC>. 5. For enhanced audio performance with a surround system, connect the DVD player’s digital audio output (optical or coaxial) to the AV receiver’s corresponding digital input, and configure audio settings (e.g., Dolby Digital or DTS) in the DVD menu. , [""Manual35_40"", ""television0_03"", ""television0_02""]"
432,"When troubleshooting technical issues or malfunctions, the key factors to check include: 1. **Power source** — verify battery charge level, proper installation, correct battery type, and secure connection to charger or device <PIC>; 2. **Physical connections & environment** — ensure cables, connectors, and power plugs are firmly seated; avoid dust, moisture, extreme temperatures, and unstable surfaces <PIC>; 3. **Symptom-based diagnosis** — consult the Troubleshooting chart (listing TROUBLE, POSSIBLE CAUSE, REMEDY, and PAGE reference) to match observed behavior (e.g., warning displays like 'Check Engine' or '_ _' blinking on speedometer) with likely causes <PIC><PIC>; 4. **Wear or damage indicators** — inspect for worn/damaged components (e.g., drive belts, bearings, clutch parts, track, idle wheels) or visible signs like flat spots, cracks, or corrosion <PIC>; 5. **Operational conditions** — confirm proper settings (e.g., altitude-adjusted clutch settings), usage context (e.g., normal vs. modified/abused operation), and adherence to safety notices (e.g., avoiding short circuits, keeping away metal objects from circuitry) . If root cause remains unclear or repair steps are not covered in the manual, contact a qualified service technician or authorized dealer. , [""Manual10_235"", ""Manual25_1"", ""Manual35_45"", ""Manual34_242"", ""Manual09_95""]"
433,"To ensure safe operation, always follow these basic safety precautions: • Read all instructions in the user manual before use. • Use the product only in a safe, well-ventilated location — never in enclosed or poorly ventilated spaces (e.g., avoid operating generators indoors due to toxic exhaust <PIC>). • Keep children and pets away from the operating area. • Do not operate while ill, tired, or under the influence of alcohol or drugs. • Avoid distractions and maintain full attention during use. • Ensure cords do not hang over edges or contact hot surfaces. • For equipment with moving parts (e.g., mowers, vacuums), clear the area of loose objects, power cords, and fragile items beforehand <PIC>. • Wear appropriate personal protective equipment (e.g., hearing protection) where required <PIC>. • Never modify or bypass safety features — only qualified personnel should service internal components. , [""Manual18_3"", ""Manual32_1"", ""Manual23_40""]"
434,"To adjust the intensity settings on your electric toothbrush to suit your oral care needs: 1. **Manual adjustment on the handle**: Press the intensity indicator lights on the handle to cycle through the 3 preset levels — Low (one light), Medium (two lights), or High (three lights). You can change the setting before, during, or after brushing. <PIC> 2. **Adaptive Intensity**: The toothbrush automatically lowers intensity by one level if excess pressure is applied for too long — helping protect your gums. It resets to your pre-selected level at the start of each new brushing cycle. <PIC> 3. **App customization**: Pair your toothbrush with the app (via Bluetooth) to fully customize intensity, enable/disable Adaptive Intensity, and save preferences. The app also provides real-time feedback and personalized oral care guidance. <PIC> , [""Manual01_28"", ""Manual16_14"", ""Dish_washer_01""]"
435,"To activate or deactivate features on your electric toothbrush for customized usage, follow these steps: 1. **From the handle (physical controls)**: - Place the handle on the charging stand. - Press and hold the power button for a specific duration (exact timing shown in manual diagram <PIC>). Note: This method allows toggling of core features — however, precise per-feature activation/deactivation is primarily managed via the app. 2. **From the app (recommended for full control)**: - Ensure your toothbrush is paired with the app (see 'App – Getting Started'). - In the app, you can activate/deactivate: • Adaptive Intensity (default ON; deactivates automatically if Pressure Sensor is turned OFF) • Scrubbing Feedback (default OFF; when enabled, amber light illuminates at handle base + vibration cue to stop scrubbing) • Pressure Sensor Feedback (default ON; provides purple flashing light + vibration feedback when excessive pressure is detected) • Brush head replacement reminder (default ON; triggers amber blinking light + beeps when brush head wear threshold is reached) Note: The SenseIQ icon on the handle lights up during brushing and when settings are changed to confirm feature status. Also, Adaptive Intensity resets to your pre-selected intensity level at the start of each new brushing cycle. For visual guidance on button-press timing and indicator light behavior, please refer to the corresponding illustrations in your manual. , [""Manual27_18""]"
436,"To charge your electric toothbrush inside the travel case, follow these steps: 1. Plug the USB cord into the travel case and into the USB wall adapter. <PIC> 2. Plug the wall adapter into an electrical outlet. 3. Place the toothbrush handle into the travel case. <PIC> a. To confirm charging has started successfully, the toothbrush will beep twice and the lights will illuminate in an upward motion. b. While charging, the battery indicator blinks in white. <PIC> 4. Leave the travel case plugged in until fully charged — the battery light will stop blinking and turn off when charging is complete. Note: It may take up to 16 hours for a full charge. Also, ensure the travel case is placed on its side for stability, and that both the toothbrush and travel case are dry before charging. <PIC> , [""Manual02_4"", ""Manual06_21"", ""Manual29_70"", ""Manual31_17""]"
