id,question,ret
1,"""请问你们家的商品支持7天无理由退换货吗？"",
""需要自己承担运费吗？""",您好，感谢您的咨询！关于您提到的两个问题： 1. 7天无理由退换货：我司支持符合平台规则及商品条件的7天无理由退换货服务。具体需满足：商品保持完好（含原包装、配件、赠品、说明书等）、未拆封/未使用/不影响二次销售；且申请需在签收后7日内发起（以物流签收时间为准）。 2. 运费承担：若因商品质量问题、发错货、少发/漏发等非客户原因退换货，运费由我司承担；但如属7天无理由退换货（非质量问题），则需您先行垫付寄回运费，待我们收到并确认商品符合退换条件后，将按订单实际支付运费金额（上限20元）为您补偿。 温馨提示：请您在申请前保留好商品原包装及所有附件，并通过【我的订单→申请售后】提交，上传清晰的商品现状照片以便快速审核。处理时效一般为1-3个工作日，退款将原路退回，到账时间视银行或支付渠道而定（通常1-7个工作日）。如有其他疑问，欢迎随时联系我们～
2,"""我想咨询一下，你们的售后维修服务范围是什么？"",
""如果是人为损坏的，能维修吗？维修费用怎么算？""","您好，关于您的售后维修服务咨询，现为您说明如下： 1. 【售后维修服务范围】 我司授权售后服务中心提供覆盖全国大部分地区的上门检测、寄修及返厂维修服务。服务范围包括：保修期内非人为故障的免费维修/更换；保修期外或人为损坏的有偿维修；以及配件更换、性能调试等技术支持。具体是否可安排上门服务，需根据您所在地区（如是否为偏远乡镇）、产品类型及故障情况综合判断，建议提供订单号或产品型号以便我们进一步核实。 2. 【人为损坏是否可维修】 可以维修。但需注意：人为损坏（如跌落、撞击、进水、自行拆解、不当操作、使用非原厂配件等）不属于保修责任范围，不享受免费维修服务。我们仍可为您提供有偿维修，由授权工程师评估后出具维修方案与报价。 3. 【维修费用计算方式】 维修费用=检测费（如需）+ 零部件费 + 人工服务费。其中： • 故障检测：首次送修免费检测（需提供有效购买凭证）；若用户放弃维修，可能收取基础检测费； • 零部件费：按官方配件目录价格收取，使用原厂正品配件； • 人工服务费：依据维修难度、工时及服务方式（上门/寄修）核定，透明报价，确认后施工； • 特别说明：若检测确认为制造缺陷且在保修期内，全程免费；若属人为损坏，费用需用户承担。 温馨提示：为保障安全与维修质量，强烈建议勿自行拆机或交由非授权人员维修，否则可能导致保修失效或安全隐患。<PIC> 如需发起维修申请，您可通过售后支持网站提交RMA申请，或致电技术热线并提供产品型号、服务编号（见铭牌）及故障描述，我们将第一时间为您安排处理。 , [""Manual28_6""]"
3,"""请问你们的商品能开发票吗？发票类型是什么？"",
""多久能收到呢？""",您好，关于您的问题： 1. 发票开具：我们支持为订单开具正规电子发票，发票类型为增值税普通发票（电子版），默认随订单开具。如需开具企业专用发票，请在下单时或付款后及时提供完整开票信息（包括公司全称、纳税人识别号、开户行及账号、公司地址及电话、邮箱等）。 2. 发票接收时效：电子发票一般在订单完成（签收）后的1-3个工作日内，发送至您下单时填写的邮箱；如需加急或补开，也可联系客服协助处理，我们将在1-3个工作日内为您重新开具并发送。 温馨提示：请您提前准备好订单号及准确的开票资料，以便我们高效为您处理。如有其他需求，欢迎随时联系我们！
4,"""我收到商品后，发现包装破损了，怎么办？"",
""影响商品退换货吗？""",您好，关于您反馈的包装破损问题： 1. 【如何处理】请您先保留完整的外包装、内包装及商品本体，并尽快拍摄清晰的包装破损照片、开箱过程视频（如有）以及订单号截图，作为后续售后凭证； 2. 【是否影响退换货】不影响！只要商品本身未因破损导致功能异常或人为损坏，且配件、说明书、原厂包装等齐全，仍在平台支持的退换货时效内（通常为签收后7–15天，具体以订单页面为准），我们可为您安排换货或退货退款； 3. 【责任与运费】若经核实属物流运输或商家发货环节导致的包装破损，相关补发/换货的往返运费均由我们承担，您无需垫付； 4. 【温馨提示】为保障您的权益，请勿自行丢弃包装，也请避免在未联系客服前擅自拆解、安装或使用可能存在隐患的商品。我们将第一时间为您核实并推进处理。 如需协助，欢迎随时提供订单号，我们将为您优先加急处理。
6,"""我想了解一下你们的退款政策，退款多久能到账？"",
""信用卡会原路返回吗？""",您好，关于您的退款政策咨询： 1. 退款支持范围：在符合平台退换货规则的前提下（如商品未拆封、配件齐全、在售后时效内），您可申请退款；具体是否支持以订单审核结果为准。 2. 退款方式与到账时效：退款将原路退回至您的支付账户。若使用信用卡支付，款项会退回至原信用卡账户；一般情况下，银行处理时效为3-7个工作日（具体以发卡行结算进度为准）。 3. 温馨提示：请确保退货商品包装完好、配件齐全，并保留好物流单号以便查询。提交退款申请后，我们将在1-2个工作日内完成审核并发起退款流程。 如有其他疑问，欢迎随时联系我们，我们将竭诚为您服务！
7,"""我收到的商品和图片不一样，颜色偏差很大，我要投诉！""",您好，非常抱歉给您带来了不愉快的购物体验！关于您反馈的商品颜色与页面图片存在较大偏差的问题，我们高度重视。请您提供以下信息以便我们尽快为您核实处理：1. 订单号；2. 商品实物照片（含整体及标签/包装）；3. 页面宣传图截图（如有）；4. 简要说明差异情况（如色系、明暗、材质观感等）。我们将在收到凭证后24小时内完成初步核查，并根据结果为您安排退换货、退款或适当补偿。如需进一步协助，我们也随时可为您转接专属客服专员处理投诉。感谢您的理解与支持！
8,"""你们的商品存在虚假宣传，宣传的功能和实际不一样，我要投诉！""",您好，非常抱歉给您带来了不愉快的购物体验！关于您反馈的“虚假宣传、功能与实际不符”问题，我们高度重视，并将立即为您核实处理。 请您提供以下信息，以便我们高效推进： 1. 订单号（可在订单详情页查看）； 2. 商品名称及具体型号（如：功能键盘V2全尺寸版）； 3. 宣传与实际不符的具体功能点（例如：宣传支持4组配置文件切换，但FN+F1~F4无响应；或亮度键无调节效果等）； 4. 相关佐证材料：商品页面宣传截图、实际使用视频/照片、包装盒/说明书上功能说明页等。 收到凭证后，我们将： ✅ 24小时内安排技术团队比对宣传内容与产品实测功能； ✅ 若确认存在宣传偏差，将根据《消费者权益保护法》及我司全球保修政策，为您优先安排退换货、全额退款或合理补偿； ✅ 如需进一步升级处理，我们将主动为您转接专属客诉专员全程跟进。 再次为我们的疏失向您诚挚致歉。感谢您的监督与支持，这正是我们持续改进的动力。如有其他疑问，欢迎随时告知。
9,"""我收到的商品少了一件，联系客服说会补发，但是过了一周还没补发！""",您好，非常抱歉给您带来了不便！关于您反馈的补发延迟问题，我们已为您优先加急核查。请您尽快提供以下信息以便我们加快处理：1. 订单号；2. 少发商品的名称及数量；3. 开箱时拍摄的完整外包装、内物摆放及少件情况的照片或视频（如有）。我们将在收到凭证后24小时内完成核实，并为您安排补发（预计48小时内发出，物流时效约2-5个工作日）。若因我方原因导致延误，我们将主动为您补偿相应权益。感谢您的理解与支持！
10,"""你们的售后维修服务太差了，我送修的商品，过了半个月还没修好！""",您好，非常抱歉给您带来了不愉快的维修体验。关于您反馈的维修超时问题，我们高度重视： 1. 正常情况下，非复杂故障的维修周期为7-10个工作日（含检测、备件调配及返修时间）；若遇特殊配件缺货或技术鉴定等情况，可能适当延长，但我们会主动告知进度。 2. 请您提供维修单号或原订单号，我们将立即为您核查当前维修状态，并为您升级加急催办。 3. 若确认因我方原因导致超期（如无合理说明延迟、未及时反馈进展），我们将根据《三包规定》及品牌服务承诺，为您提供相应补偿或加快处理。 请您放心，我们会全程跟进直至问题解决。感谢您的理解与支持！
11,"""你们的商品保质期有问题，我收到的商品还有1个月就过期了！""",您好，非常抱歉给您带来不便！关于您收到的商品临近保质期的问题，我们高度重视。请您先提供订单号，并拍摄商品外包装（含生产日期/保质期标识）及内物照片，如有合格证或说明书也请一并提供。我们将第一时间核实该批次商品的出厂信息与发货情况。如确认为临期商品（保质期剩余不足3个月），我们将为您免费安排换货或全额退款，相关退换运费由我们承担。感谢您的理解与支持，后续处理进度我们会及时同步您！
12,"""你们的快递员态度特别差，送货时还辱骂我，我要投诉！""",您好，非常抱歉给您带来了不愉快的购物体验，我们高度重视您的反馈。针对快递员服务态度问题，我们将立即为您核实处理。请您提供：1. 订单号；2. 事发时间、地点及具体情况描述；3. 如有录音、视频或目击人等凭证也欢迎一并提供。我们将在1个工作日内完成初步核查，并根据核实结果为您安排相应补偿或升级处理。感谢您的监督与支持，我们将持续优化服务质量。
13,"""你们的商品存在质量问题，我使用了一次就坏了，联系客服没人管！""",您好，非常抱歉给您带来了不愉快的购物体验！对于您反馈的商品质量问题，我们高度重视。请您提供以下信息，以便我们尽快为您核实处理：1. 订单号；2. 商品问题部位的清晰照片（如故障现象、外观损坏等）；3. 简要描述使用场景及故障发生过程。收到凭证后，我们将第一时间核查，并根据实际情况为您安排退换货、退款或合理补偿。如需进一步协助，我们也可为您升级至专人客服跟进。感谢您的理解与支持！
14,"""我收到的商品被拆封过，里面还有污渍，明显是二手商品，我要投诉！""",您好，非常抱歉给您带来了不愉快的购物体验！对于您反馈的商品存在拆封痕迹及污渍问题，我们高度重视。请您提供以下信息以便我们尽快核实处理：1. 订单号；2. 商品整体及问题部位（如包装拆封处、污渍位置）的清晰照片；3. 如有开箱视频，也欢迎一并提供，将有助于我们追溯责任环节。我们将在收到凭证后24小时内完成初步核查，并根据结果为您安排换货、退款或相应补偿。若确认为我方发货问题，相关退换货运费将由我们承担。感谢您的理解与支持，如有其他疑问，我们随时为您服务！
15,"""你们的商品宣传是正品，但是我收到后验证是假货，我要投诉！""",您好，非常抱歉给您带来了不愉快的购物体验！我们高度重视您反馈的“宣传为正品但收到疑似假货”的问题。请您先提供以下信息，以便我们尽快为您核实处理：1. 订单号；2. 商品实物照片（含外包装、标签、防伪标识、序列号等）；3. 您验证为假货的具体依据或渠道（如官方查询截图、鉴定报告等）。我们将在收到凭证后24小时内完成初步核查，并根据结果为您安排退换货、全额退款或相应补偿。如需进一步协助，我们也可为您升级至专人客服跟进处理。感谢您的理解与支持！
16,"""我收到商品后，发现商品有轻微划痕，不影响使用，能申请换货吗？""",您好，感谢您的反馈！商品存在轻微划痕但不影响使用，仍属于可申请换货的范围。请您先保留好商品原包装、配件及外包装，并拍摄清晰的划痕部位照片（建议多角度）以及完整外包装照片作为凭证。随后您可在订单页面点击“申请售后”→选择“换货”，填写相关信息并上传凭证图片。我们的客服将在1-2个工作日内审核，审核通过后将为您安排免费换货寄出（运费由我们承担）。温馨提示：换货需确保商品未拆封/未使用痕迹（除划痕外），且配件、说明书、保修卡等齐全。如有其他疑问，欢迎随时联系我们～
17,"""我想换货，但是原来的商品包装盒丢了，还能换吗？"",
""需要我额外支付包装费吗？""",您好，关于您的换货问题： 1. 包装盒丢失不影响换货申请，只要商品本身完好、配件齐全、未人为损坏且在换货有效期内（通常为签收后7-15天，具体以订单页面显示为准），我们仍可为您安排换货； 2. 不需要您额外支付包装费——换货产生的新包装及寄回运费均由我方承担（如属商品质量问题或发错货等情况）； 3. 请您在申请换货时，在订单页面上传商品现状照片（含机身、配件、标签等），以便我们快速审核； 4. 审核通过后，我们将为您生成预付邮费的退货物流单，并同步发送换货新商品的发货信息。 如有其他疑问，欢迎随时联系我们，感谢您的理解与支持！
18,"""我想退货，但是已经超过7天无理由退换货期限了，还能退吗？""",您好，理解您的心情。虽然已超过7天无理由退换货期限，但如商品存在质量问题、与宣传严重不符或收到时已损坏等情况，我们仍可为您特殊处理退换货或退款。请您提供订单号、商品实物照片（含问题细节）及简要问题描述，我们将第一时间为您核实并跟进处理。温馨提示：请尽量保持商品原包装、配件及吊牌完整，以便审核通过后高效办理。后续处理结果将以站内信或短信通知您，退款将原路返回，一般3-7个工作日到账（具体以支付渠道为准）。如有其他疑问，欢迎随时联系我们！
19,"""请问你们的商品能提供纸质版说明书吗？"",
""电子版在哪里可以找到？""","您好，关于您的问题： 1. 纸质版说明书：我们默认随商品附赠纸质版说明书（如产品包装内未找到，请检查外箱夹层或说明书专用袋；部分新品或环保包装型号可能仅提供电子版，您可联系客服登记补发，我们将免费邮寄纸质版）。 2. 电子版说明书获取方式：您可通过以下任一途径下载——① 登录【我的订单】→ 找到对应商品 → 点击「查看说明书」；② 访问官网「售后服务」→「说明书下载中心」→ 输入产品型号（如：DCB107、Manual04系列等）搜索；③ 扫描产品机身/包装盒上的二维码（示例见图：<PIC> <PIC> <PIC> <PIC>）。常见说明书页面已适配手机阅读，支持PDF下载与打印。 , [""Manual04_0"", ""Manual04_1"", ""Manual04_2"", ""Manual04_3""]"
20,"""请问你们家的商品能寄到国外吗？"",
""运费怎么算？大概需要多久能到？""",您好，关于您的问题： 1. 国际配送：目前我们的官方渠道暂不支持直邮海外（含港澳台及国外地址），仅支持中国大陆境内（含大部分乡镇）配送。如您有海外收货需求，建议通过授权海外经销商或第三方跨境服务平台购买。 2. 运费说明：国内订单满99元包邮；未满则根据收货地区及商品重量，系统自动计算运费（通常8–25元），下单时可实时预览；海外发货不适用本运费规则。 3. 配送时效：常规地区下单后24–48小时内发货，预计2–5个工作日送达；偏远地区（如新疆、西藏、青海等）约5–7个工作日；乡镇地址若系统显示可配送，时效与邻近县城基本一致，一般不额外加收运费，但可能因物流中转延长1–2天。 温馨提示：具体能否配送及准确时效，需以您提交订单时系统校验的收货地址为准。如需进一步核实，欢迎提供详细收货地址（省市区+乡镇/街道），我们将为您精准确认。
21,"""我购买的商品，想开发票抬头为公司，需要注意什么？"",
""抬头写错了，能重新开具吗？""",您好，关于开发票的问题，为您说明如下： 1. 开具企业抬头发票时，请务必提供准确的公司全称、统一社会信用代码（税号）、开户行及账号、公司地址及电话，并确认接收电子发票的邮箱地址无误；目前仅支持开具电子发票，开票后将自动发送至您提供的邮箱。 2. 若发票抬头填写错误，可联系客服申请更正或重开，需提供订单号及正确的开票信息；我们将在1-3个工作日内完成处理并重新发送电子发票。 请您准备好相关订单号和完整开票资料，我们将第一时间为您协助办理。如有其他需求，也欢迎随时告知！
22,"""我收到商品后，发现商品有瑕疵，但是已经使用过了，能售后吗？"",
""换货还是只能维修？""",您好，感谢您的反馈。关于已使用过的商品存在瑕疵的情况，我们仍可为您安排售后处理，具体方案将根据瑕疵性质、是否在保修期内及是否属于非人为质量问题综合判断： 1. 若商品在保修期内，且经核实为产品本身的质量问题（非人为损坏），您可选择免费维修或换货服务； 2. 换货需确保商品主体功能完好、配件齐全、包装/附件基本完整（不影响二次销售），我们会优先为您安排同款换新； 3. 请您及时提供以下凭证以便我们快速核实处理： • 订单号 • 商品瑕疵部位清晰照片（建议多角度） • 如有开箱视频或使用过程中的异常记录，也欢迎一并提供 核实无误后，我们将1个工作日内为您出具售后方案，并承担相应寄回及寄出的运费。如需进一步协助，您也可随时联系在线客服为您加急跟进。
23,"""我想取消订单，但是订单已经付款了，能全额退款吗？""",您好，订单已付款但尚未发货的，您可以申请取消订单，我们将为您全额退款，款项将原路退回至您的支付账户；若订单已发货，则无法直接取消，需您签收后申请退货退款。退款到账时间一般为1-7个工作日，具体取决于您的支付方式（如银行卡可能稍慢，支付宝/微信通常较快）。请您在【我的订单】中找到对应订单，点击“申请取消”或“申请售后”，并确保商品保持完好、包装及配件齐全。如有其他疑问，欢迎随时联系我们。
24,"""请问你们的商品有售后保障卡吗？"",
""卡丢了，还能享受售后服务吗？""",您好，关于您的问题：1. 我们所有正规销售的商品均随附售后保障卡（通常置于包装盒内或贴于机身/说明书上），作为享受保修服务的重要凭证之一；2. 若保障卡不慎遗失，您仍可享受售后服务——只要商品在保修期内，且能提供有效购买凭证（如订单截图、电子发票、支付记录等），我们即可为您核实并正常处理维修、换货等服务。建议您尽快登录账户查看订单详情并下载电子发票，以便后续高效办理。如有其他疑问，欢迎随时联系我们！
25,"""请问你们家支持以旧换新服务吗？""",您好，目前我们平台部分大家电及指定品类商品支持以旧换新服务，具体是否适用需以您选购的商品页面展示的活动标识或订单服务说明为准。参与以旧换新时，通常需要提供旧机品牌、型号、基本使用状况等信息，并可能需上门验机（部分地区支持拍照初审）。旧机回收价值将根据成色、年限等因素评估，抵扣金额将在新机订单中直接体现。请您下单前在商品页查看【以旧换新】服务入口，或提供具体商品名称/订单号，我可为您进一步核实资格与流程。感谢您的关注！
26,"""请问你们的智能客服能解答哪些问题？"",
""智能客服解答不了的问题，怎么办？""","您好！我们的智能客服可为您解答以下两类问题： 一、产品技术与使用类问题（如：安装步骤、功能操作、指示灯含义、故障自查等） ✅ 例如：空气净化器滤网如何安装？<PIC>、涡轮模式怎么开启？、滤网指示灯闪烁代表什么？、健身追踪器闹钟如何设置智能唤醒？、儿童电动车无法行驶可能有哪些原因？<PIC> 等。我们已覆盖空气净化器、空调、健身追踪器、儿童电动摩托车等主流产品的详细操作与常见异常排查。 二、通用售后与客诉类问题（依据FAQ政策） ✅ 包括： • 收货异常（包装破损/少发/错发）→ 请保留开箱视频及商品照片，提供订单号，我们将优先核实并安排补发或退换，运费通常由我方承担； • 质量问题或宣传不符 → 诚挚致歉，并请您提供订单号、问题描述及实拍凭证，我们将核实后为您安排退换货、退款或补偿，必要时升级人工处理； • 企业采购批量需求 → 请提供订单号、异常数量、开票资料等，我们将统一协调补发、换货、退款及开票事宜，并为您对接专人跟进。 若您的问题超出上述范围（如涉及复杂技术诊断、定制化服务、法律纠纷等），智能客服将自动为您转接专业人工客服，确保问题得到及时、妥善处理。感谢您的理解与支持！ , [""Manual03_1"", ""Manual01_33""]"
33,"""家支持7天无理由退货吗？"",
""需要满足什么条件？""",您好，本店支持7天无理由退货服务，但需同时满足以下条件：1. 商品保持完好，未经使用、未拆封或已使用但不影响二次销售（如试用属合理范围）；2. 原包装、配件、赠品、说明书及发票（如有）齐全；3. 申请时间自签收次日起7个自然日内（以物流签收时间为准）。符合要求后，您可在【我的订单】中提交退货申请，审核通过后将提供退货地址及操作指引。退款将在商品寄回并验货无误后1-3个工作日内原路退回，具体到账时间视支付渠道而定。如有特殊情况，处理结果以订单审核为准，感谢您的理解与支持！
34,"""我购买的商品，收到后发现少发了一件，怎么办？"",
""什么时候能补寄？需要我承担运费吗？""",您好，关于您反馈的“收到商品少发一件”的问题，我们非常重视： 1. 【请先保留凭证】请您尽快拍摄并保存完整的开箱视频（从拆快递外包装开始）、所有商品实物照片、缺失商品对应订单页截图，以及原始包装盒（含物流面单）照片。这些是核实处理的关键依据。 2. 【补寄安排】客服在收到您的凭证并核实订单确属少发后，将第一时间为您安排免费补寄。常规地区通常在核实完成后的24–48小时内发出，配送时效约为2–5个工作日（偏远乡镇可能需5–7个工作日）。 3. 【运费说明】因少发属于商家或物流环节责任，补寄产生的全部运费由我们承担，您无需支付任何费用。 请您通过订单页面【联系客服】或拨打售后热线提交凭证，我们将优先加急处理。感谢您的理解与支持！
35,"""想换成其他款式，能换货吗？""",您好，支持换货服务。请您确认商品未使用、包装完好、配件齐全且在订单签收后7天内（部分特殊商品以页面说明为准）。换货需先提交申请，提供订单号及希望更换的款式信息，审核通过后我们将为您安排换货寄送。温馨提示：换货商品需与原订单同价或补差价，具体处理结果以订单审核为准。如有其他疑问，欢迎随时联系我们。
36,"""请问商品的生产日期是什么时候？""","您好，商品的生产日期通常不直接标注在产品外包装或说明书上，而是通过产品序列号间接体现。根据参考知识，序列号中包含生产编号信息（如水泵、发电机类设备，序列号后段为生产序号），但具体年月日需由厂家解码识别。您可查看机器侧面或铭牌上的序列号标签 <PIC>，并联系官方客服提供序列号，由后台系统查询对应生产批次及日期。 , [""Manual31_44""]"
37,"""请问你们的商品能提供上门安装服务吗？""",您好，关于上门安装服务： 1. 是否支持上门安装：取决于您购买的具体商品品类及所在地区。大家电类（如空调、洗碗机、嵌入式烤箱等）通常支持预约授权售后服务中心上门安装；小家电或普通厨房电器（如台式烤箱、功能键盘等）一般不提供上门安装，需用户自行安装或联系第三方服务。 2. 安装费用：是否收费以商品页面标注的“服务说明”、订单详情页的安装政策或活动规则为准。部分商品在促销期间可享免费安装，非活动期可能收取基础安装费或仅免人工费（配件/改造另计）。 3. 特别提示： • 空调、洗碗机、嵌入式烤箱等对安装规范要求较高的产品，【必须由授权售后服务中心安装】，否则可能影响保修效力（参考文档2、3、5）； • 若安装人员存在违规收费，请务必保留收费凭证（如收据、录音、照片等），及时联系客服核实处理； • 安装前请确认水电环境符合要求（如地面平整、电源电压匹配、进排水通畅等），具体可查阅对应产品的《安装章节》说明书（例如烤箱见<Manual28_4>，洗碗机见参考文档2）。
38,"""请问你们的商品能提供试用装吗？""",您好，关于试用装的提供，目前是否支持取决于具体商品类型及平台当期开展的促销活动规则。常规情况下，非活动期间暂不统一提供试用装；如有相关试用活动，会在商品页面、活动页或订单确认页明确说明。建议您：1. 查看当前商品详情页的“服务与保障”或“促销信息”栏目；2. 关注订单支付后的站内通知或短信提醒；3. 如有特殊需求，可提供订单号，我们将为您核实是否有适配的试用权益。感谢您的理解与支持！
39,"""我购买的商品，使用一段时间后出现质量问题，还能售后吗？""",您好，非常抱歉给您带来了不便！关于您反馈的商品使用一段时间后出现质量问题，我们支持在保修期内的售后处理。请您提供以下信息，我们将第一时间为您核实并安排后续服务：1. 订单号；2. 商品问题部位的清晰照片（如故障现象、外观异常等）；3. 简要的问题描述（例如：何时开始出现、具体表现、是否影响正常使用等）。收到凭证后，我们会根据商品保修政策及实际情况，为您安排退换货、维修或补偿方案。如需进一步协助，也可为您升级至专人客服跟进处理。感谢您的理解与支持！
40,"""我想给商品更换成更大的尺寸，能换吗？"",
""尺寸差价怎么处理？""","您好，关于您的问题： 1. 更换更大尺寸：根据产品说明，健身追踪器出厂已安装小号表带，包装盒内另附一条大号底部表带，支持更换为更大尺寸的表带；顶部和底部表带均可互换，配件表带需单独购买。 2. 尺寸差价处理：参考知识中未提及表带尺寸升级涉及差价或费用调整，因此默认同型号表带（如官方标配大小号）之间更换不产生额外费用；若选购单独销售的配件表带，则按所选配件实际价格结算。 温馨提示：表带尺寸详情请参阅说明书第71页“表带尺寸”<PIC>。 , [""Manual16_51""]"
41,"""快递丢失了，怎么办？""，
""这种情况你们会怎么赔偿？多久能解决？""",您好，关于您反馈的快递丢失问题： 1. 【核实与处理】请您先查看物流最新状态，若显示“已签收”但您未收到，建议联系当地快递网点或拨打快递公司客服（如中通、圆通等）核实签收人及签收凭证；若物流长时间无更新或显示“丢失”“异常”，请立即提供订单号和物流单号，我们将为您紧急核查。 2. 【赔偿方案】经核实确属快递责任导致丢件的，我们将为您安排补发全新商品（无需您承担任何费用）；若商品已下架或无法补发，将按订单实付金额为您办理全额退款。所有赔偿均不收取额外手续费。 3. 【解决时效】我们将在您提供完整信息（订单号+物流单号+凭证截图）后的24小时内完成初审，并于48小时内给出明确处理方案；补发商品通常24小时内发出，退款将在审核通过后1-3个工作日内原路退回。 温馨提示：为加快处理，请您保留好订单截图及物流异常页面截图，如有开箱视频或包装照片也欢迎一并提供，有助于我们快速定责。感谢您的理解与支持！
42,"""我购买的商品，想申请退款，但是已经使用过了，能退吗？""",您好，关于已使用商品的退款申请：根据平台售后政策，若商品已拆封或使用，是否支持退款需结合商品类型、使用情况、订单时间及是否影响二次销售综合判断。一般情况下，非质量问题且已使用的商品可能不支持无理由退货；但如存在性能故障、与描述严重不符等情形，我们仍可为您核实处理。请您提供订单号及具体问题说明（如拍摄问题部位照片），客服将尽快审核并告知处理方案。退款如获批准，将原路退回至您的支付账户，到账时效视银行/支付渠道而定（通常1-7个工作日）。感谢您的理解与支持！
43,"""我购买的商品，快递送达时，我不在家，怎么办？""",您好，关于快递送达时您不在家的情况，我们为您提供以下解决方案： 1. 【快递员常规操作】：多数快递会尝试电话联系您；若无法接通，通常会将包裹暂存至附近快递柜、驿站、物业或代收点，并发送取件码短信，请您及时查收短信或物流通知。 2. 【自助改约/转寄】：您可直接通过物流单号在快递公司官方App（如中通、顺丰、京东物流等）或微信小程序中，选择“改派”“预约送货时间”或“转寄到指定地址”。 3. 【无人签收处理】：若快递因多次联系不上或超期未取导致自动退回，系统将触发异常预警；我们会在收到物流反馈后主动联系您确认是否重新发货（无需您额外申请），且不收取二次发货运费。 4. 【特殊需求建议】：如您常不在家，下单时可在订单备注栏填写“请放门口/快递柜/联系物业代收”，我们将同步备注至物流面单，提升妥投成功率。 如有其他特殊情况（如包裹丢失、外包装严重破损等），请保留物流信息及开箱视频/照片，随时联系我们为您优先核实并处理。
44,"""请问你们的优惠券能用于所有商品吗？""",您好，关于优惠券使用范围的问题，当前参考知识中未提供优惠券相关规则说明。优惠券的适用商品范围、使用条件及有效期等信息，通常会在发放页面或订单结算页明确标注。建议您查看领取优惠券时的活动说明，或在提交订单前于购物车页面确认优惠券是否可叠加使用、是否限特定品类。如仍无法确认，欢迎随时联系在线客服为您实时查询。
45,"""请问你们的商品能提供终身维修服务吗？""",您好，感谢您的咨询。目前我司商品不提供终身维修服务，具体维修政策以产品随附的《三包凭证》及国家相关法规为准：一般整机保修期为1年，主要部件（如压缩机、电机等）保修期为3年，部分品类支持延保服务（需在购买时或保修期内另行选购）。若您的商品在质保期内出现非人为故障，可凭有效订单号和购机凭证申请免费维修；若已过保，我们仍可提供有偿维修服务，工程师将检测后报价，您确认后再进行维修。建议您提供商品型号及订单号，以便我们为您查询具体保修状态并协助安排后续服务。
46,"""我上个月购买的家电，使用不到一个月就出现故障，联系售后寄回维修，现在已经维修15天了，还没收到，而且我发现商品是翻新机，并非全新，要求退货退款并赔偿，请问该怎么处理？""",您好，感谢您反馈问题。我们已认真梳理您的诉求，现分项为您说明并提供解决方案： 1. 【维修超时问题】根据保修政策，维修服务应在合理时效内完成。您已寄修15天尚未收到，属于明显超期。请您尽快提供维修单号或订单号，我们将立即为您升级催办，并同步核实当前维修进度与预计返还时间。 2. 【翻新机质疑】依据《全球保修政策》第III条（保修范围与除外责任）：'更换产品可为全新或翻新，功能相近且价值相等或更高'；但该条款适用于**保修期内的维修更换场景**，不适用于**原始销售环节**。您购买的是全新商品，若确有证据（如外包装无塑封、序列号异常、检测报告等）证明收货即为翻新机，此属严重履约瑕疵，已违反《消费者权益保护法》及《消费者权益法》中‘商品应与描述一致、质量合格’的法定要求（参见参考文档5），您有权主张退货退款。 3. 【退货退款与赔偿】 • 退货退款：您购买未满30天，符合官网‘30天内全额退款’政策（参考文档3-X条）；且若确认为非全新机，更构成根本违约，不受30天限制，可依法主张全额退款。 • 赔偿主张：因商家交付翻新机存在欺诈或重大过失，依据《消费者权益保护法》第五十五条，您可主张商品价款三倍赔偿（不足500元按500元计）。建议您保留开箱视频、包装照片、序列号截图、沟通记录等证据，我们将协助提交至客诉专项组评估处理。 请您尽快通过售后支持网站提交申诉，或提供订单号+维修单号+翻新证据（如照片/检测报告），我们将为您开通绿色通道，由专人48小时内对接处理退款、赔偿及物流跟进事宜。再次为给您带来的不便深表歉意！
47,"""我在你们平台批量购买了100件商品用于企业采购，收到货后发现有20件存在质量问题，15件少发，而且发票开错了抬头，需要重新开具，同时想申请质量问题商品的换货和少发商品的补寄，请问流程是什么？"",",您好，非常抱歉给您带来不便！针对您此次企业批量采购中遇到的质量问题、少发及发票错误情况，我们将为您统一升级专人跟进处理，确保高效闭环。具体流程如下： 1. 【请您配合提供】：订单号、问题商品的清晰照片（质量问题需体现缺陷部位，少发需含外包装+内物全景）、开箱视频（如有）、以及正确的开票信息（公司全称、税号、开户行、账号、地址电话）； 2. 【我们为您处理】： ✓ 质量问题的20件商品——核实后将为您安排免费换货，并承担往返运费； ✓ 少发的15件商品——核实无误后48小时内优先补寄，包邮发出； ✓ 发票抬头错误——收到正确开票资料后，1个工作日内为您红冲原票并重新开具合规专票/普票； 3. 【后续保障】：所有售后进度将由专属客服一对一同步，预计整体处理时效为3-5个工作日。如您已准备好相关凭证，可直接回复本消息或拨打企业服务专线400-XXX-XXXX（工作日9:00-18:00），我们将立即为您建档加急处理。
48,"""我购买的食品类商品，收到后发现生产日期临近过期，而且包装破损，部分商品受潮无法食用，我要求退货退款并赔偿，同时担心食用了受潮商品影响健康，请问能提供相关保障吗？""",您好，非常抱歉给您带来不便！针对您反馈的情况，我们高度重视并为您说明如下处理方案： 1. 【凭证要求】请您尽快拍摄并保留以下凭证：① 完整外包装及破损部位照片；② 商品受潮、变质细节照片；③ 包装上清晰可见的生产日期/保质期标签照片；④ 开箱过程视频（如有），同时提供订单号以便我们快速核查。 2. 【售后处理】经核实确属包装破损导致商品受潮、或收到临期/临近过期商品的，我们将为您优先安排全额退款（含商品金额+实付运费），并额外提供合理补偿（如优惠券或现金补偿，具体以客服专员审核为准）。 3. 【健康保障】若您已食用受潮商品并出现身体不适，请立即就医，并保留就诊记录、病历及药品单据；我们将为您开通绿色加急通道，协助对接平台消费者权益保障部门，必要时可配合提供商家资质及商品质检报告等支持材料。 4. 【时效说明】您提交凭证后，客服将在24小时内响应，48小时内完成审核并告知处理结果；退款将在审核通过后1-3个工作日内原路退回。 请您放心，您的健康与权益是我们服务的首要前提。现在即可通过【我的订单→申请售后】上传资料，或直接联系在线客服提供订单号，我们将全程跟进处理。
49,"""我购买的商品包装破损，商品出现损坏，而且快递员拒绝承认是运输问题，同时我已经签收商品，请问还能申请售后吗？""",您好，即使您已签收商品，只要能提供有效凭证，仍可申请售后处理。请您尽快保留以下材料：1. 破损外包装及内物损坏的清晰照片（含快递单号）；2. 开箱过程视频（如有）；3. 订单号。我们将第一时间核实责任方——若确认为运输导致的破损或损坏，将为您安排免费换货或退款，且不收取退换货运费。温馨提示：请勿自行丢弃原包装及配件，以便后续售后审核。您可通过【我的订单—申请售后】提交凭证，客服将在24小时内响应并跟进处理。
50,"""我购买的大家电需要上门安装，但是安装人员上门后说需要额外收取配件费，而且安装服务原本应该是免费的，同时安装人员操作不规范，导致家电出现轻微损坏，请问该怎么处理？""",您好，关于您反馈的问题，我们已为您梳理并提供如下处理方案： 1. 【安装费用争议】：根据平台服务政策，大家电是否提供免费上门安装，需以商品页面标注的服务说明、订单详情页的安装条款或活动规则为准。若安装人员在未提前告知且未经您同意的情况下收取配件费，属于违规操作。请您保留收费凭证（如收据、付款截图、录音等），我们将为您核实并全额退还违规收取的费用。 2. 【安装不规范导致轻微损坏】：依据《保修政策》（参考文档9），因非授权人员或安装人员操作不当造成的损坏，虽不属于制造缺陷，但属于服务履约问题。我司承诺对安装服务全程负责，您可提供现场照片、视频及损坏部位描述，我们将安排专人核查，并根据实际情况为您提供免费修复、补发配件或补偿方案。 3. 【后续处理流程】：请您尽快通过订单页面提交【安装服务投诉】，或联系在线客服提供以下信息：① 订单号；② 安装时间与人员信息（如有）；③ 收费凭证；④ 损坏情况图文证据。我们将优先升级至售后专员48小时内主动联系您，全程跟进直至妥善解决。 感谢您的理解与支持，我们始终重视每一次服务体验。
51,"""我购买的商品在质保期内出现质量问题，寄回维修后，维修人员说需要更换配件，而且要收取配件费，但是质保期内应该免费维修，同时维修时间已经超过承诺的7天，请问该怎么处理？"",",您好，根据您描述的情况，质保期内因产品本身材料或工艺缺陷导致的故障，应由授权服务商免费维修或更换，**不得收取配件费**（参考《保修条款》中'Repair/Replace as Your Exclusive Remedy'：'will repair your Product without charge to you if your Product proves to have been manufactured with a defect in materials or workmanship'）。同时，若维修时间已超过承诺的7天，属于服务履约延迟，您有权要求加快处理或说明合理原因。建议您：1. 留存维修单、沟通记录及质保凭证；2. 联系原购买渠道或品牌官方客服，提供RMA编号及维修超期证据，要求核查收费依据并督促尽快完成免费维修；3. 若对方仍坚持收取配件费，请其书面说明该费用属于保修除外责任的具体条款（如是否涉及人为损坏、耗材、非原厂配件等），否则该收费不符合保修约定。如协商未果，您可依据《消费者权益保护法》及所在地三包规定进一步维权。
52,"""我购买的大型设备需要上门检修，但是检修人员上门后说设备故障无法现场修复，需要拉回仓库维修，而且维修时间不确定，同时我担心设备拉回过程中出现损坏，请问该怎么处理？""",您好，关于您提出的大型设备上门检修后需拉回仓库维修、维修周期不确定及运输损坏风险的问题，根据参考知识中多项保修政策（如【参考文档 4】III. 保修范围与除外责任、【参考文档 2】IX. 经销商保修服务），现说明如下： 1. 维修方式：保修期内，厂商有权根据故障性质自行决定采取“现场维修”或“返厂维修”，返厂维修属于合规服务方式； 2. 维修时效：参考知识未明确约定具体维修周期，但注明“将根据库存情况，自行决定提供维修或更换服务”，建议您向服务方索要书面维修预计完成时间，并保留沟通记录； 3. 运输损坏责任：依据【参考文档 4】III条，“运输途中损坏（需向承运方提出索赔）”明确不属于保修责任范围，但您有权要求服务商使用具备资质的物流承运，并在交接时共同验机、签署《设备状态确认单》（含外观、功能初检记录），以作为后续维权依据； 4. 权益保障：若设备属官网渠道购买，依据【参考文档 4】III条，官网订单售后承担往返运费；若为经销商渠道购买，则仅承担寄回给您的单程运费。如因返厂维修造成您无法正常使用设备且影响重大，可依据【参考文档 1】末段提示：“若此类故障及修复所需时间可能对使用者、企业或员工造成任何不便、经济损失，本产品则不适合您的需求”，据此与服务商协商加急处理或替代方案。 如需进一步协助，请提供订单号及设备型号，我们将为您对接专属售后专员。
53,"""我想试用商品，但是试用期间商品出现故障，而且不是人为操作导致的，同时我想延长试用期限，请问可以吗？另外故障商品能更换吗？""","您好，关于您的试用期相关问题： 1. 试用期延长：目前官方保修及售后政策中未提及‘试用期’或‘试用期限延长’条款，标准保障自购买日起算，以有效购买凭证为准；如您参与的是第三方平台或零售商提供的特殊试用活动，请直接联系该渠道确认其具体规则。 2. 非人为故障处理：若商品在保修期内出现非人为原因导致的故障（如材料或工艺缺陷），根据全球保修政策，我们将为您提供免费维修或更换服务（更换产品可能为全新或翻新，功能相近且价值相等或更高）<PIC>。 3. 故障商品更换：符合条件的故障商品可申请更换，需通过售后支持网站提交保修申请，并提供购买凭证；经技术判定确属质量问题后，将为您安排RMA流程，寄回故障品并发出替换产品<PIC>。 温馨提示：请勿自行拆解或维修，以免影响保修权益。如有进一步协助需要，欢迎随时联系我们。 , [""drill0_04"", ""drill0_05""]"
54,"""我购买的商品，收到后发现是临期商品（还有15天过期），但下单时页面未标注临期，而且商品包装上也没有临期提示，我要求退货退款并赔偿，请问可以吗？""",您好，非常抱歉给您带来不便。关于您收到临期商品（距过期仅15天）且页面及包装均未标注的情况，我们高度重视： 1. 根据平台售后政策，若商品属临期但未提前明示，且影响正常食用/使用，您有权申请退货退款； 2. 请您尽快提供以下凭证以便我们快速核实处理：① 商品外包装正面及背面完整照片（含生产日期、保质期信息）；② 商品实物与标签特写照片；③ 订单截图（含下单时间、商品名称）； 3. 经核实属实后，我们将为您安排免费上门取件退货，退款将原路退回（一般1-3个工作日到账），同时依据《消费者权益保护法》及平台服务承诺，额外补偿您10元无门槛优惠券作为歉意补偿； 4. 后续我们将同步核查该批次商品上架信息及包装合规性，避免类似情况再次发生。 请您通过【我的订单→对应订单→申请售后】提交退货申请，并在备注中注明“临期未标注”，客服将在2小时内优先审核处理。感谢您的理解与支持！
55,"""我购买的商品，收到后发现商品的颜色和详情页描述的不一致，详情页是深红色，实际收到的是浅红色，而且商品有轻微的异味，想申请换货""",您好，非常抱歉给您带来了不愉快的购物体验！关于您反馈的商品颜色与详情页描述不符（深红色 vs 浅红色）及存在轻微异味的问题，属于宣传不符与质量问题范畴，我们高度重视。 请您先保留好商品原包装、吊牌及外包装盒，并尽快提供以下凭证以便我们快速核实处理： 1. 订单号； 2. 商品整体及细节照片（含色差对比图，建议在自然光下拍摄）； 3. 异味相关说明（如是否伴随刺鼻/化学气味、是否影响正常使用等）； 4. 如有开箱视频，也欢迎一并提供，将有助于我们更准确判断责任归属。 核实无误后，我们将为您免费安排同款换货（寄回运费由我们承担），并优先加急处理。一般换货审核在1个工作日内完成，换货商品预计3-5个工作日内发出。 如您已准备好相关信息，可直接在此回复，我们将立即为您登记处理。再次为我们的疏失向您诚挚致歉，感谢您的理解与支持！
57,"""我购买的商品，快递寄到后，我拆开包装发现商品损坏，但是快递员已经离开，没有当场验货，请问还能申请售后吗？""",您好，即使快递员已离开、未当场验货，您仍可申请售后。请您尽快保留以下凭证：1. 损坏商品的清晰照片（含整体及破损细节）；2. 原包装箱及外包装破损情况照片；3. 订单号。建议同时拍摄一段完整开箱视频（从拆快递袋/箱开始，到展示商品损坏状态），这将有助于我们快速核实责任方。经客服核实后，如属物流运输或商家发货导致的损坏，我们将为您安排免费换货或退款，且相关退换货运费由平台承担。请您在收到商品后48小时内提交售后申请，以便我们优先处理。如有其他疑问，欢迎随时联系我们。
58,"""我购买的商品，使用时发现商品的功能和详情页描述的不一致，详情页说支持无线充电，实际不支持，而且商品的续航时间也比描述的短很多，要求退货退款并赔偿，请问可以吗？"",",您好，非常抱歉给您带来了不便！关于您反馈的商品功能与详情页描述不符（如不支持无线充电、续航时间明显缩短）的问题，我们高度重视。根据《消费者权益保护法》及我司售后政策： 1. 【技术核实】无线充电功能是否支持，需结合具体机型判断——部分产品因硬件配置差异，可能存在功能版本不同或宣传页面信息更新滞后的情况；续航时间受使用环境（如温度、负载）、电池老化程度等影响，也可能与标称值存在合理偏差。若您能提供商品型号、订单号及问题界面/实测视频截图，我们将立即协同技术团队核查详情页描述与实物一致性。 2. 【售后处理】依据FAQ【return_exchange】及【complaint】，若经核实确属宣传不符或存在质量问题，我们支持退货退款，并承担相应退货运费；对于给您造成的困扰，我们可依据实际情况提供适当补偿（如优惠券或服务升级）。请您提供：① 订单号；② 商品现状照片（含外包装、标签、功能界面）；③ 详情页宣传截图及实测对比说明（如无线充电尝试失败过程、续航测试起止时间等），我们将优先加急审核处理。 3. 【温馨提示】为保障您的权益，请保持商品完好、配件齐全、包装未损，以便顺利办理售后。处理结果将在收到凭证后48小时内通过短信/站内信同步您。 感谢您的理解与信任，我们将全力为您妥善解决！
64,"""使用吹风机时，人员需要佩戴哪些防护装备？""",使用吹风机时，操作人员需佩戴以下防护装备：1. 合格的听力防护装备；2. 合格的眼部防护装备；3. 在多尘环境中作业时需佩戴面罩；4. 防滑鞋底的工作靴或工作鞋；5. 作业现场应配备急救箱。
65,"""操作吹风机时，人员需要注意哪些安全要点？""","操作吹风机时，人员需注意以下安全要点： 1. 严禁将吹风机喷口对准人或动物，高速气流可能夹带颗粒物造成严重眼部或身体伤害 <PIC>； 2. 禁止无关人员及动物进入距操作人员10米范围内作业区域 <PIC>； 3. 操作时双脚须稳固站立于地面，严禁站在梯子或支架上操作 <PIC>； 4. 必须佩戴合格的听力防护装备、眼部防护装备；多尘环境下还需佩戴面罩，穿防滑鞋底的工作靴 <PIC>； 5. 避免穿着宽松衣物、围巾、项链，长发须束起，以防被旋转部件卷入 <PIC>； 6. 饮酒、服药后或疲劳状态下严禁操作；未成年人禁止操作 <PIC>； 7. 启动与运行前必须确认：检修盖已关闭且完好、所有防护装置齐全有效、消音器无损坏、空气滤清器清洁、燃油盖密封良好； 8. 严禁在通风不良空间操作，避免吸入废气；严禁在易燃材料附近、室内或存在易燃气体环境中启动，催化消音器在运行中及停机后均异常滚烫，有烫伤及火灾风险 <PIC>； 9. 加油、安装/拆卸配件、清洁维护前，必须关闭发动机并将停机开关置于停机位置 ； 10. 操作时尤其注意左手操作姿势，避免身体直接接触排气口及高温部件区域 。 , [""Blower_02"", ""Manual04_0"", ""Manual04_1"", ""Manual04_2"", ""Manual04_3"", ""Manual04_4"", ""Blower_01""]"
66,"""使用吹风机时，如何调节化油器？""","吹风机的化油器出厂时已精密预设，仅在因气候、海拔、汽油或二冲程机油类型差异导致运行异常时才需调节。化油器设有三处调节装置：H（高速油针）、L（低速油针）、T（怠速调节螺钉）。调节前须确保吹风管与喷口已安装到位，并按说明书第13页启动发动机，怠速与半油门交替运转1–2分钟预热。<PIC> 调节步骤如下： 1. 低速油针（L）：预热后微调L螺钉使发动机达到最大怠速转速，再逆时针旋出最多1/4圈；必要时用T螺钉校准怠速。 2. 高速油针（H）：全油门状态下调节H螺钉至最大转速，再逆时针旋1/8圈（若有限位则略小）。 3. 怠速调节（T）：顺时针旋入提高怠速，逆时针旋出降低怠速；推荐怠速转速为3000转/分钟。 ⚠️ 注意：严禁拆除H、L油针限位装置；调节H油针时，全油门持续时间不得超过10秒，之后须怠速运转至少10秒。<PIC><PIC> , [""Manual04_35"", ""Manual04_36"", ""Manual04_13""]"
67,"""吹风机冷机时，该如何启动？""",吹风机冷机启动步骤如下： 1. 将停机开关调至启动位置； 2. 将阻风门控制器调至阻风门位置（A），该位置同时为自动启动油门位置； 3. 反复按压泵油膜片，直至燃油充满膜片（无需完全充满）； 4. 左手将设备机身按压在地面，右手握紧启动手柄，缓慢拉动启动绳至感受到阻力（启动钩啮合），然后快速用力拉动； 5. 发动机点火后立即按下阻风门控制器，重复操作直至发动机稳定启动； 6. 发动机启动后迅速全开油门，启动油门自动解除。 注意！切勿完全拉出启动绳，切勿在启动绳完全拉出时松手，以免损坏设备。
68,"""吹风机热机时，该如何启动？""","热机启动吹风机时，无需使用阻风门，请将阻风门控制器推回原位（工作位置）；然后按第13页说明启动：左手按压机身于地面，右手握紧启动手柄，缓慢拉动启动绳至有阻力感后快速用力拉动。发动机点火后立即全开油门，启动油门自动解除。<PIC><PIC> , [""Manual04_18"", ""Manual04_19""]"
69,"""该如何关闭吹风机？""","请通过吹风机上的【停机开关（3）】关闭发动机，该开关用于切断点火电源，实现安全停机。操作前请确保设备处于稳定状态，并遵守安全规范：如确认检修盖已关闭、远离易燃物、不站在梯子上操作等。<PIC> , [""Blower_02""]"
70,"""空调的重要组成部件有哪些？""","根据参考文档，空调的重要组成部件包括：室内机、空气滤网、3M 多重防护滤网、等离子滤网、遥控器（含信号发射器与接收器）。其中，室内机是核心部件 <PIC>；空气滤网和3M多重防护滤网用于空气净化与维护，需定期清洁 <PIC><PIC>。 , [""Manual01_0"", ""Manual01_27"", ""Manual01_28""]"
71,"""如何找到空调遥控器的按键？""","空调遥控器的按键通常位于遥控器正面，主要功能键包括：开/关键、模式键（切换制冷/制热等）、温度上升/下降键、风速键、出风方向调节键等。部分附加功能按键可能隐藏在遥控器盖板下方，需打开盖板后可见。<PIC> , [""Manual01_6""]"
72,"""如何给空调遥控器安装电池？""","给空调遥控器安装电池的步骤如下： 1. 取下电池盖。<PIC> 2. 装入新电池，确保电池正、负极安装正确。<PIC> 3. 重新装上电池盖。 温馨提示：请使用7号电池；切勿将不同型号电池混用，也切勿将新电池与旧电池混用；若电池漏液，请立即停止使用并用清水冲洗接触部位。 , [""drill0_04"", ""drill0_05""]"
73,"""如何安装空调遥控器支架？""","安装空调遥控器支架的步骤如下： 1. 选择一个安全、便于取用且无阳光直射的位置，以保护遥控器； 2. 用螺丝刀将两颗螺丝拧紧，固定支架 <PIC>； 3. 将遥控器滑入支架中 <PIC>。 , [""Manual14_3"", ""Manual14_4""]"
74,"""如何用空调快速调节室内温度？""","要快速调节室内温度，可使用空调的【极速制冷 / 制热模式】： 1 按下开 / 关键开启电源； 2 按下极速键 <PIC> 。 - 极速制冷模式下，空调将以18摄氏度的温度强风出风30分钟； - 极速制热模式下，空调将以30摄氏度的温度强风出风30分钟。 , [""drill0_04""]"
75,"""如何使用空调的自清洁运行功能？""","使用空调的自清洁运行功能方法如下： 1. 按下遥控器或面板上的“自清洁”键，显示屏上将显示自清洁标识 <PIC>； 2. 自清洁启动后，制冷或除湿运行过程中产生的水汽将被利用，对室内机内部进行清洁； 3. 清洁完成后，若关闭电源，风扇将继续运行约30分钟，进一步干燥和清洁内部。 注意：该功能适用于制冷和除湿运行后使用，无需额外开启其他模式。 , [""Manual01_17""]"
76,"""如何使用空调的等离子净化功能？""","使用空调的等离子净化功能方法如下： 1. 无需开启空调制冷或制热，直接按下遥控器或面板上的“等离子键”即可启动该功能； 2. 启动后，显示屏将显示等离子标识，同时等离子灯和制冷灯会同时亮起； 3. 注意：部分机型不支持此功能，具体请以您所购机型为准。 <PIC> , [""Manual01_17""]"
77,"""单冷型空调如何开启自动运行模式？""","单冷型空调开启自动运行模式的步骤如下： 1 按下开 / 关键开启电源。 2 反复按下模式键，选择自动运行模式。 3 若当前温度高于或低于所需温度，按下上升 / 下降键选择所需的运行代码。<PIC> , [""Manual03_1""]"
78,"""如何使用空调的自动转换运行功能？""","使用空调的自动转换运行功能步骤如下： 1. 按下开/关键开启电源。 2. 反复按下模式键，选择自动转换运行模式，显示屏上会显示对应标识。<PIC> 3. 按下上升/下降键设置所需温度，温度调节范围为18摄氏度（64华氏度）–30摄氏度（86华氏度）。 4. 反复按下风速键选择风扇转速。 , [""Manual01_11""]"
79,"""如何开启空调的节能制冷模式？""","开启空调节能制冷模式的操作步骤如下： 1 按下开 / 关键开启电源。 2 反复按下模式键，选择制冷模式（显示屏显示雪花图标）<PIC>。 3 按下节能键，显示屏上会显示节能标识<PIC>。 , [""drill0_04"", ""drill0_05""]"
80,"""无遥控器时如何操作空调？""","无遥控器时，可通过室内机的开/关键操作空调：1. 打开前盖板，轻轻掀起盖板两侧即可。<PIC> 2. 按下开/关键启动空调，此时风扇转速默认设为高速。 • 冷暖型机型的运行模式会根据室内温度自动切换。 • 单冷型机型的温度将默认设为22摄氏度（71.6华氏度）。注意：具体功能可能因机型而异。 , [""Manual01_6""]"
81,"""如何让空调实现自动重启？""","空调的自动重启功能为出厂默认开启，无需手动设置。当发生停电后恢复供电时，空调将自动重启并恢复至断电前的运行模式、温度、风速等设置。如您发现该功能未生效，可确认是否曾手动关闭：打开前盖板，按住开/关键6秒钟，听到两声蜂鸣且指示灯闪烁6次，即表示已关闭自动重启；再次按住开/关键6秒钟（两声蜂鸣、蓝色指示灯闪烁4次）即可重新开启。<PIC><PIC> , [""ac0_01"", ""ac0_02""]"
82,"""不同型号空调的清洁频率是多少？""",根据产品说明书，空调空气滤网的清洁频率为：建议每两周清洁一次，必要时可增加清洁频率。该建议适用于所涉空调型号，因滤网位置和形状可能因机型不同而有所差异，但清洁周期统一适用。此外，室外机热交换器盘管也需定期清洁，以防积垢降低运行效率、增加能耗。
83,"""如何清洁空调的空气滤网？""","清洁空调空气滤网的步骤如下： 1 关闭电源并拔下电源线。 2 打开前盖板，轻轻掀起盖板两侧即可。<PIC> 3 握住空气滤网的把手，轻轻向上提起，将其从机身中取出。<PIC> 4 用吸尘器清理滤网，或用温水冲洗；若污垢较难清理，可在温水中加入洗涤剂清洗。注意：切勿使用40摄氏度以上的热水，以免滤网变形或变色；也请勿使用挥发性物质，以免损坏产品表面。 5 将滤网置于阴凉处晾干。 建议每两周清洁一次，必要时可增加清洁频率。 , [""Manual03_18"", ""Manual03_19""]"
84,"""如何清洁空调的3M多重防护滤网？""","清洁 3M 多重防护滤网的步骤如下： 1 关闭电源并拔下电源线。 2 打开前盖板，取出空气滤网（详见“清洁空气滤网”）。 3 抽出 3M 多重防护滤网。<PIC> * 功能会根据机型有所调整。 4 用吸尘器清理滤网污垢，切勿用水清洗 3M 多重防护滤网，以免造成滤网损坏。 , [""Manual01_27""]"
85,"""如何清洁空调的等离子滤网？""","清洁等离子滤网的步骤如下： 1 关闭电源并拔下电源线。 2 打开前盖板，取出空气滤网（详见“清洁空气滤网”）。 3 在 10 秒内取下等离子滤网。<PIC> 4 用吸尘器清理滤网污垢，若污垢较难清理，可用温水冲洗。 5 将滤网置于阴凉处晾干。 注意：清洁时请勿使用 40 摄氏度以上的热水，以免造成滤网变形或变色；切勿使用挥发性物质，以免损坏产品表面。 , [""Manual03_18""]"
86,"""如何快速组装蒸汽清洁机？""","蒸汽清洁机无需专用工具，快速组装步骤如下： 1. 将主机身固定扣（部件15）从主机身（部件7）背部取下； 2. 将手柄杆（部件4）插入主机身（部件7），直至听到“咔嗒”声到位 <PIC>； 3. 安装拖布：按下拖布释放扣（部件17）拉开挡板，装入拖布（部件16） <PIC>； 4. 加水：可按下水箱解锁扣（部件10）取下水箱（部件9），在水槽加水后装回 。 以上为初始组装核心步骤，全部操作请确保机器断电且处于冷却状态。 , [""Manual23_83"", ""Manual39_34""]"
87,"""蒸汽清洁机有哪些实用的产品功能？如何快速上手使用？""",蒸汽清洁机的实用产品功能包括： ◆ 多场景清洁配件：喷射喷嘴（适用于地板及边缘）、角形喷嘴（适用于窗台、马桶内侧等狭小区域）、延长管（扩展清洁距离）、圆刷（清洁瓷砖缝隙、灶台）、布艺清洁头/玻璃清洁组件（可熨烫除皱、布艺除味、玻璃清洁）、弧形喷嘴（硬质表面清洁）； ◆ 智能水系统：配备水箱（部件9）与内置水过滤器，可过滤自来水中的矿物质及杂质，防止水垢损坏机器；建议使用蒸馏水或去离子水，严禁添加除垢剂、芳香剂、酒精或洗涤剂； ◆ 安全智能提示：就绪指示灯位于手持蒸汽器手柄处，亮起表示水已转化为蒸汽、机器可安全使用；水箱无水时会发出异常声响并自动停机，内置温控器亦可在过热时保护性断电； ◆ 灵活操作设计：旋转拖头（部件18）可转向清洁橱柜下方等狭小空间；吸水纤维拖布（部件16）可重复使用、机洗，配合蒸汽吸附松动污垢。 快速上手使用步骤如下： 1. 组装：将手柄杆（部件4）插入主机身（部件7），听到“咔嗒”声即到位； 2. 加水：使用配套量杯加水至水箱（部件9）刻度线，或按下水箱解锁扣（部件10）取下水箱加水； 3. 安装拖布：按下拖布释放扣（部件17）拉开挡板，装入拖布（部件16）； 4. 通电预热：插入120V接地插座，顺时针旋转收线扣展开电源线；待就绪指示灯亮起后即可使用； 5. 开始清洁：缓慢移动机器，按住蒸汽开关（部件2/11）出蒸汽；如需消毒，对同一区域持续喷射蒸汽15–20秒。
88,"""如何使用蒸汽清洁机清洁硬质地面？""",使用蒸汽清洁机清洁硬质地面（如瓷砖、Vinyl地板、复合地板、大理石、石材及封边木地板）时，请按以下步骤操作： 1. 蒸汽清洁前请先扫地或吸尘，清除表面浮尘与杂物； 2. 确保已安装拖布（部件 16），并按下拖布释放扣（部件 17）正确装入； 3. 缓慢移动清洁机，同时按下蒸汽开关（部件 2 或部件 11）出蒸汽； 4. 如需对区域进行消毒，可将蒸汽拖把置于该区域静止停留至少 15 秒，但不超过 20 秒； 5. 若不出蒸汽，请拔掉电源、取下水箱加水后继续清洁； 6. 首次使用时，机器可能需数秒延迟出蒸汽（因水需通过过滤器流入加热器），属正常现象。 ⚠️ 注意事项： - 不可用于未封边木地板、软塑料及木质家具； - 高温蒸汽会损坏并去除地板蜡，切勿在同一位置长时间喷射蒸汽； - 在打蜡或部分未打蜡地板上使用可能降低光泽度； - 建议首次使用前在不显眼处测试，或查阅地板厂家保养说明。
89,"""组装人体工学椅涉及哪些部件？""",组装人体工学椅涉及以下部件：C1 与 C2（需用螺丝组装）、脚轮、底座盖、气杆、底盘、脚踏、橡胶圈、座椅、椅背、连接件、扶手、头枕、腰枕。
90,"""椅子的扶手使用一段时间后为什么会松动？""",椅子扶手使用一段时间后松动，主要是因为扶手与椅背连接处的螺丝在日常调节和承重过程中逐渐松脱。根据产品说明，这是常见现象，只需重新拧紧相应螺丝即可恢复稳固。
91,"""这款椅子有哪些功能？""","这款人体工学椅具备以下功能： 1. 高度调节：向上拉起“升降”拉杆即可调节座椅高度，到达所需高度后松开拉杆；调节时请将身体微微抬离座椅。<PIC> 2. 椅背后仰：向上拉起“后仰”拉杆，椅背可随人体动作独立倾斜；向下按下拉杆即可锁定角度；复位时请靠在椅背上，防止快速回弹。<PIC> 3. 按摩功能：插入USB即可启用腰枕的按摩功能。<PIC> , [""Manual02_0"", ""Manual02_1"", ""Manual02_2""]"
92,"""洗碗机的部件有哪些？""","洗碗机的主要部件包括：1. 台式（视型号而定）；2. 上层喷淋臂；3. 下层碗篮；4. 下层喷淋臂；5. 过滤器；6. 控制面板；7. 机门；8. 洗涤剂盒；9. 下层喷淋臂槽；10. 餐具篮；11. 专用盐箱盖；12. 上层篮导轨；13. 带支架的上层碗篮；14. 风扇烘干系统（视型号而定）<PIC> , [""dishwasher_overview""]"
93,"""首次使用时，如何将洗碗机连接到排水口？""","首次使用时，将排水管连接到排水口的步骤如下：1. 连接前，请先取下排水孔上的盖子（a）；2. 按压排水管接头环（b），将排水管（c）沿排水方向插入。排水连接点距地面高度应在50–100厘米之间；排水管须平直连接，不得弯折，且长度不可超过4米；请确保排水管牢固固定，防止运行中脱落，并必须接入污水系统，不可接入地表水。<PIC><PIC><PIC> , [""Manual39_25"", ""Manual39_26"", ""Manual39_27""]"
94,"""使用前如何为洗碗机添加专用盐？""","使用前为洗碗机添加专用盐的步骤如下： 1. 先取出下层碗篮以便操作； 2. 逆时针旋转盐箱盖打开（A、B）<PIC>； 3. 首次使用前，需先向盐箱注入约1升水（C）<PIC>； 4. 使用盐斗向盐箱加注洗碗机专用软化盐（D）<PIC>，建议使用颗粒或粉末状软化盐，切勿使用食盐等含不溶物的盐； 5. 为加速溶解，可用勺子轻轻搅拌； 6. 盐箱容量约为2公斤，加满后盖上盖子并拧紧； 7. 若加盐后不立即启动洗涤程序，请空载运行最短程序，以溶解并冲散机器内可能散落的盐。 注意：加盐后盐量指示灯可能仍会亮一段时间，属正常现象，因盐溶解受水硬度及盐颗粒大小影响，可能需数小时。 , [""drill0_04"", ""drill0_05"", ""drill0_06""]"
95,"""如何为洗碗机添加洗涤剂？""","为洗碗机添加洗涤剂的步骤如下： 1. 在即将运行洗涤程序前，向右推动卡扣打开洗涤剂盒盖（A）。<PIC> 2. 根据餐具装载量和脏污程度，将粉末或块状洗涤剂加入洗涤剂盒内，加至15cm³或25cm³刻度线（1）；若餐具残渣已干涸，可额外加满5cm³小格（5）。<PIC> 3. 洗涤剂盒装满容量为40cm³，请勿超量添加，以免影响溶解效果或在玻璃器皿上留下划痕。 4. 添加完毕后，轻轻按下关闭盒盖，听到“咔嗒”声表示已关紧。 ⚠️ 注意：请仅使用洗碗机专用洗涤剂；切勿加入溶剂，有爆炸危险；添加前确保洗涤剂盒干燥；避免过早加入，以防受潮结块或提前溶解。 , [""drill0_07"", ""drill0_08""]"
96,"""如何为洗碗机添加洗涤块？""","为洗碗机添加洗涤块，请按以下步骤操作： 1. 向右推动卡扣打开洗涤剂盒盖（A）<PIC>； 2. 将洗涤块放入洗涤剂盒内（请勿超过40cm³容量，盒内有15cm³、25cm³等刻度线供参考）； 3. 轻轻按下关闭洗涤剂盒盖，听到咔嗒声表示已关紧 <PIC>。 ⚠️ 注意： - 洗涤块的合适放置位置（如洗涤剂盒或碗篮）请以洗涤块包装上的使用说明为准； - 在带预洗的高温程序中使用块状洗涤剂时，务必确保盒盖紧闭； - 无预洗的短程序建议使用粉末洗涤剂，因块状洗涤剂溶解效果受温度和时间影响较大； - 使用洗涤块功能前，建议按下“半载 / 洗涤块键”（5），直至洗涤块指示灯亮起，以优化烘干效果。 , [""drill1_01"", ""drill1_02""]"
97,"""如何在洗碗机中添加和使用亮碟剂以获得更好的洗涤效果？""","在洗碗机中正确添加和使用亮碟剂，可显著提升烘干效果，防止餐具留下水渍或水垢。具体操作步骤如下： 1. 查看亮碟剂指示灯（10）：若指示灯熄灭，表示亮碟剂不足，需添加；若常亮，则盒内充足。<PIC> 2. 按下卡扣打开亮碟剂盒盖（B）。<PIC> 3. 向盒内加注洗碗机专用亮碟剂，至 MAX 刻度线为止。 4. 擦净溢出的亮碟剂（意外溢出会引发泡沫，降低洗涤效果）。 5. 轻轻按下关闭盒盖，确保密封。 6. 将亮碟剂剂量调节旋钮手动调至 1–6 档（出厂默认为 4）：若洗涤后餐具有水渍，可适当调高；若手擦后留有蓝色痕迹，则需调低。 ⚠️ 注意：请务必使用洗碗机专用亮碟剂，不可用其他清洁剂替代；若启用‘洗涤块功能’，亮碟剂指示灯将自动关闭，此时多效洗涤块已含亮碟成分，无需额外添加亮碟剂。 , [""dishwasher0_03"", ""dishwasher0_04""]"
98,"""哪些物品不适合在洗碗机中清洗？""",以下物品不适合在洗碗机中清洗： ・沾有烟灰、蜡烛残渣、抛光剂、染料、化学品等的餐具； ・铁制器具（易生锈，且可能污染其他物品）； ・带有木质或骨质手柄、黏合部件、不耐热部件的银质餐具、刀具； ・铜制和镀锡容器； ・带装饰图案的玻璃器皿和光泽瓷器（装饰易脱落、失去光泽）； ・铝制和银质器具（可能褪色或失去光泽）； ・某些精致玻璃和水晶（可能逐渐失去光泽）； ・特氟龙厨具（烘干后易残留水滴，属材质特性，非故障）； ・表面已损坏（如划痕、涂层剥落、变质）的厨具（污渍易渗入，影响清洁效果且不卫生）； ・已生锈的厨具（锈迹会转移并导致其他不锈钢件生锈）； ・劣质不锈钢银质餐具（不可避免生锈，不建议使用洗碗机清洗）。 温馨提示：购买新餐具时，请务必确认其是否标有“洗碗机适用”标识。
99,"""如何根据洗碗机型号安装餐具篮？""","根据参考知识，餐具篮的安装与调节主要涉及以下型号相关功能： 1. **可折叠下层篮架丝**（视型号而定）： - 下层碗篮配有2根可折叠架丝，用于灵活放置锅、碗等大件物品； - 可单独或同时按下卡扣（A）将其放下，以拓展空间。<PIC> 2. **上层篮高度调节**（分空载与负载两种方式，均视型号而定）： - **空载调节**：需先拨开导轨末端限位器（A），取出上层篮（B），调整滚轮位置后放回并关闭限位器（C）。<PIC> - **负载调节**（无需取出碗篮）： • 升高：抓住上层篮一侧架丝向上提起（A），另一侧同理； • 降低：按下碗篮调节机构上的卡扣（B）降低，另一侧同步操作； • 调节后须确保两侧处于同一水平（高或低）。<PIC> 提示：具体是否支持上述功能，请以您机型的用户手册或机身标识为准（标注‘视型号而定’）。 如需进一步确认您的型号是否支持某项功能，建议提供完整型号，以便精准匹配说明。 , [""洗碗机_042"", ""洗碗机_05"", ""洗碗机_06""]"
100,"""使用洗碗机前如何安装可折叠下层篮架？""","安装可折叠下层篮架（即下层碗篮上的可折叠架丝）无需额外安装步骤——该部件出厂时已预装在下层碗篮上。使用前，您只需根据待洗大件餐具（如锅、碗）的尺寸，按下卡扣（A）将架丝单独或同时向下折叠，即可拓展装载空间。<PIC> , [""drill0_04""]"
101,"""如何调节洗碗机满载时上下碗篮的高度？""","洗碗机满载时，可直接调节上层碗篮高度，无需取出碗篮： 升高碗篮： 1. 抓住上层篮一侧架丝（左或右）向上提起（A）； 2. 另一侧重复相同操作。 降低碗篮： 1. 按下碗篮调节机构上的卡扣降低碗篮（B）； 2. 另一侧重复相同操作； 3. 确保碗篮高度调节机构两侧处于同一水平（高或低）。<PIC> , [""洗碗机_042""]"
102,"""如何清洁洗碗机的进水管滤网？""",清洁洗碗机进水管滤网的步骤如下： 1. 关闭水龙头并拆下水管； 2. 取出滤网后在自来水下清洁； 3. 将清洁后的滤网装回水管原位； 4. 将水管装回水龙头。 注意：进水管滤网用于防止市政供水或自备水系统中的杂质（如沙、污垢、铁锈等）损坏机器，建议定期检查并清洁。
103,"""如何清洁洗碗机的上层喷淋臂？""","清洁上层喷淋臂的步骤如下： 1. 检查上层喷淋臂（2）上的孔是否堵塞； 2. 若堵塞，向左旋转螺母拆下上层喷淋臂（C、D）； 3. 拆下后在自来水下冲洗干净，确保所有喷水孔通畅； 4. 重新安装时，请确保螺母拧紧。<PIC> , [""dishwasher0_03""]"
104,"""如何拆除空气净化器滤网的塑料包装？""","拆除空气净化器滤网塑料包装的步骤如下： 1. 请务必先拔下设备电源插头； 2. 双手握住设备上盖并向上拉起 <PIC>； 3. 握住背部滤网盖把手并向前拉出； 4. 拆除滤网上的塑料包装（注意：未拆除会导致异响、滤网无法正常工作，甚至引发火灾或设备损坏）； 5. 将滤网上下推入设备，确保贴合紧密； 6. 装回滤网盖，并滑动到位； 7. 将设备上盖滑回原位，确保标识朝前。 ⚠️ 注意：滤网塑料包装拆除后无法退货；请将塑料包装远离儿童，以防窒息。 , [""Manual03_0""]"
105,"""如何安装空气净化器的脚轮？""",安装空气净化器脚轮的步骤如下： 1. 打开包装盒，找到内含4个脚轮和8颗螺丝的小盒； 2. 使用螺丝刀拆下空气净化器底部的四个原装底座； 3. 每个脚轮用两颗螺丝固定在底座安装位置，替换原底座； 4. 请妥善保留拆下的底座和螺丝，以备后续需要时使用。 注意：若滤盒内未发现脚轮盒，请联系客服。
106,"""空气净化器通常有哪些模式？如何设置？这些模式有什么特点？""","空气净化器通常有以下几种运行模式： 1. **常规运行模式**：按下启动键开机，默认恢复上次选择的运行模式；按控制面板上下键可在1档（F1）至18档（F18）间手动调节风速。 2. **自动运行模式**：按下自动键切换至此模式，设备通过VOC传感器实时检测空气质量，并自动调节风速以实现高效净化；智能自动运行期间无法手动调节风速。<PIC> 3. **涡轮风扇运行模式**：在常规运行模式下，同时长按控制面板上下键3秒即可启动涡轮模式，实现更快空气净化；按下控制面板下键（F18）可退出涡轮运行。<PIC> 4. **睡眠运行模式**：按下睡眠键进入，显示屏除月亮图标外全部熄灭，减少光干扰；默认风速为1档，仍可手动调节风速（F1–F18）；再次按下睡眠键可返回之前模式，关机后该模式自动取消。<PIC> 注意：各模式切换均基于控制面板物理按键操作，不支持Wi-Fi远程设置（普通款及加大款不支持Wi-Fi功能）。 , [""Manual03_1"", ""Manual03_14"", ""Manual03_15""]"
107,"""空气净化器的室内空气质量指示灯是什么？""","室内空气质量（IAQ）指示灯是环绕显示屏外缘的灯光，用于实时显示当前室内空气质量状态。设备通过内置传感器检测细颗粒物浓度，并以四种不同颜色直观反映空气状态。具体颜色含义可参考说明书对应图示 <PIC> <PIC> <PIC> <PIC>。 , [""Manual03_14"", ""Manual03_15"", ""Manual03_16"", ""Manual03_17""]"
108,"""如何清洁空气净化器的设备内外？""","清洁空气净化器设备内外前，请务必拔下电源插头。注意：为保证最佳净化效果，建议每月清洁1–2次；灰尘较多的地区可适当增加清洁频率。 【清洁外壳】 1. 用温水或温和清洁剂浸湿的软布擦拭净化器外壳，再用干软布擦干。 【清洁内部（滤网仓）】 1. 打开背部滤网盖并取出滤网； 2. 用吸尘器和湿毛巾清洁滤网仓内部； 3. 每月同步清洁预过滤网1–2次。 【清洁灰尘传感器】 1. 双手握住设备上盖并向上拉起； 2. 握住背部滤网盖把手并向前拉出； 3. 拆下设备右侧灰尘传感器盖； 4. 用蘸少量水的棉签擦拭灰尘传感器镜头和进风口，再用干净干棉签彻底擦干； 5. 装回灰尘传感器盖、滤网盖及上盖（标识朝前）。 ⚠️ 禁止事项： - 切勿用水清洗滤网（含主滤网与安全滤网）； - 请勿使用丙酮、酒精等强腐蚀性化学试剂擦拭传感器部件； - 清洁时请勿通电操作，以防触电或故障。 如滤网过脏，请直接更换（每6–12个月更换一次，具体视使用环境而定）。更换后需长按控制面板上的「睡眠 + 自动」键5秒以上重置滤网指示灯。<PIC><PIC><PIC><PIC><PIC><PIC> , [""Manual03_18"", ""Manual03_19"", ""Manual03_20"", ""Manual03_21"", ""Manual03_22"", ""Manual03_23""]"
109,"""如何清洁空气净化器的滤网？""","清洁空气净化器滤网前，请务必拔下电源插头。根据参考知识：1. 打开背部滤网盖并取出滤网；2. 禁止用水清洗滤网；3. 若滤网过脏，请直接更换；4. 更换滤网期间，可用吸尘器或软刷清洁预过滤网；5. 建议每月清洁1-2次，灰尘较多地区可适当增加频率。<PIC><PIC> , [""Manual03_18"", ""Manual03_19""]"
110,"""如何更换空气净化器的滤网？""","更换空气净化器滤网的步骤如下： 1. 请先关闭设备并拔下电源插头，确保安全； 2. 握住背部滤网盖把手并向前拉出 <PIC>； 3. 拆除滤网上的塑料包装（未拆除会导致异响、无法正常工作，甚至引发火灾或损坏设备）； 4. 将新滤网上下推入设备，确保贴合紧密 <PIC>； 5. 装回滤网盖：先将盖子插入设备底部固定卡槽，再向前滑动使其卡入顶部卡槽 <PIC>； 6. 双手握住设备上盖并滑回原位，确保标识朝前 <PIC>； 7. 滤网安装完成后，长按控制面板上的睡眠键 + 自动键 5 秒以上进行初始化，重置后红色滤网指示灯将熄灭 <PIC>。 ⚠️ 注意： - 请勿在设备运行或通电状态下更换滤网； - 建议每 6–12 个月更换一次滤网，具体周期视使用环境而定； - 切勿用水清洗滤网； - 请仅使用厂家推荐的原装滤网。 , [""Manual03_1"", ""Manual03_3"", ""Manual03_4"", ""Manual03_5"", ""Manual03_6""]"
111,"""如何清洁空气净化器的灰尘传感器？""","清洁灰尘传感器的步骤如下： 1 双手握住设备上盖并向上拉起。 2 握住背部滤网盖把手并向前拉出。 3 拆下设备右侧灰尘传感器盖。 4 用蘸少量水的棉签擦拭灰尘传感器镜头和进风口，再用干净干棉签彻底擦干。 5 装回灰尘传感器盖。装回滤网盖。将设备上盖标识朝前装回。 注意：请勿使用丙酮、酒精等强腐蚀性化学试剂擦拭传感器部件，以免损坏镜头。<PIC><PIC><PIC><PIC><PIC><PIC> , [""Manual03_18"", ""Manual03_19"", ""Manual03_20"", ""Manual03_21"", ""Manual03_22"", ""Manual03_23""]"
112,"""空气净化器需要长期存放时该怎么做？""","空气净化器长期存放时，请按以下步骤操作：1. 在晴天运行设备1小时，拔下电源插头，晾干设备内部；2. 遮盖设备并存放在干燥、无阳光直射的地方。 <PIC> , [""Manual03_18""]"
113,"""如何了解这款健身单车的技术规格？""",您好，关于这款健身单车的技术规格，您可查阅随附的《用户手册》第23页‘技术规格’章节（如参考文档2所示，该结构常见于同类产品手册中）。但当前提供的参考知识中未直接列出本款健身单车的具体技术参数（如飞轮重量、阻力级别数、尺寸、功率范围等）。建议您：1. 查看手册封面或目录页确认是否含‘技术规格’独立章节；2. 翻至手册末尾‘识别号记录’或‘机器标识’部分（参考文档5提及），通常此处会标注型号、额定电压、最大承重（已知为136千克）等基础规格；3. 若手册缺失或不清晰，您可提供产品型号或机身底部的序列号，我们将为您进一步查询。
114,"""启动健身单车前，我需要做什么？""","启动健身单车前，请按以下步骤准备： 1. 【安全检查】每次使用前，请检查机器是否有松动、破裂、损坏或磨损的零件（如座椅、脚踏板、曲柄、螺栓等），如发现异常请勿使用。<PIC> 2. 【水平稳固】调节后稳定器两侧的水平调节脚，确保单车放置在坚固、水平的地面上，且整体稳固不晃动。<PIC> 3. 【座椅调节】下车状态下松开座管调节旋钮，将座椅调至合适高度（脚掌中心对准脚踏板中心，膝盖微弯），确保锁销完全卡入并拧紧旋钮；切勿将座管调至高于限位标记（STOP）。<PIC> 4. 【脚部固定】将脚掌中心置于脚踏板上，调整绑带固定于鞋面，确保脚尖与膝盖朝前；左侧脚踏板标有“L”，右侧标有“R”，请勿装反。<PIC> 5. 【穿着准备】穿着橡胶底运动鞋及适合运动、活动自如的衣物；避免宽松衣物或首饰，以防卷入运动部件。 6. 【开机准备】接通电源后，按下任意按键或踩踏触发转速传感器，控制台将进入开机/待机模式；首次使用需完成初始设置（日期、时间、计量单位）。<PIC> , [""Manual14_15"", ""Manual14_13"", ""Manual14_20"", ""Manual14_21"", ""Manual14_22""]"
115,"""我听说买的这款健身单车配有控制台和显示功能，能为我介绍一下吗？""","您好，这款健身单车的控制台集成了显示与操作功能，可为您提供全面的运动数据监控和便捷的阻力调节。具体如下： ✅ 控制台显示屏为触控式，上部显示关键激活值（如‘开启’/‘关闭’状态），下部实时显示运动数据（如时间、距离、卡路里、速度、心率、转速、等级等），支持手动按左（◀）或右（▶）按钮切换数据通道，也可设置为每6秒自动轮播（‘扫描’功能）<PIC>。 ✅ 常用按键功能明确： - 阻力增加（♠）/减小（▼）按钮：实时调节运动阻力； - 快速启动按钮：一键开始预设运动模式； - 程序按钮：选择不同类别及运动程序； - 暂停/结束按钮：暂停当前运动、结束运动或返回上一界面； - 目标追踪按钮：查看所选用户档案的累计运动总量与成就，成就指示灯将点亮对应成就 <PIC>； - 风扇按钮：三档调节内置风扇； - 阻力等级快捷按钮：运动中快速切换阻力档位。 ✅ 支持2个用户档案，可编辑姓名（≤10字符）、年龄、体重、身高、性别及首选数据显示，确保卡路里与心率计算更个性化 <PIC>。 ✅ 运动结束后进入3分钟结果/放松模式，液晶屏分三通道显示总计/平均数据（如时间总计、速度平均、等级平均等），并自动将阻力调至运动平均等级的1/3，您仍可用阻力键微调 <PIC>。 ✅ 其他实用功能包括：U盘导出运动数据、清除历史记录、日期/时间/单位（英制/公制）设置、声音开关、BMI计算（需准确录入身高体重）等 <PIC>。 温馨提示：控制台请保持干燥，避免汗液浸入；所有操作均以开机模式为起点，长按暂停/结束+右键3秒可进入高级设置模式。如需进一步了解某项功能，欢迎随时告知！ , [""Manual14_16"", ""Manual14_17"", ""Manual14_22"", ""Manual14_25"", ""Manual14_26""]"
116,"""在健身单车上运动前，我需要调整什么来保证运动的舒适度？""","在健身单车上运动前，为保证舒适度，您需要调整以下几项： 1. **座椅高度**：将脚踏板转到前位，脚掌中心对准脚踏板中心，膝盖应保持微弯。如腿部过直或脚无法踩到脚踏板，需调低座椅；如膝盖弯曲过度，则调高座椅。调节前请先下车，松开座管上的调节旋钮，调至合适高度后确保锁销完全卡入并拧紧旋钮。注意：勿将座管调节到高于管上的限位标记（STOP）<PIC>。 2. **脚踏绑带**：将脚掌中心放在脚踏板上，转动脚踏板至可触及位置，再将绑带固定在鞋面上，以提供稳固支撑 <PIC>。 3. **单车水平**：检查并调节后稳定器两侧的水平调节脚，旋转旋钮使脚垫接触地面，确保单车整体水平、稳固 <PIC><PIC>。 , [""Manual14_20"", ""Manual14_21"", ""Manual14_13"", ""Manual14_14""]"
117,"""使用健身单车的轻松骑行类别时，我能体验到哪些预设运动程序？""",在轻松骑行类别下，您可体验的预设运动程序为：起伏山丘。
118,"""使用健身单车的山地类别时，我能体验到哪些预设运动程序？""",在健身单车的‘山地’类别下，您可体验的预设运动程序为：派克峰。该程序属于自动控制阻力与运动强度变化的预设程序之一，旨在模拟山地骑行的起伏与挑战。
119,"""挑战健身单车的最高难度类别时，我能体验到哪些预设运动程序？""","在挑战健身单车的‘挑战’难度类别下，您可体验的预设运动程序是：上坡冲刺。<PIC> , [""exercise_bikes_02""]"
120,"""如果我想编辑健身单车的用户档案，需要遵循哪些步骤？""","编辑健身单车用户档案需按以下步骤操作： 1. 在开机模式界面，按增加（♠）或减少（▼）按钮选择一个用户档案； 2. 按确认按钮进入所选用户档案； 3. 控制台显示编辑提示和当前用户档案名称，按确认键开始编辑；如需退出编辑，可按暂停/结束按钮返回开机模式； 4. 编辑姓名：显示姓名提示，首次编辑时为空，最多输入10个字符；使用增加/减少按钮浏览字母与空格（A–Z之间），按左（◀）或右（▶）按钮切换编辑段，按确认键确认； 5. 依次编辑其他信息：年龄、体重、身高、性别，每项均使用增加/减少按钮调节，完成后按确认键； 6. 设置首选运动数据显示方式：控制台显示扫描提示，“关闭”表示需手动按左（◀）或右（▶）按钮切换数据通道，“开启”表示每6秒自动切换，默认为“关闭”，按确认键保存设置。<PIC> , [""Manual14_22""]"
121,"""我想在使用健身单车时设置心率目标，能否根据我的年龄为我推荐合适的目标心率？""","您好，健身单车支持心率控制（HRC）运动程序，可基于您的年龄等用户档案信息自动计算目标心率区间。具体操作如下：1. 在程序界面选择「心率控制（HRC）」运动；2. 按提示选择运动等级（初级BEG或高级ADV），然后按确认键；3. 控制台将根据您用户档案中设置的年龄，自动计算并推荐目标心率区间（例如体能测试中明确说明“测试区间”为最大心率的75%）；4. 您也可手动通过增加（♠）或减少（▼）按钮选择预设心率百分比区间：50–60%、60–70%、70–80%、80–90%<PIC>。注意：80–90%属高强度区间，运动前请务必咨询医生。为确保准确，请提前在用户档案中正确录入您的年龄，并使用接触式心率（CHR）传感器（握持把手）或兼容心率监测仪（HRM）进行实时监测。 , [""Manual14_25""]"
122,"""我听说这款健身单车有体能测试程序，这是什么功能？""","体能测试程序是一种用于评估您体能水平提升的专项功能。它通过对比功率输出（瓦特）与心率数据来生成“体能得分”：体能提升后，在相同心率下可输出更高功率。该程序需配合接触式心率（CHR）传感器或心率监测仪（HRM）使用，确保控制台能准确读取心率信息。<PIC> 测试开始前，需选择体能水平（初级/BEG 或高级/ADV），系统将依据您用户档案中的年龄和体重自动计算测试区间（为最大心率的75%）。测试中，运动强度逐步提升，直至心率达到该区间；随后保持强度稳定3分钟以进入稳态（心率平稳）；结束后，系统结合实时心率、功率、年龄及体重，计算得出体能得分。请注意：该得分仅用于与您自身历史得分纵向对比，以追踪进步，不与其他用户横向比较。 , [""Manual14_25""]"
123,"""如果要给电钻充电，需要遵循哪些步骤？""","给电钻充电需遵循以下步骤： 1. 插入电池组前，先将充电器插入合适的插座。<PIC> 2. 如图1所示，将电池组（K）插入充电器，确保电池组完全就位。红色（充电）指示灯持续闪烁，表示充电过程已开始。<PIC> 3. 红色指示灯常亮表示充电完成。电池组已充满电，此时可使用或留在充电器中。<PIC> 重要注意事项： • 请在环境温度65°F–75°F（18°C–24°C）下充电，避免低于40°F（4.5°C）或高于105°F（40.5°C）； • 充电时充电器与电池组发热属正常现象； • 仅使用原厂指定充电器为电池组充电； • 充电前请确认充电器通风槽未被遮挡，且远离热源、易燃物及液体； • 切勿强行插入或改装电池组； • 充电过程中请勿覆盖充电器或将其置于柔软表面。 , [""Manual11_2"", ""drill0_04"", ""drill0_05""]"
124,"""我的DCB101型号电钻指示灯闪烁时，这些闪烁标识代表什么含义？""","DCB101型号电钻的指示灯闪烁含义如下（均指充电器上的指示灯状态）：<PIC> 电池组充电中；<PIC> 电池组已充满；<PIC> 过热/过冷延迟（红色指示灯长闪后短闪）；<PIC> 电池组或充电器故障（如红色指示灯快速闪烁，提示需重新插入电池组；若仍异常，可能为电池组故障或充电器故障）；<PIC> 电源故障（当使用发电机等便携式电源时，红色指示灯快速闪烁两次后暂停，表示输入电源超出允许范围）。 , [""drill0_04"", ""drill0_05"", ""drill0_06"", ""Manual11_2"", ""drill0_08""]"
126,"""使用电钻时，如何安装单套无键夹头？""","安装单套无键夹头（F）上的钻头或其他附件，请严格按以下步骤操作： 1. 关闭工具并断开工具电源（取下电池组）； 2. 一只手握住夹头黑色套筒，另一只手固定工具主体，逆时针旋转套筒至开口足够大，以便装入所需附件； 3. 将附件插入夹头约3/4英寸（19毫米），然后一只手顺时针旋转夹头套筒紧固，另一只手稳固握住工具； 注意：您的工具配有自动主轴锁定机构，支持单手操作夹头，但为确保最大紧固度，务必双手配合——一手握套筒、一手握工具。 ⚠️ 警告：切勿通过启动工具并握住夹头前部来拧紧钻头，否则可能损坏夹头并导致人身伤害；更换附件前必须锁定扳机开关并断开电源。<PIC><PIC><PIC> , [""drill0_01"", ""drill0_02"", ""drill0_03""]"
127,"""如果要安装和拆卸电钻的电池组，需要遵循什么步骤？""","安装与拆卸电池组的步骤如下： **安装电池组**： 1. 确保电钻已关闭； 2. 将电池组（K）对准工具手柄内的导轨，沿导轨平稳滑入手柄，直至电池组牢固就位、无松动。 **拆卸电池组**： 1. 关闭电钻并确认其已完全停止运行； 2. 按下释放按钮（J），然后将电池组从工具手柄中平稳拔出。 ⚠️ 重要安全提示：调整或拆卸/安装任何附件前，务必关闭工具并取下电池组，以防意外启动造成人身伤害。<PIC> , [""drill0_14""]"
128,"""使用电钻的腰带挂钩和批头夹时，需要特别注意什么？""","使用电钻的腰带挂钩和批头夹时，需特别注意以下事项： 1. 安全前提：调整、安装或拆卸腰带挂钩或批头夹前，务必关闭工具并取下电池组，防止意外启动造成人身伤害。<PIC> 2. 安装规范：仅使用随附的安装螺钉（H）进行固定；确保螺钉拧紧，避免松动导致挂钩脱落或工具坠落。<PIC> 3. 使用限制：腰带挂钩仅可用于挂在工作腰带上，严禁悬挂工具于高处，或在挂钩上额外悬挂其他物体，否则存在严重人身伤害风险。<PIC> 4. 适配性：腰带挂钩（G）与批头夹（I）可安装在工具任意一侧，支持左手或右手用户；如需移动位置，须先取下固定螺钉（H），再重新安装并拧紧。<PIC> , [""Manual11_7"", ""drill0_14"", ""Manual11_8"", ""drill0_18""]"
129,"""购买电钻后，应配备哪些附件？""",您好，根据产品安全与使用规范，本电钻仅应使用制造商推荐的附件，以确保安全性和性能。不建议使用未经制造商测试的第三方附件，否则可能存在危险。具体推荐附件类型需参考随附说明书或德瓦特（DEWALT）官方渠道提供的兼容附件清单，例如：额定冲击钻孔的硬质合金钻头（适用于砖石等砌体）、各类标准规格钻头、批头（用于拧螺丝）、以及匹配夹头尺寸（如10mm无键夹头）的正规紧固附件。所有附件安装前，请务必断开电源/取下电池组，并确保附件紧固到位。
130,"""电钻的三年有限保修包含哪些内容？""",电钻的三年有限保修具体内容如下： • 保修范围：覆盖产品材料与工艺方面的缺陷； • 保修期限：自购买之日起3年； • 服务内容：在保修期内，制造商将免费维修或更换因原厂材料或工艺缺陷导致故障的零部件； • 特别说明： - 充电器和电池组不可维修； - 维修、保养和调节（如碳刷检查与更换）须由专业工厂服务中心、授权服务中心或合格维修人员执行，并使用原厂相同替换零件； - 若电池组被擅自改装，整机保修即告失效，且制造商对由此引发的伤害不承担责任； - 保修不涵盖因异常负荷、疏忽、不当使用、未按规定保养、意外事故、碰撞、正常磨损、耗材（如钻头、碳刷等）老化或用户自行改装导致的故障。 温馨提示：建议及时访问www.dewalt.com/register在线注册产品，以便更高效享受保修服务，并保留购买凭证作为保修依据。
131,"""购买健身追踪器后，包装盒里应该有什么？""","您的健身追踪器包装盒内应包含：配有小号表带的手表（颜色和材质仅供参考）<PIC>，以及一条额外的大号底部表带<PIC>。 , [""fitness_trackers_01"", ""fitness_trackers_02""]"
132,"""我刚发现健身追踪器电量低，该如何正确为其充电？""","当健身追踪器电量低时，请按以下步骤为其正确充电： 1. 将充电线插入电脑的USB端口、UL认证的USB墙充充电器或其他低功耗充电设备； 2. 将充电线另一端靠近手表背面的充电接口，直至磁吸吸附，并确保金属触点与手表接口对齐。 <PIC> 为健身追踪器充电12分钟即可续航24小时；完全充满电大约需要1–2小时。充电时，轻点屏幕两次或按下按钮即可点亮屏幕查看状态。 <PIC> , [""Manual16_22"", ""Manual16_23""]"
133,"""为了让健身追踪器性能更佳，日常佩戴和运动时该将其佩戴在什么位置？""",为了让健身追踪器性能更佳： · 日常佩戴时，请将设备佩戴在腕骨上方一指宽的位置； · 运动时，为优化心率监测效果，可将表带向上移动以获得更贴合的佩戴效果，并确保设备背面与皮肤紧密接触； · 请将手表戴在手腕正面（即手掌侧朝上时，屏幕朝前），避免遮挡传感器； · 佩戴时应松紧适度：留有空隙，可在手腕上轻微移动，不可过紧； · 为提高数据准确性，还需在健身追踪器应用中正确设置佩戴手腕（惯用手或非惯用手），默认为非惯用手。
134,"""我的健身追踪器表带太紧了，该如何扣紧表带？""","您好，关于表带扣紧操作，请按以下步骤进行： 1. 将健身追踪器戴在手腕上； 2. 将底部表带穿入顶部表带的第一个环扣； 3. 收紧表带至舒适贴合（注意：佩戴时应留有空隙，可在手腕上轻微移动，切勿过紧）； 4. 将表扣钉按入表带上的其中一个孔； 5. 将表带的松散端穿入第二个环扣，使其平整贴在手腕上。 如当前使用小号表带且需扣到最末两个孔才能贴合，建议更换为包装盒内附赠的大号表带，以获得更稳固、舒适的佩戴效果。操作示意图请参考：<PIC><PIC><PIC><PIC> , [""Manual16_9"", ""Manual16_10"", ""Manual16_11"", ""fitness_trackers_01""]"
135,"""我想取下健身追踪器，该如何正确拆卸表带？""","正确拆卸健身追踪器表带的步骤如下： 1. 将健身追踪器翻面，找到表带卡扣； 2. 松开卡扣，将扁平按钮向表带方向滑动； 3. 轻轻将表带从手表上拔下松开； 4. 另一侧重复上述操作。<PIC><PIC><PIC> , [""Manual16_9"", ""Manual16_10"", ""Manual16_11""]"
136,"""我听说可以操作健身追踪器的界面，具体该遵循哪些步骤？""","操作健身追踪器界面主要通过以下方式： 1. 轻点屏幕进行选择或确认； 2. 左右滑动切换不同卡片（如时钟界面→今日活动卡片）； 3. 上下滑动浏览设置列表或数据详情； 4. 按下机身按钮用于暂停/继续运动、返回上一级等操作。 例如，在运动应用中操作： - 打开运动应用 → 滑动选择运动类型 → 点击进入 → 向上滑动调整设置 → 点击播放图标开始运动； - 运动中可点击或滑动大数值区域查看实时数据； - 暂停时按下按钮或向上滑动点击暂停图标； - 结束后向上滑动点击“结束”，查看运动摘要 <PIC>。 此外，日常使用中： - 从时钟界面左右滑动可找到今日活动卡片，显示步数、卡路里等数据 <PIC>； - 长按数据行可重新排列顺序，向左滑动可隐藏项目，底部点击可恢复隐藏项 <PIC>。 注：屏幕默认熄灭以省电，可于设置中开启“常亮显示”。 , [""Manual16_33"", ""Manual16_9"", ""Manual16_10""]"
137,"""健身追踪器能对手机的通知实现哪些功能？""","健身追踪器对手机通知支持以下功能： 1. **显示通知**：可显示手机的来电、短信、日历事件及已安装应用（如WhatsApp）的通知，需保持手表与手机距离在30英尺以内。 2. **交互操作**： • 来电时可直接在手表上点击绿色图标接听，或点击红色图标拒接并转至语音信箱； • 安卓手机支持语音转文字或预设快捷回复短信及部分应用通知； • iPhone用户可使用手腕通话模式（需配对设置）<PIC>。 3. **查看与管理**： • 收到通知时手表震动提醒；未及时查看，可随时在时钟界面向上滑动，或双击按钮后点击通知图标进入查看； • 最多存储30条通知，超出后新通知自动替换最早一条； • 支持单条清除（展开后滑动到底部点“清除”）或一键“全部清除”； • 可在快捷设置中点击勿扰图标关闭所有通知 <PIC>。 4. **个性化设置**： • 在健身追踪器App中可分别开启/关闭来电、短信、日历及各应用通知； • iPhone同步日历App内所有日历通知，安卓则按设置时选定的日历应用为准。 , [""Manual16_30"", ""Manual16_29""]"
138,"""能告诉我健身追踪器是如何追踪皮肤温度变化的吗？""","健身追踪器通过内置传感器每晚自动记录您的皮肤温度，并与您连续佩戴3晚后建立的个人皮肤温度基准进行比较，从而显示夜间皮肤温度变化趋势。您可在手机上的健身追踪器应用“今日”页面点击温度卡片查看：例如“昨晚比基准低-0.2°F”，并浏览皮肤温度变化图表及手动记录的核心温度读数。<PIC><PIC> , [""Manual16_35"", ""Manual16_36""]"
139,"""通过运动应用，健身追踪器是如何追踪并分析我的运动情况的？""","健身追踪器通过运动应用追踪和分析您的运动情况，主要分为自动追踪与手动追踪两种方式： 1. **自动追踪运动**：可自动识别并记录持续至少15分钟的高强度活动（如步行、跑步、骑行），在手机健身追踪器应用中查看活动基本数据。您可在运动应用中开启步行/跑步/骑行检测，当手表识别到对应运动时，会自动启动运动应用并开始记录。 2. **手动追踪运动**： - 在健身追踪器上打开运动应用，滑动选择运动类型（最近使用项显示在顶部）； - 点击运动类型，若需GPS（如户外跑步），等待屏幕显示“GPS已连接”<PIC>后开始； - 点击播放图标开始运动，期间可滑动查看实时数据（如心率、卡路里、耗时等）； - 运动结束后向上滑动点击“结束”，显示运动摘要； - 在健身追踪器应用中点击运动卡片，可查看完整数据，包括GPS运动强度地图（如已启用GPS）<PIC>。 此外，运动应用还支持自定义设置（如目标、心率区间）、分享活动、查看活动区域分钟数等分析功能。 , [""Manual16_33"", ""Manual16_34""]"
140,"""健身追踪器是如何测量我的心率的？""","健身追踪器通过光学心率传感器（PPG）测量心率，其原理是利用绿光LED照射皮肤，检测血液流动引起的光吸收变化，从而计算每分钟心跳次数。为确保测量准确，请将设备背面紧贴皮肤佩戴在腕骨上方一指宽处，并保持表带适度收紧；运动时可将表带稍向上移动以增强贴合度 <PIC>。如出现心率信号丢失（显示虚线），可尝试调整佩戴位置、收紧表带或保持手臂静止伸直片刻，待信号恢复 <PIC>。注意：该功能不用于医疗诊断，仅作为健康参考。 , [""Manual16_48"", ""Manual16_49""]"
141,"""我该如何仅使用健身追踪器完成消费支付？""","您可按以下步骤仅使用健身追踪器完成消费支付： 1. 确保已在健身追踪器应用中成功添加至少1张支持非接触式支付的合作银行信用卡或借记卡，并完成默认卡设置（参考文档2）； 2. 在支持非接触式支付的商店，查看支付终端是否带有相应标识 <PIC>； 3. 打开手表上的钱包或支付应用：双击手表按钮快速进入； 4. 如提示，请输入4位手表PIN码； 5. 若使用默认卡，直接将佩戴在手腕上的健身追踪器靠近支付终端；若需切换卡片，先在屏幕上滑动选择目标卡，再靠近终端； 6. 支付成功时，手表会震动并显示确认信息。 ⚠️ 注意：为保障安全，非接触式支付必须在健身追踪器佩戴于手腕状态下进行；如终端未识别，请确保表盘紧贴读取器，并告知收银员您使用的是非接触式支付方式。 , [""Manual16_33""]"
142,"""使用健身追踪器时，我可能会遇到哪些问题以及该如何解决？""","使用健身追踪器时，您可能遇到的常见问题及解决方法如下： 1. **心率信号丢失**：手表显示虚线，表示未检测到心率。请确保佩戴贴合皮肤——可轻微上下移动手表或调整表带松紧；保持手臂静止伸直片刻，通常可恢复检测。<PIC> 2. **GPS信号丢失**：受高楼、密林、厚云层等环境影响，屏幕顶部可能出现旋转的GPS图标（搜索中）或红色GPS图标（未连接）。建议运动前静待GPS连接成功（屏幕显示“GPS已连接”并震动提示）；运动中若丢失信号，手表会自动重连。<PIC><PIC> 3. **屏幕不亮或操作无响应**：健身追踪器为省电默认熄屏，轻点屏幕或按下按钮即可唤醒；操作方式包括轻点、左右/上下滑动及按压单按钮。<PIC> 4. **充电异常**：请确认磁吸充电线金属触点与手表背面接口对齐吸附；使用USB墙充或电脑USB口充电，12分钟可续航24小时，完全充满约需1–2小时。<PIC> 5. **自动运动识别未触发**：仅支持持续15分钟以上的高强度活动自动识别；如需开启步行/跑步/骑行检测，请在运动应用中对应项目内向上滑动并开启检测开关。 如遇其他异常运行情况，可参考说明书中的‘故障排除’章节进一步排查。 , [""Manual16_48"", ""Manual16_49"", ""Manual16_50"", ""Manual16_33"", ""Manual16_34""]"
144,"""我想给健身追踪器设置锁屏，该如何实现？""",健身追踪器本身不提供传统意义上的“锁屏”功能（如手机滑动解锁），但可通过设置【设备锁】实现安全保护：解锁手表时需输入4位个人PIN码。设置路径如下：在配套的健身追踪器手机应用中，进入今日页面 → 点击左上角图标 → 进入健身追踪器卡片 → 选择“设备锁”开启并设置PIN码。注意：若已设置非接触式支付，设备锁将自动开启且必须设置密码。
145,"""使用冰箱冰柜时需要注意什么？只需告诉我手册中的前五条。""","根据手册内容，使用冰箱冰柜时需注意的前五条如下： 1. 若电源线或电源插头损坏、插座插孔松动，请勿使用。<PIC> 2. 请勿将手伸入冰箱冰柜底部。底部铁板可能造成受伤。<PIC> 3. 搬运冰箱冰柜时，请握住前底部及后顶部把手。否则可能手滑导致受伤或产品损坏。<PIC> 4. 开关冰箱冰柜门可能伤及周围人员，请注意。同时打开两扇门可能导致手指或手部被门缝挤压。<PIC> 5. 请勿将任何活物放入冰箱冰柜。<PIC> , [""Manual17_33"", ""Manual17_34"", ""Manual17_35"", ""Manual17_36"", ""Manual17_37""]"
146,"""给冰箱连接电源时，需要做到哪些注意事项？只需告诉我手册中的前五条。""","根据手册，连接电源时需注意的前五条如下： 1. 应使用专用插座。一个插座同时使用多个设备可能引发火灾；若连接漏电保护器，可能跳闸导致食物变质。<PIC> 2. 请勿让电源插头朝上或被挤压在冰箱冰柜背面。插头朝上可能松脱，导致电气故障、火灾或停机；线缆被挤压可能损坏并引发火灾。<PIC> 3. 安装过程中拔下插头后推入冰箱时，防止电源线被挤压或弯折。线缆被挤压或弯折可能引发火灾或触电。<PIC> 4. 请勿让重物挤压或弯折电源线。可能损坏电源线，引发火灾或触电。<PIC> 5. 请勿延长或改装电源插头长度。可能引发火灾或触电。<PIC> , [""Manual17_0"", ""Manual17_1"", ""Manual17_2"", ""Manual17_3"", ""Manual17_4""]"
153,"""考虑到燃油高度易燃且有毒，使用发电机时我需要注意什么？""","使用发电机时，鉴于燃油高度易燃且有毒，您需特别注意以下安全事项： 1. 加油前务必关闭发动机； 2. 加油时严禁吸烟或靠近明火； 3. 避免将燃油洒在发动机或消音器上 <PIC>； 4. 如不慎吞入燃油、吸入燃油蒸汽或燃油入眼，请立即就医； 5. 如燃油溅到皮肤或衣物上，请立即用肥皂水清洗并更换衣物； 6. 操作或运输发电机时，请务必保持机身直立，防止燃油从化油器或油箱泄漏 <PIC>； 7. 加油后务必拧紧油箱盖，并确保通气旋钮已拧紧 <PIC>； 8. 切勿在封闭区域运行发电机，必须在通风良好的场所使用，以防废气中毒； 9. 运行中发动机及消音器温度极高，请远离行人、儿童，并与建筑物/易燃物保持至少1米距离。 , [""generator_20"", ""generator_03"", ""generator_14""]"
154,"""发电机工作后，发动机和消音器可能会发烫，这种情况下我该如何保证自身安全？""","发动机及消音器运行后温度极高，请务必注意以下安全事项： 1. 运行中请勿用身体或衣物触碰发动机、消音器及其周边发烫部位； 2. 将发电机放置在行人或儿童不易触碰的位置； 3. 运行时避免在排气口附近放置任何易燃物品； 4. 发电机与建筑物或其他设备须保持至少1米（3英尺）距离，防止过热； 5. 切勿在防尘罩覆盖下运行发电机； 6. 检修或维护前，务必等待发动机及消音器完全冷却。<PIC> , [""generator_04""]"
155,"""日常使用中，如何防止发电机触电事故的发生？""","日常使用中，为防止发电机触电事故，请严格遵守以下安全措施： 1. 切勿在雨雪中运行发电机； 2. 切勿湿手触碰发电机，否则会触电； 3. 务必对发电机进行可靠接地，并使用足够载流量的接地导线 <PIC>； 4. 发电机接入建筑物电气系统前，必须由持证电工安装隔离（转换）开关，防止反送电导致维修人员触电或设备损坏 <PIC>。 , [""Manual18_12"", ""Manual18_13""]"
156,"""需要通过发电机的燃油开关旋钮供油时，我该遵循哪些步骤？""","通过燃油开关旋钮供油时，请按以下步骤操作： 1. 确保油箱有油，并将油箱盖通气旋钮逆时针旋转1圈，打开油箱通气口 <PIC>； 2. 将燃油开关旋钮置于“开启”位置 <PIC>； 3. 若燃油开关旋钮无法转动，可取下盖板①，使用内部燃油开关拨杆手动供油 <PIC>。 注意：供油前请确认发动机已关闭，且操作环境无明火、严禁吸烟。 , [""generator_10"", ""Manual18_19"", ""Manual18_20""]"
157,"""使用发电机时，燃油的使用前检查十分重要，该如何操作？""","使用发电机前，燃油相关检查操作如下：1. 确认油箱内燃油充足；2. 使用推荐燃油：无铅汽油，泵法辛烷值（(R+M)/2）86及以上或研究法辛烷值91及以上；3. 加油时务必关闭发动机，严禁吸烟或靠近明火；4. 注意不要将燃油洒在发动机或消音器上；5. 加油后确保油箱盖及通气旋钮拧紧；6. 操作或运输时保持机身直立，防止燃油从化油器或油箱泄漏 <PIC> <PIC> <PIC>。 , [""generator_12"", ""generator_13"", ""generator_20""]"
158,"""启动发电机发动机的前两个步骤是什么？""",启动发电机发动机的前两个步骤是： 1. 按住油箱盖防止转动，将通气旋钮逆时针旋转1圈，打开油箱通气口。 2. 将燃油开关旋钮置于“开启”位置。
159,"""我需要给发电机连接交流电，该过程中如何保证自身安全？""","为确保连接发电机交流电过程中的自身安全，请严格遵守以下安全要点： 1. 连接前务必确认所有电气设备（包括线路及插头）状态良好，插入插头前关闭所有用电设备； 2. 务必对发电机进行可靠接地，使用足够载流量的接地导线 <PIC>； 3. 切勿在雨雪中运行发电机，切勿湿手操作，以防触电 <PIC>； 4. 启动前将电源线在提手上缠绕2至3圈，启动发动机后，再插入交流插座； 5. 插入后确认交流指示灯亮起 <PIC>； 6. 确保总负载不超过发电机额定输出，插座负载电流不超其额定电流； 7. 接地操作详见手册第5页“安全信息” 。 , [""Manual18_22"", ""Manual18_12"", ""Manual18_13""]"
160,"""我注意到发电机上有两种不同的开关，请为我介绍一下。""","您好，发电机上提到的两种开关，根据参考知识，分别是： 1. **经济控制开关**：位于操作面板上，标识为“Ⅰ”（开启）和“Ⅱ”（关闭）位置。使用时需将其置于“Ⅰ”位置以启用经济运行模式，有助于降低油耗与噪音；充电时则务必关闭该开关。<PIC> 2. **发动机开关（点火开关）**：控制点火系统通断，标识为“ON”（接通点火电路，可启动发动机）和“OFF”（切断点火电路，使发动机停机）。<PIC> , [""generator_08"", ""Manual31_7""]"
161,"""我该在哪里查找并记录发电机的标识信息？""","发电机的标识信息（包括产品识别码和序列号）标注在机器本体的指定位置，请参考图示位置查找并记录 <PIC>。该标识通常包含前三位机型标识及后续生产编号，建议您妥善记录并另行保管，以便向经销商订购配件或办理保修事宜。 , [""Manual18_1""]"
162,"""使用发电机的直流保护器时，我需要注意什么？""","使用发电机的直流保护器时，请注意以下事项： 1. 当负载超过发电机额定输出时，直流保护器将自动断开； 2. 若直流保护器断开，请先将负载降至发电机额定输出范围内； 3. 断开后可按下直流保护器进行复位（① “复位” — “断开”）<PIC>； 4. 若复位后再次断开，请及时联系发电机经销商检查原因。 提示：日常使用中请务必确保总负载在发电机额定输出范围内，并定期进行使用前检查。<PIC> , [""generator_08"", ""generator_09""]"
163,"""使用发电机前，对发动机机油进行使用前检查十分重要，正确的步骤是什么？""","使用发电机前，对发动机机油的检查步骤如下： 1. 确认发电机置于水平面上； 2. 拔出油位计（无需旋入），检查机油油位是否在上限与下限之间 <PIC>； 3. 若油位低于下限，需添加推荐机油（API SE级或SF级，如SAE 10W-30）至上限位置 <PIC>； 4. 注意：发电机出厂时未加注机油，必须加注后方可启动 <PIC>。 , [""pump_22"", ""generator_17"", ""generator_18""]"
164,"""根据手册说明，启动发电机发动机的最后三个步骤是什么？""","根据手册说明，启动发电机发动机的最后三个步骤是： 5. 缓慢拉动反冲启动器至啮合位置，然后快速拉动。<PIC> 6. 发动机启动后，进行暖机，直至阻风门旋钮推回原位发动机也不会熄火。 7. 将阻风门旋钮推回原位。 , [""Manual18_24""]"
165,"""发电机的电池电量不足了，该如何正确充电？""","发电机电池电量不足时，请按以下步骤正确充电： 1. 充电前务必关闭经济控制开关； 2. 确保电池接线正确（红线夹接正极(+)，黑线夹接负极(-)，切勿接反）<PIC>； 3. 确保通气软管连接正确、无损坏或堵塞； 4. 将充电线在提手上缠绕2至3圈，插入直流插座 <PIC>； 5. 启动发动机后开始充电； 6. 充电过程中严禁吸烟，严禁在电池处连接或断开线路（火花可能点燃易爆气体）； 7. 电池充满电时，电解液比重应在1.26至1.28之间，建议每小时检查一次比重； 8. 操作时请佩戴护目镜，避免电解液（含硫酸）接触皮肤、眼睛或衣物；若发生接触，请按急救措施及时处理。 注意：若直流保护器断开，请先将负载降至额定范围内，再按下“复位”按钮恢复 。 , [""Manual18_38"", ""Manual18_39""]"
166,"""我需要让发电机的发动机停机，告诉我该如何操作。""","请按以下步骤操作使发电机发动机停机： 1. 关闭所有外接电气设备； 2. 将经济控制开关置于○（关闭）位置 <PIC>； 3. 将发动机开关置于“5”（停止）位置 <PIC>； 4. 将燃油开关旋钮置于“关闭”位置 <PIC>； 5. 顺时针拧紧油箱盖通气旋钮至手指拧紧状态 。 , [""Manual18_42"", ""Manual18_43"", ""Manual31_7""]"
167,"""根据手册的建议，使用发电机时该如何检查火花塞？""","根据手册建议，使用发电机时检查火花塞的步骤如下： 1. 取下盖板①。 2. 检查火花塞是否变色并清除积碳。 <PIC> 3. 检查火花塞型号及间隙。 <PIC> ⊛ 间隙 <PIC> 4. 安装火花塞。 5. 安装盖板。 , [""Manual31_21"", ""pump_28"", ""pump_29""]"
168,"""为了正确更换发电机的发动机机油，我需要遵循的前六个步骤是什么？""","根据参考知识，正确更换发电机发动机机油的前六个步骤如下： 1. 将发电机放置在水平面上，预热发动机数分钟后停机； 2. 取下机油加注口盖； 3. 在发动机下方放置接油盘，拆下放油螺塞（或放油接头），将机油完全排空； 4. 检查放油螺塞、垫片、O形圈及机油盖，如有损坏应更换； 5. 重新安装放油螺塞（或放油接头）； 6. 添加发动机机油至机油加注口上限位置 <PIC>。 提示：推荐使用API服务等级“SE”或“SF”的机油（如SAE 10W-30或20W-40）；发电机出厂时未加注机油，首次使用前必须加注。 , [""generator_17""]"
169,"""我在操作发电机空气滤清器时出现了失误，请告诉我正确的步骤。""","您好，发电机空气滤清器的正确操作步骤如下： 1. 取下盖板①。<PIC> 2. 松开固定空气滤清器盖⊛的卡箍○。<PIC> 3. 取下空气滤清器盖及滤芯④。 4. 用溶剂清洗滤芯并晾干。 5. 给滤芯上油并挤出多余机油，滤芯应湿润但不滴油。 推荐机油：泡沫空气滤清器专用油或SAE 20号发动机油 注意：请勿拧绞滤芯，以免撕裂。 6. 将滤芯装入空气滤清器。 注：确保滤芯密封面与空气滤清器贴合，无漏气。<PIC> # 警告：发动机严禁无滤芯运行，否则会导致活塞及气缸过度磨损。 # 注意：使用溶剂时严禁吸烟或靠近明火。 7. 将空气滤清器盖装回原位并安装卡箍。 8. 安装盖板。 , [""Manual18_42"", ""Manual18_43"", ""Manual03_19""]"
170,"""如果发电机的发动机无法启动，我该怎么办？""","如果发电机的发动机无法启动，请按以下步骤排查： 1. 检查机油：发电机出厂时未加注发动机机油，必须加注至机油加注口上限位置，否则无法启动 <PIC>；若机油警告灯闪烁数秒，也表明机油不足，需添加后重新启动 <PIC>。 2. 检查燃油系统：确认油箱有油；油箱盖通气旋钮已逆时针旋转1圈开启 <PIC>；燃油开关旋钮置于“开启”位置 <PIC>；如仍不启动，可能存在燃油管路或化油器堵塞，需清洁。 3. 检查启动操作：发动机开关置于“7”（开启）位置 <PIC>；冷机启动时阻风门旋钮须完全拉出 ；热机启动则需将阻风门推回原位；缓慢拉动反冲启动器至啮合位置后快速拉动 。 4. 其他可能原因：火花塞积碳或受潮——清除积碳或擦干；发动机开关未置“ON”；点火系统故障或压缩压力不足等，请联系经销商进一步检测。 , [""generator_17"", ""generator_05"", ""Manual18_23"", ""generator_18"", ""generator_19""]"
171,"""我需要将发电机的燃油排空，该如何正确操作？""","排空发电机燃油的正确操作如下： 1. 打开油箱盖，使用市售手动虹吸管将油箱内燃油排入合格汽油容器，然后装回油箱盖。<PIC> 2. 将燃油开关旋钮置于“关闭”位置，启动发动机直至自行停机，以燃烧完化油器内剩余燃油。<PIC> 3. 取下盖板①，松开化油器浮子室放油螺丝，排空化油器内燃油。<PIC> ⚠️ 注意：燃油高度易燃且有毒，请在通风良好、远离明火及热源的环境下操作；操作时请勿吸烟，避免燃油接触皮肤、眼睛或吸入蒸汽；如有接触，请立即用肥皂水清洗并就医。 , [""generator_20"", ""generator_21"", ""generator_03""]"
172,"""使用该发电机为对电压敏感的精密设备供电前，我需要做什么？""",使用该发电机为对电压敏感的精密设备供电前，请务必咨询精密设备供应商，确认其是否兼容便携式发电机的电压输出特性。部分精密设备（如医疗设备、个人电脑及检测峰值电压和有效值电压的逆变器）对电压稳定性要求较高，而便携式发电机可能无法提供同等稳定的电压供应。此外，请确保总负载在发电机额定输出范围内，并检查所有电气连接状态良好、插头已正确插入且设备电源处于关闭状态。
173,"""在划船或钓鱼的场景中，拖曳速度、半滑航速度和滑航速度分别指什么，它们在技巧和应用上有何不同？""","在摩托艇操作中，拖曳速度、半滑航速度和滑航速度是三种关键的操控速度状态，其定义与应用如下： • 拖曳速度：为最低操控速度，几乎不加油门，艇体沉入水中，无尾流 <PIC>。适用于靠岸、停靠码头、接近物体或登艇/离艇等需精细低速控制的场景，此时可不加油门进行转向（如满舵360°转向）<PIC>。 • 半滑航速度：为中等速度，艇首略微抬离水面但仍部分浸水，产生尾流 <PIC>。此状态下需配合油门与车把转向，转向响应平稳，适合练习大椭圆、绕圈及8字路线等基础操控训练 <PIC>。 • 滑航速度：为较快速度，艇体更平稳地在水面滑行，产生明显尾流 <PIC>。转向需持续加油门，推力充足可实现较急转弯；但车把转向过度易引发侧滑，导致喷嘴进水量减少、推力下降、转向变缓并伴随减速 <PIC>。适用于开阔水域的高速机动、穿越尾流（建议减速并以45°斜切）等进阶操作 <PIC>。 注意：所有速度下转向均依赖油门提供的喷射推力；完全松开油门后，除拖曳速度外，艇体将迅速丧失转向响应能力 <PIC>。 , [""Manual40_1"", ""Manual40_19"", ""Manual40_2"", ""Manual40_20"", ""Manual40_3"", ""Manual40_26"", ""Manual40_27"", ""Manual20_75""]"
174,"""如何在深水中登上并平衡摩托艇，确保操作的安全性和稳定性？""","在深水中登上并平衡摩托艇的安全操作步骤如下： 1. 选择水深至少齐胸（约60厘米）的开阔水域，确保水面平静、无交通及障碍物； 2. 游至艇尾，双手放在登艇平台上，单手抓住扶手； 3. 拉身体至平台呈跪姿，再移至座位跨坐； 4. 将熄火绳系在手腕上，并将卡扣安装到熄火开关； 5. 双手紧握车把，双脚放入脚坑底板； 6. 全程不启动发动机，反复练习登艇与静止平衡，直至能全程保持良好平衡。 提示：驾驶者体重越大，平衡难度越高；练习前请确认登艇台阶已放下（如配备）<PIC>；务必先在近岸熟练后再进入深水区域。 , [""Manual40_13""]"
175,"""在滑航速度下驾驶摩托艇转弯时，有哪些技巧能在急转弯时保证稳定性和操控性？""","在滑航速度下驾驶摩托艇急转弯时，保证稳定性和操控性的关键技巧包括： 1. 转向时必须同步加大油门——因转向依赖喷射推力，松开油门会导致艇体迅速丧失转向响应 <PIC>； 2. 避免车把转向过度，否则易引发侧滑：侧滑会减少进入喷射口的水量，降低喷嘴排水量与转向推力，造成减速与转向变缓；此时应将车把回正至较小角度以恢复稳定转向 <PIC>； 3. 从平缓转向、较低速度开始练习，逐步提升难度，熟悉滑航速度下艇体转向特性（与半滑航速度不同）； 4. 急转弯过程中保持正确操作姿势：双手紧握车把，双脚置于脚坑底板，身体重心适度前倾并保持灵活调整能力 <PIC>。 , [""Manual40_26"", ""Manual40_27"", ""Manual40_28""]"
176,"""驾驶摩托艇时，有哪些技巧能在完成大椭圆转弯、绕圈和8字行驶动作的同时，保持操控性和稳定性？""","根据官方操作手册，完成大椭圆转弯、绕圈和8字行驶动作并保持操控性与稳定性的核心技巧如下： 1. **始终配合油门与车把操作**：转向依赖喷射推力，必须在转动车把的同时保持加油门；松开油门会导致转向响应迅速下降甚至失效 <PIC>。 2. **循序渐进训练**： - 先在半滑航速度下练习大椭圆转向（训练1），再逐步提升至滑航速度； - 绕圈时从大圈开始，保持速度不变，逐渐缩小圈径（训练2）； - 8字行驶需结合左右转向，先做大8字，再逐步减小尺寸（训练3） <PIC>。 3. **控制转向幅度**：滑航速度下转向过度易引发侧滑，导致喷嘴进水量减少、推力下降、艇体自动减速并转向变缓；此时应将车把回正至较小角度以恢复响应 <PIC>。 4. **确保基础姿态与环境**： - 双手紧握车把，双脚置于脚坑底板； - 所有练习须在开阔、平静、无交通及障碍物的大水域进行； - 总载重不得超过220千克，否则影响平衡与操控稳定性 <PIC>。 5. **安全提示**：高速下停车距离显著延长（全速松油门约需90米），遇障碍应优先选择“加油门+转向避让”，而非仅靠减速 <PIC>。 , [""Manual40_20"", ""Manual40_21"", ""Manual40_26"", ""Manual40_31"", ""Manual40_25""]"
177,"""在驾驶摩托艇进行中低速转弯时，如何控制油门并保持行驶的稳定性和操控性？""","在中低速（如半滑航速度）转弯时，需同时操作油门与车把：转动车把改变尾部喷射推力喷嘴角度以实现转向，而**必须始终加油门**——因为喷射推力强度直接决定转向响应能力；松开油门会导致推力骤减，艇体迅速丧失转向操控性，甚至不再响应车把操作 <PIC>。为保持稳定性和操控性，建议保持油门平稳、适度加大，并配合柔和、渐进的车把转向动作。参考训练1（半滑航速度前进与大椭圆转向）可帮助熟练掌握该工况下的协调控制 <PIC>。 , [""Manual40_25"", ""Manual40_20""]"
178,"""如何驾驶摩托艇以拖曳速度直行和转弯，保证操作的平顺性和操控性？""","根据《用户/操作手册》训练内容，以拖曳速度直行和转弯的操作要点如下： 1. 拖曳速度为最低操控速度，几乎不加油门，艇体沉入水中、无尾流； 2. 直行时：登艇后观察周围环境，启动发动机，保持油门微开或完全松开（此时仅维持最小推力），直线行驶； 3. 转弯时：必须配合轻加油门——因转向依赖喷射推力，完全松开油门后艇体将失去转向响应； 4. 训练方法：按训练1要求，做长约15–21米（50–70英尺）的大8字路线，全程控制在拖曳速度，不猛加油门，确保转向平顺； 5. 操作前提：双手紧握车把、双脚置于脚坑底板，确认转向操控与油门手柄工作正常 <PIC>； 6. 特别提示：转向始终需要油门，拖曳速度下更需精准油门配合车把动作，避免突然转向或断油导致失控 <PIC>。 , [""Manual40_19"", ""Manual40_25""]"
179,"""摩托艇全加速行驶时，如何安全平稳地将其停稳？""","摩托艇未配备独立制动系统，全加速行驶时安全平稳停稳的方法如下： 1. 松开油门手柄，依靠水阻自然减速；此时艇体将滑行约90米（300英尺）后完全停止，具体距离受总重量、水面状况、风向等因素影响。 2. 若需缩短停车距离，可握紧RiDE手柄减速，停车距离比不使用时缩短约30% <PIC>。 3. 若判断无法在障碍物前及时停下，应立即加油门并转向避让——注意：转向必须配合加油门，松开油门后艇体将失去转向响应 <PIC>。 4. 切勿在高速下突然关闭发动机停车，推荐先松油门减速至怠速，再按下红色发动机停止开关 <PIC>。 提示：所有高速操作须在开阔、平静、无交通及障碍物的大水域进行；速度越快，停车距离越长，务必提前预判。 , [""Manual40_25"", ""Manual40_20"", ""Manual40_7""]"
180,"""驾驶摩托艇时，如何避免发生碰撞事故，保障自身和水上其他人员的安全？""","为避免摩托艇碰撞事故、保障自身及他人水上安全，请严格遵守以下要点： 1. 防御性驾驶：保持安全航速，与人员、物体及其他水craft保持足够距离；切勿紧随其他船只后方行驶，禁止靠近他人喷水戏耍；避免急转弯等易导致他人预判困难的机动动作。 2. 主动避让：提前观察、早做判断，及时采取避让措施；牢记摩托艇无刹车系统，松开油门后仍会滑行约90米（受载重、水面、风向等影响），遇障碍时应加油门配合转向避让，而非仅靠松油门停车。 3. 转向原则：转向必须配合油门——喷射推力由油门控制，车把仅改变喷嘴角度；松油门后转向响应迅速下降，甚至完全失效 <PIC>。 4. 环境规避：远离浅水区、水下障碍物区域；不在恶劣天气或恶劣水域驾驶；穿越尾流或浪涌时应减速并以约45°角“斜切”，减少冲击与失控风险 <PIC>。 5. 人员与载重：确保驾乘人员总重量不超过220千克；所有乘客须正确就座、双脚置于脚坑底板、牢固抓握扶手或前方人员 <PIC>。 , [""Manual40_20"", ""Manual40_26"", ""Manual40_31""]"
181,"""水泵发动机安全停机的正确步骤是什么？""","水泵发动机安全停机的正确步骤如下： 1. 将油门手柄完全向左推（降低至怠速）<PIC>； 2. 将发动机开关置于“OFF”位置，切断点火电路 <PIC>； 3. 将燃油开关手柄置于“OFF”位置 。 提示：停机前建议让发动机怠速运行片刻，有助于散热；停机后若长期存放，还应排空燃油、更换机油并做好防锈保养。 , [""Manual31_6"", ""Manual31_7""]"
182,"""水泵的核心部件有哪些？""",水泵的核心部件包括：油箱、油箱盖、燃油开关、空气滤清器盖、火花塞、消音器、阻风门手柄、发动机开关、机油加注口盖、放油螺塞、反冲启动器、机油警告灯、油门手柄、注水螺塞、放水螺塞。
183,"""清洗油箱滤网的详细步骤是什么？""","清洗油箱滤网的详细步骤如下： 1. 拆下油箱盖及滤网。<PIC> 2. 用溶剂清洗滤网；若滤网损坏，请及时更换。 3. 擦干滤网后，将其装回原位。 , [""pump_18""]"
184,"""水泵安全排放燃油的正确步骤是什么？""","水泵安全排放燃油的正确步骤如下： 1. 停止发动机； 2. 将燃油开关手柄置于“OFF”位置； 3. 打开油箱盖，使用市售手动虹吸管将油箱内燃油排入合格汽油容器； 4. 排空化油器浮子室：松开化油器放油螺塞（<PIC>），排尽浮子室内燃油； 5. 将燃油开关旋钮置于“关闭”位置后，可启动发动机至自行停机，以燃烧完化油器内剩余燃油（仅适用于需彻底清空场景）； 6. 排空完成后，装回油箱盖及所有拆卸部件。 ⚠️注意：燃油高度易燃且有毒，请远离明火与吸烟环境，溢出燃油须立即擦拭干净。 , [""Manual31_11""]"
185,"""水泵无法抽水的潜在原因有哪些，该如何有效诊断并解决这些问题？""","水泵无法抽水的潜在原因及对应解决方法如下： • 注水螺塞或放水螺塞松动 → 拧紧； • 软管接头或卡箍松动 → 拧紧（注意：软管安装不牢固会导致进气，从而无法抽水）<PIC>； • O形圈或垫片损坏 → 更换（检查时请确认垫片是否安装到位）<PIC>； • 机械密封损坏 → 咨询经销商； • 泵体内未注满水 → 启动前务必向泵内注满水，水位需达到上限 <PIC><PIC>； • 进水软管末端未安装滤网 → 务必安装滤网（YP20G配50 mm吸水口、YP30G配80 mm吸水口，滤网孔径≤8 mm）<PIC>； • 吸程过高或水泵未置于稳固平面且远离水源 → 请将水泵尽量靠近水源，并放置在稳固平面上 。 提示：每次使用前请执行操作前检查；冬季使用后须从底部排水口排空积水，以防结冰损坏 。 , [""Manual31_24"", ""pump_08"", ""Manual31_10"", ""Manual31_11"", ""Manual31_19""]"
186,"""如何为温控器设置日期和时间，以实现精准的日程和温度控制？""","为温控器设置日期和时间，是实现精准日程与温度控制的前提。请按以下步骤操作： 1. 按菜单键进入设备菜单，显示“PROG”；按+或-键选择“日期”，然后按选择键； 2. 年份开始闪烁，按+或-调整年份，按选择键确认； 3. 按+或-调整月份，按选择键确认； 4. 按+或-调整日期，按选择键保存并退出 <PIC>； 5. 返回菜单，按+或-选择“时间”，按选择键； 6. 按+或-调整小时，按选择键；再按+或-调整分钟，按选择键保存并退出 ； 7. 如需设置时钟格式（12小时制或24小时制），可在时间设置前或单独进入菜单选择“时钟格式”，按+或-切换后按选择键确认 。 注：所有程序日程（如起床、离家、回家、睡眠时段）均依赖准确的日期和时间设定，否则日程将无法按时触发。若电池更换在两分钟内完成，日期和时间不会丢失。 , [""Manual14_26""]"
187,"""如何调整温控器的系统和风扇运行设置，以优化供暖和制冷效果？""",要优化供暖和制冷效果，您可通过以下两方面调整温控器设置： 一、系统模式设置（决定温控器控制逻辑）： 按【模式键】循环切换系统模式，选择最适合当前需求的模式： - 自动：温控器根据室温自动切换供暖/制冷，适合全天候节能运行； - 供暖：仅启动供暖系统，适用于寒冷季节； - 制冷：仅启动制冷系统，适用于炎热季节； - 应急供暖（仅热泵机型）：启用辅助电加热，不使用压缩机，适用于极寒或除霜期间； - 关闭：停用供暖/制冷系统（风扇仍可独立运行）。 二、风扇运行设置（影响空气循环与温度均匀性）： 按【风扇键】循环切换风扇模式： - 自动：仅在供暖/制冷运行时启动风扇，节能且匹配系统节奏； - 开启：风扇持续运转，提升全屋空气流通与温度均匀性，适合对舒适度要求高的场景； - 循环：风扇约33%时间随机运行，平衡能耗与空气混合效果。 温馨提示：以上设置需确保系统设置选项（如200、205、218等）已正确匹配您的实际供暖/制冷设备类型（参见参考文档第8–9页），否则可能导致模式异常（如制冷时供暖运行）。如需进一步优化，建议配合【程序日程】设置不同时间段的温度（如起床、离家、回家、睡眠），并启用【智能响应技术】让温控器提前启停系统，精准达温。
188,"""如何调整温控器的程序日程，以实现高效的能源利用和温度控制？""",要调整温控器的程序日程以实现高效能源利用和温度控制，请按以下步骤操作（依据说明书）： 1. 按温控器上的菜单键，显示PROG，再按选择键启用程序功能； 2. 按+或-选择要编辑的日期组（如工作日/周末），按选择键确认； 3. 按+或-选择日程时段（起床、离家、回家、睡眠），按选择键进入编辑； 4. 按选择键保持该时段开启（或按+后按选择键关闭）； 5. 时间开始闪烁，用+或-调整时段开始时间，按选择键确认； 6. 温度开始闪烁，分别用+或-调整“供暖”和“制冷”设定温度，每项均需按选择键确认； 7. 对其余时段重复步骤4–6； 8. 编辑完成后按主页键保存设置并返回主界面。 建议采用预设日程逻辑提升能效： - 起床时段：设为舒适温度，提前启动以准时达标（智能响应技术可自动预热/预冷）； - 离家时段：设为节能温度（如冬季16–18°C，夏季28–30°C）； - 回家时段：提前升温/降温，确保归家即达舒适温度； - 睡眠时段：设为节能温度，兼顾健康与省电。 如需临时调整，直接按+或-修改当前温度，新设定将保持至下一预定时段开始；如需永久覆盖，调整温度后闪烁时按保持（模式）键切换为永久保持。
189,"""如何在不影响已编程日程的情况下，临时更改温控器的温度设置？""",在不影响已编程日程的情况下，临时更改温控器温度设置的方法如下： 1. 按“+”或“−”键直接调整当前显示的温度； 2. 调整至所需设定温度后，无需其他操作； 3. 新设定温度将保持生效，直至下一个预定日程时间段自动开始。 注：此操作为“程序日程临时覆盖”，不会修改您已设定的起床、离家、回家、睡眠等日程参数。如需取消临时覆盖，可再次按“+”或“−”键，然后按“取消”键。
190,"""当设备或系统出现警报界面时，应采取哪些操作？""",当设备或系统出现警报界面时，应采取以下操作： 1. 主界面会显示警报图标，您可在菜单中查看警报以了解具体的错误/警报代码； 2. 查看警报后，主界面将保留警报符号，直至手动清除； 3. 对照警报代码表（见相关文档）确定问题原因； 4. 注意区分暂态警报——此类警报会在警报菜单界面取消7天后再次自动显示； 5. 根据警报代码执行对应排查或处理措施（如检查电池、系统设置、电源、通风等），必要时参考故障排除章节。
191,"""针对热泵应如何修改接线，以确保连接正确且功能正常？""","针对热泵系统的接线，请严格遵循以下步骤： 1. 将每根标记电线与温控器上相同字母的端子匹配连接（如Y、O/B、C、Rc、R等）； 2. 保持R滑动开关在向上位置（仅接入1根R线）； 3. 若旧温控器有单独的O和B电线，需将B线连接至C端子；但若C端子已连接其他电线，请立即停止操作并联系专业安装人员协助； 4. 若旧温控器同时有V和VR电线，或有Y1、W1、W2等多级控制线，请立即停止操作并联系专业安装人员协助。 ⚠️重要提示：操作前务必关闭系统电源；建议拍摄旧接线照片作为参考；不熟悉热泵系统接线者，请勿自行修改，应由持证暖通技术人员完成，以确保安全及功能正常。<PIC> , [""Manual11_0""]"
192,"""如何安全更换温控器的电池，确保更换后设备功能正常？""","更换温控器电池的安全操作步骤如下： 1. 当屏幕出现电池低电量图标时，请及时更换；即使未提示，也建议每年更换一次，或离家超过一个月前更换。<PIC> 2. 请使用两节全新AA碱性电池（参考文档7明确说明“在温控器背面装入两节AA碱性电池”）。 3. 更换过程需在2分钟内完成，以确保时间和日期设置不丢失；所有其他系统设置（如程序、温度设定、系统模式等）均永久存储于内存中，无需电池供电，故不会重置。 4. 更换后，若屏幕正常点亮且可响应按键操作，即表明电池安装成功、设备功能正常。如屏幕空白，请确认电池正负极安装正确、接触良好，并检查系统设置选项220是否配置正确（参考文档6）。 ⚠️ 注意：本温控器为低压电池供电设备，不涉及高压接线操作；但若您的旧温控器连接有120/240V电线（如带线帽的粗黑色电线），则属线电压系统，本设备不适用（参考文档5），此时请勿自行操作，应联系专业人员。 , [""Manual11_1""]"
193,"""当标签与端子不匹配时，应如何正确为温控器重新接线，确保连接无误？""","当标签与端子不匹配时，请按以下步骤重新接线，确保连接无误： 1. 若为常规系统：请参照【常规系统接线】图示（见下方注释）连接电线； 2. 若必须同时连接R和Rc电线：将R滑动开关拨至向下位置（2根电线）； 3. 若旧温控器同时有R和RH电线：将R滑动开关拨至向下位置，R线连接至Rc端子，RH线连接至R端子； 4. 若旧温控器仅有1根C或C1电线：将其连接至C端子；若旧温控器有2根C或C1电线：分别用电工胶带包裹且不连接； 5. 若为热泵系统：优先将每根标记电线与新温控器上相同字母端子匹配；若标签仍不匹配，请参阅第13页对应接线说明 <PIC>； 6. 特别注意：若旧温控器有V和VR、O和B（C端子已占用）、Y1/W1/W2等组合，请立即停止操作并联系专业安装人员协助。 , [""drill0_04""]"
194,"""遇到温控器故障时，可采用哪些故障排除解决方案？""","遇到温控器故障时，可参考以下官方提供的故障排除解决方案： 1. **屏幕空白**：检查是否已正确安装全新AA碱性电池；确认系统设置选项220设置为1或2。 2. **无法切换至制冷模式**：确保系统设置选项220已正确配置（见第9页）。 3. **需要供暖时风扇不启动**：检查系统设置选项205，确保其与您的供暖设备类型匹配（见第8页）。 4. **制冷模式下供暖系统运行**：检查系统设置选项200或218，确保其与实际供暖/制冷设备类型一致（见第9页）。 5. **供暖或制冷系统无响应**： - 按【系统】键将模式设为“供暖”或“制冷”； - 设定温度需高于（供暖）或低于（制冷）当前室内温度； - 检查断路器是否跳闸，必要时复位； - 确认供暖/制冷系统电源开关已打开； - 确保炉门紧闭； - 等待5分钟让系统响应。 6. **供暖/制冷指示灯闪烁**：可能是压缩机保护功能启动，请等待5分钟让系统安全重启，避免损坏压缩机；同时再次核对系统设置选项200或218是否匹配设备类型。 7. **警报图标显示**：主界面出现警报图标时，进入菜单查看具体错误/警报代码（见【警报代码】部分），对照代码表定位问题；暂态警报将在7天后自动重现，如需清除请按菜单中【取消警报】操作 <PIC>。 , [""drill0_04""]"
195,"""设备或系统中构成处理器单元的关键组件或部件有哪些？""","根据提供的参考知识，该VR头显设备的处理器单元为独立外置硬件模块，其关键构成部件（依据文档2与文档1）包括： - 状态指示灯（正面，含白色/红色双色指示状态）<PIC> - AUX端口（正面） - HDMI输出端口（正面） - HDMI电视端口（背面） - HDMI PS4端口（背面） - USB端口（背面） - DC IN 12V接口（背面） - 通风口（背面） - 处理器单元外壳（文档1明确列为构成部件） 注：参考知识中未提及CPU芯片、内存、散热器、主板等通用计算机处理器单元内部组件；所有描述均围绕该VR系统外置处理器单元的物理接口、结构件及状态反馈部件展开。 , [""Manual38_1""]"
196,"""耳机有哪些类型，以及如何更换耳塞？""","根据现有资料，该产品配套的为立体声耳机，出厂时已安装M号耳塞，支持更换为S号或L号耳塞以获得更贴合的佩戴效果。更换方法为：旋转耳塞后将其拔下即可 <PIC>；请务必牢固安装，防止使用中意外脱落。关于耳机类型，参考知识中仅提及‘立体声耳机’，未说明其他类型。 , [""Manual38_4""]"
197,"""为保持遮光罩的清晰度和功能性，正确的清洁步骤是什么？""","为保持遮光罩的清晰度和功能性，请按以下步骤清洁：将遮光罩从VR头显上取下，用水清洗，再用软布完全擦干后重新安装。安装时，请将遮光罩上的凸点与头显上的13个孔对齐 <PIC>。 , [""Manual38_5""]"
198,"""为确保安全且最佳的使用效果，游玩区域的推荐尺寸是多少？""","根据参考知识，PS VR的游玩区域尺寸未给出具体数值，但强调需确保活动空间大于游玩区域，并清理所有障碍物；摄像头需调整至能完整捕捉您在游玩区域中央的位置。游玩区域的宽度和深度取决于摄像头的捕捉范围，具体请参照PS VR设置界面指引及说明书第8页“使用PS VR”章节。建议预留充足空间以保障安全，避免碰撞墙壁、家具等障碍物。<PIC> , [""Manual38_0""]"
199,"""使用和操作VR头显时应采取哪些安全预防措施，以确保用户安全和设备使用寿命？""","使用和操作VR头显时，请严格遵守以下安全预防措施，以保障人身安全及延长设备使用寿命： ● **环境与空间安全**：使用前请清理大于游玩区域的活动空间，清除墙壁、楼梯、家具等障碍物；佩戴头显时请待在区域中央，尽可能保持坐姿，避免剧烈或过度动作；若应用程序要求站立，请严格遵循其指示。 ● **身体状态与健康警示**：若您感到疲劳、头晕、恶心、醉酒、服药后、运动感/平衡感受损，或患有严重疾病，请勿使用；出现头晕、视觉异常、眼睛/肌肉抽搐、意识丧失、癫痫发作等症状时，**请立即停止使用并就医**，经医生许可后方可继续。 ● **设备操作规范**：待头显上的追踪灯熄灭（即已关机）后再取下头显或拔下连接线；切勿在开机状态下强行摘戴或拉扯线缆；游玩前及过程中请检查线缆是否缠绕在身体或四肢上。 ● **物理防护与存放**：请勿摔落、投掷、重压或强烈撞击头显；勿将物品放置于产品上；请将产品置于幼儿及宠物接触不到的地方，防止误吞零件、拉扯线缆或缠绕窒息。 ● **电气与环境安全**：雷雨天气请勿触碰电源线、适配器或处理器单元；勿让液体、灰尘、烟雾、蒸汽进入接口或通风口；若接口脏污，可用柔软干布擦拭（<PIC>），避免信号异常或噪音；遮光罩可取下水洗并彻底擦干后装回（<PIC>）。 ● **佩戴与使用细节**：正确佩戴头显，调节旋钮勿拧过紧，镜罩勿过度推入或拉出；长时间佩戴若皮肤不适，请立即停用；若出现耳鸣、耳部不适或听觉模糊，请降低音量并检查听力；高音量可能致永久性听力损伤。 ● **温控与触电防护**：开机时避免身体长时间接触处理器单元、电源适配器或通风口排出的空气（可能引发低温烫伤*）；*指皮肤长时间接触40℃及以上物体所致烫伤。 ● **其他注意事项**：保持附着传感器无遮挡，以防屏幕无法自动关闭导致画面残留；废弃时请按当地法规处理金属与塑料部件。 , [""vr_01"", ""Manual38_5""]"
200,"""功能键盘的保修政策通常包含哪些内容，又不包含哪些内容？""",功能键盘的保修政策通常包含以下内容： ✅ **包含内容**： - 保修期限：依据全球保修政策，具体时长以购买凭证和销售地区为准（例如欧洲为2年，北美为60天内可退换，其他地区通常为1年）； - 保障对象：仅限原始消费者，且需提供有效购买凭证（如发票或收据）； - 保修服务形式：在保修期内，若产品因制造材料或工艺缺陷出现故障，厂商将根据库存情况，自行决定提供维修或更换服务，更换产品可为全新或翻新、功能相近且价值相等或更高； - RMA流程支持：官网直购用户可通过售后支持网站提交申请，获批后获得RMA编号，寄回故障产品即可处理； - 运费承担：官网订单换货/退货由品牌承担往返运费；授权经销商处购买的产品，仅承担换货时寄回给用户的单程运费（质量问题确认后可报销合理邮费）。 ❌ **不包含内容**： - 未经许可的改装（如擅自更改轴体、电路、序列号/保修标签）； - 非制造缺陷导致的损坏，包括意外、滥用、误用、疏忽、进水、火灾、雷击、自然灾害等； - 安装不当、未经授权的维修或由非授权人员操作导致的故障； - 运输途中损坏（须向承运方索赔）； - 正常磨损、老化及耗材类损耗（如键帽表面磨光、轴体顺滑度自然变化）； - 间接或继发性损害（如数据丢失、业务中断、利润损失等）； - 默示担保（如适销性、特定用途适用性）仅限于保修期有效，且明确排除超出条款范围的责任。 温馨提示：保修不覆盖日常保养、人为操作失误或未按说明书使用所导致的问题。如需进一步协助，您可通过售后支持网站提交申请，或联系客服获取RMA指引。
201,"""功能键盘的保修政策中，损害赔偿的除外责任或免责声明通常是什么？""",关于功能键盘保修政策中‘损害赔偿的除外责任或免责声明’，依据《全球保修政策》第IV条及第V条，具体如下： 1. 【损害免责条款】：本保修项下厂商的唯一义务与责任，仅限于自行选择以全新或翻新、功能相近且价值相等或更高的产品进行维修或更换。在任何情况下，均不对以下间接或继发性损害承担责任： • 服务中断； • 数据丢失； • 业务损失； • 因本产品或其使用、持有所引发的民事侵权责任（如第三方索赔）。 2. 【默示担保限制】：不存在其他明示或默示担保（包括但不限于适销性、特定用途适用性担保）。所有默示担保的有效期严格限定于保修期限内，且法律允许范围内已明确排除。 3. 【典型除外责任（不属保修范围）】： • 未经许可对产品或序列号/保修标签进行改装； • 非制造缺陷导致的损坏（如人为误操作、跌落、挤压、液体泼溅）； • 因意外、滥用、误用、疏忽、火灾、进水、雷击、自然灾害等导致的损坏、老化或故障； • 安装不当、未经授权更改/改装、或由非授权人员维修导致的问题； • 运输途中损坏（须向承运方索赔）； • 正常磨损（如键帽字符磨蚀、轴体寿命耗尽等）。 温馨提示：申请保修需提供有效购买凭证，并通过售后支持网站提交RMA申请；若确认为质量问题，合理运费可报销。如您所在地区适用本地消费者保护法（如英国6个月内故障可退换），该等法定权利不受本保修限制，且为额外保障。
202,"""如何设置功能键盘？""","设置功能键盘需通过配套的CAM软件进行： 1. 下载并安装官方最新版CAM软件； 2. 在CAM软件中可设置并保存四个板载配置文件（配置文件1–4），支持自定义RGB灯光、宏命令及按键重映射； 3. 设置完成后，将配置信息存储至键盘硬件，即可脱离软件运行； 4. 切换配置文件：按下FN键 + F1（配置文件1）、F2（配置文件2）、F3（配置文件3）或F4（配置文件4）。 注意：键盘基础连接与使用请先完成——使用附赠USB-C线将键盘连接至电脑USB 2.0或更高速接口<PIC>；如为全尺寸或无小键盘版本，可将磁吸式腕托吸附于键盘正面<PIC>。 , [""drill0_04"", ""drill0_05""]"
203,"""如何拆卸和重新安装功能键盘的轴体？""",拆卸轴体：使用附赠的拔轴器，从顶部夹住轴体，将工具两端沿轴体前后方向放置；轴体由两个卡扣固定在定位板上，按下卡扣即可拆卸。注意请勿刮擦上盖面板，无需从轴体下方撬动，仅需夹住轴体外壳底部两侧即可。 重新安装轴体：安装前请确保所有针脚笔直，无弯曲或折向轴底外壳的情况；目视检查轴体上的两个金属针脚与键盘上的轴座插孔对应；垂直向下用力将轴体插入键盘插槽；正确插入后，轴体外壳两侧应紧贴键盘上盖面板。
204,"""如何将功能键盘搭配CAM软件使用？""",将功能键盘搭配CAM软件使用的步骤如下： A. 下载并安装CAM软件：请前往官网下载最新版CAM软件； B. 设置并存储配置文件：本键盘自带四个板载配置文件（1–4），您可通过CAM软件设置灯光、宏命令、按键重映射等，并将配置信息保存至键盘内部，保存后无需运行CAM软件即可使用； C. 切换配置文件：按下FN键+F1、F2、F3或F4中任意一键，即可切换至对应编号的已存储配置文件； D. 灯光模式调用：配置文件1–4默认内置四种灯光模式，切换配置文件即同步激活对应灯光；如已通过CAM软件自定义RGB灯光并保存至某配置文件，切换该配置文件时将自动启用自定义灯光； E. 自定义RGB灯光：在CAM软件的「键盘/灯光设置」界面逐键设置，保存至目标配置文件； F. 自定义宏命令：在CAM软件的「键盘/宏命令设置」界面创建宏，并保存至目标配置文件； G. 按键重映射：在CAM软件的「键盘/按键重映射设置」界面完成自定义绑定，并保存至目标配置文件。
205,"""如何在硬件模式下使用功能键盘？""","在硬件模式下使用功能键盘，主要通过FN键组合切换已存储的板载配置文件（1至4）： - 按下 **FN + F1** 切换至配置文件1； - 按下 **FN + F2** 切换至配置文件2； - 按下 **FN + F3** 切换至配置文件3； - 按下 **FN + F4** 切换至配置文件4。 配置文件1至4自带四种默认RGB灯光模式，切换配置文件时将同步激活对应灯光效果；若已通过CAM软件将自定义灯光、宏命令或按键重映射保存至某配置文件，切换至该配置文件后即可直接使用，无需运行CAM软件。<PIC> , [""Manual14_22""]"
206,"""如何安装儿童电动摩托车的挡泥板？""",安装儿童电动摩托车挡泥板的步骤如下： 1. 按照说明书步骤1所示，将挡泥板侧转，然后向上滑入左侧把手管；注意！请勿让“凸点”卡入1号孔。 2. 按照步骤2所示，调整挡泥板位置，使“凸点”准确卡入2号孔。
207,"""如何安装儿童电动摩托车的前轮？""","安装儿童电动摩托车前轮的步骤如下： # 3. 安装前轮。 <PIC> · 按照步骤1所示，将前轴穿过两侧把手管及前轮，两侧把手管内外均需安装垫片。 · 使用两个螺母将前轴及车轮固定在把手管上，使用随产品提供的扳手拧紧螺母直至螺纹尽头。 间隙注意： 前轮及前轴组装完成后，请检查车轮与把手管之间的间隙。若间隙过大、车轮定位不稳，建议在车轮与把手管之间加装额外垫片（不随产品提供）。加装垫片并重新安装前轴后，检查间隙是否最小化，同时确保车轮可自由转动。若车轮卡死，则减少一片垫片。 , [""Manual14_3""]"
208,"""如何为蓝牙激光鼠标安装电池？""",蓝牙激光鼠标需使用两节 AA 型号电池。请按照以下步骤安装： 1. 按下按钮，电池仓盖弹出。 2. 按照鼠标内部标注的正负极（+ 和 -）装入两节 AA 电池。 3. 装回电池仓盖。
209,"""如何为蓝牙激光鼠标安装WIDCOMM蓝牙驱动程序？""","请按照以下步骤安装 WIDCOMM 蓝牙驱动程序： 1. 将 USB 蓝牙接收器插入电脑的 USB 接口。 2. 将附带的安装光盘放入光驱；驱动程序将自动加载。若未自动加载，请双击光驱中 bin 文件夹内的 Setup.exe。 3. 在欢迎界面点击“下一步”继续。<PIC> 4. 阅读许可协议，勾选“我接受许可协议中的条款”，点击“下一步”继续。<PIC> 5. 程序将安装至默认文件夹；如需更改路径，可点击“更改”选择其他位置，然后点击“下一步”继续。<PIC> 6. 点击“安装”开始安装，过程可能需要一些时间。<PIC> 7. 安装完成后出现完成界面，拔下接收器后重新插入，鼠标将自动配对。<PIC> 8. 系统可能提示重启电脑以使驱动生效，请点击“是”立即重启，或“否”稍后手动重启。<PIC> , [""drill0_04"", ""drill0_05"", ""drill0_06"", ""drill0_07"", ""drill0_08"", ""drill0_09""]"
210,"""如何为蓝牙激光鼠标卸载WIDCOMM蓝牙驱动程序？""",请按照以下步骤从电脑中卸载 WIDCOMM 蓝牙驱动程序： 1. 拔下 USB 蓝牙接收器。 2. 点击 开始 > 设置 > 控制面板 > 添加或删除程序。 3. 在程序列表中选择 WIDCOMM 蓝牙软件，点击 “删除”。 4. 系统开始卸载程序，此过程可能需要一些时间。 5. 程序卸载完成后，系统将提示重启电脑。点击 “是” 立即重启，或 “否” 稍后重启。
211,"""如何在Windows系统中为蓝牙激光鼠标设置快速配对？""",在Windows系统中为蓝牙激光鼠标设置快速配对，请按以下步骤操作（依据说明书第4.1节）： 1. 将USB蓝牙接收器插入电脑的USB接口； 2. 按下鼠标底部的配对按钮 ； 3. 按下USB蓝牙接收器底部的按钮，直至LED指示灯每秒闪烁一次（表示接收器已进入设备搜索状态）； 4. 移动鼠标，确认光标正常响应，即表示连接成功。 注意：本款鼠标出厂默认已设为预配对模式，且不含接收器销售；如曾安装WIDCOMM驱动，建议先卸载再尝试快速配对（参见说明书第3.2节）。
212,"""如何通过WIDCOMM蓝牙驱动程序为蓝牙激光鼠标设置配对？""","根据使用说明书，通过 WIDCOMM 蓝牙驱动程序为蓝牙激光鼠标配对的步骤如下： 1. 确保已按第3章说明安装 WIDCOMM 蓝牙驱动程序，并将 USB 蓝牙接收器插入电脑 USB 接口； 2. 双击系统托盘中的蓝牙图标，启动蓝牙初始配置向导，按提示完成配置； 3. 配置完成后，将出现 HID 界面并开始搜索蓝牙设备 <PIC>； 4. 按下鼠标底部的配对按钮； 5. 按下 USB 蓝牙接收器底部按钮，直至 LED 指示灯每秒闪烁一次（表示进入搜索状态）<PIC>； 6. 在 HID 界面中点击检测到的鼠标设备，按屏幕提示启用连接 ； 7. 鼠标连接成功后，将出现确认信息，点击确认即可 。 注意：本款鼠标不含接收器销售；LED 指示灯绿色闪烁表示正在配对 。 , [""Manual10_170"", ""Manual10_171""]"
213,"""如何查看蓝牙激光鼠标的电量状态？""",您可以通过以下两种方式查看蓝牙激光鼠标的电量状态： 1. 观察鼠标上的电量 LED 指示灯： • 琥珀色（或红色）指示灯亮起，表示电量低，需立即更换电池； • 顶部与底部 LED 指示灯状态一致 。 2. 通过电脑系统查看： • 在 Windows 系统中，前往「控制面板 > 鼠标 > 蓝牙」，即可查看更详细的鼠标电量信息 。
214,"""如何首次为蓝牙激光鼠标使用该驱动程序？""",首次使用蓝牙驱动程序的步骤如下： 1. 双击系统托盘中的蓝牙图标，蓝牙初始配置向导将启动，请按照屏幕上的说明完成配置。 2. 配置完成后，将出现人机接口设备（HID）界面并开始搜索蓝牙设备。 3. 点击您要连接的 HID 设备（即您的蓝牙激光鼠标），然后按照屏幕上的说明启用所选设备。
215,"""如何将蓝牙激光鼠标与其他人机接口设备相连接？""",要将蓝牙激光鼠标与其他蓝牙人机接口设备（HID）连接，请按以下步骤操作： 1. 确保 USB 蓝牙接收器已插入电脑； 2. 将目标蓝牙设备（如打印机、调制解调器、掌上电脑等）设置为可被搜索状态； 3. 按下 USB 蓝牙接收器按钮，直至出现 HID 界面； 4. 从下拉菜单中选择要搜索的设备类型； 5. 在检测到的设备列表中点击目标设备，驱动程序将引导您完成启用与连接。
216,"""如何拆卸烤箱门？""","拆卸烤箱门步骤如下：1. 完全打开烤箱门；2. 抬起卡扣并向前推至极限位置（图1）<PIC>；3. 将烤箱门关至最大角度（A），向上抬起（B）并转动（C）直至脱开（D）（图2）<PIC>。操作前请务必确保烤箱已完全冷却，并断开电源，以保障安全。 , [""oven_01"", ""oven_02""]"
217,"""如何安装烤箱门？""","安装烤箱门的步骤如下：1. 将铰链装入对应位置。2. 完全打开烤箱门。3. 放下两个卡扣。4. 关闭烤箱门。<PIC> , [""oven_01""]"
218,"""如何移动烤箱的顶部加热元件（仅限部分型号）？""","移动顶部加热元件（仅限部分型号）的步骤如下： 1. 取下侧边配件支架格栅（图3）<PIC>； 2. 轻轻拉出加热元件（图4）<PIC>，并向下放下（图5）<PIC>； 3. 复位时，抬起加热元件并轻轻向自身方向拉动，确保其支撑在侧支架上。 , [""oven_03"", ""oven_04"", ""oven_05""]"
219,"""如何更换烤箱的后部灯（如有）？""","更换烤箱后部灯（如有）的步骤如下： 1. 断开烤箱电源，确保安全； 2. 拧下灯罩（图6）<PIC>； 3. 更换灯泡（请使用25‑40W/230V E‑14、耐温300℃白炽灯）； 4. 拧回灯罩（图7）<PIC>； 5. 重新接通烤箱电源。 ⚠️ 注意： - 灯罩复位前，请勿使用烤箱； - 更换时请佩戴防护手套，避免烫伤； - 切勿触碰高温灯泡或让油污接触灯泡玻璃，以免影响寿命与照明效果； - 灯泡可从售后服务中心购买。 , [""oven_06"", ""oven_07""]"
220,"""如何使用烤箱的接油盘？""","接油盘（图1）应放置在烤架下方，用于收集烹饪过程中滴落的油脂和食物碎屑；也可直接作为烤盘使用，适用于烤制肉类、鸡肉、鱼类等，并可搭配蔬菜一同烹饪。为防止油脂飞溅及冒烟，建议向接油盘中倒入少量水（推荐约半升），并在烹饪过程中按需补充水分。<PIC> , [""oven_03""]"
221,"""如何清洁烤箱外部？""","清洁烤箱外部时，请注意以下几点： 1. 请在烤箱完全冷却后进行清洁，并提前断开电源； 2. 请勿使用蒸汽清洁设备； 3. 请勿使用腐蚀性或研磨性清洁剂，若意外接触，请立即用湿布擦拭； 4. 用湿布清洁表面；如污渍较重，可在水中加入几滴洗洁精，清洁后务必用干布擦干。<PIC> , [""oven_01""]"
222,"""如何使用烤箱的烤架？""","烤架（图3）用于烧烤食物，或作为锅具、蛋糕模及其他烹饪容器的支架，可放置在烤箱内任意可用层位；烤架可凸面朝上或朝下安装。<PIC> 烤架烤盘套装（图6）包含烤架（6a）和搪瓷容器（6b），需放置在烤架（3）上，并配合烧烤功能使用。<PIC> 烧烤肉类时，建议在烤架正下方放置加有半升水的接油盘，以收集肉汁、防止油脂飞溅及冒烟。<PIC> , [""oven_03"", ""oven_13"", ""oven_14""]"
223,"""烤箱的催化侧面板有什么作用？""","催化侧面板带有特殊微孔搪瓷涂层，可吸附烹饪过程中飞溅的油脂。当烹饪油脂较多的食物后，建议执行自动清洁程序：将烤箱空载，开启热风循环功能，设定200℃运行约一小时，随后待设备冷却，用海绵清除残留物 <PIC>。 , [""oven_04""]"
224,"""如何使用烤箱的烤盘？""","烤盘（图2）用于烘焙饼干、蛋糕及披萨。使用时请将烤盘放置在烤架上，再将烤架置于烤箱内合适层位。为获得最佳效果，建议优先选用随附的深色金属烤盘；若使用不粘烤盘，请勿涂抹边缘黄油。烘烤披萨时，可轻微刷油以保证饼底酥脆；烘烤水分含量高的食物（如蔬菜、披萨）前，建议先预热烤箱。烹饪结束后，请佩戴隔热手套取出烤盘，避免烫伤。<PIC> , [""oven_03""]"
225,"""如何使用烤箱的烤架烤盘套装？""","烤架烤盘套装（图6）包含烤架（6a）和搪瓷容器（6b），使用方法如下： 1. 将套装整体放置在烤箱内的烤架（3）上； 2. 仅配合烧烤功能使用； 3. 建议在烤架正下方放置加有半升水的接油盘，以收集肉汁、防止油脂飞溅及冒烟 <PIC>。 更多使用技巧可参考手册中“推荐使用与技巧”章节。 , [""oven_06""]"
226,"""如何使用烤箱的油脂过滤器？""","油脂过滤器仅用于油脂较多的烹饪，需挂在烤箱腔体后壁、风扇对面位置 <PIC>。可配合热风循环功能使用，清洗时可放入洗碗机 <PIC>。 , [""oven_13"", ""oven_14""]"
227,"""如何使用烤箱的滑动搁架？""","滑动搁架（图8）可在烹饪过程中将烤架与接油盘半拉出，便于查看或翻动食物；适用于所有配件，且支持洗碗机清洗。<PIC> , [""Manual28_8""]"
228,"""如何为混合即时相机安装肩带？""","为混合即时相机安装肩带的步骤如下：将肩带一端从相机肩带安装孔底部穿入，再穿过肩带自身的插扣（如图示），拉紧肩带以消除松动，并确保插扣牢固锁紧。注意： eyepiece cover（取景器盖）也连接在肩带上。（参见说明书第89页）<PIC><PIC> , [""Manual10_9"", ""Manual10_10""]"
229,"""如何为混合即时相机装入电池？""","为混合即时相机装入电池，请按以下步骤操作：<PIC> 1. 滑动电池盖将其打开； 2. 按照电池上的箭头指示装入电池，确保电池上的黄线与相机上的标记对齐； 3. 关闭电池盖。 注意：出厂时电池未充满电，使用前请务必充电；充电时请使用随附USB线连接符合直流5.0伏/1000毫安额定输出的交流电源适配器。 , [""Manual29_13""]"
230,"""如何为混合即时相机装入相纸盒？""","为混合即时相机装入instax SQUARE相纸盒，请按以下步骤操作：<PIC> 按住相仓锁按钮（1），然后将拨杆向右滑动（□），直至相仓略微打开。<PIC> 握住相纸盒两侧，将相纸盒底部对准相仓凹槽（□），然后平直插入（2）。<PIC> 关闭后盖，确保后盖锁咔哒到位。关闭后盖时，黑色相纸保护盖会自动弹出，请从相纸出口取出该保护盖。注意：装入前请勿将相纸盒从内袋中取出；切勿按压相纸盒背面的两个矩形孔；仅可使用instax SQUARE拍立得相纸，instax mini或WIDE相纸不兼容。 , [""Manual29_26"", ""Manual29_27"", ""hybrid_instant_camera_01""]"
231,"""如何为混合即时相机取出用完的相纸盒？""","取出用完的相纸盒步骤如下： 1. 当相纸用完时，拍摄画面右侧的所有点会以灰色显示（<PIC>）； 2. 按住相仓锁按钮（1），然后将拨杆向右滑动（<PIC>），直至相仓略微打开； 3. 握住相纸盒上的矩形孔，然后平直拉出相纸盒（<PIC>）。 ⚠️ 注意：相纸用完前请勿打开后盖，否则剩余相纸会曝光变白，无法使用。 , [""Manual29_26"", ""Manual29_27"", ""Manual29_28""]"
232,"""如何设置混合即时相机的自动打印模式？""","设置混合即时相机的自动打印模式，只需将相机侧面的打印模式选择器切换到“AUTO”即可。<PIC> 此时拍摄画面上会显示相应图标，图像保存后将立即开始打印。<PIC> , [""Manual29_39"", ""Manual29_30""]"
233,"""如何设置混合即时相机的手动打印模式（初始设置）？""","设置混合即时相机的手动打印模式（初始设置）非常简单：将相机侧面的打印模式选择器切换至“MANUAL”位置即可。此时相机默认进入手动打印模式，拍摄的图像将保存到内存中，不会立即打印，您可后续在回放界面中选择需要打印的照片进行打印。<PIC><PIC> , [""Manual29_26"", ""Manual29_27""]"
234,"""如何使用混合即时相机拍摄照片？""","使用混合即时相机拍摄照片的基本步骤如下： 1. 开机：顺时针转动镜头环（电源开关）开机。 2. 构图：手持相机，确认最终图像构图；建议双手持机，肘部抵住身体，避免遮挡闪光灯、镜头或相纸出口。 3. 对焦：半按快门按钮对焦——对焦成功时发出蜂鸣声，显示屏出现绿色对焦框；失败则显示红色对焦框。如需锁定对焦/曝光，可半按快门后保持并调整构图（第55页）。 4. 拍摄：完全轻按快门按钮完成拍摄，照片保存至相机内存。 • 若打印模式设为“AUTO”（自动打印模式），图像将立即打印 <PIC>； • 若设为“MANUAL”（手动打印模式），图像仅保存，可后续选择打印 <PIC>。 5. 注意事项：光线不足可能触发闪光灯（可于第56页关闭）；避免手指触碰镜头表面；内存满时无法拍摄（最多约50张），请及时删除或换卡。 提示：首次使用建议试拍并回放查看效果（按下回放按钮）<PIC>。 , [""Manual29_30"", ""Manual29_31"", ""Manual29_32""]"
241,"""If this is the first time to use airfryer, What should I do before first use?""","Before first use of the air fryer, please follow these steps: 1. Unplug the appliance and ensure it is cool. 2. Clean the heating element with a cleaning brush to remove any residues <PIC>. 3. Clean the inside of the appliance with hot water and a non-abrasive sponge <PIC>. 4. Ensure all parts—including the pan, basket, and interior—are clean and completely dry before use. Note: Do not use metal utensils or abrasive materials, as they may damage the non-stick coating. , [""air_fryer_10"", ""air_fryer_11""]"
242,"""How to find the approval label of emission control certificate of the boat?""","The approval label of the emission control certificate is attached to the electrical box and the exhaust side of the crankcase. <PIC> <PIC> , [""Manual20_4"", ""Manual20_5""]"
243,"""How do I use the battery conversion feature before sailing?""","The reference materials provided do not mention a 'battery conversion feature' for use before sailing. The documents describe battery removal, installation, storage, and charging procedures for a boat — but no functionality labeled or described as 'battery conversion'. If you are referring to battery switching (e.g., between primary and auxiliary batteries), battery state-of-charge verification, or a specific system like a battery combiner or isolator, that detail is not covered in the available knowledge. For accurate guidance, please consult your vessel’s specific operator manual or contact technical support with your model number."
244,"""How the ship steers?""","The watercraft steers by turning the handlebars in the direction you wish to travel <PIC>. This changes the angle of the jet thrust nozzle <PIC>, redirecting the water jet and altering the craft's direction. Steering requires throttle input—jet thrust strength, combined with handlebar position, determines turn sharpness: more throttle produces sharper turns, less throttle results in gradual turns, and releasing the throttle completely (except at trolling speed) causes rapid loss of steering control <PIC>. Always maintain throttle when maneuvering to avoid collisions or loss of control <PIC>. , [""Manual20_50"", ""Manual20_74"", ""Manual20_75"", ""Manual20_76""]"
245,"""What should I do if face over temperature warning on the boat?""","If the 'Over Temperature' warning appears on the multifunction display and the buzzer sounds, immediately reduce engine speed, return to shore or maneuver to a safe location, and check the engine oil level (see page 80 for procedure). If the oil level is low, add sufficient engine oil to reach the proper level. If the oil level is correct, also check for water discharge at the cooling water pilot outlets on the starboard side of the hull while the engines are running — no water flow indicates possible cooling system failure. If the issue persists, have a Boat Dealer inspect the engine. <PIC> , [""Manual09_95""]"
246,"""If I want to listen to music on my phone, how do I turn on the sound system?""","To listen to music on your phone using the sound system, ensure your earphones or external audio device are properly paired via Bluetooth. To control playback: press and hold the earbud to resume music app playback; tap to play next track; press the 'Up/Down' key to adjust volume. For sound profile settings, go to [Menu] > [Phone setup] > [Sounds] > [MySound], then select [Loudspeaker] and choose a preferred profile. <PIC> For Bluetooth pairing, turn Bluetooth OFF on your phone first—the earphones will enter pairing mode automatically; alternatively, press and hold either earbud to disconnect and re-enter pairing mode. <PIC> , [""Manual12_8"", ""Manual12_11""]"
247,"""How do I use the storage compartments if I want to store wet items while on board?""","The storage compartments are not designed to be waterproof, so they are not suitable for storing wet items directly. However, the lockable storage compartment includes a drain plug <PIC> that allows you to drain accumulated water. To manage wet items onboard, you may place them inside the lockable storage compartment and remove the drain plug to let water escape. Always ensure the compartment is securely closed before underway, and never open it while the boat is moving. For long-term protection of sensitive or wet items, use sealed, waterproof containers inside the compartments. , [""Manual09_201""]"
248,"""How to open the battery compartment when manipulating the boat?""","To open the battery compartment on the CB-5L boat: Slide the lever as shown by the arrow and open the cover. <PIC> , [""Manual10_18""]"
249,"""How to install an anchor light while the boat is moving?""","Installing an anchor light while the boat is moving is not recommended and is unsafe. According to the manual, the engine hood must not be opened while the anchor light is installed (Reference Doc 1), and several warnings emphasize that certain compartments — such as the lockable storage compartment — must not be opened while the boat is moving due to safety risks including obstructed vision or component damage (Reference Doc 7). No installation instructions for the anchor light are provided in the reference materials, and no guidance supports performing such installation underway. Anchor light installation should only be done when the boat is stationary, secured, and safely out of operation."
250,"""How do I use the jet wash function to clean the boat after using it?""","To use the jet wash function (engine flush) to clean the boat after use: (1) Connect the garden hose to a water tap using the garden hose adapter. (2) Ensure the area around the boat is clear, then start the engine. (3) Immediately after starting the engine, fully turn on the water supply so water flows continuously from the jet thrust nozzle and cooling water pilot outlet. ⚠️ Never turn on the water before starting the engine — this could cause water to backflow into the crankcase and severely damage the engine. (4) Run the engine at fast idle for 3–5 minutes. (5) After flushing, turn off the water supply, then drain residual water from the exhaust system by alternately moving the remote control lever to half-throttle and back to idle for 10–15 seconds. (6) Stop the engine, remove the garden hose adapter, and securely reinstall the flush hose connector cap. <PIC> , [""Manual09_259""]"
251,"""How do I turn on or off the water supply button on my boat?""","Your boat does not have a dedicated 'water supply button.' Instead, the water supply is controlled manually via an external garden hose connected to a water tap and the garden hose adapter on the boat. To activate water flow for engine flushing: (3) Connect the garden hose to a water tap. (4) Start the engine first, then immediately turn the water supply ON fully so water flows continually from the jet thrust nozzle and cooling water pilot outlet. ⚠️ Never turn on the water before starting the engine — this could cause severe engine damage. To shut off water: (6) Turn off the water supply first, then drain residual water from the exhaust system. ⚠️ Never leave the water ON when the engine is not running. <PIC> , [""Manual09_259""]"
252,"""How to remove the bimini top of the boat?""","To remove the bimini top from the boat: (1) First, store the bimini top in the fully collapsed position — follow the steps under 'Storing the bimini top in the fully collapsed position'. (2) Then, remove the main pole mounting pins that secure the bimini top to the main pole mounting brackets. <PIC> , [""Manual09_193""]"
253,"""How do I install a bimini top on my boat if I want to use the canopy?""","To install the bimini top on your boat: Simply reverse the removal steps — first ensure the bimini top is fully assembled and oriented correctly, then insert and securely fasten the main pole mounting pins into the main pole mounting brackets <PIC>. Confirm all pins are fully seated and locked to ensure stability when using the canopy. For visual guidance, refer to the installation diagram <PIC>. , [""Manual09_194"", ""Manual09_193""]"
254,"""How to store the bimini top in the upright position of the boat?""","To store the bimini top in the upright position: (1) Remove the lock pins, and then push the center poles down. <PIC> (2) Pull the bimini top toward the bow. <PIC> (3) Install the storage cover. <PIC> , [""Manual09_189"", ""Manual09_190"", ""Manual09_191""]"
255,"""When I am sailing, how do I check the engine oil level to ensure continued sailing?""","To check the engine oil level while sailing: (1) Moor the boat securely so it will not drift. (2) Stop the engine and ensure the boat is in a precisely level position — this may require returning to shore or maneuvering to a stable, flat area. (3) Wait for the engine to cool sufficiently so oil drains into the sump (do not check immediately after shutdown due to risk of burns from hot oil). (4) Open the engine hood. (5) Clean the area around the oil tank filler cap/dipstick to prevent debris or water from entering. (6) Loosen and remove the oil tank filler cap, then wipe the dipstick clean. (7) Reinsert the dipstick fully without screwing it in, then withdraw it to read the oil level — it must be between the minimum and maximum level marks <PIC>. (8) If low, add oil slowly; if overfilled, consult a Boat Dealer. (9) Securely reinstall the filler cap and close the engine hood. Note: Always check oil before each use or daily per maintenance schedule. , [""Manual09_197""]"
256,"""How can I use the bilge pump of the boat?""","To use the bilge pump on your boat: 1. Locate the bilge pump switch (refer to <PIC>). 2. Turn the switch ON — the bilge pump will operate and the indicator light will illuminate <PIC>. 3. Note that the bilge pump also operates automatically when excessive water is detected in the bilge, even if the switch is OFF or battery switches are off <PIC>. 4. Ensure all drain plugs are tightened before operation to prevent flooding <PIC>. 5. Do not run engines at full throttle while bilge water remains in the engine compartment, as splashing water may cause severe engine damage <PIC>. , [""Manual09_202"", ""Manual09_203"", ""Manual09_201"", ""Manual09_198"", ""Manual09_200""]"
257,"""How to perform anchor light switch check while sailing?""","To perform the anchor light switch check while sailing, locate the navigation and anchor lights toggle switch. Push the lower side of the switch to activate the anchor light alone (""ANC"" position) — this is used when anchored at night. Ensure the light illuminates properly. To deactivate, return the switch to the center (off) position. For night running, push the upper side (""NAV"") to turn on both bow and anchor lights together. Refer to pages 67–68 of the manual for further details. <PIC> <PIC> , [""Manual09_100"", ""Manual09_101""]"
258,"""When I want to start the boat, how do I turn on the boat's engine to get the machine started?""","To start the boat's engine: (1) Ensure the watercraft is in water at least 60 cm (2 ft) deep and clear of debris. (2) Attach the engine shut-off cord to your left wrist and insert the clip into the engine shut-off switch. (3) Grip the handlebars firmly with both hands, place both feet in the footwell, and ensure the throttle (oil/gas lever) is not fully squeezed — only slight or no throttle is needed for starting. (4) Press the start switch (green button) <PIC>. (5) Release the start switch immediately after the engine starts. Do not hold it longer than 5 seconds; if the engine does not start, wait 15 seconds before retrying. <PIC> , [""Manual20_48"", ""Manual34_112""]"
259,"""How do I turn a boat while sailing?""","To turn a boat while sailing (or operating a personal watercraft), steer by turning the handlebars in the direction you wish to travel. The jet thrust nozzle angle changes accordingly, altering the watercraft's direction. Since steering depends on jet thrust, you must maintain throttle input during turns—except at very low (trolling) speeds. For sharper turns at planing speed, consider using 'bow down' mode to increase bow immersion and improve turning response, but be aware it may increase sensitivity to waves and reduce fuel efficiency. Always assess wind, current, and surrounding traffic before maneuvering, and follow applicable navigation rules. <PIC> <PIC> , [""Manual20_50"", ""Manual20_74""]"
260,"""How to operate the boat cross wakes and swells?""","To operate the boat across wakes and swells safely: 1. Reduce speed before encountering wakes or swells to minimize impact. 2. Approach at an angle—ideally around 45°—rather than head-on; this 'cutting' technique helps absorb energy gradually and reduces jarring. 3. Be prepared for the watercraft to steer off course, especially at shallow angles (e.g., 10°), and make small, proactive steering corrections to maintain control. 4. Avoid consecutive crossings of multiple wakes or swells, as this increases instability and discomfort. 5. Note that bow-down trim may improve tracking but can increase sensitivity to wave direction—use cautiously in choppy conditions. <PIC> <PIC> <PIC> , [""Manual40_26"", ""Manual40_27"", ""Manual40_28""]"
261,"""How do I load the boat when the cruise is over?""","To load the boat after the cruise is over, follow standard boarding procedures: (1) Board the boat from the side, one person at a time, by stepping in carefully—never jump. Avoid stepping on wet or slick gelcoat surfaces, especially on the gunwales. (2) Once aboard, sit in one of the provided seats and place both feet on the deck. (3) If using a ladder, return it to the stowed position before seating. <PIC> , [""Manual09_247""]"
262,"""How to flush the cooling system of the boat?""","To flush the cooling system of the boat: (1) Connect the garden hose adapter to a garden hose. (2) Loosen and remove the flush hose connector cap, then insert and twist the garden hose adapter into the flush hose connector until securely connected <PIC>. (3) Connect the garden hose to a water tap. (4) Ensure the area around the boat is clear, then start the engine. Immediately after starting, fully turn on the water supply so water flows continuously from the jet thrust nozzle and cooling water pilot outlet. NOTICE: Never turn on the water before starting the engine — water could backflow through the muffler into the crankcase, causing severe engine damage. (5) Run the engine at fast idle for 3 to 5 minutes. (6) If the engine stops during flushing, turn off the water immediately and restart the procedure from step 4. (7) After flushing, turn off the water supply, then drain residual water from the exhaust system by alternately pushing the remote control lever to half-throttle and back to idle for 10–15 seconds <PIC>. (8) Stop the engine, remove the garden hose adapter, and reinstall and tighten the flush hose connector cap securely . , [""Manual09_257"", ""Manual09_259""]"
263,"""How to replace the fuse of the boat?""","To replace the fuse of the boat, follow these steps: (1) Turn off the main switch to prevent accidental short circuiting. <PIC> (2) Open the engine hood. (3) Unfasten the band and remove the fuse box from the air filter case. (4) Remove the fuse box cover by pushing both sides inward and pulling toward the bow. (5) For accessory or bilge pump fuses, remove the fuse holder first. (6) Use the fuse puller to remove the blown fuse and replace it with a spare fuse of the correct amperage (e.g., accessory fuse: 20 A; bilge pump fuse: 3 A). Never substitute with a fuse of improper rating — this can cause electrical damage or fire. (7) Reinstall the fuse holder (if removed), fuse box cover, fuse box, band, and engine hood. If the fuse blows again immediately, consult an authorized Boat Dealer. , [""Manual34_241""]"
264,"""How to check the engine oil level of the boat?""","To check the engine oil level of the boat: (1) With the engine stopped, place the boat in a precisely level position on land or launch the boat. (2) Start the engine and run it at idling speed for 6 minutes or more (add 5 more minutes if ambient temperature is 20°C/68°F or lower). (3) Stop the engine. (4) Open the engine hood. (5) Loosen and remove the oil tank filler cap/dipstick, then wipe the dipstick clean. (6) Reinsert the dipstick fully without screwing in the cap, then remove it again to check the oil level — it must be between the minimum and maximum level marks <PIC>. (7) If the level is below the minimum mark, slowly add recommended 4-stroke engine oil (e.g., YAMALUBE 4W, SAE 10W-30 or equivalent). If above the maximum mark, consult a Boat Dealer. (8) Securely reinstall the filler cap and close the engine hood <PIC>. , [""Manual09_196"", ""Manual09_197""]"
265,"""How to use the energy saving mode of a coffee machine?""","To use the energy saving mode of your coffee machine: 1. The machine automatically enters energy saving (power off) mode after 9 minutes of inactivity. 2. To manually turn the machine off before automatic power off, press both the Espresso and Lungo buttons simultaneously. 3. To exit energy saving mode and turn the machine back on, press either the Espresso or Lungo button. 4. To change the auto power-off delay setting: - With the machine turned off, press and hold the Espresso button for 3 seconds. - The Espresso button will blink to indicate the current setting. - Press the Espresso button once to set power off after 9 minutes, again for 30 minutes, or a third time to deactivate the auto power-off feature."
266,"""How to change the default setting of the energy saving mode?""","To change the default setting of the energy saving mode: 1. Ensure the machine is turned off. 2. Press and hold the Espresso button for 3 seconds. 3. The Espresso button will blink to indicate the current setting. 4. Press the Espresso button once to set power-off after 9 minutes, again for 30 minutes, or a third time to deactivate the energy saving mode. <PIC> <PIC> <PIC> , [""Manual07_3"", ""Manual07_4"", ""Manual07_5""]"
267,"""How to program the water valume of a coffee machine?""","To program the water volume of the coffee machine: 1. Turn the machine on and wait for it to be in ready mode (steady lights). 2. Fill the water tank with potable water and insert a capsule. 3. Place a cup under the coffee outlet. 4. Press and hold the Espresso or Lungo button. 5. Release the button once the desired volume is served. 6. The water volume level is now stored. <PIC> <PIC> <PIC> , [""Manual07_24"", ""Manual07_25"", ""Manual07_26""]"
268,"""How should I do if I want to empty the system before not in use, for frost protection or before maintenance?""","To empty the system before a period of non-use, for frost protection, or before repair: 1. Press both the Espresso and Lungo buttons to turn the machine off — this enters emptying mode. 2. Remove the water tank and open the lever. 3. Press and hold both the Espresso and Lungo buttons for 3 seconds — both LEDs will blink alternatively. <PIC> Note: The machine will be blocked for 10 minutes after emptying mode. <PIC> , [""Manual07_24"", ""Manual07_25""]"
269,"""How should I do if I want to reset to factory settings of the coffee machine?""","To reset your coffee machine to factory settings: 1. Ensure the machine is turned off, then press and hold the Lungo button for 5 seconds. 2. The LEDs will blink fast 3 times to confirm the reset has been completed. 3. The LEDs will then continue blinking normally as the machine heats up; steady lights indicate it is ready. <PIC> <PIC> <PIC> , [""Manual07_33"", ""Manual07_34"", ""Manual07_35""]"
270,"""How should I clean my coffee maker after I use it so that it can last longer?""","To clean your coffee maker after use and help it last longer: 1. Always unplug the machine before cleaning. 2. Never immerse the appliance or any part of it in water. 3. Do not use strong cleaning agents, solvent cleaners, sharp objects, brushes, or abrasive materials. 4. Do not place any part in a dishwasher. 5. Clean the coffee outlet regularly with a soft, damp cloth <PIC>. 6. The maintenance unit can be removed in separate pieces for easy cleaning <PIC>. 7. After each use, empty the drip tray and used capsule container. 8. Replace water in the tank if the machine won’t be used for a weekend or longer, and empty the tank entirely if storing for an extended period. , [""Manual07_47"", ""Manual07_48""]"
271,"""How to open the swim platform of the boat\uff1f""","To open the swim platform (rear platform hatch) of the boat: (1) Ensure the engines are off and the boat is secure. (2) Locate the rear platform hatch at the stern. (3) Open the rear platform hatch — refer to page 63 of the manual for detailed procedures. <PIC> Note: The hatch has interlocks that shut off the engines if opened during operation, and the engines will not restart unless the hatch is fully closed and latched. For related visuals, see Manual09_260. , [""Manual09_260""]"
272,"""How to open the livewell and add water on the boat?""","To open the livewell and add water: 1. Locate the livewell access port—typically covered by a cap on the boat’s deck or transom. 2. To open the cap: align the 'SET' mark with the slot, then push the handle while turning clockwise until the 'SET' mark aligns with the edge of the access port <PIC>. 3. Ensure the cap is perpendicular to the boat’s centerline and pull firmly to confirm it is securely locked . 4. Once open, fill the livewell with water using a garden hose or onboard intake system. 5. Activate the aerator switch (labeled 'MNL' or 'AUTO') to circulate water in the livewell . , [""Manual09_107""]"
273,"""What is the maintenance setting screen of the boat controller?""","The maintenance setting screen of the boat controller displays the number of hours that the engines have been running since the last maintenance. After maintenance is performed, you can reset the operation hours by tapping the ""Reset"" button, then confirming with ""YES"" when prompted. To return to the screen without resetting, tap ""NO"". <PIC> <PIC> <PIC> <PIC> , [""Manual09_76"", ""Manual09_77"", ""Manual09_78"", ""Manual09_79""]"
274,"""In the boat's steering position, what does the factory reset screen show?""","The factory reset screen in the boat's steering position displays a confirmation interface with a 'Reset' button. When the 'Reset' button is tapped, a confirmation message appears prompting the user to confirm the action; tapping the 'YES' button proceeds with resetting all settings to factory defaults. <PIC> <PIC> , [""Manual09_80"", ""Manual09_81""]"
275,"""What is the trip screen shown?""","The trip screen displays the hours of engine operation, fuel consumption, and other related information. It includes a menu (showing 4 items at a time), a scrollbar for navigation, and a 'Reset' button. To reset a specific item, touch and hold it for several seconds; to reset all items, tap the 'Reset' button. Note that some items cannot be reset. <PIC> <PIC> , [""Manual09_67"", ""Manual09_68""]"
276,"""When I am ready to sail, if everything is ready, how do I make the boat move forward?""","To make the boat move forward, grip the handlebars firmly with both hands, place both feet on the footwell floor, start the engine, and then gently apply throttle while looking in all directions to ensure a clear path. The watercraft moves forward when throttle is applied and steers by turning the handlebars in the desired direction — the jet thrust nozzle angle changes accordingly. Note: You need throttle to maintain steering control; releasing throttle completely at speed may result in loss of maneuverability. <PIC> , [""Manual20_50""]"
277,"""How do I check the boat's steering system when I'm driving it?""","When driving the boat, you can check the steering system by ensuring smooth and unrestricted operation as you turn the handlebars or steering wheel fully left and right. Confirm that the jet thrust nozzles respond correctly — pointing starboard (right) when turning right, and port (left) when turning left — with no delay or free play between input and nozzle movement. Also verify there is no excessive looseness: push/pull the handlebars up/down and back/forth, and rotate them slightly to detect abnormal play. Remember: steering requires throttle — you will lose steering control if the throttle is completely pulled back to idle. <PIC> <PIC> <PIC> , [""Manual09_205"", ""Manual09_206"", ""Manual34_108""]"
278,"""How should fire extinguishers be stored on board and where should they be placed?""","Fire extinguishers must always be carried on board and kept in the fire extinguisher container. The fire extinguisher container is located in the battery compartment <PIC>. After inserting the fire extinguisher, ensure the container cap is tightened securely <PIC>. Always refer to the manufacturer’s instructions for checking and maintaining the extinguisher. Note: A fire extinguisher is not standard equipment — if you do not have one, contact a Yamaha dealer or fire extinguisher dealer to obtain a USCG-approved B-1 classification unit (2 lb or more). , [""jetski_04"", ""jetski_05""]"
279,"""How to care the throttle-cable of the boat?""","To care for the throttle cable of the boat, grease the throttle-cable inner wires at the pulley wheel of the APS. Use water-resistant grease for best results. <PIC> , [""Manual09_263""]"
280,"""How do I charge the camera battery when I'm not using it?""","To charge the camera battery when not in use: 1. Remove the battery from the camera to prevent excessive discharge and preserve service life. 2. Attach the protective cover to prevent shorting. 3. Use the recommended AC adapter (e.g., ACK-E2) or a compatible USB power source (DC 5.0 V / 1000 mA) to charge the battery — either via the camera (with battery installed) or using a dedicated charger for Battery Pack BP-511A, BP-514, BP-511, or BP-512 only. 4. After the red charging lamp lights, continue charging for one additional hour to ensure a full charge <PIC>. 5. Store the fully charged battery in a cool, dry place — avoid extreme temperatures. Note: Do not recharge incompatible batteries or use damaged cords/plugs. , [""Manual10_15""]"
281,"""How to install the camera battery when another one is power off?""","To install the camera battery when the current one is powered off: 1. Turn the power switch to <OFF> to ensure the camera is fully off. 2. Slide the lever as shown by the arrow and open the battery compartment cover. <PIC> 3. Insert a fully charged battery, aligning the yellow line on the battery with the camera’s marking. <PIC> 4. Close the battery compartment cover tightly. <PIC> , [""Manual10_16"", ""Manual29_13"", ""Manual10_235""]"
282,"""How do I connect the camera using a household power socket?""","To connect the camera using a household power socket, you need the optional AC Adapter Kit ACK-E2. First, open the battery compartment cover and insert the DC Coupler into the camera until it locks in place, routing the cord through the notch. Then, connect the DC Coupler’s plug to the AC adapter’s socket, connect the power cord to the AC adapter, and insert the plug into a household power outlet (AC 100–240 V). Finally, place the cord neatly in the groove to secure it. <PIC> <PIC> <PIC> , [""Manual10_18"", ""Manual10_19"", ""Camera_12""]"
283,"""How do you mount the lens of a camera when preparing for photography?""","To mount the lens of a camera: 1. Remove the rear lens cap and the camera body cap by turning them as indicated. 2. Align the lens with the appropriate mount index — use the white EF-S lens mount index for EF-S lenses <PIC>, or the red EF lens mount index for non-EF-S lenses <PIC>. 3. Gently rotate the lens clockwise (as shown by the arrow) until it clicks securely into place. 4. Set the lens focus mode switch to <AF> for autofocus operation <PIC>. 5. Finally, remove the front lens cap. , [""Manual10_21"", ""Manual10_22"", ""Manual10_23""]"
284,"""How do you install the card into a camera before photography?""","To install the CF card into the camera before photography: 1. Open the CF card cover by sliding it as shown by the arrow <PIC>. 2. Insert the CF card with the label side facing you and the end with the small holes inserted first <PIC>. Ensure it is oriented correctly to avoid damage. 3. Close the cover and slide it in the direction shown by the arrow until it snaps shut <PIC>. Before shooting, confirm the CF card is installed — the camera will display 'shots remaining' on the LCD panel only when a compatible CF card is properly seated. , [""Manual10_24"", ""Manual10_26"", ""Manual10_28""]"
285,"""Have you ever wondered how to remove the camera shutter button? Understanding this process can enhance your photography experience and allow for quick repairs!""","The shutter button is not designed to be removed by the user. It is an integrated control component intended for operation—not disassembly. As described in the manual, the shutter button has two steps: pressing it halfway activates autofocus (AF) and automatic exposure (AE), while pressing it completely releases the shutter to take a picture <PIC>. Attempting to physically remove the shutter button may damage the camera mechanism or void the warranty. For repairs, please contact authorized service centers. Refer to page 28 and 30 of the manual for proper shutter button usage. , [""Manual10_30""]"
286,"""How do I replace the camera's date/time battery?""","To replace the date/time (back-up) battery: 1. Turn the power switch to <OFF>. 2. Open the battery compartment cover. 3. Remove the battery holder. 4. Replace the CR2016 lithium battery in the holder, ensuring correct +/− orientation. 5. Reinstall the battery holder and close the cover. Note: The date/time setting will be reset after replacement, so you must reconfigure it manually. <PIC><PIC><PIC><PIC> , [""Manual10_46"", ""Manual10_47"", ""Manual10_48"", ""Manual10_49""]"
287,"""How to set an off-center subject mode of a camera?""","To focus on an off-center subject, use Focus Lock in One-Shot AF mode: 1. Aim the center AF point at the subject and press the shutter button halfway to achieve focus. 2. While keeping the shutter button pressed halfway, recompose the frame so the subject is off-center. 3. Press the shutter button fully to take the picture. <PIC> , [""Manual10_106""]"
288,"""Before taking photos, we need to know How to use the eyepiece cover of the camera?""","To use the eyepiece cover: During self-timer or remote switch operation — when your eye does not cover the viewfinder eyepiece — stray light may enter and affect exposure. In such cases, attach the eyepiece cover by sliding it down into the eyepiece groove <PIC>. The eyepiece cover is also attached to the camera strap (p.89) <PIC>. , [""Manual10_154"", ""Manual10_9""]"
289,"""How do I select the AF Mode when before taking a picture?""","To select the AF mode before taking a picture: 1. Set the Mode Dial to a Creative Zone mode (P, Tv, Av, M, or A-DEP). 2. Press the <AF-WB> button. 3. While looking at the LCD panel, turn the < > dial to choose among: ONESHOT (One-Shot AF), AIFOCUS (AI Focus AF), or AISERVO (AI Servo AF) <PIC><PIC>. Note: AF mode selection is automatic in Basic Zone modes. , [""Camera_30"", ""Camera_31""]"
290,"""How to set the camera model to \""P\"" model?""","To set the camera to ""P"" (Program AE) mode, rotate the Mode Dial to <P>. In this mode, the camera automatically sets both shutter speed and aperture for proper exposure based on subject brightness. After setting the dial, focus on your subject by aiming an AF point over it and pressing the shutter button halfway. The selected shutter speed and aperture will be displayed in the viewfinder and on the LCD panel. <PIC> <PIC> <PIC> <PIC> , [""Manual10_115"", ""Manual10_116"", ""Manual10_117"", ""Manual10_118""]"
291,"""After or during shooting, how can I view the camera image on TV for better clarity?""","To view captured images on a TV for better clarity: 1. Turn off both the camera and TV before connecting. 2. Open the camera's terminal cover and connect the provided video cable from the camera's VIDEO OUT terminal to the TV's VIDEO IN terminal—ensure plugs are fully inserted <PIC>. 3. Turn on the TV and select the correct video input (e.g., 'Video IN'). 4. Set the camera’s video system format (NTSC or PAL) to match your TV (see [Video system] in menu) <PIC>. 5. Press the <> button—the image will appear on the TV screen (LCD monitor will not display anything) <PIC>. Note: If no image appears, verify cable insertion and video format settings <PIC>. , [""Camera_55"", ""Manual10_182"", ""Manual10_183"", ""Manual10_235""]"
292,"""How can I delete a single image from my camera if I don't like the photo?""","To delete a single image from your camera: 1. Display the image you want to erase (in single-image or image info display mode). ● Press the <PIC> button. 2. Display the erase menu — the Erase menu will appear at the bottom of the screen. ● Press the <PIC> button. 3. Turn the dial to select [Erase], then press <PIC>. The access lamp will blink and the image will be erased. <PIC> , [""Camera_57"", ""Manual10_184"", ""Manual10_185"", ""Manual10_186""]"
293,"""How can I erase all images from my camera if I don't like these.""","To erase all images from your camera: 1. Press the <·> button to display an image. 2. Press the button to bring up the Erase menu at the bottom of the screen. 3. Turn the dial to select [All], then press . 4. A confirmation dialog will appear — turn the dial to select [OK], then press . All unprotected images will be erased. Note: Protected images will not be erased unless you first cancel their protection. For complete removal including protected images, format the CF card (this erases everything on the card). <PIC> <PIC> <PIC> , [""Manual10_184"", ""Manual10_185"", ""Manual10_186""]"
294,"""How do I print photos using the camera's CP direct method after taking them?""","To print photos using the camera's CP Direct method after taking them: 1. Ensure your printer supports CP Direct and is powered on. 2. Connect the camera to the printer using the dedicated interface cable (refer to 'Printers and Cables' for correct connection orientation <PIC>). 3. On the camera, set [Communication] to [PTP] via the menu: Select [Communication], then choose [PTP] and press <SET> <PIC>. 4. Turn the camera’s power switch to ON. 5. On the LCD monitor, navigate to the image you want to print — ensure the printer-connected icon is displayed <PIC>. 6. Select the image, press <SET>, then go to the print setting screen. 7. Set printing options such as [Style] and [Paper settings] (p.123/126), and confirm with [OK] <PIC>. 8. Press <SET> to start printing. To stop, press <SET> when [Stop] is shown, then select [OK] . Note: RAW images are not compatible; ensure images are JPEG format. Also, keep the battery fully charged during printing . , [""Manual10_190"", ""Manual10_188"", ""Manual10_212"", ""Manual10_194""]"
295,"""How do you set up the camera to fine tune the model when using it?""","To fine-tune the camera model setup, refer to the Camera Installation Guide: aim the lens and use the Dashboard to fine-tune the picture. The camera sensor and lens unit can be physically tilted up to 65 degrees, rotated up to 350 degrees, and panned up to 350 degrees. Note that image rotation in software is limited to 180 degrees only — no other software-based geometric adjustments are available. Zoom and focus are adjustable remotely (via Dashboard), not manually on the camera. After physical alignment, replace the lens guard and bubble (turn clockwise to lock), and remove the protective plastic sticker. Finally, verify LED function and use the Dashboard to adjust focus and configure other settings. <PIC> <PIC> <PIC> , [""Manual33_6"", ""Manual33_7"", ""Manual33_8""]"
296,"""After the earphones is in my hand, what are the components I should have?""","When you have the earphones in hand, you should have the following components: the left and right earbuds, the charging case, and the included charging cable. The earbuds feature LED indicators that show pairing status when removed from the case <PIC>. For full setup, ensure Bluetooth is enabled on your device and select 'earphones' from the available Bluetooth devices list <PIC>. , [""Manual12_6"", ""Manual12_7""]"
297,"""If the case battery of earphones is low, how can I charge is?""","To charge the earphones' charging case: 1. Insert the USB-C cable into the charging port located at the back of the charging case. 2. Connect the other end of the cable to a suitable USB power source (e.g., USB wall adapter or computer USB port). 3. The Battery Level LED Indicators on the case will light up to show the current charge level. You can also check the case battery level at any time by pressing the button on the right-hand side of the case. <PIC> <PIC> , [""Manual12_0"", ""Manual12_1""]"
298,"""When bluetooth are pairing and connecting, what scenarios I might encounter?""","During Bluetooth pairing and connecting, you may encounter the following scenarios: 1. Automatic reconnection to a previously paired nearby device (if Bluetooth is ON and the device is in range). 2. Need to manually enter pairing mode — this can be done by turning Bluetooth OFF on your current device, or by pressing and holding either earbud while removed from the case. 3. Using multipoint connection: earbuds can pair with up to two devices (e.g., smartphone and computer), but require temporarily disabling Bluetooth on the first device to pair the second <PIC>. 4. Pairing status indicated by earbud LEDs when removed from the case <PIC>. 5. Failure to pair if phone Bluetooth is OFF or if the earbuds are not in pairing mode — ensure Bluetooth is enabled on your phone and select 'earphones' from the available devices list. , [""Manual12_6"", ""Manual12_7""]"
299,"""What are the two main controling functions of earphones?""","The two main controlling functions of the earphones are: (1) Controlling Music — including play, pause, skip track, and volume adjustment; and (2) Controlling Calls — including answering, rejecting, and ending calls. These functions can be performed via touch controls on the earbuds or through voice commands (e.g., 'Hey assistant, Play' or 'Accept') when voice control is enabled in the earphones App <PIC>. , [""Manual12_13""]"
300,"""Besides the two main controling functions, what other functions of the earphones can I operate?""","Besides the two main controlling functions (music and calls), you can also operate the following functions on your earphones: 1. Activate phone Voice Assistant or music app by pressing and holding until the first beep; 2. Toggle Ambient Awareness and ANC Modes by pressing the left earbud (cycles through modes); 3. Enable/Disable Low Latency Mode (optimized for lipsync and gaming) by pressing and holding until the second beep; 4. Use voice commands (e.g., 'Play', 'Pause', 'Volume Up', 'Ambient ON', 'Noise Canceling OFF', 'Accept', 'Reject') after enabling 'Hey assistant' in the earphones App <PIC>; 5. Connect to two devices simultaneously via Multipoint Bluetooth Connection <PIC>; 6. Perform factory reset (6-sec press) or hardware reset (10-sec press) when needed <PIC>. , [""Manual12_13"", ""Manual12_8"", ""Manual12_11""]"
301,"""If my earphones won't work, how can I reset them?""","If your earphones won't work, you can perform a reset as follows: • Ensure the earbuds are disconnected from Bluetooth and removed from the charging case. • To perform a **factory reset**, press and hold either earbud for 6 seconds — this erases all settings. • To perform a **hardware reset** (restarts the earphones), press and hold for 10 seconds, then press again to power on. Hardware resets are recommended only if the earbuds are unresponsive or locked up. <PIC> <PIC> , [""Manual12_11"", ""Manual12_12""]"
302,"""What are the maintenance and care policies of the earphones?""","The maintenance and care policies for the earphones are as follows: - Clean your earphones regularly using only a soft, dry cloth or paper towel. Never use harsh chemicals, detergents, alcohol, ammonia, benzene, or abrasive cleaners. - Ensure earphones are completely dry before charging. - Store them in a cool, dry place when not in use. - Avoid exposing earphones to high temperatures (above 100°F), extreme cold, direct sunlight, or moisture. - Do not drop, crush, or subject them to excessive physical force. - When connecting or disconnecting charging cables, handle them carefully—never tug or yank the cable while connected to the charging case. - Do not attempt self-repair; contact a qualified service center if service is needed. - Dispose of or recycle earphones responsibly in accordance with local municipal regulations."
303,"""From three different observing views, what buttons and interfaces should this eReader have?""","Based on the provided documentation, the eReader’s physical buttons and interfaces—organized by observing view—are as follows: • FRONT VIEW: [1] Home/ESC button (for canceling, exiting, or returning); [2] Prev/Next Page buttons; [3] Navigation/Menu button (4-way directional + menu/confirm function); [4] Zoom in/out button (for JPEG zoom and eBook font size adjustment); [5] Rotate button (for screen orientation switching); [6] 3.5 mm earphone jack; [14] Speaker (0.5W); [15] 7” TFT LCD display screen. • BOTTOM VIEW: No physical buttons are described; this view relates to maintenance, battery (rechargeable 2000 mAh Li-Polymer), USB synchronization cable port, brightness control (5 levels), color setting (5 options), bookmark management, flip time selection (5 intervals), and firmware/software features—not hardware controls. • MAIN MENU INTERFACE (software interface, accessible via navigation): Includes 'Browser History', 'eBook', 'Music', 'Video', 'Photo', 'Record', 'Explorer', and 'Settings' — all navigable using the front-view buttons. No rear-view or side-view buttons/interfaces are specified in the reference knowledge."
304,"""What do the functions of Main Menu and Browser History of the eReader can do?""","The 'Main Menu' serves as the central interface of the eReader, displaying all available functions including 'Browser History', 'eBook', 'Music', 'Video', 'Photo', 'Record', 'Explorer', and 'Settings'. From here, you can select any desired function to access it. <PIC> The 'Browser History' displays a list of files recently browsed. Use the navigation keys to select a book, then press the 'M' button to resume reading from the last page you viewed in that book. Note: If recently browsed files are deleted (e.g., from a Micro SD card), their entries remain in the Browser History list—but they cannot be opened. <PIC> , [""Manual13_3"", ""Manual13_4""]"
305,"""When in eBook mode of this eReader, what will happen after pressing \""M\"" botton?""","When in eBook mode, pressing the ""M"" button opens a menu with multiple options including: ""Page Jump"", ""Save Mark"", ""Load Mark"", ""Del Mark"", ""Browser Mode"", ""Flip Time"", ""Brightness"", and ""Set color""."
306,"""If I want to listen to music using this eReader, what should I do?""","To listen to music on your eReader, follow these steps: 1. Transfer audio files (MP3, WMA, WAC, AAC, or ECT format) to the device by connecting it to your computer via USB cable and dragging the files into the device storage. 2. From the main menu, open the audio files list, select your desired audio file, and press ""M"" to enter Music Mode and start playback. 3. Use the Play/Pause button [9] to control playback, the Volume +/− buttons [11]/[12] to adjust volume, and the navigation keys to skip tracks or adjust playback modes (e.g., Repeat Mode, EQ settings). You can also listen to music while reading an e-book or browsing photos. <PIC> , [""Manual13_7""]"
307,"""Can this eReader record voice? If so, how do I operate this feature?""","Yes, this eReader supports voice recording. To operate the feature: 1. Select 'Record' in the main menu, then press the 'M' button to enter voice record mode. 2. Press the 'Play/Pause' button to start recording. 3. Press 'Play/Pause' again to pause, or press the 'HOME' button to stop recording. 4. After recording, you’ll be prompted to save — press 'M' to select 'YES' or 'NO'. <PIC> <PIC> , [""Manual13_11"", ""Manual13_12""]"
308,"""I can't find the way to play video using this eReader, can you tell me how to do that?""","To play video on your eReader, follow these steps: 1. Go to the 'Video' menu from the main interface. 2. Press the 'M' key to enter Video mode. 3. Select a supported video file (formats include AVI, RMVB, MPEG2, MOV, MP4). <PIC> Note: Ensure the video file is stored in the device’s internal memory or a properly inserted microSD card (up to 16GB). , [""Manual13_9""]"
309,"""Can this eReader become a photo viewer? If so, how do I operate this feature?""","Yes, this eReader can function as a photo viewer. It supports JPG, GIF, and PNG image formats. To view photos: insert a microSD card (up to 16GB) containing your images, power on the device, and navigate to the photo viewer from the main menu. Once viewing a photo: press the 'Play/Pause' key to rotate it counter-clockwise <PIC>, and use the designated zoom keys to zoom in or out <PIC>. Note that larger files may take longer to load or rotate. , [""Manual13_10"", ""Manual13_1""]"
310,"""When using this eReader, what kinds of trobles might I encounter and how to solve them?""","When using this eReader, you may encounter the following common issues and solutions based on the official guidance: 1. **Device won’t power on**: - Charge the device until the power indicator bar is full <PIC>. - If still unresponsive, the device may be defective — contact the manufacturer for assistance. 2. **Device not charging**: - Check if the AC adapter is defective (contact manufacturer for replacement). - A defective USB cable may also cause this — contact manufacturer for replacement <PIC>. 3. **No sound or noise with earphones**: - Adjust volume to ensure it’s not set to 0. - Try a different pair of earphones. - Ensure music files are high-quality; low-bitrate files may cause distortion. 4. **Cannot download files to the reader**: - Verify the USB cable is functional. - Check if the internal memory is full. - For Windows 98 users: a USB 2.0 driver may be required (download from the manufacturer’s website). 5. **Cannot play music files**: - This eReader supports most popular audio formats (MP3, WMA, WAV), so playback failure is likely due to file corruption or unsupported encoding — try re-downloading or converting the file. 6. **Physical damage or environmental issues**: - Avoid drops, impacts, bending, moisture, extreme temperatures (use only between 32–120°F / 0–50°C), dust, or excessive pressure on the screen . - Always store in the provided leather case and clean only with a soft, dry cloth. 7. **Firmware or software issues**: - Firmware updates (if available) and the full user manual can be downloaded from the manufacturer’s website. ⚠️ Important: Do NOT attempt self-repair, disassembly, or battery replacement — contact the manufacturer for all hardware-related concerns. , [""Manual13_1"", ""Manual13_3""]"
311,"""When connecting the fax, hwo can I properly finish the procedure?""","To properly finish the fax connection procedure, please refer to the Quick Setup Guide for correct installation steps. Ensure all cables are designated and properly connected, avoid using extension cords, and verify that the power plug is fully inserted into a grounded AC outlet. For detailed step-by-step instructions—including telephone line connection, power-up sequence, and initial setup—consult the official Online User's Guide or the Quick Setup Guide provided with your fax model. <PIC> , [""Manual10_188""]"
312,"""What should I pay attention to in order to ensure my safety when using this fax?""","To ensure your safety when using this fax, please pay attention to the following key points: 1. Read the Product Safety Guide before operation or maintenance, and follow all warnings and instructions marked on the product <PIC>. 2. Place the fax near a stable surface, a telephone wall jack (for fax models), and a standard AC power outlet — avoid unstable carts or tables, especially where children are present <PIC>. 3. Keep liquids and metal objects away from the product and its power plug; if liquid is spilled or the product gets wet, immediately unplug it and contact authorized service personnel <PIC>. 4. Do not use damaged or frayed power cords, extension cords, or unauthorized cables — doing so may cause electrical shock or fire <PIC>. 5. Never attempt to open or service the product yourself; only authorized service personnel should perform repairs . 6. Unplug the unit immediately if it becomes unusually hot, emits smoke or strong odors, or if it has been dropped or physically damaged . 7. Avoid using the fax during thunderstorms due to potential lightning-related electrical hazards . , [""fax_01"", ""Manual15_2"", ""Manual15_4"", ""Manual15_6""]"
313,"""In order to keep your fingers safe, what should you pay attention to about the fax?""","To keep your fingers safe when using the fax, be careful not to put your fingers in the areas shown in the illustrations <PIC><PIC><PIC>. In particular, when changing the tray size from the large paper size to the original size, avoid pinching your fingers in the gaps or slots in the bottom of the tray. , [""Manual15_7"", ""Manual15_8"", ""Manual15_9""]"
314,"""I'm about to move this fax. Is there anything I should pay attention to?""","When moving your fax machine, please pay attention to the following safety precautions: 1. Unplug the unit from the AC power outlet before moving it. 2. Avoid placing it on an unstable surface—ensure the new location has a stable, level surface and is near both a telephone wall jack (for fax models) and a grounded AC power outlet. 3. Keep the power cord away from foot traffic and avoid stretching or straining it; never pull on the cord itself—always grip the plug when disconnecting. 4. Do not use extension cords or unauthorized cables. 5. If the unit was dropped or shows physical damage, do not operate it—contact an Authorized Service Personnel immediately. 6. Keep plastic packaging materials away from children to prevent suffocation risk. For full guidance, refer to the Product Safety Guide <PIC>. , [""fax_01""]"
315,"""Are caution or warning labels inside the fax important? If not, can I remove them?""","Yes, caution or warning labels inside the fax are important for safety and proper operation. According to the safety instructions: 'DO NOT remove or damage any of the caution or warning labels inside the product.' <PIC> Removing them may compromise safety awareness, void your warranty, or increase the risk of injury or equipment damage. , [""Manual15_14""]"
316,"""If I'm in Canada, is there any statement of the fax vailable in my country?""","Yes, the Statement of Limited Product Warranty is available and applicable in Canada. As stated in the warranty documentation: 'The limited warranty [...] applies only to the appliance sold to you, the first using purchaser, provided that the Product was purchased [...] Within the United States or Canada, and has at all times remained within the country of original purchase.' This confirms that the warranty — including its terms and coverage — is valid for products purchased and used in Canada."
317,"""When using the grill, how to connect regulator to the LP Tank?""","To connect the regulator to the LP tank: 5. Hold the regulator and insert the nipple into the LP tank valve. Hand-tighten the coupling nut, holding the regulator in a straight line with the LP tank valve to avoid cross-threading. The nipple must be centered into the LP tank valve. 6. Turn the coupling nut clockwise and tighten to a full stop. The regulator will seal on the back-check feature in the LP tank valve, resulting in some resistance. An additional one-half to three-quarters turn is required to complete the connection. Tighten by hand only—do not use tools. NOTE: If you cannot complete the connection, disconnect the regulator and repeat steps 5 and 6. If you are still unable to complete the connection, do not use this regulator! <PIC> , [""drill0_04""]"
318,"""To engure my safety when using the grill, how to do leak testing on valves, hose and regulatol?""","To ensure your safety, perform a leak test on valves, hose, and regulator as follows: 1. Turn all grill control knobs to OFF. 2. Close the LP tank valve. 3. Mix a 50/50 solution of mild soap and water. 4. Use a clean paintbrush to apply the soapy solution to all connections — including valve outlet, hose fittings, and regulator connections — as indicated in the manual illustrations <PIC>. 5. Slowly open the LP tank valve. 6. If 'growing' bubbles appear, there is a leak: immediately close the LP tank valve, retighten the connection, and retest. If leaks persist, do not attempt repair — contact Sears for replacement parts at 1-800-4-MY-HOME®. 7. Always perform the leak test outdoors in a well-ventilated area, away from ignition sources, and never use an open flame or household cleaning agents. 8. After testing, always close the LP tank valve by turning the hand wheel clockwise to a full stop. <PIC> , [""Manual19_6"", ""Manual19_74""]"
319,"""What should I pay attention to on ablout indirect cooking using the grill?""","The provided reference materials do not contain specific guidance or safety instructions regarding indirect cooking on the grill. For best practices on indirect cooking — such as configuring burners, using drip pans, managing lid usage, or maintaining consistent low-to-medium temperatures — please consult the official Use and Care Guide included with your grill or visit the manufacturer’s support website. If you need further assistance, contact customer support at 1-800-241-7548."
320,"""What are the first three steps in assembly process of the grill according to the manual?""","The first three steps in the assembly process of the grill are not explicitly listed in the provided manual excerpts. However, based on the referenced assembly-related instructions, the earliest identifiable assembly actions mentioned are: 1. Ensure all required tools are available (adjustable wrench, screwdriver, 7/16"" combination wrench); 2. Assemble the cart or base structure (implied by references to 'installer/assembly' and 'LP tank position specified in assembly instructions'); 3. Install and correctly position the LP tank per assembly instructions. Note: Detailed step-by-step assembly instructions (e.g., attaching legs, mounting burners, securing panels) are not included in the provided reference documents. For complete guidance, please refer to the full Assembly section of your grill’s manual or contact the Grill Service Center at 1-800-241-7548."
321,"""Can you share me some safety tips using the grill?""","Here are key safety tips for using your gas grill: · Use the grill **outdoors only**, in a well-ventilated area — **NEVER** in enclosed spaces like garages, porches, covered patios, or under overhead structures. <PIC> · Maintain **at least 3 ft. clearance from walls or surfaces**, and **10 ft. clearance from flammable objects or ignition sources** (e.g., water heater pilot lights, electrical appliances). <PIC> · **Never use charcoal or ceramic briquets** in a gas grill unless specifically supplied with your model. · Before opening the LP tank valve, **check coupling nut tightness**, and always **perform a leak test** before first use or after moving connections. · **Do not leave the grill unattended** while preheating or burning off residue — grease buildup can cause fires. Clean regularly per the General Grill Cleaning instructions. · If a grease fire occurs: **turn off all control knobs and the LP tank valve immediately** — do **not use water**, and do **not rely on closing the lid** (grills are ventilated for safety). · Keep children away from the grill, and never move it while operating or still hot. Use long-handled tools and oven mitts to prevent burns. · Always close the LP tank valve when the grill is not in use. , [""Manual19_6"", ""Manual19_0""]"
322,"""What are identification numbers of my jetski? I don't understand that.""","Your jetski's identification numbers include: A. Frame Number (a nine-digit number stamped on the frame — see <PIC>), B. Engine Number (also called Primary I.D. — stamped on the engine — see <PIC>), and C. Key Number (see <PIC>). These numbers are essential for ordering spare parts or reporting theft. Record them in the spaces provided in your Owner’s Manual and keep a separate copy in a safe place. , [""Manual34_0"", ""Manual34_1"", ""Manual34_2""]"
323,"""I've heard that my jetski has cruising limitations. Please introduce them.""","Your jetski has several important cruising limitations for safety and compliance: • **Water depth**: Never operate in water less than 60 cm (2 ft) deep to avoid hitting submerged objects. • **Maneuvering**: Avoid sharp turns, jumping wakes or waves — these increase risk of spinal injury, facial trauma, or broken bones. • **Visibility & conditions**: Do not operate in rough water, bad weather, or poor visibility; always check forecasts before departure. • **Speed & awareness**: Scan constantly for people, objects, and other watercraft; operate defensively at safe speeds and maintain safe distances. Do not follow closely behind others or spray bystanders. • **Lighting & time**: This watercraft lacks required lighting for night operation — do not use after sunset or before dawn. • **Operator requirements**: Minimum recommended age is 16; minors must be supervised by adults, and a boating safety course is recommended (and may be required by your state). • **Legal compliance**: As a legally recognized powerboat, your jetski must be operated in accordance with local, state, and international Rules of the Road. <PIC> <PIC> <PIC> , [""Manual20_16"", ""Manual20_18"", ""Manual20_17""]"
324,"""I've heard that my jetski has cruising limitations. Please introduce them.""","Your jetski has several important cruising limitations for safety and compliance: • **Water depth**: Never operate in water less than 60 cm (2 ft) deep to avoid hitting submerged objects. • **Maneuvering**: Avoid sharp turns, jumping wakes or waves — these increase risk of spinal injury, facial trauma, or broken bones. • **Visibility & conditions**: Do not operate in rough water, bad weather, or poor visibility; always check forecasts before departure. • **Speed & distance**: Operate defensively at safe speeds, maintain safe distances from people, objects, and other watercraft, and never follow directly behind another vessel. • **Night operation**: This watercraft lacks required lighting — do not operate after sunset or before dawn. • **Operator requirements**: Minimum recommended age is 16; minors must be supervised by adults, and a boating safety course is recommended (and may be legally required in your state). • **Legal compliance**: As a powerboat, your jetski must comply with local, national, and International Rules of the Road. For full details, refer to your Owner’s/Operator’s Manual <PIC>. Always ride within your ability and prioritize safety. , [""Manual20_16""]"
325,"""What are the operation requirements if I want to use my jetski?""","To safely operate your jetski, the following requirements must be met: 1. **Operator Eligibility**: Operators must be at least 16 years old; minors require adult supervision, and state-specific boating safety course requirements may apply. 2. **Mandatory Reading & Training**: All operators must read the Owner’s/Operator’s Manual, Riding Practice Guide, Riding Instruction card, and all warning/caution labels — and watch the Basic Orientation Video <PIC>. 3. **Safety Gear**: All riders must wear a U.S. Coast Guard–approved personal flotation device (PFD) suitable for personal watercraft use, plus protective clothing (e.g., wetsuit bottom or thick, snug-fitting denim) to prevent injury from forced water entry — spandex or similar fabrics are not acceptable <PIC>. 4. **Legal Compliance**: As a legally defined powerboat, your jetski must be operated in accordance with applicable waterway rules (e.g., International Rules of the Road), enforced by the U.S. Coast Guard and local authorities <PIC>. 5. **Required Onboard Equipment**: Carry a sound-signaling device (e.g., whistle), visual distress signals (e.g., USCG-approved pyrotechnics), a watch, and a towline. , [""Manual20_12"", ""Manual20_19"", ""Manual20_26""]"
326,"""What kinds of watercraft characteristics does my jetski have?""","Your jetski uses jet thrust for propulsion, meaning it draws in water through an intake grate and expels it at high speed to generate forward motion <PIC>. Releasing the throttle completely produces only minimum thrust; steering ability decreases rapidly at speeds above trolling without throttle input. It is designed for one operator and one passenger, with a maximum load capacity of 160 kg (353 lb), including cargo, operator, and passenger. For safe operation, always wear a USCG-approved personal flotation device (PFD) and protective clothing—such as a wetsuit bottom or snug-fitting, sturdy apparel—to guard against forceful water entry. Additionally, your jetski is legally classified as a powerboat and must be operated in compliance with local and international 'Rules of the Road' for waterways. , [""Manual20_24""]"
327,"""When encountering vessels driving my jetski, what rules should I obey?""","When encountering other vessels while operating your jetski, you must follow the 'Rules of the Road'—as jetskis are legally considered powerboats. Key rules include: 1. **Meeting head-on**: Neither vessel has right-of-way; both must alter course to pass port-to-port (keep the other vessel on your left side) <PIC>. 2. **Crossing situations**: The vessel approaching from your right (starboard) has right-of-way; you are the give-way vessel <PIC>. 3. **Overtaking**: You are the give-way vessel when passing another vessel—maintain safe distance and clear the vessel before resuming course <PIC>. 4. **Narrow channels/bends**: Keep to the right when safe and practical <PIC>. 5. **General prudential rule**: If collision appears unavoidable, *both* vessels must take action to avoid it—even if normally one would be the stand-on vessel . Always maintain a safe distance, use a sound-signaling device (e.g., whistle), check behind before turning, and consult local U.S. Coast Guard or DMV resources for full regulations. , [""Manual20_26"", ""Manual20_27"", ""Manual20_29"", ""Manual20_22""]"
328,"""I'd like to remove and install the seat of my jetski, what steps should I follow?""","To remove the seat: Pull the seat latch <PIC> up, and then pull the seat off. To install the seat: Insert the projection on the front of the seat into the stay on the deck, and then push the rear of the seat down to lock it in place securely. NOTE: Make sure that the seat is properly secured before operating the watercraft. , [""Manual20_34""]"
329,"""In daily usage, how to open and close the hood of the jetski?""","To open the hood of the jetski: Push the hood latch <PIC> down, and then lift the hood up. To close the hood: Push the hood down until it latches securely in place. Always ensure the hood is fully secured before operating the watercraft. , [""Manual20_36""]"
330,"""I've noticed that there are two different kinds of filler caps on the jetski. How to remove them?""","There are two main types of filler caps on the jetski: the fuel tank filler cap and the oil tank filler cap. To remove the **fuel tank filler cap**, turn it counterclockwise <PIC>. To remove the **oil tank filler cap**, also turn it counterclockwise <PIC>. Always ensure both caps are securely reinstalled before operating the watercraft. , [""Manual20_40"", ""Manual20_41""]"
331,"""If I need to manipulate the two kinds of engine switches on the jetski, what should I do?""","To manipulate the two kinds of engine switches on the jetski, you must first ensure safety: shut off the engine and remove both main switch keys, and remove the clip from the engine shut-off switch before performing any operation or maintenance. This is required to prevent accidental startup and avoid severe injury. Refer to the safety-interlock system — the engine will not start unless interlocks (e.g., parking brake engaged, blade-control switch disengaged, motion-control levers in NEUTRAL-LOCK) are satisfied. For precise switch operation, consult your jetski dealer or the Owner’s/Operator’s Manual, as specific switch types and procedures may vary by model. <PIC> , [""Manual09_207""]"
332,"""There are two kinds of levers on the jetski, how to manipulate them?""","There are two main types of levers on the jetski: the motion-control levers and the throttle lever. The motion-control levers (Figure 4) are used to drive forward, reverse, and turn either direction. To stop or exit safely, move both levers outward to the NEUTRAL-LOCK position (Figure 26). The throttle lever (①) is squeezed to increase engine speed and released to decrease speed or return to idle <PIC>. For cold starts, the choke lever may also be used — move it in direction ② to turn choke on, and in direction ③ to turn it off <PIC>. Always ensure smooth operation across the full range before use. , [""Manual20_47"", ""Manual20_46""]"
333,"""What information should I obtain about Quick Shift Trim System (QSTS) selector when using my jetski""","When using the Quick Shift Trim System (QSTS) selector on your jetski, you should obtain and understand the following key information: 1. **Location**: The QSTS selector is located at the left handlebar grip <PIC>. 2. **Function**: It adjusts the trim angle by changing the vertical angle of the jet thrust nozzle. 3. **Positions**: There are 5 trim positions — two bow-down (∘∗ and ⊖), one neutral (↰), and two bow-up (© and ⊙). The neutral 'N' position is recommended for most operating conditions <PIC>. 4. **Operation procedure**: To change trim, first reduce engine speed to 3,000 r/min or less; then squeeze the shift lock lever (⊙), turn the QSTS selector to the desired position; finally, release the lever to lock it in place . 5. **Critical caution**: Never turn the QSTS selector while operating at full throttle — doing so may cause damage to the system. , [""Manual20_33"", ""Manual20_52""]"
334,"""What do fuel meter and hour meter on my jetski do?""","The fuel meter shows the amount of fuel remaining in the tank using eight segments; its indication may vary slightly depending on operating conditions. <PIC> The hour meter records the total hours of engine operation since the watercraft was new, helping you track maintenance intervals. Importantly, the elapsed time is retained even if the battery is disconnected. <PIC> , [""Manual20_58"", ""Manual20_59""]"
344,"""Inspecting fuel filter and fuel tank of my jetski is important. How to do that?""","Inspecting the fuel filter and fuel tank of your Yamaha watercraft is important for safety and performance. According to the official documentation: • **Fuel filter location**: It is located near the engine on the left front of the engine <PIC>, and is a one-piece, disposable unit <PIC>. • **Fuel filter inspection & replacement**: The fuel filter should be replaced after the initial 10 hours or first month of operation, and every 200 hours or 24 months thereafter — or sooner if water is found in the filter. Do *not* attempt to clean or reinstall a dirty or damaged filter. **WARNING**: Do not replace the fuel filter yourself — an incorrectly installed filter can leak gasoline, leading to fire or explosion. Have a Yamaha dealer perform this service <PIC>. • **Fuel tank inspection**: Check the fuel tank <PIC> for leakage or presence of water. If water is found in the fuel system or if the tank requires cleaning, have a Yamaha dealer service the watercraft <PIC>. Also ensure the fuel tank cap is securely closed after refueling to prevent leaks <PIC>. Always follow fuel safety precautions: handle fuel outdoors, never when the engine is running or hot, avoid sparks/flames, and wipe up spills immediately <PIC>. , [""Manual20_34"", ""Manual20_81"", ""Manual20_82"", ""Manual20_35"", ""Manual20_83"", ""Manual34_88"", ""snowmobile_03""]"
345,"""How to adjust the adjustable sponson of my jetski if needed?""","To adjust the adjustable sponsons on your jetski: 1. Remove the bolts on both sponsons <PIC>. 2. Remove both sponsons, then reinstall them in the desired position <PIC>. 3. Be sure to install both sponsons to the same level and tighten the bolts to the correct torque (18 N·m / 13 ft·lb) <PIC>. , [""Manual20_82"", ""Manual20_83"", ""Manual20_84""]"
346,"""The intake and impeller of my jetski are dirty. How to clean them?""","To clean the jet intake and impeller: (1) Turn off the engine, remove the main switch key, and disconnect the clip from the engine shut-off switch. Wait for all movement to stop. (2) Beach the watercraft safely. (3) Turn the watercraft onto its port (left) side, supporting the bow to prevent handlebar damage; place a clean cloth or carpet underneath to protect the hull <PIC>. (4) Open the rear platform hatch. (5) Check that the retaining cord is securely attached to the access port cap and strap eye <PIC>. (6) While holding the handle and pushing down, turn the access port cap counterclockwise until the 'SET' mark aligns with the slot, then lift the cap <PIC>. (7) Remove weeds or debris from around the drive shaft, impeller, pump housing, and jet thrust nozzle. If debris is difficult to remove, contact your Yamaha dealer. WARNING: Never reach into the jet pump area while the engine is running — rotating parts can cause severe injury or death. The impeller has sharp edges — exercise caution. , [""Manual20_86"", ""Manual20_84"", ""Manual20_85""]"
347,"""How to start my jetski in different situations?""","To start your jetski in different situations, follow these official procedures: # Starting from a dock: 1. Board the watercraft from the side. 2. Attach the engine shut-off cord to your left wrist, then install the clip onto the engine shut-off switch. 3. Push the watercraft away from the dock, grip the handlebars with both hands, place both feet on the floor of the footwell, push the start switch (green button <PIC>), and start off. # Boarding alone (e.g., from water): 1. Swim to the rear, place both hands on the boarding platform, pull up, and grasp the handgrip. 2. Kneel on the platform, then move to the seat and sit astride. 3. Attach the engine shut-off cord to your left wrist and install the clip. 4. Grip the handlebars firmly, place both feet in the footwell, push the start switch <PIC>, look in all directions, and proceed. # Boarding with a passenger: 1. Operator boards first and sits astride; attach shut-off cord. 2. Passenger moves to the rear, then boards and sits behind operator — feet on footwell floor, holding on securely. 3. Start the engine <PIC>, check all directions, then accelerate to planing speed. ⚠️ Always ensure no boats, obstructions, or swimmers are nearby before starting. Never exceed 160 kg total weight (operator + passenger + cargo). , [""Manual20_48"", ""Manual20_71"", ""Manual20_72""]"
348,"""What are basic steps to board my jetski with a passenger in deep water?""","Basic steps to board your jetski with a passenger in deep water are as follows: 1. Ensure the water is at least 60 cm (2 ft) deep — do not start the engine in shallower water. <PIC> 2. Climb on board first (as when boarding alone): swim to the rear, place both hands on the boarding platform, pull up to kneeling position, then move forward and sit astride the seat. Attach the engine shut-off cord to your wrist and install the clip on the engine shut-off switch. <PIC> 3. Have the passenger move to the rear of the watercraft and pull themselves up onto the platform, kneel, then crawl onto the seat behind you. <PIC> 4. Both operator and passenger should balance the watercraft during boarding. Confirm the passenger has both feet on the floor of the footwell and is securely holding on to you. <PIC> 5. Start the engine at idle, check all directions for obstructions, then accelerate gradually to planing speed. <PIC> WARNING: Never apply throttle until the passenger is fully seated and holding on. Maximum combined weight (operator + passenger + cargo) must not exceed 160 kg (353 lb). , [""Manual20_88"", ""Manual20_71"", ""Manual40_13"", ""Manual40_14"", ""Manual40_15""]"
349,"""If it is difficult to balance the jetski at a stand still, what should I do?""","If it is difficult to balance the jetski at a standstill, proceed as follows: 1. The passenger must steady the watercraft while the operator is boarding. The operator pulls himself up onto the platform into a seating position, then balances the watercraft. <PIC> Additionally, practice in shallow, calm water with the engine off; use the footwells for proper foot placement and grip the handlebars firmly. Ensure total weight (operator + passenger + cargo) does not exceed 160 kg (353 lb), as heavier loads increase balancing difficulty. For initial training, start near shore and repeat boarding and static balance drills until confident. <PIC><PIC> , [""Manual40_13"", ""Manual40_14"", ""Manual40_15""]"
350,"""What is the max load of the jetski?""","The maximum load of the jetski is 160 kg (353 lb), which includes the total weight of the operator, passenger, and any cargo. The watercraft is designed for one operator and one passenger only — never exceed 2 persons or the 160 kg limit."
351,"""What is the overview of the base station of a landline?""","The base station of a landline cordless phone (e.g., XL490/XL495 models) serves as the central hub for communication and handset management. Its key functions include: • Connecting to the telephone line and power supply; • Registering and pairing handsets; • Enabling features such as 'Find Handsets' (press to locate registered handsets) and entering 'Registration Mode' (press and hold to add new handsets); • Supporting GAP standard compliance for interoperability with other DECT™ GAP devices. For visual reference, see the base station overview and controls <PIC> <PIC>. , [""Manual22_18"", ""Manual22_19""]"
352,"""How can you connect the base station of a landline?""","To connect the base station of the landline: 1. Connect one end of the line cord to the telephone socket at the bottom of the base station, and the other end to the telephone socket on the wall. <PIC> 2. Connect the power adapter: plug one end into the DC input jack at the bottom of the base station, and the other end into a power socket on the wall. <PIC> 3. Ensure the base station has power supply before registering handsets. <PIC> , [""Manual22_23"", ""Manual22_22"", ""Manual22_20""]"
353,"""How can you install the handset of a landline?""","To install the handset of a landline phone: 1. Ensure the base station is properly connected to both the telephone wall socket and power socket (see 'Connect the base station' in the manual). 2. The batteries are pre-installed in the handset; simply pull off the battery tape from the battery door before charging. 3. Place the handset on the base station to charge — you will hear a docking sound when correctly positioned <PIC>. 4. For multi-handset models, additional handsets can be auto-registered by placing the unregistered handset on the base station; registration completes in under two minutes <PIC>. , [""Manual22_23"", ""Manual22_20""]"
354,"""How can you check the battery level of a landline?""","To check the battery level of a landline handset: When the handset is on standby, the battery icon on the display screen indicates the current battery level <PIC>. If the batteries are nearly empty, you will hear warning tones during a call, and the call will disconnect after the warning <PIC>. The handset turns off automatically when the batteries are fully depleted. , [""Manual12_0"", ""Manual12_1""]"
355,"""What can you do if your landline is in searching status?""","If your landline handset is in searching status, you can try the following steps: • Make sure that the base station has power supply. • Register the handset to the base station. • Move the handset closer to the base station. <PIC> , [""Manual22_58""]"
356,"""How can you know about the current status with different LED indicator behavior on a landline?""","You can check the current status of your landline phone by referring to the LED indicator behavior on either the handset or base station. The specific meaning of each LED pattern (e.g., solid, flashing, color, interval) is detailed in the corresponding status tables provided in the user manual: one table covers LED behavior for events or charging status on the **handset** (accessible via [Menu] > [Phone setup] > [LED status] > [Events status] / [Charge status]), and another table shows LED behavior on the **base station**. For charging-related status, you can also verify the LED indicator while the handset is on the charger and confirm settings under [Charge status]. <PIC> <PIC> , [""Manual22_10"", ""Manual22_11""]"
357,"""How can you know about the current status with different LED indicator behavior on the base station of a landline?""","The current status of the base station can be determined by its LED indicator behavior. According to the reference documentation, a table (referenced in Document 1) shows the meaning of different LED behaviors on the base station — however, the actual table content is not provided in the available knowledge. No menu path or setting option for configuring or viewing base station LED status is described in the references; such settings (e.g., [LED status]) are only mentioned for the *handset*, not the base station (Document 2). Therefore, the LED behavior on the base station is fixed and status-indicative by design, but the specific patterns (e.g., solid vs. flashing, color, timing) and their meanings are documented in the referenced table — which is associated with a missing image. <PIC> , [""Manual22_58""]"
358,"""How can you lower the roll bar of a lawn mower?""","To lower the roll bar of the lawn mower: 1. Remove the hairpin cotters and remove the 2 pins (Figure 9). 2. Lower the roll bar to the down position (Figure 8). Note: There are 2 down positions; refer to Figure 8. <PIC> , [""Manual23_40""]"
359,"""How can you adjust the rear-shock assemblies for a lawn mower with suspension system only?""","For lawn mowers with a suspension system only, you can adjust the rear-shock assemblies to customize ride comfort. The assemblies are mounted in slots with detent positions for reference (softest to firmest), but they may be positioned anywhere within the slot—not only at detents. Ensure the left and right rear-shock assemblies are adjusted to the same position for balanced performance. Refer to Figure 14 for adjustment location <PIC>, and see Figure 13 for soft/firm ride positioning and detent layout <PIC>. , [""Manual23_25"", ""Manual34_180""]"
360,"""How can you adjust the height of cut for a lawn mower with an electric deck lift?""","To adjust the height of cut for a lawn mower with an electric deck lift: 1. Push up on the deck-lift switch (Figure 31) <PIC> to raise the deck. 2. Select a hole in the height-of-cut bracket corresponding to your desired cutting height, and insert the height-of-cut pin (Figure 32) <PIC>. , [""Manual23_55"", ""Manual23_56""]"
361,"""How can you load a lawn mower?""","The term 'load a lawn mower' is not standard terminology for riding or walk-behind mowers in the provided documentation. The manuals reference preparing or starting the mower — such as engaging the parking brake, filling the fuel tank to the bottom of the filler neck <PIC>, ensuring the blade-control switch (PTO) is disengaged before maintenance, and positioning the mower deck using the transport lock <PIC>. There is no mention of 'loading' the mower with fuel, attachments, or material in the sense of cargo or loading bay operations. If you meant refueling, refer to step 5 in 'Before Operation': fill the fuel tank to the bottom of the filler neck <PIC>. If you intended something else (e.g., attaching a grass catcher, mounting accessories), please clarify for further assistance. , [""Manual23_41"", ""Manual23_53"", ""Manual23_54""]"
362,"""How can you unload a lawn mower?""","The reference materials do not provide instructions or procedures for 'unloading a lawn mower'. The documents cover safety practices, blade control (PTO disengagement), transport lock usage, deck height adjustment, and maintenance—but not unloading (e.g., removing from a vehicle or trailer). For safe unloading, always ensure the engine is off, key removed, blades stopped, and follow manufacturer-recommended handling guidelines. If you are referring to disengaging the mower deck or preparing for transport, refer to the Transport Lock procedure: push the deck-lift pedal fully forward to lock the deck in the TRANSPORT position <PIC>, then unlock and lower as needed <PIC>. , [""Manual23_53"", ""Manual23_54""]"
363,"""How can you change the engine oil of a lawn mower?""","To change the engine oil of a lawn mower: 1. Start the engine and let it run for 5 minutes to warm the oil for better drainage <PIC>. 2. Park the machine on a level surface with the drain side slightly lower to ensure complete drainage <PIC>. 3. Disengage the blade-control switch (PTO) and engage the parking brake <PIC>. 4. Shut off the engine, remove the key, and wait for all moving parts to stop <PIC>. 5. Drain the oil from the engine (Figure 49) <PIC>. 6. Slowly pour approximately 80% of the specified oil into the filler tube, then add more gradually until the level reaches the 'Full' mark <PIC>. 7. Start the engine and drive to a flat area, then check the oil level again . Note: Dispose of used oil at a recycling center. Recommended oil: 10W-40 (or API SE/SF as applicable). , [""Manual23_75"", ""Manual23_86"", ""Manual23_87"", ""Manual23_73"", ""Manual23_76"", ""Manual23_77""]"
364,"""How can you remove the filters of a lawn mower?""","To remove the filters of a lawn mower (specifically the air cleaner filters), follow these steps from the official maintenance instructions: 1. Park the machine on a level surface, disengage the blade-control switch (PTO), and engage the parking brake. 2. Shut off the engine, remove the key, and wait for all moving parts to stop. 3. Release the latches on the air cleaner and pull the air-inlet cover off the air-cleaner body <PIC>. 4. Gently slide the primary filter out of the air-cleaner body <PIC>. 5. Remove the inner (safety) filter only if replacing it — do not clean it. Important: If the safety filter is dirty, replace both the safety and primary filters. , [""Manual23_83"", ""Manual23_73""]"
365,"""How can you replace the mower belt of a lawn mower?""","To replace the drive V-belt on compatible models (e.g., BR250T/CS340E or ET410TR/VK540E), follow these steps: 1. Apply the parking brake before replacement. 2. Remove the drive V-belt guard. 3. Rotate the secondary sliding sheave clockwise and push it to separate from the fixed sheave. 4. Pull the belt up over the secondary fixed sheave. 5. Remove the belt from both the secondary and primary sheaves. 6. Install the new belt over the primary sheave. 7. Again, rotate the secondary sliding sheave clockwise and push it to separate from the fixed sheave. 8. Install the belt between the secondary sliding and fixed sheaves. 9. Reinstall the drive V-belt guard. <PIC> <PIC> , [""Manual34_148"", ""Manual34_170""]"
366,"""How can you set up control of a over-the-range microwave?""","The provided reference materials do not include instructions for setting up control of an over-the-range microwave — such as programming, remote setup, Wi-Fi connectivity, or control panel configuration. They cover only general microwave usage guidelines (e.g., cookware safety, shielding, covering, spacing) and maintenance tasks (e.g., bulb replacement, filter replacement), but no setup or control configuration procedures."
367,"""How can you set the light timer of a over-the-range microwave?""","Hello, the provided reference materials do not include instructions or information about setting a light timer for an over-the-range microwave. The documents cover topics such as bulb replacement, charcoal filter installation, cookware safety, and food cooking guidelines — but no light timer functionality or related settings are described. If your model supports a light timer, please consult the specific user manual for your microwave or contact customer support with your model number for accurate guidance."
368,"""How can you set yout favorite recipe with a over-the-range microwave?""","The provided reference materials do not include instructions for setting or saving a favorite recipe on an over-the-range microwave — such as using memory buttons, programmable presets, or recipe storage features. These documents focus solely on general microwave cooking techniques (e.g., covering, shielding, arranging food, standing time) and do not describe control panel functions, menu navigation, or recipe-saving procedures. For model-specific guidance on saving favorite recipes, please consult your microwave’s Owner’s Manual or contact customer support with your exact model number."
369,"""How can you reheat food with a over-the-range microwave?""","To reheat food in an over-the-range microwave: 1. Arrange food in a single layer in a microwave-safe dish — avoid stacking. 2. Cover with a microwave-safe lid, vented plastic wrap, or waxed paper to retain moisture and heat. 3. For even reheating, place thicker portions toward the outside of the dish and stir or rotate halfway if needed. 4. Use appropriate power level and time — start with shorter intervals and check for doneness, adding more time as needed. 5. Let food stand for 2–15 minutes after heating to allow heat to distribute evenly and complete cooking internally <PIC>. 6. Always pierce skins or membranes (e.g., potatoes, sausages) before reheating to prevent bursting . 7. Avoid metal utensils, foil trays, or large sheets of aluminum foil; small foil pieces may be used to shield sensitive areas (e.g., poultry wingtips), keeping them at least 1 inch from oven walls . , [""Manual24_3""]"
370,"""How can you use auto defrost of a over-the-range microwave?""","The auto defrost function on an over-the-range microwave is typically accessed via a dedicated 'Defrost' button or menu option. While specific steps may vary by model, general usage includes: selecting 'Auto Defrost', entering the food type (e.g., meat, poultry, fish) and weight, then starting the cycle. During defrosting, it’s recommended to: · Defrost foods completely before cooking (as noted in the MEAT and FISH sections); · Arrange unevenly shaped items with thicker parts toward the outside of the dish for even thawing; · Let food stand after defrosting — cover with foil or a lid and allow residual heat to finish thawing the center <PIC>. Note: Defrost times are approximate and depend on food density, size, and starting temperature. For best results, refer to your model’s Time Defrost Chart . , [""Manual24_43""]"
371,"""How can you clean the grease filter of a over-the-range microwave?""","To clean the grease filter of an over-the-range microwave: 1. Remove the grease filter by sliding it to the side, pulling it downward, and pushing it to the other side until it drops out. <PIC> 2. Wash the filter in the dishwasher or soak it in hot water with a mild detergent. Rinse thoroughly and shake dry. Do not use ammonia or abrasive cleaners — the aluminum filter may darken. <PIC> 3. To reinstall, slide the filter into the side slot, then push up and toward the oven center to lock it in place. <PIC> CAUTION: Never operate the microwave hood without the grease filter installed. , [""Manual24_47"", ""Manual24_48"", ""Manual24_49""]"
372,"""How can you replace the charcoal filter of a over-the-range microwave? ""","To replace the charcoal filter of an over-the-range microwave: 1. Unplug the oven or turn off power at the main power supply. 2. Remove the two vent grill mounting screws (the two middle screws). <PIC> 3. Tip the grill forward, then lift it out. <PIC> 4. Remove the old charcoal filter. <PIC> 5. Slide a new charcoal filter into place — it should rest at the angle shown. <PIC> 6. Slide the bottom of the grill into place, then push the top until it snaps into place. Replace the mounting screws. Turn the power back on at the main power supply and set the clock. Note: The charcoal filter cannot be cleaned and should be replaced every 6 to 12 months if the oven is vented indoors. , [""Manual24_48"", ""Manual24_49"", ""Manual24_50"", ""Manual24_51""]"
373,"""How can you replace the oven light of a over-the-range microwave? ""","To replace the oven light of an over-the-range microwave: 1. Unplug the unit or turn off power at the main power supply. 2. Remove the vent cover mounting screws (the two middle screws). 3. Tip the cover forward, then lift out to remove. 4. Remove the bulb holder. 5. Lift up the bulb holder. 6. Replace the bulb with a 30 or 40 watt appliance bulb. 7. Replace the bulb holder. 8. Slide the bottom of the vent cover into place, push the top until it snaps in, and reinstall the mounting screws. 9. Turn the power back on at the main power supply. <PIC> <PIC> <PIC> <PIC> , [""Manual24_54"", ""Manual24_55"", ""Manual24_56"", ""Manual24_57""]"
374,"""How can you set the PCI Express 3.0 x16 slots of a motherboard?""","To set the PCI Express 3.0 x16 slots on this motherboard, you can configure their link speed via BIOS: enter BIOS Setup > Advanced > PEG Port Configuration (or PCIe Configuration), then adjust 'PCIEx16_1 / PCIEx16_2 Link Speed' or 'PCIe Speed' to your desired setting. Available options are [Auto], [Gen1], [Gen2], or [Gen3] — selecting [Gen3] enables full PCI Express 3.0 x16 operation. Note that in single VGA card mode, use the PCIe 3.0 x16_1 slot (gray) for optimal performance. <PIC> , [""Manual25_1""]"
375,"""How can you set the jumpers of a motherboard?""","Setting motherboard jumpers depends on the specific jumper header and its function. Based on the reference documentation: • For the **Clear RTC RAM (CLRTC)** jumper (2-pin), you can erase CMOS RTC RAM data — including date, time, and system setup parameters — by shorting the two pins (e.g., using a jumper cap) for a few seconds while the system is powered off. <PIC> • For the **CPU Over Voltage (CPU_OV)** jumper (3-pin), voltage settings are configured as follows: insert the jumper on pins **2–3** to enable higher CPU voltage for overclocking; insert it on pins **1–2** to restore default voltage. Detailed jumper locations, configurations, and illustrations are provided in the motherboard’s user manual — specifically in the section titled '1.6 Jumpers' and related diagrams. We recommend consulting the official manual (see 'Manual25_1') for your exact model before making changes. , [""Manual25_1""]"
376,"""How can you set the rear panel connectors of a motherboard?""","The rear panel connectors on a motherboard are pre-mounted and fixed on the I/O shield; they are not user-configurable or set by jumpers, BIOS settings, or physical reconfiguration. As shown in the manual, the rear panel includes standard ports such as PS/2 Mouse/Keyboard combo port, DisplayPort, and VGA port — these are factory-integrated and designed to align with the chassis cutout when the motherboard is correctly installed (edge with external ports facing the rear of the chassis) <PIC>. No user setup or wiring is required for these connectors. For proper use, ensure the motherboard is oriented correctly during installation and the I/O shield is securely seated in the chassis. <PIC> , [""Manual25_6"", ""Manual25_1""]"
377,"""How can you set the onboard LED of a motherboard?""","You can configure certain onboard LEDs (such as Model Name LED and SupremeFX LED) via BIOS or the LED Control app in Ai Suite 3. In BIOS, navigate to Advanced > Onboard Devices Configuration, then select options like 'Model Name LED Lighting' or 'SupremeFX LED Lighting'. Available settings include [Disabled], [Still Mode], [Breathing Mode], and [Flowing Mode] <PIC>. Note: The standby power LED (SB_PWR) is hardware-controlled and cannot be configured—it lights up automatically when system power is applied (ON, sleep, or soft-off mode). , [""Manual25_6""]"
378,"""How can you update the BIOS file of a motherboard?""","You can update the BIOS file of a motherboard using one of the following supported methods: 1. **Via USB using EZ Flash 3**: Enter Advanced Mode in BIOS Setup > go to Tool menu > select EZ Flash 3 Utility > choose 'by USB' > press <Tab> to switch to Drive field > select your USB flash disk containing the latest BIOS file > press <Tab> again to switch to Folder Info field > navigate and select the BIOS file > press <Enter> to start the update. 2. **Via Internet using EZ Flash 3**: In EZ Flash 3, select 'by Internet' > choose an Internet connection method using Left/Right arrow keys > follow onscreen instructions. 3. **Using BIOS Updater in FreeDOS environment**: Boot into FreeDOS (e.g., via Support DVD or USB) > type 'd:' to access USB drive > run 'bupdater /pc /g' > use <Tab> to switch between Drives and Files panels > select the BIOS file > confirm with 'Yes' > restart after completion. ⚠️ Important: Do NOT shut down or reset the system during update; ensure USB drive is FAT32/16 formatted; and always back up the original BIOS first using EZ Update or similar utility."
379,"""How can you create RAID of a motherboard?""","To create RAID on your motherboard, follow these steps: 1. Ensure your HDDs are connected to Intel SATA 6.0Gb/s connectors and have no existing RAID volumes. 2. Enter BIOS and set SATA Mode to [RAID] (not the default [AHCI]). 3. Press <F11> or click the EZ Tuning Wizard icon to launch the wizard. 4. Click RAID → Yes to enable RAID. 5. Select your desired RAID type: Easy Backup (RAID1 or RAID10) or Super Speed (RAID0 or RAID5), depending on the number of drives (e.g., RAID10 requires four HDDs). 6. Click Next → Yes to confirm and proceed. 7. After setup completes, click Yes to exit and OK to reset the system. For full details and prerequisites, refer to the manual bundled in the motherboard Support DVD. <PIC> , [""Manual25_6""]"
380,"""How can you use SATA ODD & USB devices to install an operating system for a motherboard?""","To install an operating system (specifically Windows 7) on a 100 Series motherboard using SATA ODD and USB devices: 1. Prepare the required items: a support DVD, an OS 7 installation source, a SATA ODD, and a USB device (ODD or storage, ≥8 GB; format recommended). 2. Insert the OS 7 installation DVD into a USB ODD, or copy all OS 7 installation files to the USB storage device on a working system. 3. Connect the USB ODD or USB storage device to your 100 Series platform. 4. Insert the support DVD into the SATA ODD on the same platform. 5. Power on the system and press F8 during POST to enter the boot screen. <PIC> 6. Select the USB device (or SATA ODD, depending on method) as the boot device. 7. The USB 3.0 driver will load automatically during startup — the 'Setup is starting...' screen confirms successful loading. 8. Follow onscreen instructions to complete the OS 7 installation. , [""drill0_04""]"
381,"""How can you secure the motherboard to the chassis?""","To secure the motherboard to the chassis, place it in the correct orientation—ensuring the edge with external ports aligns with the rear of the chassis <PIC>. Then, insert nine screws into the holes indicated by circles on the chassis. Do not over tighten the screws, as this may damage the motherboard. , [""Manual25_6""]"
382,"""How can you prepare the installation of Central Processing Unit (CPU) for a motherboard?""","To prepare the installation of the CPU for the motherboard: 1. Unplug all power cables before installing the CPU. 2. Ensure the motherboard has an LGA1151 socket and install only a compatible 6th Generation processor — do NOT use CPUs designed for LGA1150, LGA1155, or LGA1156 sockets. 3. Verify that the PnP cap is in place on the socket and that the socket contacts are undamaged; contact your retailer immediately if the cap is missing or contacts are bent. 4. Use only the dedicated CPU Installation Tool — hold it firmly by both sides, and avoid bending or damaging it. 5. Ensure the CPU is correctly oriented and firmly clicked into place before final seating. <PIC> , [""Manual25_10""]"
383,"""How do you know about system memory of a motherboard?""","To know about the system memory of this motherboard, refer to the following key specifications from the documentation: 1. It has four 288-pin DDR4 DIMM sockets, supporting unbuffered non-ECC DDR4 modules (2 GB, 4 GB, 8 GB, and 16 GB). 2. DDR4 modules are physically distinct — do NOT install DDR, DDR2, or DDR3 modules into DDR4 slots. 3. Recommended DIMM voltage is below 1.65 V to protect the CPU. 4. Dual-channel operation is supported; if different memory sizes are installed in Channel A and B, the system uses the smaller channel’s size for dual-channel mode, with excess memory operating in single-channel mode. 5. The motherboard supports overclocked DDR4 speeds up to 3400 MHz (O.C.), with qualified vendor list (QVL) validation for stability. <PIC> , [""memory_config_01""]"
384,"""How do you know about Serial port connector (10-1 pin COM) of a motherboard?""","The 10-1 pin Serial Port (COM) connector on the motherboard is used to connect a serial (COM) port module. This module is purchased separately. To use it, connect the serial port module cable to this connector, then install the module into a slot opening at the back of the system chassis. In BIOS, the serial port can be enabled or disabled via 'Serial Port [On/Off]', and its base I/O address and IRQ (e.g., IO=3F8h; IRQ=4) can be configured under 'Serial Port Configuration'. <PIC> , [""Manual25_1""]"
385,"""How do you know about TPM connector (14-1 pin TPM) for a motherboard?""","The TPM connector (14-1 pin TPM) is an internal motherboard header designed to support a Trusted Platform Module (TPM) system. It securely stores cryptographic keys, digital certificates, passwords, and sensitive data. Additionally, a TPM enhances network security, protects digital identities, and ensures platform integrity. <PIC> , [""Manual25_1""]"
386,"""How do you know about Thermal sensor connector (2-pin T_SENSOR) of a motherboard?""","The Thermal Sensor connector (2-pin T_SENSOR) is a dedicated header on the motherboard designed for connecting a thermistor cable. It enables monitoring of temperature readings from critical components or external devices connected to the motherboard. This sensor input is displayed in the BIOS under the Monitor menu as 'T_Sensor Temperature' and can be selected as a temperature source for fan control (e.g., in Q-Fan Configuration). <PIC> , [""Manual25_1""]"
387,"""How can you set quick release for a multi-use pressure cooker and air fryer?""","To set Quick Release for your multi-use pressure cooker and air fryer: Press the quick release button down until it clicks and locks into the Vent position <PIC>. A jet of steam will eject through the top of the steam release valve — this is normal. Wait until the float valve has fully descended (flush with the lid) before opening the lid <PIC>. For safety, keep exposed skin away from the steam release valve during venting <PIC>. , [""multi-use_pressure_cooker_and_air_fryer_01"", ""Manual30_18"", ""Manual30_15""]"
388,"""How can you set pressure cooking lid for a multi-use pressure cooker and air fryer?""","To set the pressure cooking lid on your multi-use pressure cooker and air fryer: 01 Align the symbol on the pressure cooking lid with the symbol on the rim of the cooker base. 02 Lower the lid onto the track and turn it clockwise until the symbols align fully <PIC>. Ensure the float valve is properly installed and seated — it must be flush with the lid when depressurized <PIC>. Do NOT operate without the stainless-steel inner pot in place, and never use a ceramic-coated pot for pressure cooking <PIC>. , [""Manual30_25"", ""Manual30_18"", ""Manual30_24""]"
389,"""How can you set float valve for a multi-use pressure cooker and air fryer?""","To install the float valve on the Multi-use pressure cooker and air fryer pressure cooking lid: 1. Drop the narrow end of the float valve into the float valve hole on the top of the lid. 2. Place one finger on the flat top of the float valve, then turn the lid over. 3. Firmly attach the silicone cap to the bottom of the float valve. <PIC> <PIC> The float valve and silicone cap must be properly installed before use — do not operate the appliance without them. Do not touch or obstruct the float valve during operation. <PIC> , [""Manual30_36"", ""Manual30_37"", ""Manual30_18""]"
390,"""What do you know about anti-block shield for a multi-use pressure cooker and air fryer?""","The anti-block shield is a safety component located on the pressure cooking lid of the multi-use pressure cooker and air fryer. It prevents food particles from entering and clogging the steam release pipe, thereby assisting with proper pressure regulation. It is integral to product safety and must be installed before pressure cooking — operation without it is not permitted. To install, place the shield over the prongs on the lid and press down until it snaps into position. Regular maintenance includes checking the anti-block shield (along with the steam release valve, steam release pipe, and float valve) for clogging before and after each use. <PIC> , [""Manual30_19""]"
391,"""How can you set steam release valve for a multi-use pressure cooker and air fryer?""","To set the steam release valve on the multi-use pressure cooker and air fryer: 1. Ensure the steam release valve is installed before use. 2. Place the steam release valve onto the steam release pipe and press down firmly — it should sit loosely but remain in place when the lid is turned over <PIC>. 3. Never cover, block, or obstruct the steam release valve — doing so poses a safety hazard <PIC>. 4. During pressure release (e.g., Quick Release), steam ejects from the top of the steam release valve — keep skin away from this area <PIC>. For visual guidance, refer to installation diagrams <PIC><PIC>. , [""Manual30_33"", ""Manual30_15"", ""Manual30_10"", ""Manual30_32"", ""Manual30_34""]"
392,"""How can you set anti-block shield for a multi-use pressure cooker and air fryer?""","To install the anti-block shield on your multi-use pressure cooker and air fryer: Place the anti-block shield over the prongs on the pressure cooking lid and press down firmly until it snaps into position. <PIC> Do not operate the appliance without the anti-block shield installed, as it is essential for safety and proper pressure regulation. <PIC> , [""Manual30_35"", ""Manual30_19""]"
393,"""How can you set silicone cap and float valve for a multi-use pressure cooker and air fryer?""","To install the silicone cap and float valve on the Multi-use pressure cooker and air fryer pressure cooking lid: 1. Drop the narrow end of the float valve into the float valve hole on the top of the lid. 2. Place one finger on the flat top of the float valve, then turn the lid over. 3. Firmly attach the silicone cap to the bottom side of the float valve. <PIC> <PIC> Both parts must be properly installed before use — do not operate the appliance without them. , [""Manual30_36"", ""Manual30_37""]"
394,"""How can you Install the condensation collector for a multi-use pressure cooker and air fryer?""","To install the condensation collector for your multi-use pressure cooker and air fryer: Align the grooves on the condensation collector over the tabs on the back of the cooker base and slide the condensation collector into place. <PIC> It should be installed before cooking, then emptied and rinsed out after each use. <PIC> , [""Manual30_38"", ""Manual30_39""]"
395,"""How can you install the sealing ring for a multi-use pressure cooker and air fryer?""","To install the sealing ring for the Multi-use pressure cooker and air fryer: Place the sealing ring over the sealing ring rack and press it into place. Press down firmly to prevent puckering. When installed properly, the sealing ring is snug behind the sealing ring rack and should not fall out when the lid is turned over. <PIC> , [""Manual30_31""]"
396,"""How can you remove silicone sealing ring for a multi-use pressure cooker and air fryer?""","To remove the silicone sealing ring for the Multi-use pressure cooker and air fryer: Grip the edge of the silicone sealing ring and pull it out from behind the circular stainless-steel sealing ring rack. <PIC> , [""Manual30_30""]"
397,"""What do you know about sealing ring of a multi-use pressure cooker and air fryer?""","The sealing ring of the Multi-use pressure cooker and air fryer is a silicone component that creates an airtight seal between the lid and the inner pot during pressure cooking <PIC>. It must be installed before use, and only one sealing ring should be installed in the lid at a time <PIC>. Only authorized sealing rings should be used — never use a stretched, damaged, or unauthorized ring, as this may cause steam leakage, food discharge, or injury <PIC>. Inspect the ring regularly for cuts, deformation, or stretching; replace it every 12–18 months or sooner if signs of wear appear. Note: Silicone is porous and may absorb strong aromas and flavors — keeping extra sealing rings on hand can help prevent flavor transfer between dishes. , [""Manual30_16"", ""Manual30_30"", ""Manual30_18""]"
398,"""What do you know about steam release valve of a multi-use pressure cooker and air fryer?""","The steam release valve is a critical safety component of the multi-use pressure cooker and air fryer. It sits loosely on the steam release pipe and ejects steam from its top when pressure is being released <PIC>. It is integral to safe pressure cooking and must never be covered or blocked in any way. The valve works in conjunction with the quick release button — pressing the button down locks it into the Vent position, causing a jet of steam to eject through the valve <PIC>. Proper maintenance includes checking the steam release valve (along with the steam release pipe, anti-block shield, and float valve) for clogging before and after each use <PIC>. , [""Manual30_15"", ""multi-use_pressure_cooker_and_air_fryer_01"", ""Manual30_14""]"
399,"""What do you know about quick release button of a multi-use pressure cooker and air fryer?""","The quick release button on the multi-use pressure cooker and air fryer controls the steam release valve to safely and rapidly release pressure. Pressing it down until it clicks locks the valve into the Vent position, allowing a jet of steam to eject from the top of the steam release valve <PIC>. This stops cooking quickly—ideal for delicate foods like vegetables and seafood. Do not turn the button more than 45°, and let it spring back to its original position after use. The float valve will drop into the lid once pressure is fully released, indicating it's safe to open <PIC>. Never cover or block the steam release valve, as it is integral to product safety <PIC>. , [""Manual30_14"", ""Manual30_18"", ""Manual30_15""]"
400,"""What can you know about natural release(NRorNPR) of a multi-use pressure cooker and air fryer?""","Natural Release (NR or NPR) is a pressure release method used after pressure cooking in the Multi-use pressure cooker and air fryer. With Natural Release, cooking stops gradually, and the appliance de-pressurizes naturally as the internal temperature drops over time. You must wait until all internal pressure is fully released — indicated by the float valve descending and becoming flush with the lid <PIC> — before attempting to open the lid. Never force the lid open if the float valve remains raised or the lid feels difficult to turn, as this signals residual pressure, which can be hazardous. , [""Manual30_9""]"
401,"""What is the robot anatomy of the vacuum?""","The robot vacuum's anatomy includes key functional components such as the CLEAN button and indicator lights (see <PIC>), front caster wheel (see <PIC>), side brush (see <PIC>), extractors with square and hexagonal plastic pegs (see <PIC>), dust bin with sensor ports (see <PIC>), and bottom-view layout of mechanical elements (see <PIC>). It also features modes like Halo Mode and Virtual Wall Mode, enabled via a physical switch (see <PIC>, <PIC>), and operates with safety-critical design considerations including battery, Home Base compatibility, and environmental restrictions (see <PIC>, <PIC>, <PIC>). For detailed visual reference, consult Figures 2, 3, 4, 5, 6, 10, 11, 12, 14, 15, 16, 17, 18, 21, and 22 in the manual. , [""Manual32_2"", ""Manual32_3"", ""Manual32_14"", ""Manual32_15"", ""Manual32_16"", ""Manual32_21"", ""Manual32_22"", ""Manual32_5"", ""Manual32_6"", ""Manual32_4"", ""Manual32_1""]"
402,"""What are the two primary modes available on a vacuum cleaner that can be used to tailor its performance to meet different home cleaning needs?""","The two primary modes available on the vacuum cleaner to tailor its performance are: 1) **Dual Mode Virtual Wall Barrier**, which helps contain cleaning to desired areas and block off restricted zones; and 2) **Spot Cleaning mode**, which enables intensive localized cleaning by spiraling outward and then inward over a ~3-foot diameter area. <PIC> , [""Manual32_4""]"
403,"""What is the proper procedure for emptying the vacuum cleaner's bin?""","The proper procedure for emptying the vacuum cleaner's bin is as follows: 1. Press the bin release button to remove the bin. <PIC> 2. Open the bin door to empty the bin. <PIC> , [""Manual32_7"", ""Manual32_8""]"
404,"""What is the correct procedure for cleaning the vacuum cleaner filter?""","The correct procedure for cleaning the vacuum cleaner filter is as follows: 3. Remove the filter by grasping the yellow tab (see Figure 6 <PIC>). 4. Shake off debris by tapping the filter against your trash container (see Figure 7 <PIC>). IMPORTANT! The filter door won't close unless a filter is reinserted — insert the filter with the yellow tab facing up. , [""Manual32_10"", ""Manual32_11""]"
405,"""What is the proper procedure for cleaning the full bin sensors on a vacuum cleaner?""","The proper procedure for cleaning the full bin sensors on the vacuum cleaner is as follows: 1. Remove and empty the bin. (See Figure 8) 2. Wipe the sensors with a clean, dry cloth. (See Figure 9) Additionally, for thorough cleaning, wipe the inner and outer sensor ports on the bin with a clean, dry cloth. (See Figure 10)"
406,"""What is the correct procedure for cleaning the extractors (brushes or rollers) on a vacuum cleaner?""","The correct procedure for cleaning the extractors on the vacuum cleaner is as follows: 1. Pinch the yellow extractor frame release tabs, lift up the extractor frame, and remove any obstructions. <PIC> 2. Remove the extractors and the yellow extractor caps. Clear hair or debris collected underneath the caps and around the metal axles. Reinstall the extractor caps. <PIC> 3. Remove hair and debris from the square and hexagonal plastic pegs on the other side of the extractors. <PIC> 4. Reinstall the extractors, matching the color and shape of the extractor pegs with the corresponding icons on the cleaning head module. <PIC> , [""Manual32_17"", ""Manual32_18"", ""Manual32_21"", ""Manual32_22""]"
407,"""What is the proper procedure for cleaning the sensors and charging contacts on a vacuum cleaner?""","To clean the sensors and charging contacts on the vacuum cleaner: 1. Wipe the sensors with a clean, dry cloth. Do not spray cleaning solution directly onto the sensors or sensor openings. <PIC> 2. Wipe the charging contacts on the Room BA and the Home Base with a clean, dry cloth. <PIC> , [""Manual32_17"", ""Manual32_18""]"
408,"""What is the correct procedure for positioning the home base of a vacuum cleaner?""","To position the Home Base correctly for your vacuum cleaner, place it in an open, uncluttered area with at least 4 feet of clear space in front and at least 1.5 feet on each side. Ensure it is at least 8 feet away from virtual wall barriers and at least 4 feet away from stairs. Keep the Home Base plugged in and located in an area with consistent Wi-Fi coverage to support app connectivity and navigation. <PIC> , [""Manual32_4""]"
409,"""What is the proper procedure for cleaning the front caster wheel of a vacuum cleaner?""","The proper procedure for cleaning the front caster wheel of the vacuum cleaner is as follows: 1. Pull firmly on the front wheel to remove it. <PIC> 2. Remove any debris from inside the wheel cavity. 3. Spin the wheel by hand. If rotation is restricted, remove the wheel from its housing and push firmly to remove the axle and clear any debris or hair wrapped around it. 4. Reinstall all parts when finished—make sure the wheel clicks back into place. <PIC> , [""Manual32_14"", ""Manual32_15""]"
410,"""What is the correct procedure for cleaning the side brush of a vacuum cleaner?""","To clean the side brush of the vacuum cleaner: 1. Use a coin or small screwdriver to remove the screw securing the side brush. (See Figure 12) <PIC> 2. Remove the side brush, clean it and the brush post thoroughly, then reinstall the brush. <PIC> , [""Manual32_14"", ""Manual32_15""]"
411,"""What is the function of the dual-mode virtual wall barrier on a vacuum cleaner?""","The dual-mode virtual wall barrier has two functions: 1) In Halo Mode (switch 'down'), it creates an invisible protective zone (~24 inches radius) to prevent the vacuum from bumping into sensitive items (e.g., dog bowls, vases) or entering undesired areas (e.g., corners, under desks) <PIC>. 2) In Virtual Wall Mode (switch 'up'), it projects an invisible, cone-shaped barrier that blocks openings up to 10 feet wide—ideal for restricting access to specific zones like doorways or staircases <PIC>. Note: The barrier widens with distance from the device <PIC>. , [""Manual32_5"", ""Manual32_6"", ""Manual32_4""]"
412,"""What are the troubleshooting steps if the vacuum indicates a problem?""","If the vacuum indicates a problem, it will emit a two-tone distress sound followed by a spoken message, and the troubleshooting indicator will blink. To address this: 1. Check for common causes such as a full dust bin, clogged filter, or dirty extractors — empty the bin, clean the filter, and reinstall the extractors (matching peg colors/shapes to icons on the cleaning head module <PIC>). 2. For some errors, rebooting may resolve the issue: press and hold CLEAN for 10 seconds until all indicators illuminate, then release; you’ll hear an audible tone confirming a successful reboot <PIC>. More detailed support and instructional videos are available through the app and online. , [""Manual32_7"", ""Manual32_4""]"
413,"""What are the detailed instructions for T-rail mounting of a camera or equipment?""","To mount your camera on a drop ceiling T-rail, follow these detailed T-rail mounting instructions using the included hardware: 1. Use the dashed lines on the mount plate template to set the proper spacing of the T-rail clips. 2. Tighten the set screws on the T-rail clips using a 5/64"" (2 mm) hex key. 3. Attach the mount plate to the T-rail clips using the mount plate holes marked with a ""G"" <PIC>. 4. Attach the T-rail clips to the T-rail by rotating them and snapping them into place as shown <PIC>. The black foam pads should be slightly compressed after installation. Note: The hardware supports most 9/16"", 15/16"", or 1 1/2"" T-rails. Standard 6-32 × 4 mm T-rail screws are included. , [""Manual33_9"", ""Manual33_10""]"
414,"""What are the steps to power the camera?""","To power on the camera: 1. Ensure the battery is installed correctly (align the yellow line on the battery with the camera's mark) <PIC>. 2. Charge the battery fully before first use using the included USB cable and a compatible AC adapter (DC 5.0 V / 1000 mA) or via a computer (direct connection, not through a hub or keyboard) <PIC>. 3. Turn the lens ring clockwise to the 'ON' position — this is the power switch <PIC>. The camera will start up and display the shooting screen. To power off, turn the lens ring counter-clockwise to 'OFF'. , [""Manual29_13"", ""Manual29_14"", ""Manual29_15""]"
415,"""What is the proper way to use the brake lever and brake button?""","To properly use the brake lever and parking brake button: - To stop the machine during operation, squeeze the brake lever (e.g., while crossing a slope or making turns). - To engage the parking brake (e.g., before starting the engine or when shutting off the engine), squeeze the brake lever and simultaneously push down the parking brake button, then release the brake lever to lock it in place. - To release the parking brake, simply squeeze the brake lever again — this disengages the button and releases the brake. ⚠️ Important safety notes: Always apply the parking brake before starting the engine. Never operate the machine with the parking brake engaged, as this may overheat the brake disc and reduce braking ability. <PIC> <PIC> <PIC> , [""Manual34_252"", ""Manual34_22"", ""Manual34_130""]"
416,"""What are the essential preparation checks to perform before using a snowmobile?""","Before using a snowmobile, always perform the pre-operation checks listed on pages 8–1 to 8–3 of the Owner's Manual <PIC>. These checks are essential for safety and reliable operation. Additionally: ensure the drive select lever is in the correct position (Drive, Reverse, or Low) before moving <PIC>; confirm the vehicle is at a full stop and the throttle lever is fully released before moving the drive select lever; set the parking brake and follow the starting instructions on pages 7–1 to 7–2 <PIC>; and verify that all safety labels and warnings are read and understood . Always wear proper protective clothing, including an approved helmet, face shield or goggles, and a quality snowmobile suit, boots, and gloves . , [""Manual34_116"", ""snowmobile_01"", ""Manual34_10""]"
417,"""What are the detailed steps to start the engine of a snowmobile?""","To start the engine of your snowmobile, follow these steps based on the owner's manual: 1. Ensure the snowmobile is on a flat, obstacle-free area and all safety checks are complete (throttle, brake, steering, fuel cap secured). 2. Set the parking brake. 3. Sit on the seat with the motion-control levers in the NEUTRAL-LOCK position and the blade-control switch (PTO) in the OFF position. 4. Turn the main switch key — do not hold it for more than 5 seconds; if the engine does not start, release and wait 15 seconds before retrying. 5. Once started, allow the engine to warm up before riding <PIC>. For emergency starting procedures or model-specific details (e.g., BR250T/ET410TR or CS340E/VK540E), refer to pages 7–1 through 7–4 in your manual <PIC>. , [""Manual34_116"", ""Manual34_131""]"
418,"""What is a V-BeltHolder?""","A V-Belt Holder is a designated component designed to securely store a spare V-belt for emergency use. As stated in the manual: 'Keep a spare V-belt for emergency use by putting it into the holder provided.' It is critical to install the spare V-belt in the holder correctly — the bolt securing the belt must be tightened, and the fuel hose must not be pinched or displaced during installation. Additionally, the V-belt must be installed securely in the holder to prevent damage from contact with hot engine components, such as the muffler. <PIC> , [""Manual34_25""]"
419,"""What are the steps to adjust the throttle cable on a snowmobile?""","To adjust the throttle cable on a snowmobile: 1. Loosen the adjuster lock nut. 2. Turn the adjuster in or out until proper throttle lever free play is achieved. 3. Tighten the locknut. CAUTION: Be sure the engine idle speed is adjusted first. <PIC> <PIC> <PIC> <PIC> , [""Manual34_138"", ""Manual34_139"", ""Manual34_140"", ""Manual34_141""]"
420,"""What is the proper way to use the steering system on a snowmobile?""","The proper way to use the steering system on a snowmobile involves turning the handlebars in the direction you wish to travel, while coordinating body position and throttle control. As you approach a curve, slow down, turn the handlebars gradually, shift your weight onto the inside running board, and lean your upper body into the turn <PIC>. This technique—often called ""body English""—is essential for maintaining balance and control, especially on varying snow conditions like hard-packed snow or ice <PIC>. Always keep both hands on the handlebars, avoid abrupt throttle changes or sharp turns at high speed, and practice turning at slow speeds in a safe, open area before attempting more advanced maneuvers <PIC>. Note: Steering effectiveness depends on traction; reduced traction on ice or hard-packed snow requires slower speeds and smoother inputs to prevent uncontrolled spins or tipping . , [""Manual34_116"", ""Manual34_130"", ""Manual34_129""]"
421,"""What are the correct steps to turn using a snowmobile?""","The correct steps to turn using a snowmobile are as follows: 1. As you approach a curve, slow down and begin turning the handlebars in the desired direction. 2. Shift your weight onto the running board to the inside of the turn and lean your upper body into the turn <PIC>. 3. Lean more as the turn becomes sharper or is taken at higher speeds. 4. Practice this technique at slow speed in a large, flat, obstacle-free area before attempting higher speeds or tighter curves. Improper techniques — such as abrupt throttle changes, excessive braking, incorrect body movement, or excessive speed for the turn — may cause loss of control or tipping. If tipping begins, lean further into the turn to regain balance; if needed, gradually reduce throttle and/or steer slightly to the outside of the turn . , [""Manual34_116""]"
422,"""What are the proper techniques for riding uphill on a snowmobile?""","Proper techniques for riding uphill on a snowmobile include: 1. Practice first on gentle slopes and progress to steeper climbs only after developing skill. 2. Accelerate before starting the climb, then reduce throttle opening to prevent track slippage. 3. Keep your weight forward — lean forward while seated, and on steeper inclines, stand on the running boards and lean forward over the handlebars. 4. Slow down as you approach the crest to react safely to obstacles, drops, or other traffic. 5. If unable to continue climbing, avoid spinning the track. <PIC> , [""Manual34_117""]"
423,"""What are the proper techniques for riding downhill on a snowmobile?""","When riding downhill on a snowmobile, keep speed to a minimum. Apply just enough throttle to keep the clutch engaged—this allows engine compression to assist in slowing the machine and prevents it from rolling freely down the hill. Also apply the brake frequently with light pressure. Before descending, stop the engine, set the parking brake, and carefully pivot the rear of the snowmobile to point it downhill—do not stand on the downhill side during repositioning. Once pointed downhill, restart the engine, release the parking brake, and descend cautiously. <PIC> , [""Manual34_117""]"
424,"""What are the correct techniques for crossing a slope on a snowmobile?""","Correct techniques for crossing a slope (side hill) on a snowmobile include: 1. Proper weight positioning — lean your body toward the uphill side to maintain balance. 2. Recommended riding position — kneel with the knee of the downhill leg on the seat and the foot of the uphill leg on the running board, allowing easier weight shifting <PIC>. 3. Be prepared for sideways slipping on slippery snow or ice — if sliding occurs, steer in the direction of the slide (if no obstacles are present); if tipping begins, steer down the hill to regain balance <PIC>. 4. Beginners should avoid side-hill riding due to increased risk. 5. Always ensure the drive track is undamaged and properly adjusted before attempting slope crossings . , [""Manual34_129"", ""Manual34_130""]"
425,"""What are the steps to inspect the spark plug on a snowmobile?""","To inspect the spark plug on a snowmobile, follow these steps based on the service documentation: 1. Park the machine on a level surface, disengage the blade-control switch (PTO), and engage the parking brake. 2. Shut off the engine, remove the key, and wait for all moving parts to stop before leaving the operating position. 3. Allow the machine to cool down. 4. Clean the area around the base of the spark plug to keep dirt and debris out of the engine. 5. Locate and remove the spark plug(s) as shown in Figure 52 <PIC>. 6. Inspect the coloration on the white porcelain insulator around the center electrode — a medium to light tan color indicates normal operation; black coating, oily film, worn electrodes, or cracks indicate replacement is needed. Do not attempt to clean the spark plug. If abnormal coloration (e.g., very white) is observed, it may signal an engine issue — consult your dealer. Service interval: every 100 hours for general servicing; for Kohler engines, check every 200 hours and replace every 500 hours. Ensure the air gap is set to 0.75–0.76 mm (0.030 inch) using a gapping tool or feeler gauge. , [""Manual23_78""]"
426,"""What are the steps to clean a snowmobile?""","The provided reference materials do not include specific cleaning steps for a snowmobile. However, Document 3 mentions that after transport—especially in areas where road salt is used—you should 'clean the machine when you get to your destination to remove any corrosive salts'. This implies post-transport cleaning is important for corrosion prevention, but no detailed cleaning procedure (e.g., washing, drying, lubricating) is described in the available documentation. For authoritative cleaning instructions, please consult your snowmobile’s official owner’s manual or contact an authorized dealer."
427,"""What are the best methods for memorizing communication channels using a manual program?""","The best method for memorizing communication channels using a manual program is as follows: 1. Press the MENU button and navigate using the △/▽ buttons until the menu appears. 2. Press the ▶ button, then use △/▽ to select 'Manual'. 3. Press the ▶ button again, then use △/▽ to select 'Channel'. 4. Use the △/▽ or NUMBER buttons to select the desired channel number you wish to memorize or erase <PIC>. 5. Press the MEMORY/ERASE button (or the ENTER (○) button, depending on model) to confirm 'Memory' <PIC>. The on-screen display will confirm the action <PIC>. , [""Manual35_8"", ""Manual35_7"", ""Manual35_20""]"
428,"""What are the common causes and conditions that can lead to poor reception in television or radio signals?""","Common causes and conditions that can lead to poor television or radio signal reception include: 1. Weak signal strength — especially in fringe or distant areas from the broadcast source; 2. Signal reflection causing 'ghosts', where the signal splits and arrives via direct and reflected paths (e.g., off tall buildings or hills); 3. Interference from external sources such as automobile ignition systems, neon lamps, electrical drills, aircraft, or other electronic devices <PIC>; 4. Degraded antenna components — including severely weathered outdoor antennas or damaged coaxial/flat-wire cables <PIC>; 5. Improper antenna orientation or placement — reorienting or relocating the antenna may significantly improve reception <PIC>; 6. Electrical interference due to shared circuits — connecting interfering equipment to a different power circuit can help reduce noise <PIC>. Note: Poor reception may manifest as picture flutter, drifting, black spots, horizontal streaking, or 'snow' (random dots) <PIC>. , [""Manual35_31"", ""Manual35_32"", ""Manual35_33"", ""Manual35_34"", ""Manual35_36""]"
429,"""What are the steps to enable and customize captions and on-screen text settings on a television?""","To enable and customize captions and on-screen text settings on this television: 1. Press the CAPTION button on the remote control. 2. Press the CAPTION button repeatedly to cycle through options: OFF, Mode1, Mode2, Text1, or Text2. 3. Press the ENTER (○) button to confirm and exit. Note: Closed captioning is only available on broadcasts that include caption signals; some stations may transmit two caption streams (Mode1 typically displays standard captions, while Mode2 may show alternate information). Text services (e.g., news, weather) are broadcast separately and depend on station availability. <PIC> , [""Manual35_34""]"
430,"""What are the steps to properly connect and set up an outdoor antenna for optimal signal reception?""","To properly connect and set up an outdoor antenna for optimal signal reception: 1. Inspect the antenna and cable for weathering or damage—severely weathered components can reduce signal quality. 2. For a 300 ohm flat wire antenna: connect it to the screws on a 300 ohm to 75 ohm adapter, then push the adapter’s end into the TV’s 75 ohm antenna jack <PIC>. 3. For a 75 ohm coaxial cable antenna: connect it directly to the TV’s 75 ohm antenna jack <PIC>. 4. For best reception, reorient or relocate the antenna—ghosting (double images) may be reduced by adjusting its direction or position, especially if signals reflect off buildings or hills <PIC>. 5. If reception remains poor (e.g., snow or weak signal), consider installing a specialized antenna suitable for fringe-area reception . , [""Manual35_36"", ""Manual35_32"", ""Manual35_33""]"
431,"""What are the steps to properly connect a DVD player to a television or audio system for optimal performance?""","To properly connect a DVD player to a television or audio system for optimal performance, follow these steps based on the provided documentation: 1. **Video Connection (for best quality)**: Connect the DVD player’s component video output (Y, PB, PR) to the TV’s COMPONENT input ports <PIC>. This supports 480i resolution and delivers superior picture quality compared to composite. 2. **Audio Connection**: Connect the DVD player’s audio output (L/R) to the TV’s AUDIO IN (Line In) port (light blue) <PIC>, or to an external audio system’s Line In if using surround sound. 3. **Input Selection**: Turn on both the TV and DVD player. Press the TV/VIDEO button on the remote or front panel to select the correct input mode — e.g., 'COMPONENT' for component video, or 'VIDEO1' / 'VIDEO2' depending on which input jacks were used <PIC>. 4. **Verify Playback**: Press PLAY on the DVD player — the video should appear on the TV screen and audio should be heard through the TV speakers or connected audio system. Note: The TV remembers the last selected input mode, even after power-off. For multi-channel audio setups, ensure proper speaker connections (e.g., Center/Subwoofer, Rear Speaker Out) as outlined in the audio system documentation <PIC>. , [""Manual35_40"", ""television0_02"", ""television0_03"", ""Manual35_37""]"
432,"""What are the key factors to check when troubleshooting technical issues or malfunctions?""","When troubleshooting technical issues or malfunctions, key factors to check include: 1. Power source integrity — verify battery type, proper installation, secure attachment to charger, and whether the battery compartment cover is fully closed; 2. Environmental conditions — avoid dust, humidity, temperature extremes, and ensure stable placement; 3. Physical connections — keep connectors, slots, and circuitry free from foreign objects (e.g., paper clips, screws) to prevent short circuits; 4. Warning indicators — monitor displays (e.g., 'Check Engine', '_ _' blinking on speedometer) and audible alerts for sensor malfunctions or faults; 5. Symptom-based diagnosis — consult the Troubleshooting chart or checklist for 'TROUBLE', 'POSSIBLE CAUSE', 'REMEDY', and referenced maintenance pages <PIC>. If the cause remains unclear or repair procedures are not covered, contact a qualified service technician or authorized dealer <PIC>. <PIC> , [""Manual10_235"", ""Manual35_45"", ""Manual09_95""]"
433,"""What safety precautions should be followed to ensure safe operation during this process?""","When using electrical appliances, basic safety precautions should always be followed to ensure safe operation, including the following: • Read all instructions before use. • Do not use outdoors. • Do not let cord hang over edge of table or counter, or touch hot surfaces. • The safety precautions are part of the appliance — read them carefully before first use and keep them for future reference. • Use the appliance only for its intended purpose. • This appliance is designed for indoor, non-extreme temperature conditions only. <PIC> , [""Manual12_13""]"
434,"""How do you adjust the intensity settings on an electric toothbrush to suit your oral care needs?""","To adjust the intensity settings on your electric toothbrush to suit your oral care needs: - Your toothbrush has 3 intensity levels: High (three lights), Medium (two lights), and Low (one light). - To manually select a setting, press the intensity indicator lights on the handle to cycle through the options. You can change the intensity before, during, or after brushing. - Alternatively, you can customize the intensity via the app for more precise control. - Additionally, Adaptive Intensity is enabled by default — it automatically lowers the intensity by one level if excess pressure is detected for an extended time, helping protect your gums. After each new brushing cycle, the intensity returns to your pre-selected setting. <PIC> , [""drill0_04""]"
435,"""What are the steps to activate and deactivate the various features on an electric toothbrush for customized usage?""","To activate or deactivate features on your electric toothbrush, follow these guidelines based on available documentation: • **From the app**: You can activate or deactivate Adaptive Intensity and Scrubbing Feedback. For instructions on connecting to the app, refer to 'App – Getting Started'. • **From the handle**: Step 1: Place the handle on the charging stand. Step 2: Press and hold the power button for a specified duration (see <PIC> for visual guidance). Note: - Pressure Sensor Feedback comes activated by default; to deactivate it, see 'Activating or deactivating features'. - Adaptive Intensity is also activated by default and will automatically deactivate if the Pressure Sensor is turned off. - Scrubbing Feedback is deactivated by default; activation is recommended via the app if scrubbing behavior is detected. - Brush head replacement reminder is activated by default and uses BrushSync technology to track brush head wear; it alerts you with an amber blinking light and audible tones when replacement is needed <PIC>. , [""drill0_04"", ""drill0_07""]"
436,"""What are the steps to charge an electric toothbrush when it is inside a travel case, and how do you ensure it charges properly?""","To charge your electric toothbrush inside the travel case: 1. Plug the USB cord into the travel case and into the USB wall adapter. <PIC> 2. Plug the wall adapter into an electrical outlet. 3. Place the toothbrush into the travel case. <PIC> a. To confirm charging has started successfully, the toothbrush will beep twice and the lights will illuminate in an upward motion. b. While charging, the battery indicator blinks in white. <PIC> 4. Leave the travel case plugged in until fully charged — the battery light will turn off (stop blinking) when charging is complete. Note: It may take up to 16 hours to fully charge. Also, ensure the travel case is placed on its side for better stability. <PIC> , [""drill0_04"", ""drill0_05"", ""drill0_06"", ""drill0_07""]"
